ID,Name,Type,X,Y,Width,Height,Voltage
AUTO_BackGround_Layer_f36c92df,,BackGround_Layer,0.0,0.0,1124.0,795.0,
TMP00046604,避雷器045,SurgeArrester_Layer,403.38202316800187,109.60990397750504,1.8652570278551985,0.32372229428041177,10kV
TMP00046603,避雷器044,SurgeArrester_Layer,418.00893088432747,98.12525923222711,1.3678284958708897,0.2373917225630868,10kV
TMP00046602,避雷器043,SurgeArrester_Layer,431.3760279942986,71.77723605258966,1.667390755540864,0.28938186683381883,10kV
TMP00046601,避雷器042,SurgeArrester_Layer,460.8046319439694,126.40346027669239,2.0557340027732303,0.3567802816822662,10kV
TMP00046600,避雷器041,SurgeArrester_Layer,469.34260360166445,129.89882956246151,2.0557340027732303,0.3567802816822662,10kV
TMP00046599,避雷器040,SurgeArrester_Layer,538.7999169068144,129.89882956246151,2.0557340027732303,0.3567802816822662,10kV
TMP00046598,避雷器039,SurgeArrester_Layer,548.3236630031442,126.40346027669239,2.0557340027732303,0.3567802816822662,10kV
TMP00046597,避雷器038,SurgeArrester_Layer,556.5510223115036,255.3182176545856,2.0557340027732303,0.3567802816822662,10kV
TMP00046596,避雷器037,SurgeArrester_Layer,495.81652228361776,291.9780325277335,2.0557340027732303,0.3567802816822662,10kV
TMP00046595,避雷器036,SurgeArrester_Layer,495.81652228361776,298.49244297972103,2.0557340027732303,0.3567802816822662,10kV
TMP00046594,避雷器035,SurgeArrester_Layer,484.04269933052154,251.7423611621469,2.0557340027732303,0.3567802816822662,10kV
TMP00046593,避雷器034,SurgeArrester_Layer,459.9003161554245,259.2996205817817,2.0557340027732303,0.3567802816822662,10kV
TMP00046592,避雷器033,SurgeArrester_Layer,426.3334701839975,255.23773936024094,2.0557340027732303,0.3567802816822662,10kV
TMP00046591,避雷器032,SurgeArrester_Layer,356.88906192538263,247.8800268963511,2.0557340027732303,0.3567802816822662,10kV
TMP00046590,避雷器031,SurgeArrester_Layer,169.17090035390171,255.55961688831974,2.0557340027732303,0.3567802816822662,10kV
TMP00046589,避雷器030,SurgeArrester_Layer,143.13569086786367,255.55961688831965,2.0557411639655876,0.35678152453383316,10kV
TMP00046588,避雷器029,SurgeArrester_Layer,105.25597477951032,255.23773936024097,2.0557411639655876,0.35678152453383316,10kV
TMP00046587,避雷器028,SurgeArrester_Layer,177.5425323786346,252.33779359239776,2.0557340027732303,0.3567802816822662,10kV
TMP00046586,避雷器027,SurgeArrester_Layer,177.5425323786346,233.70857463453137,2.0557340027732303,0.3567802816822662,10kV
TMP00046585,避雷器026,SurgeArrester_Layer,174.0470115833412,181.17460781689016,2.0557340027732303,0.3567802816822662,10kV
TMP00046584,避雷器025,SurgeArrester_Layer,266.3178091141817,259.65688003993216,2.0557340027732303,0.3567802816822662,10kV
TMP00046583,避雷器024,SurgeArrester_Layer,265.9960385340024,273.4839778901363,2.0557340027732303,0.3567802816822662,10kV
TMP00046582,避雷器023,SurgeArrester_Layer,370.4554029720502,314.45627073791263,2.0557340027732303,0.3567802816822662,10kV
TMP00046581,避雷器022,SurgeArrester_Layer,373.9507455208445,349.6677258579558,2.0557340027732303,0.3567802816822662,10kV
TMP00046580,避雷器021,SurgeArrester_Layer,370.4554029720502,365.13278426235973,2.0557340027732303,0.3567802816822662,10kV
TMP00046579,避雷器020,SurgeArrester_Layer,373.9507455208445,375.5030942815254,2.0557340027732303,0.3567802816822662,10kV
TMP00046578,避雷器019,SurgeArrester_Layer,434.5376574474738,316.20401331090943,2.0557340027732303,0.3567802816822662,10kV
TMP00046577,避雷器018,SurgeArrester_Layer,446.43657379364,312.70859946351555,2.0557340027732303,0.3567802816822662,10kV
TMP00046576,避雷器017,SurgeArrester_Layer,374.32099914877955,296.05559944119517,2.0557340027732303,0.3567802816822662,10kV
TMP00046575,避雷器016,SurgeArrester_Layer,424.5856563124011,237.72537731644914,2.0557340027732303,0.3567802816822662,10kV
TMP00046574,避雷器015,SurgeArrester_Layer,455.1559647381213,252.3377935923977,2.0557340027732303,0.3567802816822662,10kV
TMP00046573,避雷器014,SurgeArrester_Layer,451.66058654002717,246.862952372474,2.0557340027732303,0.3567802816822662,10kV
TMP00046572,避雷器013,SurgeArrester_Layer,539.6302603982319,115.92369799475296,2.0557340027732303,0.3567802816822662,10kV
TMP00046571,避雷器012,SurgeArrester_Layer,485.9925377842003,129.30339713221068,2.0557340027732303,0.3567802816822662,10kV
TMP00046570,避雷器011,SurgeArrester_Layer,485.9925377842003,152.27124282612374,2.0557340027732303,0.3567802816822662,10kV
TMP00046569,避雷器010,SurgeArrester_Layer,472.88642919821467,121.015505312756,2.0557340027732303,0.3567802816822662,10kV
TMP00046568,避雷器009,SurgeArrester_Layer,62.617210850002834,251.87855931211084,1.7961232980835673,0.3117238783625966,10kV
TMP00046567,避雷器008,SurgeArrester_Layer,414.1629418224994,130.41458580761372,1.773559434081955,0.3078078358476236,10kV
TMP00046566,避雷器007,SurgeArrester_Layer,405.93519037184177,125.53461554146867,1.773559434081955,0.3078078358476236,10kV
TMP00046565,避雷器006,SurgeArrester_Layer,446.83994562110826,99.89471222881451,1.749703922664705,0.3036676231198878,10kV
TMP00046564,避雷器005,SurgeArrester_Layer,439.94914986161666,131.47825396635614,1.7607095168898375,0.30557768492867554,10kV
TMP00046563,避雷器004,SurgeArrester_Layer,435.9461969326792,114.97667434502307,1.7607095168898375,0.30557768492867554,10kV
TMP00045087,TMP00314522LINE216_争1#,交流线段,394.2449650268244,107.04376042853042,8.406960480854877,0.0,10kV
TMP00045086,TMP00131370~LINE216_争2#1,交流线段,403.3716135724543,107.0228164648859,4.6887385095832315,0.020943963644512564,10kV
TMP00045085,00000终端头510346-站外-电缆终端头510347,交流线段,402.6121408890797,99.57876139683093,10.028861025485526,0.42830851269265224,10kV
TMP00045084,00000#,交流线段,419.945329551974,99.99726635207297,0.9340116552954782,0.0,10kV
TMP00045083,00000#,交流线段,417.99178357111384,99.9783187492184,0.924707188042305,0.031210961992783837,10kV
TMP00045082,00000~LINE216_争4#,交流线段,417.9678272416345,100.00952971121119,0.023956329479347005,4.6315392080213655,10kV
TMP00045081,TMP00131599LINE216_争8#,交流线段,420.8793412072695,99.99726635207297,0.8046759955469156,0.018965427504468835,10kV
TMP00045080,TMP00131599LINE216_争9#,交流线段,421.6840172028164,100.01623177957744,0.9255271219382166,0.009785732800708047,10kV
TMP00045079,TMP00131599LINE216_争6#,交流线段,418.91649075915615,99.9783187492184,1.0288387928178508,0.01894760285456698,10kV
TMP00045078,TMP00131370~LINE216_争3#,交流线段,410.95828366444096,104.64106891923255,7.026690890407167,2.441246227053668,10kV
TMP00045077,00000终端头497241-站外-电缆终端头510345,交流线段,432.79344415515925,57.44662749172162,0.0,4.366771858254971,10kV
TMP00045076,00000~清叫支3#,交流线段,432.79344415515925,92.88636290316492,0.0,0.9346087810674675,10kV
TMP00045075,00000#,交流线段,432.79344415515925,91.95177194674739,0.0,0.9345909564175372,10kV
TMP00045074,00000#,交流线段,432.79344415515925,89.14805255144445,0.0,0.9647770010405168,10kV
TMP00045073,00000~清叫支10#,交流线段,432.79344415515925,86.34427076986685,0.0,0.9345820440925934,10kV
TMP00045072,00000#~清叫支11#,交流线段,432.79344415515925,85.40968872577425,0.0,0.9345820440926076,10kV
TMP00045071,00000#~清叫支12#,交流线段,432.79344415515925,84.47510668168165,0.0,0.9345820440925934,10kV
TMP00045070,00000#~清叫支13#,交流线段,432.79344415515925,83.54050681293914,0.0,0.9345998687425094,10kV
TMP00045069,00000#~清叫支14#,交流线段,432.79344415515925,82.60590694419665,0.0,0.9345998687424952,10kV
TMP00045068,00000#~清叫支15#,交流线段,432.79344415515925,77.2333524777827,0.0,5.372554466413945,10kV
TMP00045067,TMP00131368#,交流线段,432.79344415515925,76.03771061110504,0.0,1.1956418666776614,10kV
TMP00045066,TMP00132366#,交流线段,432.79344415515925,73.6463912284499,0.0,1.1956686036525213,10kV
TMP00045065,00000#-清叫支20#数线,交流线段,432.79344415515925,71.77723605258966,0.0,0.9345820440925934,10kV
TMP00045064,TMP00131599清叫支5#,交流线段,432.79344415515925,91.0172077273047,0.0,0.9345642194426915,10kV
TMP00045063,TMP00131599清叫支6#,交流线段,432.79344415515925,90.11282955248497,0.0,0.9043781748197262,10kV
TMP00045062,00000#-清叫支17#,交流线段,432.79344415515925,74.84205983210242,0.0,1.1956507790026194,10kV
TMP00045061,00000#-清叫支19#,交流线段,432.79344415515925,72.71181809668225,0.0,0.9345731317676496,10kV
TMP00045060,TMP00131599清叫支8#,交流线段,432.79344415515925,88.213443770377,0.0,0.9346087810674533,10kV
TMP00045059,TMP00131599清叫支9#,交流线段,432.79344415515925,87.27885281395945,0.0,0.9345909564175514,10kV
TMP00045058,00000~清叫支3白1#,交流线段,432.79344415515925,92.88636290316492,2.140989999315991,0.007263544838423286,10kV
TMP00045057,00000终端头972243~站外-电缆终端头915548,交流线段,438.41583782703975,82.77805741302953,4.323760978021596,0.020756804820450725,10kV
TMP00045056,00000终端头905222~站外-电缆终端头964807,交流线段,448.8852885490061,83.4027935677328,7.569415830873538,0.08228749631052779,10kV
TMP00045055,00000#~LINE216_争15#,交流线段,447.48616047895337,128.15110481411466,4.100275517447301,0.0,10kV
TMP00045054,00000#~LINE216_争35#,交流线段,542.9677834967212,128.15110481411466,3.881887906747238,0.0,10kV
TMP00045053,00000#~LINE216_争71#,交流线段,487.90612089996176,253.490032436544,9.658108307352961,0.0,10kV
TMP00045052,00000~饭想分2#,交流线段,497.5642292073147,294.7921169569592,0.0,2.548105003265448,10kV
TMP00045051,TMP00132366#~LINE216_争129#,交流线段,348.54323999371974,253.490032436544,3.853118921792202,0.0,10kV
TMP00045050,TMP00131373#~LINE216_争164#,交流线段,161.14699159961742,253.490032436544,3.8533149929411934,0.0,10kV
TMP00045049,TMP00131368#~界著支1#,交流线段,134.46797358347217,253.490032436544,5.853516994941373,0.0,10kV
TMP00045048,00000白7#~界著支26白8#,交流线段,67.19180921388603,253.490032436544,6.264473210946434,0.0,10kV
TMP00045047,00000~清开分2#,交流线段,175.79471850703817,246.97556851060676,0.0,2.5481228279153356,10kV
TMP00045046,TMP00131368#~五海分1#,交流线段,203.56481008116276,257.2065432414243,0.0,5.508012893406658,10kV
TMP00045045,00000~士诉分2#,交流线段,264.248224662406,254.6423069299901,0.0,2.20041738211674,10kV
TMP00045044,00000#~亮败支1#,交流线段,376.2127292437511,314.4562707379127,14.339503061173275,0.0,10kV
TMP00045043,00000~如败支2#,交流线段,377.13501227940566,297.80334201419197,4.591915011270942,0.0,10kV
TMP00045042,00000#~从地支1#,交流线段,366.7282686758235,289.1967811036424,1.389823602799538,0.0,10kV
TMP00045041,TMP00131368#~LINE216_争106白1#,交流线段,426.3334701839975,247.80601894992387,0.0,2.8698755834446956,10kV
TMP00045040,00000#~奇广分1#,交流线段,535.8516128637647,123.43265261313108,0.0,1.0020037823779973,10kV
TMP00045039,00000#~约叫败分2#,交流线段,487.74020905859743,132.1174993860863,0.0,2.548069353965616,10kV
TMP00045038,TMP00131368#~约叫败分27#,交流线段,500.89351731754545,163.5041946023444,0.9408919701608056,0.0,10kV
TMP00045037,TMP00131599LINE216_争24电缆次,交流线段,461.6092366409167,128.15110481411466,6.928869211699919,0.0,10kV
TMP00045036,TMP00131599LINE216_争37电缆次,交流线段,549.580799912012,128.15110481411466,6.928690965200758,0.0,10kV
TMP00045035,00000终端头449724-站外-电缆终端头449725,交流线段,497.5642292073147,305.09287519217526,4.18426526782423,22.400665333769894,10kV
TMP00045034,00000终端头510736-站外-电缆终端头510737,交流线段,458.15264488102724,263.8079736342735,4.183980073425687,15.381870763272957,10kV
TMP00045033,00000终端头510981-站外-电缆终端头510982,交流线段,105.25597477951032,241.25480059587176,0.0,4.804456136800383,10kV
TMP00045032,00000终端头510956-站外-电缆终端头510957,交流线段,174.91753183565646,172.049795210201,0.8771866713817076,2.337791958974748,10kV
TMP00045031,00000终端头510949-站外-电缆终端头510950,交流线段,153.610702880602,233.06487305232366,15.725931068164954,0.6437015822077399,10kV
TMP00045030,00000终端头510879-站外-电缆终端头510880,交流线段,264.248224662406,280.91480706795795,3.5309205500150824,24.165020480483008,10kV
TMP00045029,TMP00131599能半分58电缆次,交流线段,372.20307424644733,353.6909632384911,0.0,10.63718067762153,10kV
TMP00045028,00000终端头510876-站外-电缆终端头510877,交流线段,372.20307424644733,382.2902218771393,4.184300917124062,21.121140664614757,10kV
TMP00045027,TMP00131599亮败支29电缆次,交流线段,435.34226214442106,314.4562707379127,10.289528705772625,0.0,10kV
TMP00045026,00000终端头510801-站外-电缆终端头510802,交流线段,426.3334701839975,227.28608590213088,0.0,4.804438312150495,10kV
TMP00045025,00000终端头510779-站外-电缆终端头510761,交流线段,453.4082578144243,239.3525717821031,0.09753648430870498,4.499012935938879,10kV
TMP00045024,00000终端头604736-站外-电缆终端头604737,交流线段,521.2337957188932,261.429434525604,4.183980073425687,20.045708236931603,10kV
TMP00045023,00000终端头510685-站外-电缆终端头510702,交流线段,535.8516128637647,100.29276339828458,0.0,6.614183929859962,10kV
TMP00045022,00000终端头510803-站外-电缆终端头510804,交流线段,496.12941618814176,151.62754124391603,7.982412969293307,0.6437015822077115,10kV
TMP00045021,00000终端头510692-站外-电缆终端头510693,交流线段,471.14496090198617,108.84455807198496,0.0,5.383819645157203,10kV
TMP00045020,TMP00131368#,交流线段,451.58643599640067,128.15110481411466,1.15232796739582,0.0,10kV
TMP00045019,TMP00132954#,交流线段,456.19553397018507,128.15110481411466,1.1521853701965483,0.0,10kV
TMP00045018,00000#-LINE216_争024#数线,交流线段,469.34260360166445,128.15110481411466,1.7961543221529723,0.0,10kV
TMP00045017,00000#~LINE216_争26#,交流线段,471.1387579238174,128.15110481411466,16.601451134780007,0.0,10kV
TMP00045016,TMP00131366#,交流线段,487.74020905859743,128.15110481411466,42.02834988100699,0.0,10kV
TMP00045015,00000#~约叫败分1#,交流线段,487.74020905859743,128.15110481411466,0.0,1.1522923180960163,10kV
TMP00045014,00000#~LINE216_争33#,交流线段,535.8516128637647,128.15110481411466,1.1522923180959879,0.0,10kV
TMP00045013,00000#~LINE216_争34#,交流线段,537.0039051818607,128.15110481411466,1.7960117249537007,0.0,10kV
TMP00045012,00000#-LINE216_争36#数线,交流线段,546.8496714034684,128.15110481411466,1.4739915996757418,0.0,10kV
TMP00045011,00000#~LINE216_争38#,交流线段,554.7134791522592,253.490032436544,1.796011724953587,0.0,10kV
TMP00045010,00000#~LINE216_争39#,交流线段,552.9175387259052,253.490032436544,1.7959404263540364,0.0,10kV
TMP00045009,TMP00132954#,交流线段,551.765282057109,253.490032436544,1.1522566687962126,0.0,10kV
TMP00045008,00000#~LINE216_争46#,交流线段,544.2081652346735,253.490032436544,1.7958334784544832,0.0,10kV
TMP00045007,00000#~LINE216_争47#,交流线段,542.4119752632207,253.490032436544,1.7961899714528045,0.0,10kV
TMP00045006,TMP00132366#,交流线段,541.2597898930242,253.490032436544,1.1521853701965483,0.0,10kV
TMP00045005,00000#-LINE216_争047照1#数线,交流线段,542.4119752632207,253.490032436544,0.0,1.1522744934461002,10kV
TMP00045004,00000#~LINE216_争53#,交流线段,534.5329096141069,253.490032436544,1.7959047770541474,0.0,10kV
TMP00045003,00000#~LINE216_争54#,交流线段,529.1965659239855,253.490032436544,5.336343690121339,0.0,10kV
TMP00045002,TMP00131372#,交流线段,527.7224673764105,253.490032436544,1.4740985475750676,0.0,10kV
TMP00045001,00000#~LINE216_争58#,交流线段,519.4377839939397,253.490032436544,1.796011724953587,0.0,10kV
TMP00045000,TMP00132978#,交流线段,518.2855629744432,253.490032436544,1.1522210194964373,0.0,10kV
TMP00044999,00000#,交流线段,519.4377839939397,252.33779359239773,0.0,1.152238844146268,10kV
TMP00044998,00000#~LINE216_争63#,交流线段,510.45786796637066,253.490032436544,4.370925001684043,0.0,10kV
TMP00044997,00000#~LINE216_争62照1#,交流线段,514.8287929680547,253.490032436544,0.0,1.1522744934461002,10kV
TMP00044996,TMP00131371#,交流线段,509.3056469468743,253.490032436544,1.1522210194963804,0.0,10kV
TMP00044995,00000#~LINE216_争63照1#,交流线段,510.45786796637066,252.33779359239773,0.0,1.152238844146268,10kV
TMP00044994,00000#~LINE216_争65白1#,交流线段,506.22233900540465,253.490032436544,0.0,1.1522744934461002,10kV
TMP00044993,TMP00131368#,交流线段,505.07001103800883,253.490032436544,1.15232796739582,0.0,10kV
TMP00044992,TMP00132978#,交流线段,500.6475371487844,253.490032436544,1.15232796739582,0.0,10kV
TMP00044991,00000#~LINE216_争68照1#,交流线段,501.79986511618023,252.33779359239773,0.0,1.152238844146268,10kV
TMP00044990,00000#~饭想分1#,交流线段,497.5642292073147,253.490032436544,0.0,38.48800009118949,10kV
TMP00044989,00000~饭想分3#,交流线段,497.5642292073147,297.34022196022465,0.0,1.1522210194963804,10kV
TMP00044988,TMP00131599饭想分3#数线,交流线段,497.5642292073147,298.49244297972103,3.405185469548428,0.0,10kV
TMP00044987,00000#,交流线段,500.96941467686315,298.49244297972103,1.1523636166956521,0.0,10kV
TMP00044986,00000#,交流线段,503.27414191025446,298.49244297972103,1.1520427729972198,0.0,10kV
TMP00044985,00000#~饭想分18#,交流线段,516.270700197892,298.49244297972103,5.0145731099420345,0.0,10kV
TMP00044984,00000#~饭想分18间1#,交流线段,521.285273307834,298.49244297972103,2.1178179544326667,0.0,10kV
TMP00044983,TMP00132366白1#,交流线段,521.285273307834,297.34022196022465,0.0,1.1522210194963804,10kV
TMP00044982,00000间1#~饭想分19#,交流线段,523.4030912622667,298.49244297972103,2.4396598332116355,0.0,10kV
TMP00044981,TMP00132954#,交流线段,525.8427510954783,298.49244297972103,1.1522923180961016,0.0,10kV
TMP00044980,00000#-饭想分24#数线,交流线段,532.7563624068551,298.49244297972103,1.7958334784545968,0.0,10kV
TMP00044979,00000#-饭想分24白1#数线,交流线段,532.7563624068551,297.34022196022465,0.0,1.1522210194963804,10kV
TMP00044978,00000#-饭想分26#数线,交流线段,534.5521958853097,298.49244297972103,1.796011724953587,0.0,10kV
TMP00044977,00000#-饭想分27#数线,交流线段,536.3482076102633,298.49244297972103,1.4741341968749566,0.0,10kV
TMP00044976,TMP00132366#,交流线段,537.8223418071383,298.49244297972103,17.245313138836877,0.0,10kV
TMP00044975,00000#,交流线段,537.8223418071383,297.34022196022465,0.0,1.1522210194963804,10kV
TMP00044974,00000#,交流线段,537.8223418071383,298.49244297972103,0.0,1.1522210194963236,10kV
TMP00044973,TMP00131370#,交流线段,557.3720613356681,298.49244297972103,1.1522923180959879,0.0,10kV
TMP00044972,00000#~饭想分36#,交流线段,563.1334516275485,298.49244297972103,7.267466261394475,0.0,10kV
TMP00044971,00000#~饭想分35照1#,交流线段,563.1334516275485,297.34022196022465,0.0,1.1522210194963804,10kV
TMP00044970,TMP00131366#,交流线段,570.400917888943,298.49244297972103,3.083664434467778,0.0,10kV
TMP00044969,00000#~饭想分38白1#,交流线段,574.6366250964081,297.34022196022465,0.0,1.1522210194963804,10kV
TMP00044968,TMP00132978#,交流线段,574.6366250964081,298.49244297972103,1.1523279673957632,0.0,10kV
TMP00044967,TMP00131372#,交流线段,581.5501651091853,298.49244297972103,1.7960830235532512,0.0,10kV
TMP00044966,00000#~饭想分44白1#,交流线段,581.5501651091853,298.49244297972103,0.0,1.1522210194963236,10kV
TMP00044965,00000#~饭想分48#,交流线段,585.6506188731316,298.49244297972103,4.371031949583539,0.0,10kV
TMP00044964,00000#~饭想分47照1#,交流线段,585.6506188731316,297.34022196022465,0.0,1.1522210194963804,10kV
TMP00044963,00000#~饭想分48白1#,交流线段,590.0216508227152,298.49244297972103,0.0,1.1522210194963236,10kV
TMP00044962,TMP00132978#,交流线段,590.0216508227152,298.49244297972103,1.1521853701965483,0.0,10kV
TMP00044961,00000#-饭想分50#数线,交流线段,592.3261641603075,298.49244297972103,4.37081805378466,0.0,10kV
TMP00044960,00000#~饭想分52#,交流线段,596.6969822140921,298.49244297972103,1.4740985475750676,0.0,10kV
TMP00044959,00000#~饭想分51白1#.,交流线段,596.6969822140921,297.34022196022465,0.0,1.1522210194963804,10kV
TMP00044958,TMP00131373#,交流线段,598.1710807616672,298.49244297972103,1.1521853701965483,0.0,10kV
TMP00044957,00000#~著败支1#,交流线段,611.9982320858211,298.49244297972103,2.4394815867126454,0.0,10kV
TMP00044956,TMP00131372#,交流线段,611.9982320858211,298.49244297972103,0.0,1.1522210194963236,10kV
TMP00044955,00000#,交流线段,614.4377136725337,298.49244297972103,2.4398380797107393,0.0,10kV
TMP00044954,00000~著败支4照1#,交流线段,619.1819224926376,298.49244297972103,0.0,1.1522210194963236,10kV
TMP00044953,00000~著败支05#,交流线段,619.1819224926376,298.49244297972103,1.1521853701965483,0.0,10kV
TMP00044952,00000~著败支8#,交流线段,622.9606056764046,298.49244297972103,1.7960117249537007,0.0,10kV
TMP00044951,00000~著败支9#,交流线段,624.7566174013583,298.49244297972103,1.7960117249537007,0.0,10kV
TMP00044950,00000~著败支10#,交流线段,626.552629126312,298.49244297972103,1.1521853701965483,0.0,10kV
TMP00044949,00000#~著败支11#,交流线段,627.7048144965086,298.49244297972103,1.1521853701965483,0.0,10kV
TMP00044948,00000#~著败支12#,交流线段,628.8569998667051,298.49244297972103,1.1523992659954274,0.0,10kV
TMP00044947,00000#~著败支13#,交流线段,630.0093991327005,298.49244297972103,1.1521853701965483,0.0,10kV
TMP00044946,00000#~著败支14#,交流线段,631.1615845028971,298.49244297972103,1.1524705645950917,0.0,10kV
TMP00044945,TMP00131599著败支15#数线,交流线段,632.3140550674922,298.49244297972103,1.1520427729973335,0.0,10kV
TMP00044944,TMP00131372#,交流线段,611.9982320858211,310.0150453169827,0.0,1.1522923180960447,10kV
TMP00044943,TMP00131366#,交流线段,611.9982320858211,312.3195230052753,0.0,1.1522923180959879,10kV
TMP00044942,00000白1#.~饭想分51白2#,交流线段,596.6969822140921,295.5442458845708,0.0,1.7959760756538685,10kV
TMP00044941,00000白2#-饭想分51白2-1#数线,交流线段,595.5447255452959,295.5442458845708,1.1522566687962126,0.0,10kV
TMP00044940,00000照1#~饭想分47照2#,交流线段,585.6506188731316,296.1879296421286,0.0,1.1522923180960447,10kV
TMP00044939,00000照2#~饭想分47照3#,交流线段,585.6506188731316,295.03567297333245,0.0,1.1522566687961557,10kV
TMP00044938,00000#-饭想分47照4#数线,交流线段,585.6506188731316,293.8834519538361,0.0,1.1522210194963804,10kV
TMP00044937,00000照4#-饭想分47照4-1#数线,交流线段,584.4984335029351,293.8834519538361,1.1521853701965483,0.0,10kV
TMP00044936,TMP00131371白2#,交流线段,581.5501651091853,299.64466399921736,0.0,1.1522923180960447,10kV
TMP00044935,00000~饭陈支5#,交流线段,537.8223418071383,303.10146965490577,0.0,1.4741341968748998,10kV
TMP00044934,00000#,交流线段,537.8223418071383,304.57560385178067,0.0,1.4741341968749566,10kV
TMP00044933,00000#~饭陈支20#,交流线段,537.8223418071383,321.0290390937062,0.0,3.4052567681480355,10kV
TMP00044932,00000#-饭陈支19照1#数线,交流线段,536.0263300821846,321.0290390937062,1.7960117249537007,0.0,10kV
TMP00044931,00000#~饭陈支21#.,交流线段,537.8223418071383,324.43429586185425,0.0,1.1522923180960447,10kV
TMP00044930,00000#.~饭陈支22#.,交流线段,537.8223418071383,325.5865881799503,0.0,1.1522210194963804,10kV
TMP00044929,00000#.~饭陈支23#.,交流线段,537.8223418071383,326.7388091994467,0.0,1.1522923180959879,10kV
TMP00044928,00000#.~饭陈支24#.,交流线段,537.8223418071383,327.89110151754267,0.0,1.1522566687962126,10kV
TMP00044927,00000#.~饭陈支25#.,交流线段,537.8223418071383,329.0433581863389,0.0,1.1522566687961557,10kV
TMP00044926,00000#.~饭陈支26#.,交流线段,537.8223418071383,330.19561485513503,0.0,1.1522923180960447,10kV
TMP00044925,00000#.~饭陈支27#,交流线段,537.8223418071383,331.3479071732311,0.0,1.1522210194963236,10kV
TMP00044924,00000#-饭陈支28#数线,交流线段,537.8223418071383,332.5001281927274,0.0,1.1522566687962126,10kV
TMP00044923,00000#-饭陈支28-1#数线,交流线段,537.8223418071383,333.6523848615236,1.1523636166956521,0.0,10kV
TMP00044922,00000照1#-饭陈支19照1-1#数线,交流线段,536.0263300821846,321.0290390937062,0.0,1.1522566687962126,10kV
TMP00044921,00000~饭陈支5白1#,交流线段,541.5388526120186,304.57560385178067,1.436381588365066,0.0,10kV
TMP00044920,00000白2#,交流线段,542.9752342003836,304.57560385178067,1.1523636166956521,0.0,10kV
TMP00044919,TMP00131372#~饭陈支5白6#,交流线段,547.5843678234678,304.57560385178067,1.7958334784545968,0.0,10kV
TMP00044918,00000白7#,交流线段,549.3802013019224,304.57560385178067,1.1523636166956521,0.0,10kV
TMP00044917,TMP00132366白5#,交流线段,521.285273307834,292.7311596357401,0.0,1.1522923180959879,10kV
TMP00044916,00000#~LINE216_争72#,交流线段,482.8906209082244,253.490032436544,1.152078422297052,0.0,10kV
TMP00044915,TMP00131373#,交流线段,481.7382929408285,253.490032436544,1.1523279673958768,0.0,10kV
TMP00044914,TMP00132954#,交流线段,473.6726032071547,253.490032436544,1.1521853701965483,0.0,10kV
TMP00044913,TMP00132978照1#,交流线段,474.8247885773512,253.490032436544,0.0,1.1522744934461002,10kV
TMP00044912,TMP00131366#,交流线段,465.6067352269817,253.490032436544,1.1522210194963804,0.0,10kV
TMP00044911,00000#~LINE216_争86照1#,交流线段,466.7589562464781,252.33779359239773,0.0,1.152238844146268,10kV
TMP00044910,00000#~LINE216_争89白1#,交流线段,458.15264488102724,253.490032436544,0.0,1.4741163722250121,10kV
TMP00044909,TMP00132954#,交流线段,457.0001386671323,253.490032436544,1.1525062138949238,0.0,10kV
TMP00044908,00000白1#~LINE216_争89白2#,交流线段,458.15264488102724,257.7782867119445,0.0,1.5213338698371786,10kV
TMP00044907,TMP00131373#,交流线段,452.25607244422775,253.490032436544,1.1521853701965483,0.0,10kV
TMP00044906,00000#~LINE216_争92白1#,交流线段,453.4082578144243,252.33779359239773,0.0,1.152238844146268,10kV
TMP00044905,TMP00131372#,交流线段,445.1235744319535,253.490032436544,1.15232796739582,0.0,10kV
TMP00044904,00000#~民厂分1#,交流线段,446.2759023993493,253.490032436544,0.0,1.7960117249536722,10kV
TMP00044903,TMP00132978白1#,交流线段,434.39919556697123,252.33779359239773,0.0,1.152238844146268,10kV
TMP00044902,TMP00314774#,交流线段,433.2470101967747,253.490032436544,1.1521853701965483,0.0,10kV
TMP00044901,TMP00132958#,交流线段,429.7902401903861,253.490032436544,1.15232796739582,0.0,10kV
TMP00044900,TMP00132957照1#,交流线段,430.9425681577819,253.490032436544,0.0,1.1522744934461002,10kV
TMP00044899,TMP00133260#,交流线段,418.74412639452436,253.490032436544,7.589343789473162,0.0,10kV
TMP00044898,TMP00132978#~LINE216_争110#,交流线段,406.27524904282893,253.490032436544,10.164150118304121,0.0,10kV
TMP00044897,TMP00314786#,交流线段,405.1228854261333,253.490032436544,1.1523636166956521,0.0,10kV
TMP00044896,TMP00132954#~LINE216_争110照1#,交流线段,406.27524904282893,253.490032436544,0.0,2.117889253032388,10kV
TMP00044895,TMP00132954#~LINE216_争110白1#,交流线段,406.27524904282893,251.69407418554007,0.0,1.795958251003924,10kV
TMP00044894,TMP00314791#,交流线段,399.73502849777145,253.490032436544,1.4740985475750676,0.0,10kV
TMP00044893,TMP00131372#~LINE216_争116#,交流线段,385.5216883086627,253.490032436544,2.1177823051329483,0.0,10kV
TMP00044892,TMP00131372#~LINE216_争115照1#,交流线段,387.63947061379565,253.490032436544,0.0,1.1522744934461002,10kV
TMP00044891,TMP00314797#,交流线段,384.3694672891663,253.490032436544,1.1522210194963804,0.0,10kV
TMP00044890,TMP00314800#,交流线段,380.9125903348783,253.490032436544,1.1523636166956521,0.0,10kV
TMP00044889,TMP00131368#~LINE216_争127#,交流线段,372.20307424644733,253.490032436544,1.7960117249537007,0.0,10kV
TMP00044888,TMP00314807白1#,交流线段,373.99908597140103,252.33779359239773,0.0,1.152238844146268,10kV
TMP00044887,TMP00131366#~LINE216_争128#,交流线段,356.88906192538263,253.490032436544,15.314012321064695,0.0,10kV
TMP00044886,TMP00131366#~能半分1#,交流线段,372.20307424644733,253.490032436544,0.0,1.9090556546842663,10kV
TMP00044885,TMP00314812白1#,交流线段,348.54323999371974,253.490032436544,0.0,1.1522744934461002,10kV
TMP00044884,TMP00314815#,交流线段,347.3909120263239,253.490032436544,1.15232796739582,0.0,10kV
TMP00044883,TMP00132978白2#-LINE216_争135白3#数线,交流线段,348.54323999371974,255.7945457741364,0.0,1.152238844146268,10kV
TMP00044882,TMP00132978白3#-LINE216_争134白4#数线,交流线段,348.54323999371974,256.94678461828266,0.0,1.1523101427459324,10kV
TMP00044881,TMP00132978白4#-LINE216_争132白5#数线,交流线段,348.54323999371974,258.0990947610286,0.0,1.1522923180959879,10kV
TMP00044880,TMP00132978白5#~LINE216_争129白6#,交流线段,348.54323999371974,259.2513870791246,0.0,1.1522210194963804,10kV
TMP00044879,TMP00132978白6#~LINE216_争129白7#,交流线段,348.54323999371974,260.40360809862096,0.0,1.152203194846436,10kV
TMP00044878,TMP00132978白7#~LINE216_争129白8#,交流线段,348.54323999371974,261.5558112934674,0.0,1.1523101427459324,10kV
TMP00044877,TMP00132978白5#-LINE216_争129白9#数线,交流线段,348.54323999371974,262.70812143621333,0.0,1.152238844146268,10kV
TMP00044876,TMP00132978白9#-LINE216_争129白9-1#数线,交流线段,348.54323999371974,263.8603602803596,1.1523636166956521,0.0,10kV
TMP00044875,TMP00131373#~LINE216_争133白1#,交流线段,343.9341420199354,253.490032436544,0.0,1.1522744934461002,10kV
TMP00044874,TMP00131373#~LINE216_争133照1#,交流线段,343.9341420199354,252.33779359239773,0.0,1.152238844146268,10kV
TMP00044873,TMP00131371#~LINE216_争135#,交流线段,259.2337585003634,253.490032436544,5.014466162042595,0.0,10kV
TMP00044872,TMP00131371#~士诉分1#,交流线段,264.248224662406,253.490032436544,0.0,1.1522744934461002,10kV
TMP00044871,TMP00131371#~LINE216_争134白1,交流线段,264.248224662406,251.69407418554007,0.0,1.795958251003924,10kV
TMP00044870,TMP00131372#~LINE216_争136#,交流线段,254.54092032130077,253.490032436544,4.692838179062647,0.0,10kV
TMP00044869,TMP00131372#~LINE216_争135白1#,交流线段,259.2337585003634,252.33779359239773,0.0,1.152238844146268,10kV
TMP00044868,TMP00131368#~LINE216_争137#,交流线段,244.69850513387613,253.490032436544,9.842415187424649,0.0,10kV
TMP00044867,TMP00131368#~LINE216_争136照1#,交流线段,254.54092032130077,253.490032436544,0.0,1.1522744934461002,10kV
TMP00044866,TMP00314844间1#,交流线段,243.54617716648028,253.490032436544,1.1523279673958484,0.0,10kV
TMP00044865,TMP00131366#~LINE216_争137白1#,交流线段,244.69850513387613,252.33779359239773,0.0,1.152238844146268,10kV
TMP00044864,TMP00314848#,交流线段,228.95955315895176,253.490032436544,1.1521853701965483,0.0,10kV
TMP00044863,TMP00314852照1#,交流线段,230.1117385291483,251.37223230676116,0.0,2.117800129782836,10kV
TMP00044862,TMP00132954#-火育象数线,交流线段,230.1117385291483,253.490032436544,0.0,1.7960117249536722,10kV
TMP00044861,TMP00314855#,交流线段,224.08019784322863,253.490032436544,1.4739915996756565,0.0,10kV
TMP00044860,TMP00131372#~LINE216_争146#,交流线段,203.56481008116276,253.490032436544,18.21083877517367,0.0,10kV
TMP00044859,TMP00314859照1#,交流线段,203.56481008116276,252.33779359239773,0.0,1.152238844146268,10kV
TMP00044858,TMP00314861#,交流线段,202.09071153358767,253.490032436544,1.474098547575096,0.0,10kV
TMP00044857,TMP00314859照3#,交流线段,203.56481008116276,250.0825654118071,0.0,1.1029715117944363,10kV
TMP00044856,TMP00314867#,交流线段,199.78630514389474,253.490032436544,1.1520427729972766,0.0,10kV
TMP00044855,TMP00131374#~LINE216_争163#,交流线段,169.17090035390171,253.490032436544,6.623818153136455,0.0,10kV
TMP00044854,TMP00131374#~清开分1#,交流线段,175.79471850703817,252.33779359239773,0.0,1.152238844146268,10kV
TMP00044853,TMP00131371#~LINE216_争165#,交流线段,158.3854185890272,253.490032436544,2.7615730105902117,0.0,10kV
TMP00044852,TMP00314875#,交流线段,157.23320648185577,253.490032436544,1.1522121071714366,0.0,10kV
TMP00044851,TMP00314878白1#,交流线段,158.3854185890272,252.33779359239773,0.0,1.152238844146268,10kV
TMP00044850,TMP00131373#~LINE216_争174#,交流线段,146.72769649312107,253.490032436544,2.117746655833116,0.0,10kV
TMP00044849,TMP00314882#,交流线段,145.57535070107534,253.490032436544,1.152345792045736,0.0,10kV
TMP00044848,TMP00314885#,交流线段,143.13569086786367,248.47551280055168,0.0,5.014519635992315,10kV
TMP00044847,TMP00132954#~LINE216_争191#,交流线段,143.13569086786367,232.3438659634553,0.0,1.1522566687961842,10kV
TMP00044846,TMP00131370#~LINE216_争192#,交流线段,143.13569086786367,230.86978524053012,0.0,1.47408072292518,10kV
TMP00044845,00000#,交流线段,133.3157703886257,253.490032436544,1.1522031948464644,0.0,10kV
TMP00044844,00000~界著列7#,交流线段,126.91066068988766,253.490032436544,1.7960117249536722,0.0,10kV
TMP00044843,00000#,交流线段,125.75847531969112,253.490032436544,1.1521853701965483,0.0,10kV
TMP00044842,00000~界著列10#,交流线段,122.48848981971173,253.490032436544,1.7958691277543721,0.0,10kV
TMP00044841,TMP00131599界著支11#,交流线段,120.692495919408,253.490032436544,1.7959939003037277,0.0,10kV
TMP00044840,TMP00131374#,交流线段,119.54015012736227,253.490032436544,1.152345792045736,0.0,10kV
TMP00044839,TMP00131366#,交流线段,113.7788489587314,253.490032436544,1.1522031948464644,0.0,10kV
TMP00044838,TMP00132954#,交流线段,110.32209677699274,253.490032436544,1.152345792045736,0.0,10kV
TMP00044837,00000#-界著支22#数线,交流线段,105.25597477951032,253.490032436544,2.7615730105902117,0.0,10kV
TMP00044836,00000#-界著支24#,交流线段,95.41356850441062,253.490032436544,9.842406275099705,0.0,10kV
TMP00044835,00000#-界著支25#,交流线段,87.82418906563763,253.490032436544,7.589379438772994,0.0,10kV
TMP00044834,00000#-界著支26#,交流线段,82.80944662152143,253.490032436544,5.0147424441161945,0.0,10kV
TMP00044833,00000#~界著支25照1#,交流线段,87.82418906563763,253.490032436544,0.0,1.1522744934461002,10kV
TMP00044832,TMP00131372白1#,交流线段,87.82418906563763,252.33779359239773,0.0,1.152238844146268,10kV
TMP00044831,00000#~界著支26白1#,交流线段,80.36977787598482,253.490032436544,2.4396687455366077,0.0,10kV
TMP00044830,00000#-界著支27#,交流线段,82.80944662152143,253.490032436544,0.0,1.1522744934461002,10kV
TMP00044829,TMP00131368白2#,交流线段,79.2175835934633,253.490032436544,1.1521942825215206,0.0,10kV
TMP00044828,00000#,交流线段,175.79471850703817,245.82338314041021,0.0,1.1521853701965483,10kV
TMP00044827,00000~清开分6#,交流线段,175.79471850703817,241.40099837443537,0.0,1.7959939003037277,10kV
TMP00044826,00000#,交流线段,175.79471850703817,239.92689982686025,0.0,1.4740985475751245,10kV
TMP00044825,00000#,交流线段,175.79471850703817,236.97864925776034,0.0,1.4741341968748998,10kV
TMP00044824,00000#~清开分11#,交流线段,175.79471850703817,233.7085746345314,0.0,1.7959939003037277,10kV
TMP00044823,00000#~清开分12#,交流线段,175.79471850703817,218.71638636759567,0.0,14.992188266935727,10kV
TMP00044822,TMP00131373#,交流线段,175.79471850703817,211.12693563022304,0.0,7.58945073737263,10kV
TMP00044821,TMP00131372#,交流线段,175.79471850703817,204.31635079532734,0.12249099418301057,5.6582925167996905,10kV
TMP00044820,00000#~清开分14照1#,交流线段,175.79471850703817,209.97464331212703,3.7270986469269474,0.0,10kV
TMP00044819,TMP00131366照2#,交流线段,158.84615013990654,195.67383756590888,5.622358022580698,0.0,10kV
TMP00044818,TMP00131366照1照1#,交流线段,164.46850816248724,195.67383756590888,0.0,1.1522566687961842,10kV
TMP00044817,00000照3#~清开分17照4#,交流线段,157.69383108483567,194.52158089711267,0.0,1.1522566687962126,10kV
TMP00044816,TMP00131366照3照1#,交流线段,156.54161006533928,195.67383756590888,1.1522210194963804,0.0,10kV
TMP00044815,00000白2#~清开分18白3#,交流线段,175.79471850703817,181.17460781689016,0.0,1.4741341968749282,10kV
TMP00044814,00000~五海分2#,交流线段,203.56481008116276,262.71455613483096,0.0,1.1522566687961557,10kV
TMP00044813,00000~五海分3#,交流线段,203.56481008116276,263.8668128036271,0.0,1.1522031948464928,10kV
TMP00044812,00000#,交流线段,203.56481008116276,265.0190159984736,0.0,1.1523101427458755,10kV
TMP00044811,00000#,交流线段,203.56481008116276,267.32354716071586,0.0,1.1522923180960447,10kV
TMP00044810,TMP00131374#,交流线段,203.56481008116276,274.23714064744274,0.0,1.1522744934461002,10kV
TMP00044809,00000#,交流线段,225.5541894429043,248.98082380085648,0.0,0.7927691294068779,10kV
TMP00044808,00000#,交流线段,225.5541894429043,245.52403596981802,0.0,1.1522923180959879,10kV
TMP00044807,TMP00132954照1#,交流线段,224.4019684234079,238.61047813239097,1.1522210194963804,0.0,10kV
TMP00044806,TMP00131370#,交流线段,225.5541894429043,237.45823928824467,0.0,1.1522388441462965,10kV
TMP00044805,00000照3#~多列分10照4#.,交流线段,220.94523406631916,238.61047813239097,1.1521853701965483,0.0,10kV
TMP00044804,00000照4#.~多列分10照5#..,交流线段,219.79301304682278,238.61047813239097,1.1522210194963804,0.0,10kV
TMP00044803,00000照5#..~多列分10照6#,交流线段,218.64068507942696,238.61047813239097,1.15232796739582,0.0,10kV
TMP00044802,00000照6#~多列分10照7#,交流线段,217.4884640599306,238.61047813239097,1.152221019496352,0.0,10kV
TMP00044801,00000照3#-多列分8#数线,交流线段,216.33627868973406,238.61047813239097,1.1521853701965483,0.0,10kV
TMP00044800,00000照8#-多列分10照8-1#数线,交流线段,216.33627868973406,238.61047813239097,0.0,1.152310142745904,10kV
TMP00044799,00000#.~多列分25#,交流线段,225.5541894429043,221.3266102757982,0.0,1.1523101427459324,10kV
TMP00044798,TMP00131368#,交流线段,225.5541894429043,220.17438925630185,0.0,1.152221019496352,10kV
TMP00044797,00000#~多列分29#.,交流线段,225.5541894429043,216.71758360061347,0.0,1.1522744934461002,10kV
TMP00044796,00000#.~多列分30#,交流线段,225.5541894429043,215.565380405767,0.0,1.1522031948464644,10kV
TMP00044795,00000#-多列分30-1#数线,交流线段,224.4019684234079,215.565380405767,1.1522210194963804,0.0,10kV
TMP00044794,TMP00131372白1#~LINE216_争135白2#,交流线段,259.2337585003634,250.5418353413938,0.0,1.795958251003924,10kV
TMP00044793,TMP00131372#-LINE216_争135白3#数线,交流线段,259.2337585003634,249.3895430232978,0.0,1.1522923180960163,10kV
TMP00044792,00000~士诉分3#,交流线段,264.248224662406,259.65688003993216,0.0,1.1522566687962126,10kV
TMP00044791,00000#,交流线段,264.248224662406,260.8091367087284,0.0,1.152238844146268,10kV
TMP00044790,TMP00132954照1#,交流线段,264.248224662406,268.8749690396015,0.0,1.1522210194963236,10kV
TMP00044789,TMP00131370#,交流线段,263.09603929220947,268.8749690396015,1.1521853701965483,0.0,10kV
TMP00044788,00000照3#-士诉分10照4#,交流线段,264.248224662406,272.33172122134016,0.0,1.1522566687962126,10kV
TMP00044787,TMP00131371#,交流线段,259.6391266886216,268.8749690396015,1.1523636166956521,0.0,10kV
TMP00044786,TMP00131599能半分7#,交流线段,372.20307424644733,265.69175393538507,0.0,2.7615908352400993,10kV
TMP00044785,00000#,交流线段,372.20307424644733,268.45334477062516,0.0,1.152238844146268,10kV
TMP00044784,00000~能半分7白1#,交流线段,370.4072407679928,268.45334477062516,1.79583347845454,0.0,10kV
TMP00044783,00000#~能半分14#,交流线段,372.20307424644733,275.3668313094526,0.0,1.1522923180959879,10kV
TMP00044782,00000#~能半分17#,交流线段,372.20307424644733,279.2806431641891,0.0,1.1522923180959879,10kV
TMP00044781,00000#~能半分16白1#,交流线段,370.4072407679928,279.2806431641891,1.79583347845454,0.0,10kV
TMP00044780,00000#~能半分19白1#,交流线段,372.20307424644733,283.11369153018234,1.1522210194963804,0.0,10kV
TMP00044779,00000#~能半分20#,交流线段,372.20307424644733,283.11369153018234,0.0,1.1522210194963804,10kV
TMP00044778,00000#~能半分25#,交流线段,372.20307424644733,289.1967811036424,0.0,5.6582925167996905,10kV
TMP00044777,00000#~能半分27#,交流线段,372.20307424644733,296.00733028923827,0.0,1.7960117249537007,10kV
TMP00044776,00000#~能半分28#,交流线段,372.20307424644733,297.80334201419197,0.0,3.5598677814692223,10kV
TMP00044775,00000#~如败支1#,交流线段,372.20307424644733,297.80334201419197,2.11792490233222,0.0,10kV
TMP00044774,00000#~能半分31#,交流线段,372.20307424644733,314.4562707379127,0.0,1.1522923180959879,10kV
TMP00044773,00000#~能半分32照1#,交流线段,367.8324344391619,316.7608197248049,4.370639807285443,0.0,10kV
TMP00044772,00000#~能半分33#,交流线段,372.192022963503,316.7608197248049,0.011051282944322338,1.1374622093707103,10kV
TMP00044771,00000照1#~能半分32照2#,交流线段,363.13959626009927,316.7608197248049,4.692838179062619,0.0,10kV
TMP00044770,00000照1#~能半分29照1白1#,交流线段,367.8324344391619,315.6085630560087,0.0,1.1522566687962126,10kV
TMP00044769,00000#~能半分36#,交流线段,372.17729980267717,320.22126160907493,0.014723160825838022,1.1338259807890267,10kV
TMP00044768,00000#~能半分35白1#,交流线段,372.17729980267717,320.2175897311934,1.821786168723861,0.003671877881515684,10kV
TMP00044767,00000#~能半分39#,交流线段,372.17729980267717,326.95541434515565,0.014723160825838022,1.1338972793886342,10kV
TMP00044766,00000#~能半分43#,交流线段,372.17729980267717,332.0657058251156,0.02577444377016036,1.470462318993441,10kV
TMP00044765,TMP00132366#,交流线段,372.20307424644733,338.14519481929375,0.0,1.1522210194963804,10kV
TMP00044764,TMP00131373#,交流线段,372.20307424644733,343.90640686467503,0.0,1.15232796739582,10kV
TMP00044763,TMP00132978#,交流线段,372.20307424644733,365.13278426235973,0.0,1.1522923180959879,10kV
TMP00044762,00000#-能半支60#数线,交流线段,372.20307424644733,367.43733324925194,0.0,1.1522210194963804,10kV
TMP00044761,TMP00131374#,交流线段,372.20307424644733,368.5895542687483,0.0,1.1522566687961557,10kV
TMP00044760,TMP00131371#,交流线段,372.20307424644733,370.8941032556405,0.0,1.1522566687961557,10kV
TMP00045289,TMP00131368#,交流线段,372.20307424644733,373.19858094393305,0.0,1.15232796739582,10kV
TMP00045904,00000#,交流线段,390.55223230492436,314.4562707379127,11.773858602396103,0.0,10kV
TMP00045903,00000照1#,交流线段,390.55223230492436,313.3040140691165,0.0,1.1522566687962126,10kV
TMP00045902,00000#,交流线段,403.478276277517,314.4562707379127,1.1521853701965483,0.0,10kV
TMP00045901,00000#,交流线段,408.08723165410214,314.4562707379127,1.1521853701965483,0.0,10kV
TMP00045900,TMP00131368#,交流线段,417.30524935517184,314.4562707379127,1.1523992659954843,0.0,10kV
TMP00045899,00000#~亮败列20#,交流线段,421.91438297825607,314.4562707379127,1.7960117249536438,0.0,10kV
TMP00045898,TMP00131370#,交流线段,423.7103947032097,314.4562707379127,1.1521853701965483,0.0,10kV
TMP00045897,00000#~亮败列23#,交流线段,426.0147654436028,314.4562707379127,1.7960117249536438,0.0,10kV
TMP00045896,TMP00131371#,交流线段,427.81077716855646,314.4562707379127,1.4740985475751245,0.0,10kV
TMP00045895,00000#~亮败支28#,交流线段,432.74178831971943,314.4562707379127,1.7958691277543721,0.0,10kV
TMP00045894,00000#-亮败支29#数线,交流线段,446.43657379364004,314.4562707379127,1.4740985475751245,0.0,10kV
TMP00045893,TMP00131370#,交流线段,447.91067234121516,314.4562707379127,1.1521853701965483,0.0,10kV
TMP00045892,00000#,交流线段,381.7269272906766,297.80334201419197,1.1523636166956521,0.0,10kV
TMP00045891,TMP00131370#,交流线段,390.9449806410461,297.80334201419197,1.1521853701965483,0.0,10kV
TMP00045890,TMP00131374#,交流线段,403.61994659500346,297.80334201419197,1.1521853701965483,0.0,10kV
TMP00045889,00000#,交流线段,365.25417012824835,289.1967811036424,1.4740985475751245,0.0,10kV
TMP00045888,00000#,交流线段,362.9497637385554,289.1967811036424,1.1521853701965483,0.0,10kV
TMP00045887,00000~从地支9#,交流线段,356.5446896891172,289.1967811036424,1.7959760756538117,0.0,10kV
TMP00045886,00000~从地支10#,交流线段,344.4490961558416,289.1967811036424,12.095593533275633,0.0,10kV
TMP00045885,TMP00131370#,交流线段,341.3657525650721,289.1967811036424,3.0833435907694593,0.0,10kV
TMP00045884,00000#~从地支10白1#,交流线段,344.4490961558416,284.3263381128744,0.0,4.8704429907680264,10kV
TMP00045883,00000#~从地支13#,交流线段,338.4175554699219,289.1967811036424,1.7959760756538117,0.0,10kV
TMP00045882,TMP00131371#,交流线段,337.26519185322627,289.1967811036424,1.1523636166956521,0.0,10kV
TMP00045881,00000#~从地支13照1#,交流线段,338.407609315272,289.1967811036424,0.00994615464992421,3.040849625383487,10kV
TMP00045880,00000#~从地支25#,交流线段,323.9465777910109,289.1967811036424,1.7961543221529155,0.0,10kV
TMP00045879,TMP00131368#,交流线段,322.7945350180136,289.1967811036424,1.1520427729972766,0.0,10kV
TMP00045878,00000#~从地支36#,交流线段,311.2719326807519,289.1967811036424,1.1522210194963804,0.0,10kV
TMP00045877,TMP00131366#,交流线段,303.03861993932236,289.1967811036424,8.233312741429529,0.0,10kV
TMP00045876,TMP00131370#,交流线段,297.78587385727997,289.1967811036424,1.4742411447743393,0.0,10kV
TMP00045875,TMP00131371#,交流线段,294.32924644809066,289.1967811036424,1.1521853701965483,0.0,10kV
TMP00045874,00000#~从地支46#,交流线段,291.38104935294047,289.1967811036424,1.7958691277543721,0.0,10kV
TMP00045873,00000#~从地支47#,交流线段,289.5850376279868,289.1967811036424,1.7960117249536438,0.0,10kV
TMP00045872,00000#~从地支40照1#,交流线段,299.2601150020543,292.91322060992303,0.0,1.1146466574856504,10kV
TMP00045871,TMP00132954照1#~LINE216_争110照2#,交流线段,406.27524904282893,255.6079216895764,0.0,1.4741341968749282,10kV
TMP00045870,TMP00132954照2#~LINE216_争110照3#,交流线段,406.27524904282893,257.0820558864513,0.0,1.4740628982752924,10kV
TMP00045869,TMP00132954照3#~LINE216_争110照4#,交流线段,406.27524904282893,258.5561187847266,0.0,1.4741163722250121,10kV
TMP00045868,TMP00315114白2#,交流线段,426.3334701839975,246.6537801057776,0.0,1.152238844146268,10kV
TMP00045867,TMP00131368白3#~LINE216_争106白4#,交流线段,426.3334701839975,239.19949368867415,0.0,6.30204757295715,10kV
TMP00045866,TMP00131368白4#-LINE216_争106采5#数线,交流线段,426.3334701839975,237.72537731644914,0.0,1.4741163722250121,10kV
TMP00045865,00000#,交流线段,446.2759023993493,255.28604416149767,0.0,1.4741163722250121,10kV
TMP00045864,00000白1#~LINE216_争92白2#,交流线段,453.4082578144243,246.862952372474,0.0,2.6607567906980023,10kV
TMP00045863,00000#-LINE216_争86照2#数线,交流线段,466.7589562464781,250.5418353413938,0.0,1.795958251003924,10kV
TMP00045862,00000~便败分7#,交流线段,519.4377839939397,245.4242714042705,0.0,1.152238844146268,10kV
TMP00045861,TMP00131599便败分8#数线,交流线段,519.4377839939397,244.27203256012422,0.0,1.1522388441462965,10kV
TMP00045860,00000~便败分9#,交流线段,519.4377839939397,243.11977589132803,0.0,1.1522566687961842,10kV
TMP00045859,00000~便败分10#,交流线段,519.4377839939397,241.96746574858213,0.0,1.152310142745904,10kV
TMP00045858,00000#~便败分11#,交流线段,519.4377839939397,240.81522690443583,0.0,1.1522388441462965,10kV
TMP00045857,00000#~便败分12#,交流线段,519.4377839939397,239.66297023563965,0.0,1.1522566687961842,10kV
TMP00045856,00000#~便败分13#,交流线段,519.4377839939397,238.51067791754363,0.0,1.1522923180960163,10kV
TMP00045855,TMP00131599便败分14#数线,交流线段,519.4377839939397,237.35845689804728,0.0,1.152221019496352,10kV
TMP00045854,00000#-便败分14-1#数线,交流线段,518.2855629744432,237.35845689804728,1.1522210194964373,0.0,10kV
TMP00045853,00000#,交流线段,535.8516128637647,122.28040485665984,0.0,1.1522477564712403,10kV
TMP00045852,TMP00131599奇广分6#数线,交流线段,535.8516128637647,117.67136035682518,0.0,1.1522744934461002,10kV
TMP00045851,00000#,交流线段,535.8516128637647,116.51910368802899,0.0,1.1522566687961842,10kV
TMP00045850,00000白1#,交流线段,535.8516128637647,117.67136035682518,1.1522923180959879,0.0,10kV
TMP00045849,TMP00131599奇广分9照1#数线,交流线段,535.8516128637647,111.77488595560017,0.0,2.43970439483644,10kV
TMP00045848,00000~奇广分10#,交流线段,534.6993918442682,114.21459035043661,1.1522210194964373,0.0,10kV
TMP00045847,TMP00131370#,交流线段,533.5472064740717,114.21459035043661,1.1521853701965483,0.0,10kV
TMP00045846,TMP00131370#,交流线段,522.02460413681,114.21459035043661,1.1523279673958768,0.0,10kV
TMP00045845,TMP00131373#,交流线段,520.8725257145129,113.06235150629033,0.0,1.1522388441462823,10kV
TMP00045844,TMP00131374#~奇广分6白3#,交流线段,538.1561618506569,117.67136035682518,1.4740985475750676,0.0,10kV
TMP00045843,TMP00131373#,交流线段,487.74020905859743,134.66556874005192,0.0,1.152238844146268,10kV
TMP00045842,TMP00315158#,交流线段,487.74020905859743,152.27124282612374,0.0,5.6583103414496065,10kV
TMP00045841,TMP00131370#~约叫败分22#,交流线段,487.74020905859743,161.38632317396193,0.0,2.1178714283824718,10kV
TMP00045840,TMP00131374#-约叫败分22白1#数线,交流线段,487.74020905859743,163.5041946023444,0.0,1.795940426354008,10kV
TMP00045839,TMP00131374#-约叫败分23#数线,交流线段,487.74020905859743,163.5041946023444,1.1522210194963804,0.0,10kV
TMP00045838,TMP00131373#-约叫败分24#数线,交流线段,488.8924300780938,163.5041946023444,1.7960117249536438,0.0,10kV
TMP00045837,TMP00131371#~约叫败分25#,交流线段,490.68844180304745,163.5041946023444,4.692552984664019,0.0,10kV
TMP00045836,TMP00131372#~约叫败分26#,交流线段,495.3809947877115,163.5041946023444,1.7961543221529723,0.0,10kV
TMP00045835,TMP00131372#~约叫败分25白1#,交流线段,495.3809947877115,162.3519201088983,0.0,1.1522744934461002,10kV
TMP00045834,TMP00131366#~约叫败分28#,交流线段,501.83440928770625,163.5041946023444,1.7960117249536438,0.0,10kV
TMP00045833,TMP00132366#~约叫败分29#,交流线段,503.6304210126599,163.5041946023444,1.7958691277543721,0.0,10kV
TMP00045832,TMP00132366#~约叫败分28白1#,交流线段,503.6304210126599,163.5041946023444,0.0,1.1522388441462965,10kV
TMP00045831,TMP00314815#,交流线段,505.42629014041427,163.5041946023444,1.1523636166956521,0.0,10kV
TMP00045830,TMP00315181#,交流线段,508.05275230468504,163.5041946023444,1.4742411447743393,0.0,10kV
TMP00045829,TMP00315185#,交流线段,510.67917881965593,163.5041946023444,1.1520784222971088,0.0,10kV
TMP00045828,00000#~LINE216_争25白1#,交流线段,471.1387579238174,123.31998300104858,0.0,1.114673394460496,10kV
TMP00045827,TMP00131372白2#,交流线段,471.1387579238174,122.16776198155222,0.0,1.1522210194963662,10kV
TMP00045826,00000白3#-LINE216_争25白4#数线,交流线段,469.98639430712177,121.01550531275602,1.1523636166956521,0.0,10kV
TMP00045825,00000#-LINE216_争17#,交流线段,452.7387639637965,128.15110481411466,1.1520427729972766,0.0,10kV
TMP00045824,00000#-LINE216_争18#,交流线段,453.89080673679376,128.15110481411466,1.152541863194756,0.0,10kV
TMP00045823,00000#-LINE216_争19#,交流线段,455.0433485999885,128.15110481411466,1.1521853701965483,0.0,10kV
TMP00045822,00000#-LINE216_争21#,交流线段,457.3477193403816,128.15110481411466,1.1522210194963804,0.0,10kV
TMP00045821,00000#-LINE216_争22#,交流线段,458.499940359878,128.15110481411466,1.1522210194963236,0.0,10kV
TMP00045820,00000#-LINE216_争23#,交流线段,459.6521613793743,128.15110481411466,1.1524705645951485,0.0,10kV
TMP00045819,00000#-LINE216_争28#,交流线段,529.7685589396044,128.15110481411466,1.1523636166956521,0.0,10kV
TMP00045818,00000#-LINE216_争29#,交流线段,530.9209225563001,128.15110481411466,1.1522923180959879,0.0,10kV
TMP00045817,00000#-LINE216_争30#,交流线段,532.0732148743961,128.15110481411466,1.1521853701965483,0.0,10kV
TMP00045816,00000#-LINE216_争31#,交流线段,533.2254002445926,128.15110481411466,1.1522210194964373,0.0,10kV
TMP00045815,00000#-LINE216_争32#,交流线段,534.377621264089,128.15110481411466,1.473991599675628,0.0,10kV
TMP00045814,00000#-LINE216_争49#,交流线段,540.1074262763285,253.490032436544,1.1523636166956521,0.0,10kV
TMP00045813,00000#-LINE216_争50#,交流线段,538.9553835033313,253.490032436544,1.1520427729972198,0.0,10kV
TMP00045812,00000#-LINE216_争51#,交流线段,537.8030198866356,253.490032436544,1.1523636166956521,0.0,10kV
TMP00045811,00000#-LINE216_争52#,交流线段,536.328814391161,253.490032436544,1.4742054954746209,0.0,10kV
TMP00045810,00000#-LINE216_争56#,交流线段,526.570246356914,253.490032436544,1.1522210194964373,0.0,10kV
TMP00045809,00000#-LINE216_争60#,交流线段,517.1333776042467,253.490032436544,1.1521853701965483,0.0,10kV
TMP00045808,00000#-LINE216_争61#,交流线段,515.981013987551,253.490032436544,1.1523636166956521,0.0,10kV
TMP00045807,00000#-LINE216_争62#,交流线段,514.8287929680547,253.490032436544,1.1522210194963236,0.0,10kV
TMP00045806,00000#-LINE216_争65#,交流线段,506.22233900540465,253.490032436544,3.083307941469627,0.0,10kV
TMP00045805,00000#-LINE216_争67#,交流线段,503.91761177201334,253.490032436544,1.1523992659954843,0.0,10kV
TMP00045804,00000#-LINE216_争68#,交流线段,501.79986511618023,253.490032436544,2.117746655833116,0.0,10kV
TMP00045803,TMP00131599饭想分6#,交流线段,502.1217782935588,298.49244297972103,1.1523636166956521,0.0,10kV
TMP00045802,TMP00131599饭想分8#,交流线段,504.4261846832517,298.49244297972103,1.1523279673958768,0.0,10kV
TMP00045801,TMP00131599饭想分9#,交流线段,505.57851265064755,298.49244297972103,1.1522210194963236,0.0,10kV
TMP00045800,TMP00131599饭想分10#,交流线段,506.7307336701439,298.49244297972103,1.1522210194963804,0.0,10kV
TMP00045799,00000#-饭想分11#,交流线段,507.88295468964026,298.49244297972103,1.15232796739582,0.0,10kV
TMP00045798,00000#-饭想分12#,交流线段,509.0352826570361,298.49244297972103,1.1521853701965483,0.0,10kV
TMP00045797,00000#-饭想分13#,交流线段,510.1874680272326,298.49244297972103,1.1522210194963804,0.0,10kV
TMP00045796,00000#-饭想分14#,交流线段,511.339689046729,298.49244297972103,1.15232796739582,0.0,10kV
TMP00045795,00000#-饭想分15#,交流线段,512.4920170141248,298.49244297972103,1.1523636166956521,0.0,10kV
TMP00045794,00000#-饭想分16#,交流线段,513.6443806308205,298.49244297972103,1.1521853701965483,0.0,10kV
TMP00045793,00000#-饭想分17#,交流线段,514.796566001017,298.49244297972103,1.4741341968749566,0.0,10kV
TMP00045792,00000#-饭想分21#,交流线段,526.9950434135744,298.49244297972103,1.152078422296995,0.0,10kV
TMP00045791,00000#-饭想分22#,交流线段,528.1471218358714,298.49244297972103,1.1525062138949806,0.0,10kV
TMP00045790,00000#-饭想分23#,交流线段,529.2996280497664,298.49244297972103,1.1523636166956521,0.0,10kV
TMP00045789,00000#-饭想分23间1#,交流线段,530.451991666462,298.49244297972103,1.1520071236974445,0.0,10kV
TMP00045788,00000间1#-饭想分24#,交流线段,531.6039987901595,298.49244297972103,1.1523636166956521,0.0,10kV
TMP00045787,00000#-饭想分32#,交流线段,558.5243536537641,298.49244297972103,1.1523992659954274,0.0,10kV
TMP00045786,00000#-饭想分33#,交流线段,559.6767529197596,298.49244297972103,1.1521853701965483,0.0,10kV
TMP00045785,00000#-饭想分34#,交流线段,560.8289382899561,298.49244297972103,1.1521853701965483,0.0,10kV
TMP00045784,00000#-饭想分35#,交流线段,561.9811236601527,298.49244297972103,1.1523279673958768,0.0,10kV
TMP00045783,00000#-饭想分38#,交流线段,573.4845823234108,298.49244297972103,1.1520427729973335,0.0,10kV
TMP00045782,00000#-饭想分40#,交流线段,575.7889530638039,298.49244297972103,1.1522566687962126,0.0,10kV
TMP00045781,00000#-饭想分41#,交流线段,576.9412097326001,298.49244297972103,1.1521853701965483,0.0,10kV
TMP00045780,00000#-饭想分42#,交流线段,578.0933951027966,298.49244297972103,1.1523279673958768,0.0,10kV
TMP00045779,00000#-饭想分43#,交流线段,579.2457230701925,298.49244297972103,1.1523279673957632,0.0,10kV
TMP00045778,00000#-饭想分44#,交流线段,580.3980510375883,298.49244297972103,1.1521140715969977,0.0,10kV
TMP00045777,00000#-饭想分50#,交流线段,591.1738361929117,298.49244297972103,1.1523279673957632,0.0,10kV
TMP00045776,00000#-饭想分54#,交流线段,599.3232661318638,298.49244297972103,1.1523279673958768,0.0,10kV
TMP00045775,00000#-饭想分55#,交流线段,600.4755940992596,298.49244297972103,1.1520427729972198,0.0,10kV
TMP00045774,00000#-饭想分56#,交流线段,601.6276368722569,298.49244297972103,1.1524705645950917,0.0,10kV
TMP00045773,00000#-饭想分57#,交流线段,602.780107436852,298.49244297972103,1.1521853701965483,0.0,10kV
TMP00045772,00000#-饭想分58#,交流线段,603.9322928070485,298.49244297972103,1.1522566687962126,0.0,10kV
TMP00045771,00000#-饭想分59#,交流线段,605.0845494758447,298.49244297972103,1.1522566687962126,0.0,10kV
TMP00045770,00000#-饭想分60#,交流线段,606.2368061446409,298.49244297972103,1.1522566687962126,0.0,10kV
TMP00045769,00000#-饭想分61#,交流线段,607.3890628134371,298.49244297972103,1.1523992659954274,0.0,10kV
TMP00045768,00000#-饭想分62#,交流线段,608.5414620794326,298.49244297972103,1.1520427729972198,0.0,10kV
TMP00045767,00000#-饭想分63#,交流线段,609.6935048524298,298.49244297972103,1.1523279673958768,0.0,10kV
TMP00045766,00000#-饭想分64#,交流线段,610.8458328198257,298.49244297972103,1.1523992659954274,0.0,10kV
TMP00045765,TMP00131599著败支3#,交流线段,616.8775517522445,298.49244297972103,1.1521853701965483,0.0,10kV
TMP00045764,TMP00131599著败支4#,交流线段,618.029737122441,298.49244297972103,1.1521853701965483,0.0,10kV
TMP00045763,00000#~著败支6#,交流线段,620.3341078628341,298.49244297972103,1.152541863194756,0.0,10kV
TMP00045762,TMP00131599著败支7#,交流线段,621.4866497260289,298.49244297972103,1.4739559503757391,0.0,10kV
TMP00045761,00000#-饭想分66#,交流线段,611.9982320858211,299.64466399921736,0.0,1.1522923180960447,10kV
TMP00045760,00000#-饭想分67#,交流线段,611.9982320858211,300.7969563173134,0.0,1.1522923180959879,10kV
TMP00045759,00000#-饭想分68#,交流线段,611.9982320858211,301.9492486354094,0.0,1.1522210194963804,10kV
TMP00045758,00000#-饭想分69#,交流线段,611.9982320858211,303.10146965490577,0.0,1.1522566687961557,10kV
TMP00045757,00000#-饭想分70#,交流线段,611.9982320858211,304.2537263237019,0.0,1.1522210194963804,10kV
TMP00045756,00000#-饭想分71#,交流线段,611.9982320858211,305.4059473431983,0.0,1.15232796739582,10kV
TMP00045755,00000#-饭想分72#,交流线段,611.9982320858211,306.5582753105941,0.0,1.1521853701965483,10kV
TMP00045754,00000#-饭想分73#,交流线段,611.9982320858211,307.7104606807907,0.0,1.1522566687962126,10kV
TMP00045753,00000#-饭想分74#,交流线段,611.9982320858211,308.8627173495869,0.0,1.15232796739582,10kV
TMP00045752,00000#-饭想分76#,交流线段,611.9982320858211,311.16733763507875,0.0,1.1521853701965483,10kV
TMP00045751,00000#-饭想分78#,交流线段,611.9982320858211,313.4718153233713,0.0,1.1522210194963804,10kV
TMP00045750,00000白2#-饭想分44白3#,交流线段,581.5501651091853,300.7969563173134,0.0,1.1522923180959879,10kV
TMP00045749,00000白3#-饭想分44白4#,交流线段,581.5501651091853,301.9492486354094,0.0,1.1522210194963804,10kV
TMP00045748,00000白4#-饭想分44白5#,交流线段,581.5501651091853,303.10146965490577,0.0,1.1522566687961557,10kV
TMP00045747,00000白5#-饭想分44白6#,交流线段,581.5501651091853,304.2537263237019,0.0,1.1522210194963804,10kV
TMP00045746,00000白6#-饭想分44白7#,交流线段,581.5501651091853,305.4059473431983,0.0,1.15232796739582,10kV
TMP00045745,00000白7#-饭想分44白8#,交流线段,581.5501651091853,306.5582753105941,0.0,1.1521853701965483,10kV
TMP00045744,00000白8#-饭想分44白9#,交流线段,581.5501651091853,307.7104606807907,0.0,1.1522566687962126,10kV
TMP00045743,00000白9#-饭想分44白10#,交流线段,581.5501651091853,308.8627173495869,0.0,1.15232796739582,10kV
TMP00045742,00000白10#-饭想分44白11#,交流线段,581.5501651091853,310.0150453169827,0.0,1.1522923180960447,10kV
TMP00045741,00000白11#-饭想分44白12#,交流线段,581.5501651091853,311.16733763507875,0.0,1.1521853701965483,10kV
TMP00045740,TMP00131599采列支2#,交流线段,537.8223418071383,296.1879296421286,0.0,1.1522923180960447,10kV
TMP00045739,TMP00131599饭陈支2#,交流线段,537.8223418071383,299.64466399921736,0.0,1.1522923180960447,10kV
TMP00045738,TMP00131599饭陈支3#,交流线段,537.8223418071383,300.7969563173134,0.0,1.1522923180959879,10kV
TMP00045737,TMP00131599饭陈支4#,交流线段,537.8223418071383,301.9492486354094,0.0,1.1522210194963804,10kV
TMP00045736,TMP00131374#-饭陈支5白3#,交流线段,544.1275978170793,304.57560385178067,1.1522210194963236,0.0,10kV
TMP00045735,TMP00131373#-饭陈支5白4#,交流线段,545.2798188365756,304.57560385178067,1.1524705645952054,0.0,10kV
TMP00045734,TMP00131371#-饭陈支5白5#,交流线段,546.4322894011708,304.57560385178067,1.152078422296995,0.0,10kV
TMP00045733,TMP00131366#-饭陈支5白8#,交流线段,550.532564918618,304.57560385178067,1.1523279673958768,0.0,10kV
TMP00045732,TMP00132366#-饭陈支5白9#,交流线段,551.6848928860139,304.57560385178067,1.152078422296995,0.0,10kV
TMP00045731,TMP00132978#-饭陈支5白10#,交流线段,552.8369713083109,304.57560385178067,1.1522923180961016,0.0,10kV
TMP00045730,TMP00132982#-饭陈支5白11#,交流线段,553.989263626407,304.57560385178067,1.1523992659954274,0.0,10kV
TMP00045729,TMP00314786#-饭陈支5白12#,交流线段,555.1416628924025,304.57560385178067,1.1521853701965483,0.0,10kV
TMP00045728,00000白5#-饭想分18白6#,交流线段,521.285273307834,291.5789029669439,0.0,1.1522566687962126,10kV
TMP00045727,00000#-LINE216_争74#,交流线段,480.58610757063195,253.490032436544,1.1521853701965483,0.0,10kV
TMP00045726,00000#-LINE216_争75#,交流线段,479.43374395393636,253.490032436544,1.1523636166955953,0.0,10kV
TMP00045725,00000#-LINE216_争76#,交流线段,478.28152293444,253.490032436544,1.1522210194963804,0.0,10kV
TMP00045724,00000#-LINE216_争77#,交流线段,477.12933756424343,253.490032436544,1.1521853701965483,0.0,10kV
TMP00045723,00000#-LINE216_争78#,交流线段,475.9771521940469,253.490032436544,1.1521853701965483,0.0,10kV
TMP00045722,00000#-LINE216_争79#,交流线段,474.8247885773512,253.490032436544,1.1523636166956521,0.0,10kV
TMP00045721,00000#-LINE216_争88#,交流线段,464.45454985678515,253.490032436544,1.1521853701965483,0.0,10kV
TMP00045720,00000#-LINE216_争89#,交流线段,458.15264488102724,253.490032436544,6.301904975757907,0.0,10kV
TMP00045719,00000#-LINE216_争91#,交流线段,455.84806024483527,253.490032436544,1.152078422297052,0.0,10kV
TMP00045718,00000#-LINE216_争92#,交流线段,453.4082578144243,253.490032436544,2.439802430410964,0.0,10kV
TMP00045717,00000#-LINE216_争94#,交流线段,446.2759023993493,253.490032436544,5.9801700448784345,0.0,10kV
TMP00045716,00000白1#-LINE216_争99白2#,交流线段,434.39919556697123,251.18553692360155,0.0,1.1522566687961842,10kV
TMP00045715,TMP00132954#-LINE216_争101#,交流线段,432.09464658007903,253.490032436544,1.1523636166956521,0.0,10kV
TMP00045714,TMP00131370#-LINE216_争102#,交流线段,430.9425681577819,253.490032436544,1.1520784222971088,0.0,10kV
TMP00045713,TMP00131373#-LINE216_争104#,交流线段,428.63805482018955,253.490032436544,1.1521853701965483,0.0,10kV
TMP00045712,TMP00131371#-LINE216_争105#,交流线段,427.4856912034939,253.490032436544,1.1523636166956521,0.0,10kV
TMP00045711,TMP00131372#-LINE216_争106#,交流线段,426.3334701839975,253.490032436544,1.1522210194963804,0.0,10kV
TMP00045710,TMP00131370#-LINE216_争112#,交流线段,403.97055745873746,253.490032436544,1.15232796739582,0.0,10kV
TMP00045709,TMP00131374#-LINE216_争113#,交流线段,401.2091270453465,253.490032436544,2.76143041339094,0.0,10kV
TMP00045708,TMP00131371#-LINE216_争115#,交流线段,387.63947061379565,253.490032436544,12.0955578839758,0.0,10kV
TMP00045707,TMP00131366#-LINE216_争118#,交流线段,383.2171393217705,253.490032436544,1.15232796739582,0.0,10kV
TMP00045706,TMP00132366#-LINE216_争119#,交流线段,382.06495395157395,253.490032436544,1.1521853701965483,0.0,10kV
TMP00045705,TMP00132954#-LINE216_争121#,交流线段,379.760369315382,253.490032436544,1.1522210194963236,0.0,10kV
TMP00045704,TMP00131370#-LINE216_争122#,交流线段,378.60818394518543,253.490032436544,1.1521853701965483,0.0,10kV
TMP00045703,TMP00131374#-LINE216_争123#,交流线段,377.45585597778955,253.490032436544,1.1523279673958768,0.0,10kV
TMP00045702,TMP00131373#-LINE216_争124#,交流线段,376.3034923610939,253.490032436544,1.1523636166956521,0.0,10kV
TMP00045701,TMP00131371#-LINE216_争125#,交流线段,375.1512713415976,253.490032436544,1.1522210194963236,0.0,10kV
TMP00045700,TMP00131372#-LINE216_争126#,交流线段,373.99908597140103,253.490032436544,1.1521853701965483,0.0,10kV
TMP00045699,TMP00132978白1#-LINE216_争129白2#,交流线段,348.54323999371974,254.6423069299901,0.0,1.1522388441462965,10kV
TMP00045698,TMP00132954#-LINE216_争131#,交流线段,346.23872665612737,253.490032436544,1.1521853701965483,0.0,10kV
TMP00045697,TMP00131370#-LINE216_争132#,交流线段,345.08650563663105,253.490032436544,1.1522210194963236,0.0,10kV
TMP00045696,TMP00131374#-LINE216_争133#,交流线段,343.9341420199354,253.490032436544,1.1523636166956521,0.0,10kV
TMP00045695,TMP00131366间1#-LINE216_争138#,交流线段,242.39399179628373,253.490032436544,1.1521853701965483,0.0,10kV
TMP00045694,TMP00132366#-LINE216_争139#,交流线段,241.24177077678738,253.490032436544,1.152221019496352,0.0,10kV
TMP00045693,TMP00132978#-LINE216_争140#,交流线段,230.1117385291483,253.490032436544,11.130032247639065,0.0,10kV
TMP00045692,TMP00131370#-LINE216_争142#,交流线段,225.5541894429043,253.490032436544,3.405363716047475,0.0,10kV
TMP00045691,TMP00131368照3#-LINE216_争146照4#,交流线段,203.56481008116276,248.88105923530898,0.0,1.2015061764981283,10kV
TMP00045690,TMP00132978#-LINE216_争150#,交流线段,198.63394152719908,253.490032436544,1.1523636166956521,0.0,10kV
TMP00045689,TMP00132954#-LINE216_争151#,交流线段,197.48175615700254,253.490032436544,1.1521853701965483,0.0,10kV
TMP00045688,TMP00131370#-LINE216_争152#,交流线段,196.32939254030688,253.490032436544,1.1523636166956521,0.0,10kV
TMP00045687,TMP00131374#-LINE216_争153#,交流线段,195.17720717011034,253.490032436544,1.1521853701965483,0.0,10kV
TMP00045686,TMP00131373#-LINE216_争154#,交流线段,194.02484355341468,253.490032436544,1.1523636166956521,0.0,10kV
TMP00045685,TMP00131371#-LINE216_争155#,交流线段,192.87265818321814,253.490032436544,1.1521853701965483,0.0,10kV
TMP00045684,TMP00131372#-LINE216_争156#,交流线段,191.72033021582232,253.490032436544,1.15232796739582,0.0,10kV
TMP00045683,TMP00131368#-LINE216_争157#,交流线段,190.56810919632593,253.490032436544,1.1522210194963804,0.0,10kV
TMP00045682,TMP00131366#-LINE216_争158#,交流线段,189.4159238261294,253.490032436544,1.1521853701965483,0.0,10kV
TMP00045681,TMP00132366#-LINE216_争159#,交流线段,188.26356020943373,253.490032436544,1.1523636166956521,0.0,10kV
TMP00045680,TMP00132978#-LINE216_争160#,交流线段,187.1113748392372,253.490032436544,1.1521853701965483,0.0,10kV
TMP00045679,TMP00132954#-LINE216_争161#,交流线段,185.95915381974083,253.490032436544,1.152221019496352,0.0,10kV
TMP00045678,TMP00131370#-LINE216_争162#,交流线段,175.79471850703817,253.490032436544,10.164435312702665,0.0,10kV
TMP00045677,TMP00131368#-LINE216_争167#,交流线段,156.08086068981004,253.490032436544,1.152345792045736,0.0,10kV
TMP00045676,TMP00131366#-LINE216_争168#,交流线段,154.9286574949636,253.490032436544,1.152203194846436,0.0,10kV
TMP00045675,TMP00132366#-LINE216_争169#,交流线段,153.77631170291784,253.490032436544,1.1523457920457645,0.0,10kV
TMP00045674,TMP00132978#-LINE216_争170#,交流线段,152.6241085080714,253.490032436544,1.152203194846436,0.0,10kV
TMP00045673,TMP00132954#-LINE216_争171#,交流线段,151.47176271602564,253.490032436544,1.1523457920457645,0.0,10kV
TMP00045672,TMP00131370#-LINE216_争172#,交流线段,150.3195595211792,253.490032436544,1.152203194846436,0.0,10kV
TMP00045671,TMP00131374#-LINE216_争173#,交流线段,148.8454431489542,253.490032436544,1.4741163722250121,0.0,10kV
TMP00045670,TMP00131372#-LINE216_争176#,交流线段,143.13569086786367,253.490032436544,2.439659833211664,0.0,10kV
TMP00045669,TMP00131366#-LINE216_争178#,交流线段,143.13569086786367,247.32323830710558,0.0,1.1522744934461002,10kV
TMP00045668,TMP00132366#-LINE216_争179#,交流线段,143.13569086786367,246.17099946295932,0.0,1.152238844146268,10kV
TMP00045667,TMP00132978#-LINE216_争180#,交流线段,143.13569086786367,245.01872496951322,0.0,1.1522744934461002,10kV
TMP00045666,TMP00132954#-LINE216_争181#,交流线段,143.13569086786367,243.86648612536692,0.0,1.1522388441462965,10kV
TMP00045665,TMP00131370#-LINE216_争182#,交流线段,143.13569086786367,242.71417598262101,0.0,1.152310142745904,10kV
TMP00045664,TMP00131374#-LINE216_争183#,交流线段,143.13569086786367,241.56193713847472,0.0,1.1522388441462965,10kV
TMP00045663,TMP00131373#-LINE216_争184#,交流线段,143.13569086786367,240.40971611897837,0.0,1.152221019496352,10kV
TMP00045662,TMP00131371#-LINE216_争185#,交流线段,143.13569086786367,239.25742380088235,0.0,1.1522923180960163,10kV
TMP00045661,TMP00131372#-LINE216_争186#,交流线段,143.13569086786367,238.10511365813645,0.0,1.152310142745904,10kV
TMP00045660,TMP00131368#-LINE216_争187#,交流线段,143.13569086786367,236.9529282879399,0.0,1.1521853701965483,10kV
TMP00045659,TMP00131366#-LINE216_争188#,交流线段,143.13569086786367,235.80067161914369,0.0,1.1522566687962126,10kV
TMP00045658,TMP00132366#-LINE216_争189#,交流线段,143.13569086786367,234.64839712569758,0.0,1.1522744934461002,10kV
TMP00045657,TMP00132978#-LINE216_争190#,交流线段,143.13569086786367,233.49612263225148,0.0,1.1522744934461002,10kV
TMP00045656,TMP00131599界著支3#,交流线段,132.16356719377927,253.490032436544,1.152203194846436,0.0,10kV
TMP00045655,TMP00131599界著支4#,交流线段,131.0112214017335,253.490032436544,1.1523457920457645,0.0,10kV
TMP00045654,TMP00131599界著支5#,交流线段,129.85901820688707,253.490032436544,1.152203194846436,0.0,10kV
TMP00045653,TMP00131599界著列6#,交流线段,128.70667241484134,253.490032436544,1.152345792045736,0.0,10kV
TMP00045652,TMP00131599界著列9#,交流线段,124.2843589474661,253.490032436544,1.4741163722250121,0.0,10kV
TMP00045651,00000#-界著支18#,交流线段,112.62648534203575,253.490032436544,1.1523636166956521,0.0,10kV
TMP00045650,00000#-界著支19#,交流线段,111.47444256903847,253.490032436544,1.1520427729972766,0.0,10kV
TMP00045649,00000#-界著支21#,交流线段,109.16988466982133,253.490032436544,1.1522121071714082,0.0,10kV
TMP00045648,00000#-界著支22#,交流线段,108.01754779010054,253.490032436544,1.1523368797207922,0.0,10kV
TMP00045647,00000白2#-界著支26白3#,交流线段,78.06538039861687,253.490032436544,1.152203194846436,0.0,10kV
TMP00045646,00000白3#-界著支26白4#,交流线段,76.9130346065711,253.490032436544,1.1523457920457645,0.0,10kV
TMP00045645,00000白4#-界著支26白5#,交流线段,75.76083141172467,253.490032436544,1.152203194846436,0.0,10kV
TMP00045644,00000白5#-界著支26白6#,交流线段,74.6086282168782,253.490032436544,1.1522031948464644,0.0,10kV
TMP00045643,00000白6#-界著支26白7#,交流线段,73.45628242483247,253.490032436544,1.152345792045736,0.0,10kV
TMP00045642,00000白1#-界著支25白2#,交流线段,87.82418906563763,251.18553692360155,0.0,1.1522566687961842,10kV
TMP00045641,TMP00131372白1#-LINE216_争165白2#,交流线段,158.3854185890272,251.18553692360155,0.0,1.1522566687961842,10kV
TMP00045640,TMP00131372白2#-LINE216_争165白3#,交流线段,158.3854185890272,250.03329807945528,0.0,1.152238844146268,10kV
TMP00045639,TMP00131599清开分4#,交流线段,175.79471850703817,244.6710908223142,0.0,1.1522923180960163,10kV
TMP00045638,TMP00131599清开分5#,交流线段,175.79471850703817,243.1969922747391,0.0,1.474098547575096,10kV
TMP00045637,TMP00131599清开分8#,交流线段,175.79471850703817,238.45278345463524,0.0,1.4741163722250121,10kV
TMP00045636,TMP00131599清开分10#,交流线段,175.79471850703817,235.50456853483513,0.0,1.4740807229252084,10kV
TMP00045635,00000#-清开分14#,交流线段,175.79471850703817,209.97464331212703,0.0,1.1522923180960163,10kV
TMP00045634,00000#-清开分16#,交流线段,175.91720950122118,203.16412977583096,0.0,1.1522210194963804,10kV
TMP00045633,00000照2#-清开分17照3#,交流线段,157.69383108483567,195.67383756590888,1.1523190550708762,0.0,10kV
TMP00045632,00000照3照1#-清开分17照3照2#,交流线段,155.38928209794346,195.67383756590888,1.15232796739582,0.0,10kV
TMP00045631,00000照3照2#-清开分17照3照3#,交流线段,154.23706107844708,195.67383756590888,1.1522210194963804,0.0,10kV
TMP00045630,00000照1照1#-清开分17照1照2#,交流线段,164.46850816248724,196.82609423470507,0.0,1.1522566687961842,10kV
TMP00045629,TMP00131599五海分5#,交流线段,203.56481008116276,266.1713261412195,0.0,1.1522210194963804,10kV
TMP00045628,TMP00131599五海分7#,交流线段,203.56481008116276,268.4758394788119,0.0,1.1522566687961557,10kV
TMP00045627,TMP00131599五海分8#,交流线段,203.56481008116276,269.62809614760806,0.0,1.152238844146268,10kV
TMP00045626,TMP00131599五海分9#,交流线段,203.56481008116276,270.78033499175433,0.0,1.1522923180960447,10kV
TMP00045625,TMP00131599五海分10#,交流线段,203.56481008116276,271.9326273098504,0.0,1.1522210194963236,10kV
TMP00045624,00000#-五海分11#,交流线段,203.56481008116276,273.0848483293467,0.0,1.1522923180960447,10kV
TMP00045623,00000#-五海分13#,交流线段,203.56481008116276,275.38941514088884,0.0,1.1522210194963804,10kV
TMP00045622,00000#-五海分14#,交流线段,203.56481008116276,276.5416361603852,0.0,1.1522566687961557,10kV
TMP00045621,00000#-五海分15#,交流线段,203.56481008116276,277.6938928291814,0.0,1.1522923180960447,10kV
TMP00045620,TMP00131599多列分5#,交流线段,225.5541894429043,244.37179712567172,0.0,1.1522388441462965,10kV
TMP00045619,TMP00131599多列分6#,交流线段,225.5541894429043,243.21948698292582,0.0,1.152310142745904,10kV
TMP00045618,TMP00131599多列分7#,交流线段,225.5541894429043,242.06724813877952,0.0,1.1522388441462965,10kV
TMP00045617,TMP00131599多列分8#,交流线段,225.5541894429043,240.91504494393305,0.0,1.1522031948464644,10kV
TMP00045616,TMP00131599多列分9#,交流线段,225.5541894429043,239.76278827513687,0.0,1.1522566687961842,10kV
TMP00045615,TMP00131599多列分10#,交流线段,225.5541894429043,238.61047813239097,0.0,1.152310142745904,10kV
TMP00045614,00000#-多列分12#,交流线段,225.5541894429043,236.3060004440984,0.0,1.152238844146268,10kV
TMP00045613,00000#-多列分13#,交流线段,225.5541894429043,235.15376159995213,0.0,1.152238844146268,10kV
TMP00045612,00000#-多列分14#,交流线段,225.5541894429043,234.00146928185612,0.0,1.1522923180960163,10kV
TMP00045611,00000#-多列分15#,交流线段,225.5541894429043,232.84921261305993,0.0,1.1522566687961842,10kV
TMP00045610,00000#-多列分16#,交流线段,225.5541894429043,231.69695594426372,0.0,1.1522566687962126,10kV
TMP00045609,00000#-多列分17#,交流线段,225.5541894429043,230.54469927546754,0.0,1.1522566687961842,10kV
TMP00045608,00000#-多列分18#,交流线段,225.5541894429043,229.39240695737155,0.0,1.1522923180959879,10kV
TMP00045607,00000#-多列分19#,交流线段,225.5541894429043,228.240221587175,0.0,1.1521853701965483,10kV
TMP00045606,00000#-多列分20#,交流线段,225.5541894429043,227.08792926907898,0.0,1.1522923180960163,10kV
TMP00045605,00000#-多列分21#,交流线段,225.5541894429043,225.9356726002828,0.0,1.1522566687961842,10kV
TMP00045604,00000#-多列分22#,交流线段,225.5541894429043,224.7833981068367,0.0,1.1522744934461002,10kV
TMP00045603,00000#-多列分23#,交流线段,225.5541894429043,223.6311592626904,0.0,1.1522388441462965,10kV
TMP00045602,00000#~多列分24#.,交流线段,225.5541894429043,222.47892041854413,0.0,1.152238844146268,10kV
TMP00045601,00000#-多列分27#,交流线段,225.5541894429043,219.02213258750567,0.0,1.1522566687961842,10kV
TMP00045600,00000#-多列分28#,交流线段,225.5541894429043,217.86985809405957,0.0,1.1522744934461002,10kV
TMP00045599,TMP00132954照1#-LINE216_争140照2#,交流线段,230.1117385291483,250.21997563796498,0.0,1.1522566687961842,10kV
TMP00045598,TMP00131599士诉分5#,交流线段,264.248224662406,261.96137555287464,0.0,1.1522744934461002,10kV
TMP00045597,TMP00131599士诉分6#,交流线段,264.248224662406,263.11365004632074,0.0,1.152238844146268,10kV
TMP00045596,TMP00131599士诉分7#,交流线段,264.248224662406,264.265888890467,0.0,1.1522923180959879,10kV
TMP00045595,TMP00131599士诉分8#,交流线段,264.248224662406,265.418181208563,0.0,1.152238844146325,10kV
TMP00045594,TMP00131599士诉分9#,交流线段,264.248224662406,266.5704200527093,0.0,1.1522923180959879,10kV
TMP00045593,TMP00131599士诉分10#,交流线段,264.248224662406,267.7227123708053,0.0,1.1522566687962126,10kV
TMP00045592,00000照1#-士诉分10照2#,交流线段,264.248224662406,270.02719005909785,0.0,1.1522744934461002,10kV
TMP00045591,00000照2#-士诉分10照3#,交流线段,264.248224662406,271.17946455254395,0.0,1.1522566687962126,10kV
TMP00045590,00000#-士诉分12#,交流线段,261.9436756755138,268.8749690396015,1.1523636166956521,0.0,10kV
TMP00045589,00000#-士诉分13#,交流线段,260.79149030531727,268.8749690396015,1.1521853701965483,0.0,10kV
TMP00045588,00000#-士诉分15#,交流线段,258.48690566912524,268.8749690396015,1.1522210194963804,0.0,10kV
TMP00045587,00000#-士诉分16#,交流线段,257.3345777017294,268.8749690396015,1.15232796739582,0.0,10kV
TMP00045586,00000#-士诉分17#,交流线段,256.18235668223303,268.8749690396015,1.1522210194963804,0.0,10kV
TMP00045585,TMP00131599能半分9#,交流线段,372.20307424644733,269.60558361477143,0.0,1.152238844146325,10kV
TMP00045584,TMP00131599能半分10#,交流线段,372.20307424644733,270.75782245891776,0.0,1.1522210194963236,10kV
TMP00045583,00000#-能半分11#,交流线段,372.20307424644733,271.9100434784141,0.0,1.1522744934461002,10kV
TMP00045582,00000#-能半分12#,交流线段,372.20307424644733,273.0623179718602,0.0,1.1522923180960447,10kV
TMP00045581,00000#-能半分13#,交流线段,372.20307424644733,274.2146102899562,0.0,1.1522210194963804,10kV
TMP00045580,00000#~能半分26#,交流线段,372.20307424644733,294.8550736204421,0.0,1.1522566687961557,10kV
TMP00045579,00000#~能半分30#,交流线段,372.20307424644733,309.44176892657026,0.0,5.014501811342427,10kV
TMP00045578,00000#~能半分32#,交流线段,372.20307424644733,315.6085630560087,0.0,1.1522566687962126,10kV
TMP00045577,00000#~能半分34#,交流线段,372.192022963503,317.8982819341756,0.0,1.15232796739582,10kV
TMP00045576,00000#~能半分35#,交流线段,372.17729980267717,319.0506099015714,0.014723160825838022,1.1706517075035094,10kV
TMP00045575,00000#~能半分37#,交流线段,372.192022963503,321.35508758986396,0.011051282944322338,1.167051128221658,10kV
TMP00045574,00000#~能半分40#,交流线段,372.192022963503,328.0893116245443,0.0,1.1522566687962126,10kV
TMP00045573,00000#~能半分42#,交流线段,372.17729980267717,330.5731765895333,0.014723160825838022,1.4925292355822535,10kV
TMP00045572,00000#-能半分44#,交流线段,372.20307424644733,333.536168144109,0.0,1.1521853701965483,10kV
TMP00045571,00000#-能半分45#,交流线段,372.20307424644733,334.68835351430556,0.0,1.1522923180959879,10kV
TMP00045570,00000#-能半分46#,交流线段,372.20307424644733,335.84064583240155,0.0,1.1522566687961557,10kV
TMP00045569,00000#-能半分47#,交流线段,372.20307424644733,336.9929025011977,0.0,1.1522923180960447,10kV
TMP00045568,00000#-能半分49#,交流线段,372.20307424644733,339.29741583879013,0.0,1.1522923180959879,10kV
TMP00045567,00000#-能半分50#,交流线段,372.20307424644733,340.4497081568861,0.0,1.1522566687962126,10kV
TMP00045566,00000#-能半分51#,交流线段,372.20307424644733,341.60196482568233,0.0,1.1522566687961557,10kV
TMP00045565,00000#-能半分52#,交流线段,372.20307424644733,342.7542214944785,0.0,1.1521853701965483,10kV
TMP00045564,00000#-能半分54#,交流线段,372.20307424644733,345.05873483207085,0.0,1.1522210194963804,10kV
TMP00045563,00000#-能半分55#,交流线段,372.20307424644733,346.21095585156723,0.0,1.1522566687962126,10kV
TMP00045562,00000#-能半分56#,交流线段,372.20307424644733,347.36321252036345,0.0,1.1522566687961557,10kV
TMP00045561,00000#-能半分57#,交流线段,372.20307424644733,348.5154691891596,0.0,1.1522566687962126,10kV
TMP00045560,00000#-能半支60#,交流线段,372.20307424644733,366.2850765804557,0.0,1.1522566687962126,10kV
TMP00045559,00000#-能半分63#,交流线段,372.20307424644733,369.74181093754447,0.0,1.1522923180960447,10kV
TMP00045558,00000#-能半分65#,交流线段,372.20307424644733,372.0463599244367,0.0,1.1522210194963804,10kV
TMP00045557,00000#-能半分67#,交流线段,372.20307424644733,374.3509089113289,0.0,1.1521853701965483,10kV
TMP00045556,TMP00131599亮败支3#,交流线段,402.32609090732046,314.4562707379127,1.1521853701965483,0.0,10kV
TMP00045555,TMP00131599亮败支5#,交流线段,404.63046164771356,314.4562707379127,1.1522210194963804,0.0,10kV
TMP00045554,TMP00131599亮败支6#,交流线段,405.78268266720994,314.4562707379127,1.15232796739582,0.0,10kV
TMP00045553,TMP00131599亮败支7#,交流线段,406.93501063460576,314.4562707379127,1.1522210194963804,0.0,10kV
TMP00045552,00000#-亮败列17#,交流线段,418.4576486211673,314.4562707379127,1.1520427729972766,0.0,10kV
TMP00045551,00000#-亮败列18#,交流线段,419.6096913941646,314.4562707379127,1.15232796739582,0.0,10kV
TMP00045550,00000#-亮败列19#,交流线段,420.7620193615604,314.4562707379127,1.1523636166956521,0.0,10kV
TMP00045549,00000#-亮败列22#,交流线段,424.86258007340626,314.4562707379127,1.1521853701965483,0.0,10kV
TMP00045548,00000#-亮败支25#,交流线段,429.2848757161316,314.4562707379127,1.1523636166956521,0.0,10kV
TMP00045547,00000#-亮败支26#,交流线段,430.43723933282723,314.4562707379127,1.1522210194963804,0.0,10kV
TMP00045546,00000#-亮败支27#,交流线段,431.5894603523236,314.4562707379127,1.15232796739582,0.0,10kV
TMP00045545,00000#-亮败支32#,交流线段,449.0628577114117,314.4562707379127,1.1522210194963236,0.0,10kV
TMP00045544,00000#-亮败支33#,交流线段,450.21507873090803,314.4562707379127,1.1523636166956521,0.0,10kV
TMP00045543,TMP00131599如败支4#,交流线段,382.87929090737225,297.80334201419197,1.1521853701965483,0.0,10kV
TMP00045542,TMP00131599如败支5#,交流线段,384.0314762775688,297.80334201419197,1.1521853701965483,0.0,10kV
TMP00045541,TMP00131599如败支6#,交流线段,385.18366164776535,297.80334201419197,1.1523636166956521,0.0,10kV
TMP00045540,TMP00131599如败支7#,交流线段,386.336025264461,297.80334201419197,1.1522210194963236,0.0,10kV
TMP00045539,TMP00131599如败支8#,交流线段,387.4882462839573,297.80334201419197,1.1523279673958768,0.0,10kV
TMP00045538,TMP00131599如败支9#,交流线段,388.6405742513532,297.80334201419197,1.1521853701965483,0.0,10kV
TMP00045537,TMP00131599如败支10#,交流线段,389.79275962154975,297.80334201419197,1.1522210194963236,0.0,10kV
TMP00045536,00000#-如败支12#,交流线段,392.0971660112426,297.80334201419197,1.1523636166956521,0.0,10kV
TMP00045535,00000#-如败支13#,交流线段,393.2495296279383,297.80334201419197,1.1521853701965483,0.0,10kV
TMP00045534,00000#-如败支14#,交流线段,394.4017149981348,297.80334201419197,1.1523636166956521,0.0,10kV
TMP00045533,00000#-如败支15#,交流线段,395.5540786148305,297.80334201419197,1.1523279673958768,0.0,10kV
TMP00045532,00000#-如败支16#,交流线段,396.70640658222635,297.80334201419197,1.1520427729972198,0.0,10kV
TMP00045531,00000#-如败支17#,交流线段,397.85844935522357,297.80334201419197,1.1523992659954843,0.0,10kV
TMP00045530,00000#-如败支18#,交流线段,399.01084862121905,297.80334201419197,1.1521853701965483,0.0,10kV
TMP00045529,00000#-如败支19#,交流线段,400.1630339914156,297.80334201419197,1.15232796739582,0.0,10kV
TMP00045528,00000#-如败支20#,交流线段,401.3153619588114,297.80334201419197,1.1521853701965483,0.0,10kV
TMP00045527,00000#-如败支21#,交流线段,402.46754732900797,297.80334201419197,1.1523992659954843,0.0,10kV
TMP00045526,00000#-如败支23#,交流线段,404.7721319652,297.80334201419197,1.1521853701965483,0.0,10kV
TMP00045525,TMP00131599从地支3#,交流线段,364.10194910875197,289.1967811036424,1.1522210194963804,0.0,10kV
TMP00045524,00000#-从地支12#,交流线段,340.21353154557573,289.1967811036424,1.1522210194963804,0.0,10kV
TMP00045523,00000#-从地支15#,交流线段,336.1130064830297,289.1967811036424,1.1521853701965483,0.0,10kV
TMP00045522,00000#-从地支16#,交流线段,334.96078546353334,289.1967811036424,1.1522210194963804,0.0,10kV
TMP00045521,00000#-从地支17#,交流线段,333.8084574961375,289.1967811036424,1.15232796739582,0.0,10kV
TMP00045520,00000#-从地支18#,交流线段,332.656272125941,289.1967811036424,1.1521853701965483,0.0,10kV
TMP00045519,00000#-从地支19#,交流线段,331.4782410133746,289.1967811036424,1.178031112566373,0.0036718778814588404,10kV
TMP00045518,00000#-从地支20#,交流线段,330.35168748974894,289.1967811036424,1.1265535236256596,0.0036718778814588404,10kV
TMP00045517,00000#-从地支21#,交流线段,329.1995021195524,289.1967811036424,1.1521853701965483,0.0,10kV
TMP00045516,00000#~从地支22#,交流线段,327.9734870494277,289.1967632789925,1.2260150701246744,1.7824649944486737e-05,10kV
TMP00045515,00000#~从地支23#,交流线段,326.86415213761535,289.1967632789925,1.1093349118123683,1.7824649944486737e-05,10kV
TMP00045514,00000#~从地支24#,交流线段,325.7427321131638,289.1967811036424,1.1214200244515382,0.0,10kV
TMP00045513,00000#-从地支27#,交流线段,321.6422070506178,289.1967811036424,1.15232796739582,0.0,10kV
TMP00045512,00000#-从地支28#,交流线段,320.48984343392215,289.1967811036424,1.1523636166956521,0.0,10kV
TMP00045511,00000#-从地支29#,交流线段,319.33780066092487,289.1967811036424,1.1520427729972766,0.0,10kV
TMP00045510,00000#-从地支30#,交流线段,318.18547269352905,289.1967811036424,1.15232796739582,0.0,10kV
TMP00045509,00000#-从地支31#,交流线段,317.0331090768334,289.1967811036424,1.1523636166956521,0.0,10kV
TMP00045508,00000#-从地支32#,交流线段,315.880888057337,289.1967811036424,1.1522210194963804,0.0,10kV
TMP00045507,00000#-从地支33#,交流线段,314.7285600899412,289.1967811036424,1.15232796739582,0.0,10kV
TMP00045506,00000#-从地支34#,交流线段,313.57637471974465,289.1967811036424,1.1521853701965483,0.0,10kV
TMP00045505,00000#-从地支35#,交流线段,312.42415370024827,289.1967811036424,1.1522210194963804,0.0,10kV
TMP00045504,00000#-从地支38#,交流线段,301.88654151702525,289.1967811036424,1.1520784222971088,0.0,10kV
TMP00045503,00000#-从地支39#,交流线段,300.73421354962943,289.1967811036424,1.15232796739582,0.0,10kV
TMP00045502,00000#-从地支40#,交流线段,299.2601150020543,289.1967811036424,1.4740985475751245,0.0,10kV
TMP00045501,00000#-从地支45#,交流线段,293.17691848069484,289.1967811036424,1.15232796739582,0.0,10kV
TMP00045500,TMP00131368白1#-LINE216_争126白2#,交流线段,373.99908597140103,251.18553692360155,0.0,1.1522566687961842,10kV
TMP00045499,TMP00131368白2#-LINE216_争106白3#,交流线段,426.3334701839975,245.5015412616313,0.0,1.1522388441462965,10kV
TMP00045498,TMP00131374照1#-LINE216_争102照2#,交流线段,430.9425681577819,254.6423069299901,0.0,1.1522388441462965,10kV
TMP00045497,TMP00131374照2#-LINE216_争102照3#,交流线段,430.9425681577819,255.7945457741364,0.0,1.152238844146268,10kV
TMP00045496,TMP00131599民厂分3#,交流线段,446.2759023993493,256.7601605337227,0.0,1.1522210194963804,10kV
TMP00045495,TMP00131599民厂分4#,交流线段,446.2759023993493,257.91238155321906,0.0,1.1523101427458755,10kV
TMP00045494,TMP00131599民厂分5#,交流线段,446.2759023993493,259.06469169596494,0.0,1.152238844146325,10kV
TMP00045493,TMP00131599民厂分6#,交流线段,446.2759023993493,260.21693054011126,0.0,1.1522744934461002,10kV
TMP00045492,TMP00131599民厂分7#,交流线段,446.2759023993493,261.36920503355736,0.0,1.152238844146268,10kV
TMP00045491,TMP00131599民厂分8#,交流线段,446.2759023993493,262.52144387770363,0.0,1.1522566687961557,10kV
TMP00045490,TMP00131599民厂分9#,交流线段,446.2759023993493,263.6737005464998,0.0,1.1522210194963804,10kV
TMP00045489,TMP00131599民厂分10#,交流线段,446.2759023993493,264.82592156599617,0.0,1.1522744934461002,10kV
TMP00045488,00000#-民厂分11#,交流线段,446.2759023993493,265.97819605944227,0.0,1.1522210194963804,10kV
TMP00045487,00000照1#-LINE216_争79照2#,交流线段,474.8247885773512,254.6423069299901,0.0,1.1522388441462965,10kV
TMP00045486,00000照2#-LINE216_争79照3#,交流线段,474.8247885773512,255.7945457741364,0.0,1.152238844146268,10kV
TMP00045485,TMP00131599奇广分3#,交流线段,535.8516128637647,121.12814818786366,0.0,1.1522566687961842,10kV
TMP00045484,TMP00131599奇广分4#,交流线段,535.8516128637647,119.97589151906746,0.0,1.1522566687961984,10kV
TMP00045483,TMP00131599奇广分5#,交流线段,535.8516128637647,118.82363485027128,0.0,1.1522566687961842,10kV
TMP00045482,00000#-奇广分12#,交流线段,532.3950211038751,114.21459035043661,1.1521853701965483,0.0,10kV
TMP00045481,00000#-奇广分13#,交流线段,531.2426574871795,114.21459035043661,1.1523636166956521,0.0,10kV
TMP00045480,00000#-奇广分14#,交流线段,530.0904364676832,114.21459035043661,1.1522210194963236,0.0,10kV
TMP00045479,00000#-奇广分15#,交流线段,528.9382510974866,114.21459035043661,1.1521853701965483,0.0,10kV
TMP00045478,00000#-奇广分16#,交流线段,527.7857805328915,114.21459035043661,1.1524705645950917,0.0,10kV
TMP00045477,00000#-奇广分17#,交流线段,526.6337021105944,114.21459035043661,1.1520784222971088,0.0,10kV
TMP00045476,00000#-奇广分18#,交流线段,525.481302844599,114.21459035043661,1.1523992659954274,0.0,10kV
TMP00045475,00000#-奇广分19#,交流线段,524.3292957209015,114.21459035043661,1.1520071236974445,0.0,10kV
TMP00045474,00000#-奇广分20#,交流线段,523.1769321042059,114.21459035043661,1.1523636166956521,0.0,10kV
TMP00045473,00000#-奇广分24#,交流线段,520.8725257145129,111.91007701284423,0.0,1.1522744934461002,10kV
TMP00045472,00000#-奇广分25#,交流线段,520.8725257145129,110.75782034404804,0.0,1.1522566687961842,10kV
TMP00045471,00000#-奇广分26#,交流线段,520.8725257145129,109.60556367525186,0.0,1.1522566687961842,10kV
TMP00045470,00000#-约叫败分4#,交流线段,487.74020905859743,135.8178075841982,0.0,1.1522566687961842,10kV
TMP00045469,00000#-约叫败分5#,交流线段,487.74020905859743,136.97006425299438,0.0,1.1522744934461002,10kV
TMP00045468,00000#-约叫败分6#,交流线段,487.74020905859743,138.12233874644048,0.0,1.1522566687961842,10kV
TMP00045467,00000#-约叫败分7#,交流线段,487.74020905859743,139.27459541523666,0.0,1.1522210194963804,10kV
TMP00045466,00000#-约叫败分8#,交流线段,487.74020905859743,140.42681643473304,0.0,1.1522744934461002,10kV
TMP00045465,00000#-约叫败分9#,交流线段,487.74020905859743,141.57909092817914,0.0,1.1522566687961842,10kV
TMP00045464,00000#-约叫败分10#,交流线段,487.74020905859743,142.73134759697533,0.0,1.1522744934461002,10kV
TMP00045463,TMP00132954#-约叫败分11#,交流线段,487.74020905859743,143.88362209042143,0.0,1.152238844146268,10kV
TMP00045462,TMP00131370#-约叫败分12#,交流线段,487.74020905859743,145.0358609345677,0.0,1.1522566687961842,10kV
TMP00045461,TMP00131374#-约叫败分13#,交流线段,487.74020905859743,146.18811760336388,0.0,1.1522744934461002,10kV
TMP00045460,TMP00131373#-约叫败分14#,交流线段,487.74020905859743,147.34039209680998,0.0,1.1522210194963804,10kV
TMP00045459,TMP00131371#-约叫败分15#,交流线段,487.74020905859743,148.49261311630636,0.0,1.1522744934461002,10kV
TMP00045458,TMP00131372#-约叫败分16#,交流线段,487.74020905859743,149.64488760975246,0.0,1.1522923180960163,10kV
TMP00045457,TMP00131368#-约叫败分17#,交流线段,487.74020905859743,150.79717992784848,0.0,1.474062898275264,10kV
TMP00045456,TMP00132366#-约叫败分19#,交流线段,487.74020905859743,157.92955316757335,0.0,1.1522388441462965,10kV
TMP00045455,TMP00132978#-约叫败分20#,交流线段,487.74020905859743,159.08179201171964,0.0,1.1522744934461002,10kV
TMP00045454,TMP00132954#-约叫败分21#,交流线段,487.74020905859743,160.23406650516574,0.0,1.1522566687961842,10kV
TMP00045453,TMP00132954#-约叫败分31#,交流线段,506.5786537571099,163.5041946023444,1.4740985475751245,0.0,10kV
TMP00045452,TMP00131374#-约叫败分33#,交流线段,509.5269934494594,163.5041946023444,1.1521853701965483,0.0,10kV
TMP00045451,TMP00131371#-约叫败分35#,交流线段,511.83125724195304,163.5041946023444,1.1523279673957632,0.0,10kV
TMP00045450,TMP00131372#-约叫败分36#,交流线段,512.9835852093488,163.5041946023444,1.1521853701965483,0.0,10kV
TMP00045449,TMP00131368#-约叫败分37#,交流线段,514.1357705795454,163.5041946023444,1.1523636166956521,0.0,10kV
TMP00045448,00000白2#-LINE216_争25白3#,交流线段,471.1387579238174,121.01550531275602,0.0,1.1522566687961984,10kV
TMP00045447,00000#-LINE216_争41#,交流线段,550.6130966869124,253.490032436544,1.1521853701965483,0.0,10kV
TMP00045446,00000#-LINE216_争42#,交流线段,549.4605904730175,253.490032436544,1.152506213894867,0.0,10kV
TMP00045445,00000#-LINE216_争43#,交流线段,548.3085833493201,253.490032436544,1.1520071236974445,0.0,10kV
TMP00045444,00000#-LINE216_争44#,交流线段,547.156504927023,253.490032436544,1.1520784222971088,0.0,10kV
TMP00045443,00000#-LINE216_争45#,交流线段,546.003998713128,253.490032436544,1.1525062138949806,0.0,10kV
TMP00045442,TMP00131599便败分2#,交流线段,519.4377839939397,251.18553692360155,0.0,1.1522566687961842,10kV
TMP00045441,TMP00131599便败分3#,交流线段,519.4377839939397,250.03329807945528,0.0,1.152238844146268,10kV
TMP00045440,TMP00131599便败分4#,交流线段,519.4377839939397,248.88105923530898,0.0,1.1522388441462965,10kV
TMP00045439,TMP00131599便败分5#,交流线段,519.4377839939397,247.7288203911627,0.0,1.152238844146268,10kV
TMP00045438,TMP00131599便败分6#,交流线段,519.4377839939397,246.57651024841678,0.0,1.1523101427459324,10kV
TMP00045437,00000#-LINE216_争70#,交流线段,497.5642292073147,253.490032436544,3.083307941469684,0.0,10kV
TMP00045436,00000白1#-饭想分18白2#,交流线段,521.285273307834,296.1879296421286,0.0,1.1522923180960447,10kV
TMP00045435,00000白2#-饭想分18白3#,交流线段,521.285273307834,295.03567297333245,0.0,1.1522566687961557,10kV
TMP00045434,00000白3#-饭想分18白4#,交流线段,521.285273307834,293.8834519538361,0.0,1.1522210194963804,10kV
TMP00045433,00000#-饭想分29#,交流线段,555.0676549459752,298.49244297972103,1.1522923180961016,0.0,10kV
TMP00045432,00000#-饭想分30#,交流线段,556.2199472640713,298.49244297972103,1.152114071596884,0.0,10kV
TMP00045431,00000#-饭想分46#,交流线段,583.3462481327385,298.49244297972103,1.1521853701965483,0.0,10kV
TMP00045430,00000#-饭想分47#,交流线段,584.4984335029351,298.49244297972103,1.1521853701965483,0.0,10kV
TMP00045429,TMP00131599饭陈支7#,交流线段,537.8223418071383,306.0497380486556,0.0,1.1522210194963236,10kV
TMP00045428,TMP00131599饭陈支8#,交流线段,537.8223418071383,307.20195906815195,0.0,1.1522566687962126,10kV
TMP00045427,TMP00131599饭陈支9#,交流线段,537.8223418071383,308.35421573694816,0.0,1.1522566687962126,10kV
TMP00045426,TMP00131599饭陈支10#,交流线段,537.8223418071383,309.5064724057444,0.0,1.1522566687961557,10kV
TMP00045425,00000#-饭陈支11#,交流线段,537.8223418071383,310.65872907454053,0.0,1.1522210194963804,10kV
TMP00045424,00000#-饭陈支12#,交流线段,537.8223418071383,311.8109500940369,0.0,1.1522923180959879,10kV
TMP00045423,00000#-饭陈支13#,交流线段,537.8223418071383,312.9632424121329,0.0,1.1522210194963804,10kV
TMP00045422,00000#-饭陈支14#,交流线段,537.8223418071383,314.1154634316293,0.0,1.1522923180960447,10kV
TMP00045421,00000#-饭陈支15#,交流线段,537.8223418071383,315.2677557497253,0.0,1.1522923180959879,10kV
TMP00045420,00000#-饭陈支16#,交流线段,537.8223418071383,316.4200480678213,0.0,1.1522566687962126,10kV
TMP00045419,00000#-饭陈支17#,交流线段,537.8223418071383,317.5723047366175,0.0,1.1522210194963236,10kV
TMP00045418,00000#-饭陈支18#,交流线段,537.8223418071383,318.72452575611385,0.0,1.15232796739582,10kV
TMP00045417,00000#-饭陈支19#,交流线段,537.8223418071383,319.87685372350967,0.0,1.1521853701965483,10kV
TMP00045416,00000#-LINE216_争81#,交流线段,472.5203821876583,253.490032436544,1.1522210194963804,0.0,10kV
TMP00045415,00000#-LINE216_争82#,交流线段,471.3679116230632,253.490032436544,1.1524705645950917,0.0,10kV
TMP00045414,00000#-LINE216_争83#,交流线段,470.2156906035668,253.490032436544,1.1522210194963804,0.0,10kV
TMP00045413,00000#-LINE216_争84#,交流线段,469.0635052333703,253.490032436544,1.1521853701965483,0.0,10kV
TMP00045412,00000#-LINE216_争85#,交流线段,467.91131986317373,253.490032436544,1.1521853701965483,0.0,10kV
TMP00045411,00000#-LINE216_争86#,交流线段,466.7589562464781,253.490032436544,1.1523636166956521,0.0,10kV
TMP00045410,00000#-LINE216_争96#,交流线段,443.9713534124571,253.490032436544,1.1522210194963804,0.0,10kV
TMP00045409,00000#-LINE216_争97#,交流线段,442.81916804226057,253.490032436544,1.1521853701965483,0.0,10kV
TMP00045408,00000#-LINE216_争98#,交流线段,441.6668044255649,253.490032436544,1.1523636166956521,0.0,10kV
TMP00045407,00000#-LINE216_争99#,交流线段,434.39919556697123,253.490032436544,7.2676088585936895,0.0,10kV
TMP00045406,TMP00131366#-LINE216_争108#,交流线段,417.591905375028,253.490032436544,1.1522210194963804,0.0,10kV
TMP00045405,TMP00132366#-LINE216_争109#,交流线段,416.43939916113305,253.490032436544,1.1525062138949238,0.0,10kV
TMP00045404,TMP00131373#-LINE216_争144#,交流线段,222.9278698758328,253.490032436544,1.15232796739582,0.0,10kV
TMP00045403,TMP00131371#-LINE216_争145#,交流线段,221.77564885633643,253.490032436544,1.1522210194963804,0.0,10kV
TMP00045402,TMP00131368照1#-LINE216_争146照2#,交流线段,203.56481008116276,251.18553692360155,0.0,1.1522566687961842,10kV
TMP00045401,TMP00131366#-LINE216_争148#,交流线段,200.938347916892,253.490032436544,1.1523636166956521,0.0,10kV
TMP00045400,00000#-界著支13#,交流线段,118.3879469325158,253.490032436544,1.1522031948464644,0.0,10kV
TMP00045399,00000#-界著支14#,交流线段,117.23560114047007,253.490032436544,1.152345792045736,0.0,10kV
TMP00045398,00000#-界著支15#,交流线段,116.0833979456236,253.490032436544,1.1522031948464644,0.0,10kV
TMP00045397,00000#-界著支16#,交流线段,114.93105215357787,253.490032436544,1.152345792045736,0.0,10kV
TMP00045396,00000白1#~清开分18白2#,交流线段,175.79471850703817,182.6487420137651,0.0,1.474187670824648,10kV
TMP00045395,TMP00131599多列分2#,交流线段,225.5541894429043,247.82854930741038,0.0,1.1522744934461002,10kV
TMP00045394,TMP00131599多列分3#,交流线段,225.5541894429043,246.676328287914,0.0,1.1522210194963804,10kV
TMP00045393,00000照1#-多列分10照2#,交流线段,223.24978305321136,238.61047813239097,1.1521853701965483,0.0,10kV
TMP00045392,00000照2#-多列分10照3#,交流线段,222.0974194365157,238.61047813239097,1.1523636166956521,0.0,10kV
TMP00045391,TMP00131599能半分3#,交流线段,372.20307424644733,260.3398849751919,0.0,1.1522210194963804,10kV
TMP00045390,TMP00131599能半分4#,交流线段,372.20307424644733,261.4921059946883,0.0,1.1523101427459324,10kV
TMP00045389,TMP00131599能半分5#,交流线段,372.20307424644733,262.64441613743423,0.0,1.152238844146268,10kV
TMP00045388,00000#~能半分21#,交流线段,372.20307424644733,284.2659125496787,0.0,1.1522210194963804,10kV
TMP00045387,00000#~能半分22#,交流线段,372.20307424644733,285.4181335691751,0.0,1.1522923180959879,10kV
TMP00045386,00000#~能半分23#,交流线段,372.20307424644733,286.5704258872711,0.0,1.1522566687962126,10kV
TMP00045385,00000#~能半分24#,交流线段,372.20307424644733,287.7226825560673,0.0,1.4740985475751245,10kV
TMP00045384,TMP00131599亮败支9#,交流线段,409.2394170242987,314.4562707379127,1.1525062138949238,0.0,10kV
TMP00045383,TMP00131599亮败支10#,交流线段,410.3919232381936,314.4562707379127,1.1520427729972766,0.0,10kV
TMP00045382,00000#-亮败支11#,交流线段,411.5439660111909,314.4562707379127,1.1521853701965483,0.0,10kV
TMP00045381,00000#-亮败支12#,交流线段,412.69615138138744,314.4562707379127,1.1523636166956521,0.0,10kV
TMP00045380,00000#-亮败支13#,交流线段,413.8485149980831,314.4562707379127,1.1523636166956521,0.0,10kV
TMP00045379,00000#-亮败支14#,交流线段,415.00087861477874,314.4562707379127,1.1521853701965483,0.0,10kV
TMP00045378,00000#-亮败支15#,交流线段,416.1530639849753,314.4562707379127,1.1521853701965483,0.0,10kV
TMP00045377,TMP00131599从地支5#,交流线段,361.7974357711596,289.1967811036424,1.15232796739582,0.0,10kV
TMP00045376,TMP00131599从地支6#,交流线段,360.6452147516632,289.1967811036424,1.1522210194963804,0.0,10kV
TMP00045375,TMP00131599从地支7#,交流线段,359.4928867842674,289.1967811036424,1.15232796739582,0.0,10kV
TMP00045374,TMP00131599从地支8#,交流线段,358.340665764771,289.1967811036424,1.1522210194963804,0.0,10kV
TMP00045373,00000#-从地支42#,交流线段,296.6338310842827,289.1967811036424,1.1520427729972766,0.0,10kV
TMP00045372,00000#-从地支43#,交流线段,295.4814318182872,289.1967811036424,1.1523992659954843,0.0,10kV
TMP00045371,TMP00131599奇广分8#,交流线段,535.8516128637647,115.36682919458289,0.0,1.1522744934461002,10kV
TMP00045370,TMP00131599奇广分9#,交流线段,535.8516128637647,114.21459035043661,0.0,1.1522388441462823,10kV
TMP00045369,TMP00131370#-奇广分6白2#,交流线段,537.0039051818607,117.67136035682518,1.1522566687962126,0.0,10kV
TMP00045368,00000#-奇广分22#,交流线段,520.8725257145129,114.21459035043661,1.1520784222971088,0.0,10kV
TMP00045367,00000终端头510724~站外-电缆终端头510725,交流线段,544.030952565266,117.67136035682518,17.45100959880085,0.0,10kV
TMP00045366,00000照1#~LINE216_争68照2#,交流线段,500.89455114724024,250.69257840568454,0.9053139689399927,1.6452151867131874,10kV
TMP00045365,TMP00132954白1#SUB011_-LINE216_争140白3#,交流线段,230.23686757151805,260.9207368418162,0.04513201357269736,2.6035396644862203,10kV
TMP00045364,00000#~清开分17#,交流线段,175.91720950122118,195.57467903845833,0.0,7.58945073737263,10kV
TMP00045363,00000#~清开分17照1#,交流线段,164.46850816248724,195.57467903845833,11.44870133873394,0.09915852745055531,10kV
TMP00045362,00000#~清开分18#,交流线段,175.91720950122118,194.13868959239127,0.0,1.4359894460670546,10kV
TMP00045361,00000#~清开分18白1#,交流线段,175.79471850703817,184.12292968458974,0.12249099418301057,10.015759907801538,10kV
TMP00045360,00000#~清开分19#,交流线段,175.91720950122118,194.13868959239127,2.2518593217575926,0.022209513788141066,10kV
TMP00045359,TMP00131370#~亮败支1照2#,交流线段,390.4834648055707,311.79287589902793,0.06876749935366888,1.5111381700885431,10kV
TMP00045358,TMP00131374#~亮败支1照3#,交流线段,390.4834648055707,310.1344704713812,0.03917858050266432,1.6584054276467555,10kV
TMP00045357,00000终端头988007~站外-电缆终端头968584,交流线段,87.73914766091599,256.0626819827358,0.0,1.7218077073774225,10kV
TMP00045356,00000终端头904264~站外-电缆终端头937206,交流线段,486.09980652736,177.75002912823945,0.0,7.015104867965562,10kV
TMP00045355,TMP00131368照4#~LINE216_争146照5#,交流线段,203.56481008116276,245.176009680321,0.0,3.705049554987994,10kV
TMP00045354,TMP00131368照5#~LINE216_争146照6#,交流线段,203.56481008116276,241.61346820136518,0.0,3.562541478955808,10kV
TMP00045353,00000照1#~LINE216_争38照2#,交流线段,554.7203238178247,255.27051889142587,0.0,1.9655597948996615,10kV
TMP00045352,00000照2#~LINE216_争38照3#,交流线段,554.7203238178247,257.2360786863255,0.0,1.773873509765167,10kV
TMP00045351,00000照3#~LINE216_争38照4#,交流线段,554.7203238178247,259.0099521960907,0.0,1.5930959103757232,10kV
TMP00045350,00000照4#~LINE216_争38照5#,交流线段,554.7203238178247,260.6030481064664,0.0,1.5302461947922552,10kV
TMP00045349,00000照5#~LINE216_争38照5-1#,交流线段,554.7203238178247,262.1332943012587,0.0,1.5649507881674936,10kV
TMP00045348,00000#~LINE216_争38照1#,交流线段,554.7134791522592,253.490032436544,0.006844665565495234,1.780486454881867,10kV
TMP00045347,00000#~LINE216_争40照1#,交流线段,551.7534108402688,253.490032436544,0.011871216840177112,1.6407590242356491,10kV
TMP00045346,00000照1#~LINE216_争40照1-1#,交流线段,551.7534108402688,255.13079146077965,0.0,1.516307318562525,10kV
TMP00045345,00000终端头510994-站外-电缆终端头510995,交流线段,43.4554091774691,252.84314024200233,13.436238926972898,0.5624033539672268,10kV
TMP00045344,TMP00131373#~LINE367_争132#,交流线段,413.3364841047622,127.97457839372882,0.8042125546492116,0.0031727876840079716,10kV
TMP00045343,TMP00131368#-LINE367_争130#数线,交流线段,403.14092695331624,127.97775118141283,2.772018255437615,0.12192951771086769,10kV
TMP00045342,TMP00131370#~LINE367_争130#,交流线段,405.91294520875385,127.97775118141283,2.937823148902453,0.0,10kV
TMP00045341,TMP00131371#-LINE367_争140#,交流线段,408.8507683576563,127.97775118141283,1.8270622650972541,0.0,10kV
TMP00045340,00000白1#-LINE216_争11白2#数线,交流线段,439.3689931563388,99.89471222881451,5.0416309285058105,0.0031371383842042633,10kV
TMP00045339,TMP00131371#~LINE367_争133#,交流线段,417.5892316775415,128.02513801319915,2.9164335690101666,0.0031371383842042633,10kV
TMP00045338,00000#~清叫支1#,交流线段,432.70503389160456,98.70252834421944,0.0,1.3034988232843858,10kV
TMP00045337,00000#-LINE216_争11白1#数线,交流线段,432.70503389160456,100.00602716750383,3.3261509718464595,0.0,10kV
TMP00045336,00000#-LINE216_争11#,交流线段,430.8332674045325,100.00600934285393,1.8717664870720796,1.7824649901854173e-05,10kV
TMP00045335,00000#~LINE367_争134#,交流线段,423.86586129972665,128.02681353029072,8.839208241177744,8.912324943821659e-06,10kV
TMP00045334,00000#~LINE216_争14#,交流线段,432.7050695409044,128.02682244261567,7.2441159700120465,0.0,10kV
TMP00045333,00000#~LINE216_争13#,交流线段,432.7050695409044,114.97669216967297,0.0,13.050130272942695,10kV
TMP00045332,00000#~LINE216_争12#,交流线段,432.70503389160456,100.00602716750383,3.5649299832130055e-05,14.970665002169142,10kV
TMP00045331,00000~LINE216_争9-1#,交流线段,427.3487622428836,99.98621506912863,1.340378023948631,0.018047458034089914,10kV
TMP00045330,TMP00131370#~LINE216_争10#,交流线段,428.6891402668322,99.98621506912863,2.144127137700252,0.019794273725295852,10kV
TMP00045329,00000#~LINE216_争57#,交流线段,521.2337957188932,253.490032436544,5.336450638020779,0.0,10kV
TMP00045328,TMP00131373#~LINE216_争134#,交流线段,264.248224662406,253.490032436544,79.68591735752938,0.0,10kV
TMP00045327,00000#~LINE216_争58照1#,交流线段,519.429370759182,253.490032436544,0.008413234757654209,2.1460878491903657,10kV
TMP00045326,00000照1#~LINE216_争58照2#,交流线段,519.429370759182,255.63612028573436,0.012940695834799953,2.3742433680411636,10kV
TMP00045325,00000照2#~LINE216_争58照3#,交流线段,519.4423114550168,258.0103636537755,0.01611348351889319,2.5254855225293795,10kV
TMP00045324,TMP00131366#~LINE216_争137照1#,交流线段,244.69850513387613,253.490032436544,0.0,1.7562092817041446,10kV
TMP00045323,TMP00131366照1#~LINE216_争137照2#,交流线段,244.69850513387613,255.24624171824814,0.0,1.9144386989571558,10kV
TMP00045322,TMP00131366照2#~LINE216_争137照3#,交流线段,244.69850513387613,257.1606804172053,0.0,1.9144386989571558,10kV
TMP00045321,TMP00131366照3#~LINE216_争137照4#,交流线段,244.69850513387613,259.07511911616245,0.0,1.730345714684404,10kV
TMP00045320,TMP00131366照4#~LINE216_争137照4-1#,交流线段,244.69850513387613,260.80546483084686,0.0,1.5830962817760792,10kV
TMP00045319,TMP00132954照2#~LINE216_争140照2-1#,交流线段,230.1117385291483,250.21997563796498,2.018802024181497,0.06231497608612813,10kV
TMP00045318,TMP00131599能半分2#,交流线段,372.20307424644733,258.0549252785511,0.015400497522477963,2.28495969664084,10kV
TMP00045317,00000~能半分6#,交流线段,372.20307424644733,263.7966549815805,0.0,1.8950989538045633,10kV
TMP00045316,00000#~能半分14白1#,交流线段,372.20307424644733,276.5191236275486,2.3045489868922004,0.007022912064599041,10kV
TMP00045315,00000#~能半分15#,交流线段,372.20307424644733,276.5191236275486,0.0,1.452245526785191,10kV
TMP00045314,00000#~能半分16#,交流线段,372.20307424644733,277.9713691543338,0.0,1.3092740098553008,10kV
TMP00045313,00000#~能半分18#,交流线段,372.20307424644733,280.4329354822851,0.0,1.2211845899990408,10kV
TMP00045312,00000#~能半分19#,交流线段,372.20307424644733,281.6541200722841,0.0,1.459571457898221,10kV
TMP00045311,00000白1#~能半分19白2#,交流线段,373.3552952659437,283.11369153018234,1.8463128870002947,0.009607486301661083,10kV
TMP00045310,00000白2#~能半分19白3#,交流线段,375.201608152944,283.123299016484,1.5494611673955205,0.008056741759389752,10kV
TMP00045309,00000#~从地支19白1#,交流线段,331.4567444855829,287.0436346930876,0.02149652779172584,2.156818288436284,10kV
TMP00045308,00000白1#~从地支19白2#,交流线段,331.45670883628304,284.53051947759593,3.5649299832130055e-05,2.5131152154916663,10kV
TMP00045307,00000白2#~从地支19白3#,交流线段,331.45670883628304,282.43617658709496,0.0,2.0943428905009682,10kV
TMP00045306,00000#~从地支22照1#,交流线段,327.9734870494277,289.1967632789925,0.0,1.7423595287239095,10kV
TMP00045305,00000照1#~从地支22照2#,交流线段,327.9734870494277,290.9391228077164,0.0,1.8189164000882556,10kV
TMP00045304,00000照2#~从地支22照3#,交流线段,327.9734870494277,292.75803920780464,0.0,1.2126109333922273,10kV
TMP00045303,00000~如败支2照1#,交流线段,381.68575234938396,295.5611614773356,0.04117494129263832,2.242180536856381,10kV
TMP00045302,00000#~能半分29#,交流线段,372.188850175819,304.5362470247789,0.014224070628301888,4.90552190179136,10kV
TMP00045301,00000#~能半分41#,交流线段,372.192022963503,329.2415682933405,0.0,1.331608296192826,10kV
TMP00045300,00000#-能半分38#,交流线段,372.1790466183684,323.63243616099317,0.02431282247755462,2.649135118956565,10kV
TMP00045299,00000照3#~从地支22照4#,交流线段,327.9734870494277,293.97065014119687,0.0,1.7516818206269136,10kV
TMP00045298,00000照4#~从地支22照5#,交流线段,327.9734870494277,295.7223319618238,0.0,2.0162887485441843,10kV
TMP00045297,00000照5#~从地支22照6#,交流线段,327.9734870494277,297.73862071036797,0.0,2.1955156033913568,10kV
TMP00045296,00000照6#~从地支22照7#,交流线段,327.9734870494277,299.9341363137593,0.0,1.478590359352495,10kV
TMP00045295,00000照7#~从地支22照8#,交流线段,327.9734870494277,301.4127266731118,0.0,1.8818908882210508,10kV
TMP00045294,00000照8#~从地支22照9#,交流线段,327.9734870494277,303.29461756133287,0.0,1.43377918947823,10kV
TMP00045293,00000照9#~从地支22照10#,交流线段,327.9734870494277,304.7283967508111,0.0,2.0610999184183925,10kV
TMP00045292,00000~清叫支2#,交流线段,432.705140839504,93.82097168423239,0.08830331565525285,2.1815232532118642,10kV
TMP00045291,00000#-著败支16#,交流线段,634.1301016989449,298.4660090239042,5.978387579887453,0.025221879622961296,10kV
TMP00045290,00000争129#（57503）SUB011_断路器~LINE367_争129-1#,交流线段,400.6192024319179,128.0343800941776,2.521724521398312,0.06530060494608847,10kV
TMP00048670,开关03300,断路器,387.97496617440584,107.04376042853042,1.5799415457833752,0.24450231239825876,10kV
TMP00043924,开关00036,断路器,410.17920386616504,107.08231514628623,1.6116328955834727,0.4490121502431486,10kV
TMP00043923,开关00035,断路器,433.9681598828422,82.60590694419662,2.291480005381347,0.6384222903832937,10kV
TMP00043922,开关00034,断路器,432.79344415515925,68.2529640969911,2.291480005381347,0.6384222903832937,10kV
TMP00043921,开关00033,断路器,446.1204001535326,128.15110481411466,2.825176704636471,0.787113908162327,10kV
TMP00043920,开关00032,断路器,541.6020231713004,128.15110481411463,2.825176704636471,0.787113908162327,10kV
TMP00043919,开关00031,断路器,497.5642292073147,293.42635663153834,2.825212129822658,0.7871237778659462,10kV
TMP00043918,开关00030,断路器,497.5642292073147,299.9408383821256,2.825212129822658,0.7871237778659462,10kV
TMP00043917,开关00029,断路器,486.54036057454095,253.49003243654403,2.825212129822658,0.7871237778659462,10kV
TMP00043916,开关00028,断路器,458.15264488102724,256.4125263865237,2.825212129822658,0.7871237778659462,10kV
TMP00043915,开关00027,断路器,426.3334701839976,252.04165485878934,2.825212129822658,0.7871237778659462,10kV
TMP00043914,开关00026,断路器,353.76211924093275,253.490032436544,2.825212129822658,0.7871237778659462,10kV
TMP00043913,开关00025,断路器,166.3660847426293,253.490032436544,2.825236009022236,0.787130430777275,10kV
TMP00043912,开关00024,断路器,141.6872598161593,253.490032436544,2.825226037488347,0.7871276526384784,10kV
TMP00043911,开关00023,断路器,105.25597477951035,252.04165485878934,2.825226037488347,0.7871276526384784,10kV
TMP00043910,开关00022,断路器,65.82603997614031,253.49003243654397,2.825220002086255,0.7871259711334173,10kV
TMP00043909,开关00021,断路器,175.79471850703817,250.8894694885928,2.825236009022236,0.787130430777275,10kV
TMP00043908,开关00020,断路器,264.248224662406,258.20850246217753,2.825236009022236,0.787130430777275,10kV
TMP00043907,开关00019,断路器,264.248224662406,274.93239111719083,2.825236009022236,0.787130430777275,10kV
TMP00043906,开关00018,断路器,374.8470045676301,314.4562707379127,2.8251347192306193,0.787102210735815,10kV
TMP00043905,开关00017,断路器,375.7692519539849,297.80334201419197,2.825212129822658,0.7871237778659462,10kV
TMP00043904,开关00016,断路器,453.40825781442425,250.8894694885928,2.825212129822658,0.7871237778659462,10kV
TMP00043903,开关00015,断路器,535.8516128637647,110.32654402714536,2.825176704636471,0.787113908162327,10kV
TMP00043902,开关00014,断路器,541.0786914499363,117.67136035682518,2.825176704636471,0.787113908162327,10kV
TMP00043901,开关00013,断路器,487.74020905859743,130.75173906066553,2.825176704636471,0.787113908162327,10kV
TMP00043900,开关00012,断路器,487.74020905859743,166.74851260645306,2.825212129822658,0.7871237778659462,10kV
TMP00043899,开关00011,断路器,89.65503015651586,254.5876743780153,2.825176704636471,0.787113908162327,10kV
TMP00043898,开关00010,断路器,521.2258102757335,256.4665350757516,2.2119226470596787,0.6162570562126769,10kV
TMP00043897,开关00009,断路器,438.2065764370937,99.8947122288145,2.40460233400222,0.6699389590699186,10kV
TMP00043896,开关00008,断路器,416.43080767987635,128.02513801319913,2.3963338331373376,0.6676352971362349,10kV
TMP00043895,开关00007,断路器,426.1235671066547,100.01273814819503,2.4844189522050213,0.6921764248492464,10kV
TMP00043894,开关00006,断路器,372.2184747439698,257.27584548027517,1.6116328955834727,0.4490121502431486,10kV
TMP00043893,开关00005,断路器,372.18885017581897,303.75716722650316,1.6116328955834727,0.4490121502431486,10kV
TMP00043892,开关00004,断路器,432.70514083950394,96.78157473572008,1.6116328955834727,0.4490121502431486,10kV
TMP00314477,开关03301,断路器,399.82440129242127,128.0343800941776,1.6116328955834727,0.4490121502431486,10kV
TMP00046159,TMP00131370,接头,394.2449650268244,107.04376042853042,0.465234670602283,0.6106205050300954,10kV
TMP00046158,00000,接头,402.65192550767927,107.04376042853039,0.465234670602283,0.6106205050300954,10kV
TMP00313541,,接头,393.5148673665018,107.04376042853042,0.9205977371900081,0.20600782769070272,10kV
TMP00046157,00000终端头510346,接头,412.6410019145652,100.00706990952358,0.34116265770768694,0.44777598814204767,10kV
TMP00313555,,接头,402.1205370445558,97.71531010894199,0.8300703368056715,0.18574995354407692,10kV
TMP00313563,,接头,407.3866516140308,97.71531010894194,0.8300703368056715,0.18574995354407692,10kV
TMP00046156,00000终端头510347,接头,402.6121408890797,99.57876139683094,0.34116265770768694,0.44777598814204767,10kV
TMP00046155,00000终端头497241,接头,432.79344415515925,61.81339934997658,0.41587921759147856,0.5458414729677789,10kV
TMP00313584,,接头,432.19164832489037,45.78706945687475,1.0126313474333248,0.2266027556976192,10kV
TMP00313590,,接头,438.61636513852966,45.78706945687475,1.0126313474333248,0.2266027556976192,10kV
TMP00313598,,接头,442.6560011969825,77.50623895558323,1.0126985661296704,0.22661779763945214,10kV
TMP00313604,,接头,449.0807180106217,77.50623895558323,1.0126985661296704,0.22661779763945214,10kV
TMP00046154,00000终端头510345,接头,432.79344415515925,57.44662749172164,0.4158847042415341,0.5458486741959752,10kV
TMP00046153,00000终端头972243,接头,438.41583782703975,82.79881421784998,0.3939913273097787,0.5171136169794179,10kV
TMP00046152,00000终端头915548,接头,442.7395988050614,82.77805741302953,0.3939913273097787,0.517113616979418,10kV
TMP00046151,00000终端头905222,接头,448.8852885490061,83.4027935677328,0.39399132730977865,0.5171136169794179,10kV
TMP00313619,,接头,463.77197271312315,78.78879381522307,0.6816421568065268,0.15253526520143398,10kV
TMP00046150,00000终端头964807,接头,456.45470437987956,83.48508106404333,0.3939913273097787,0.5171136169794179,10kV
TMP00046149,00000站外-电缆终端头,接头,461.6092366409167,128.15110481411466,0.5127394236324045,0.6729704933683041,10kV
TMP00046148,00000站外-电缆终端头,接头,468.5381058526166,128.15110481411466,0.5127394236324045,0.6729704933683041,10kV
TMP00046147,00000站外-电缆终端头,接头,549.580799912012,128.15110481411466,0.5127394236324045,0.6729704933683041,10kV
TMP00046146,00000终端头449724,接头,497.5642292073147,305.09287519217526,0.5127062252219158,0.6729269204545473,10kV
TMP00046145,00000终端头449725,接头,501.7484944751389,326.8498211190875,0.5127062252219158,0.6729269204545473,10kV
TMP00046144,00000终端头510736,接头,458.15264488102724,263.8079736342735,0.5127530149279736,0.6729883319437346,10kV
TMP00046143,00000终端头510981,接头,105.25597477951032,246.0592567326721,0.5127556329234317,0.6729917680627726,10kV
TMP00046142,00000终端头510956,接头,175.79471850703817,174.38758716917573,0.5127530149279736,0.6729883319437346,10kV
TMP00046141,00000终端头510949,接头,169.33663394876697,233.70857463453137,0.5127530149279736,0.6729883319437346,10kV
TMP00046140,00000终端头510879,接头,264.2482246624061,280.91480706795795,0.5127530149279736,0.6729883319437346,10kV
TMP00046139,00000站外-电缆终端头,接头,372.2030742464474,353.6909632384911,0.5127062252219158,0.6729269204545473,10kV
TMP00046138,00000站外-电缆终端头,接头,372.20307424644733,364.3281439161126,0.5127062252219158,0.6729269204545473,10kV
TMP00046137,00000终端头510876,接头,372.2030742464473,382.2902218771393,0.5127062252219158,0.6729269204545473,10kV
TMP00046136,00000站外-电缆终端头,接头,435.34226214442106,314.4562707379127,0.5127062252219158,0.6729269204545473,10kV
TMP00046135,00000站外-电缆终端头,接头,445.63179085019374,314.45627073791263,0.5127062252219158,0.6729269204545473,10kV
TMP00046134,00000终端头510801,接头,426.3334701839975,232.09052421428137,0.5127530149279736,0.6729883319437346,10kV
TMP00046133,00000终端头510802,接头,426.3334701839975,227.28608590213088,0.5127530149279736,0.6729883319437346,10kV
TMP00046132,00000终端头510779,接头,453.505794298733,243.85158471804195,0.5127530149279736,0.6729883319437346,10kV
TMP00046131,00000终端头510685,接头,535.8516128637647,106.90694732814447,0.5127394236324045,0.6729704933683041,10kV
TMP00046130,00000终端头510803,接头,496.12941618814176,152.27124282612374,0.5127530149279736,0.6729883319437346,10kV
TMP00046129,00000终端头510692,接头,471.1449609019861,114.2283777171422,0.5127394236324045,0.6729704933683041,10kV
TMP00313805,,接头,501.00363800469074,320.1723864190211,1.2491922528869095,0.2795394470236161,10kV
TMP00314006,,接头,508.93047371556406,320.1723864190211,1.2491922528869095,0.2795394470236161,10kV
TMP00314014,,接头,461.59205367840315,275.7370314634379,1.2495237326249602,0.27961362428693176,10kV
TMP00314022,,接头,469.5188893892766,275.7370314634379,1.2495237326249602,0.27961362428693176,10kV
TMP00314028,,接头,175.04991551053968,167.35328515325688,1.2495217451661453,0.2796131795410275,10kV
TMP00314036,,接头,182.97667992281328,167.35328515325688,1.2495217451661453,0.2796131795410275,10kV
TMP00314042,,接头,267.68759781048215,296.35835111992026,1.2495366511072568,0.27961651513530933,10kV
TMP00314048,,接头,275.61446917065535,296.35835111992026,1.2495366511072568,0.27961651513530933,10kV
TMP00314056,,接头,375.642554342423,398.1905938816506,1.249177204984454,0.2795360796617697,10kV
TMP00314062,,接头,383.56931875469655,398.1905938816506,1.249177204984454,0.2795360796617697,10kV
TMP00313808,,接头,426.1792156636745,224.47692107628038,1.2495086847225048,0.2796102569250853,10kV
TMP00314073,,接头,434.105980075948,224.47692107628038,1.2495086847225048,0.2796102569250853,10kV
TMP00314081,,接头,453.50440397604007,234.8791906927351,1.2495086847225048,0.2796102569250853,10kV
TMP00314089,,接头,461.4311683883137,234.8791906927351,1.2495086847225048,0.2796102569250853,10kV
TMP00314095,,接头,524.6731332176696,275.41420922891393,1.2495238745863042,0.27961365605449634,10kV
TMP00314101,,接头,532.5999689285429,275.41420922891393,1.2495238745863042,0.27961365605449634,10kV
TMP00314109,,接头,535.815607070946,96.41572379631288,1.24945090645553,0.27959732752629757,10kV
TMP00314117,,接头,543.7423714832196,96.41572379631288,1.24945090645553,0.27959732752629757,10kV
TMP00314123,,接头,561.3820371766702,110.35008147735175,1.2494584304067575,0.27959901120722075,10kV
TMP00314131,,接头,569.3088015889439,110.35008147735175,1.2494584304067575,0.27959901120722075,10kV
TMP00314137,,接头,491.7647654632261,180.98254721410757,1.2495237326249602,0.27961362428693176,10kV
TMP00314143,,接头,499.69160117409933,180.9825472141075,1.2495237326249602,0.27961362428693176,10kV
TMP00314153,,接头,511.9468679212708,142.14947081298118,1.2495086847225048,0.2796102569250853,10kV
TMP00314158,,接头,504.02010350899724,142.14947081298118,1.2495086847225048,0.2796102569250853,10kV
TMP00314167,,接头,478.9801779123209,96.56589647180647,1.2494547394118156,0.2795981852505414,10kV
TMP00314174,,接头,471.05341350004727,96.56589647180647,1.2494547394118156,0.2795981852505414,10kV
TMP00314181,,接头,104.51118960766176,234.5771520000065,1.249503148230092,0.2796090179900663,10kV
TMP00314189,,接头,112.43795401993536,234.57715200000646,1.249503148230092,0.2796090179900663,10kV
TMP00046128,00000终端头510693,接头,471.1449609019862,108.84455807198498,0.5127394236324045,0.6729704933683041,10kV
TMP00046127,00000终端头510957,接头,174.91753183565646,172.049795210201,0.5127530149279736,0.6729883319437346,10kV
TMP00046126,00000终端头510950,接头,153.610702880602,233.06487305232366,0.5127556329234317,0.6729917680627726,10kV
TMP00046125,00000终端头604737,接头,525.4177757923189,280.8314590049778,0.5127530149279736,0.6729883319437346,10kV
TMP00046124,00000终端头510982,接头,105.25597477951032,241.25480059587176,0.5127556329234317,0.6729917680627726,10kV
TMP00046123,00000终端头510877,接头,376.3873751635714,402.7676787841962,0.5127062252219158,0.6729269204545473,10kV
TMP00046122,00000终端头510737,接头,462.336624954453,278.54614281533867,0.5127530149279736,0.6729883319437346,10kV
TMP00046121,00000终端头510804,接头,504.1118291574351,151.62754124391603,0.5127530149279736,0.6729883319437346,10kV
TMP00046120,00000终端头510725,接头,561.4819621640669,117.67136035682518,0.5127394236324045,0.6729704933683041,10kV
TMP00046119,00000终端头510761,接头,453.40825781442436,239.3525717821031,0.5127530149279736,0.6729883319437346,10kV
TMP00046118,00000终端头510880,接头,267.7791452124211,304.43614379088314,0.5127062252219158,0.6729269204545473,10kV
TMP00046117,00000终端头510702,接头,535.8516128637647,100.29276339828459,0.5127394236324045,0.6729704933683041,10kV
TMP00046116,00000终端头510724,接头,544.030952565266,117.67136035682518,0.5127394236324045,0.6729704933683041,10kV
TMP00046115,00000终端头988007,接头,87.739147660916,256.0626819827358,0.48575379487569625,0.6375518556329783,10kV
TMP00314375,,接头,87.88095166327673,264.05122663159824,0.4240111002561421,0.09488357634588009,10kV
TMP00314378,,接头,89.70615125245837,264.14537643242403,0.4240111002561421,0.09488357634588009,10kV
TMP00046114,00000终端头968584,接头,87.73914766091599,257.7844896901132,0.48575379487569625,0.6375518556329783,10kV
TMP00046113,00000终端头904264,接头,486.09980652736004,177.75002912823948,0.48575379487569625,0.6375518556329783,10kV
TMP00046112,00000终端头937206,接头,486.09980652736,184.76513399620507,0.48575379487569625,0.6375518556329783,10kV
TMP00046111,00000站外-电缆终端头,接头,556.5094908772128,128.15110481411466,0.5127394236324045,0.6729704933683041,10kV
TMP00046110,00000终端头510994,接头,56.891648104442,253.40554359596956,0.44800126988373934,0.5880016665920224,10kV
TMP00046109,00000终端头510995,接头,43.45540917746911,252.84314024200233,0.44800126988373934,0.5880016665920224,10kV
TMP00314410,,接头,50.29960238977054,241.07885347660797,1.091219585852063,0.2441889300109521,10kV
TMP00314405,,接头,43.37695843705174,241.07885347660797,1.091219585852063,0.2441889300109521,10kV
TMP00046108,00000终端头604736,接头,521.2337957188934,261.429434525604,0.5127530149279736,0.6729883319437346,10kV
TMP00046107,00000终端头928583,接头,372.1790466183684,326.28157127994973,0.465234670602283,0.6106205050300954,10kV
TMP00046106,00000终端头960422,接头,372.203359440846,323.63243616099317,0.465234670602283,0.6106205050300954,10kV
TMP00046105,00000终端头972738,接头,634.1301016989449,298.4660090239042,0.4652346706022829,0.6106205050300952,10kV
TMP00046104,00000终端头932634,接头,640.1084892788323,298.49123090352714,0.46523467060228313,0.6106205050300955,10kV
TMP00000199,站房006379,站房,380.05026942152176,105.86130880278633,2.300092824414662,2.535431677179261,10kV
TMP00000241,站房000042,站房,400.785755960679,93.46591357034579,7.935676737228732,5.265570917652795,10kV
TMP00000240,站房000041,站房,430.56721667997255,40.61077329829727,9.673615752774879,6.418763380569281,10kV
TMP00000268,站房000069,站房,441.0315695520645,72.32994279700573,9.673615752774936,6.418763380569274,10kV
TMP00000224,站房000025,站房,457.1809875651214,70.81903634736602,14.577105644476433,8.387665297327104,10kV
TMP00000234,站房000035,站房,499.00364098616456,313.7943701881466,11.926794098625862,7.913716768539302,10kV
TMP00000243,站房000044,站房,459.5920566598771,269.3590508818632,11.926794098625862,7.913734593189247,10kV
TMP00000257,站房000058,站房,173.04997196596318,160.97537587028182,11.926651501426562,7.913698943889443,10kV
TMP00000256,站房000057,站房,265.68763644125585,289.9803527136956,11.926794098625805,7.913716768539359,10kV
TMP00000255,站房000056,站房,373.64262862249643,391.8126845986755,11.92665150142659,7.913716768539359,10kV
TMP00000254,站房000055,站房,424.17928994374796,218.09901179330532,11.926651501426534,7.913716768539331,10kV
TMP00000253,站房000054,站房,451.50444260681365,228.50128140976005,11.926651501426534,7.913716768539331,10kV
TMP00000267,站房000068,站房,522.6731718484433,269.0362108226893,11.926794098625805,7.913698943889415,10kV
TMP00000259,站房000060,站房,533.8156813510194,90.03782342566276,11.926615852126815,7.913725680864289,10kV
TMP00000258,站房000059,站房,559.3820758074439,103.97214545740187,11.926687150726366,7.913716768539331,10kV
TMP00000271,站房000072,站房,489.7648040939997,174.60456663253285,11.926794098625862,7.913716768539331,10kV
TMP00000242,站房000043,站房,502.02017778907054,135.77153479303126,11.926651501426477,7.913734593189247,10kV
TMP00000252,站房000053,站房,469.05348778012075,90.18797827650644,11.926651501426534,7.913734593189247,10kV
TMP00000210,站房000011,站房,102.51124606308528,228.19924271703138,11.926651501426562,7.913716768539359,10kV
TMP00000225,站房000026,站房,85.69612193750652,259.43082782977075,5.958245725488865,4.974503296943908,10kV
TMP00000211,站房000012,站房,41.62804389332337,236.54262267165655,10.420468584013058,6.9143421220231005,10kV
TMP00044381,刀闸0145,熔断器,416.9380259177215,100.00706990952358,2.8511738570287855,0.8641077625622526,10kV
TMP00044380,刀闸0144,熔断器,431.4881450422339,77.2333524777827,3.475597272601884,1.0533523150093755,10kV
TMP00044379,刀闸0143,熔断器,434.09867196948494,74.84205983210241,3.475597272601884,1.0533523150093755,10kV
TMP00044378,刀闸0142,熔断器,436.69009087203216,92.91057769006797,3.475597272601884,1.0533523150093755,10kV
TMP00044377,刀闸0141,熔断器,471.1387579238175,126.54181520929552,4.285080467499538,1.298683097153852,10kV
TMP00044376,刀闸0140,熔断器,535.8516128637647,126.54181520929552,4.285080467499538,1.298683097153852,10kV
TMP00044375,刀闸0139,熔断器,536.2939850252365,250.51023223710297,2.291704770021581,0.6945489754666325,10kV
TMP00044374,刀闸0138,熔断器,534.6123362541068,255.79317327609328,2.06030685505068,0.6244190063403559,10kV
TMP00044373,刀闸0137,熔断器,529.1528598824057,251.225945404948,2.3232372988909917,0.7041055666587497,10kV
TMP00044372,刀闸0136,熔断器,506.2512149382592,257.50601518456597,2.739232379092385,0.8301815606229795,10kV
TMP00044371,刀闸0135,熔断器,516.3066703414107,300.98329520747484,2.1636054981611097,0.6557258167454182,10kV
TMP00044370,刀闸0134,熔断器,523.4030912622667,301.62680071853356,2.356081846464249,0.7140597925106495,10kV
TMP00044369,刀闸0133,熔断器,570.3482282238084,300.78572678787,1.3767226942490478,0.41724455492726215,10kV
TMP00044368,刀闸0132,熔断器,574.6366250964081,292.0932154154533,4.285098520732477,1.2986885685629994,10kV
TMP00044367,刀闸0131,熔断器,590.0870316385858,301.8652588850325,1.9062285296600696,0.577722353070897,10kV
TMP00044366,刀闸0130,熔断器,614.4797085477221,294.49704770234547,2.2854285635903153,0.6926468400765614,10kV
TMP00044365,刀闸0129,熔断器,619.1819224926376,301.25398034101136,4.285098520732477,1.2986885685629994,10kV
TMP00044364,刀闸0128,熔断器,622.9027112134962,295.5496289288437,2.3627853127417393,0.7160914179172077,10kV
TMP00044363,刀闸0127,熔断器,643.8056781632098,298.4419992204751,4.285098520732477,1.2986885685629994,10kV
TMP00044362,刀闸0126,熔断器,611.9982320858211,316.2333526846616,4.2851511759952166,1.298704526839679,10kV
TMP00044361,刀闸0125,熔断器,596.696982214092,293.9349295427768,4.285098520732477,1.2986885685629994,10kV
TMP00044360,刀闸0124,熔断器,585.6506188731316,292.2741356120421,4.285098520732477,1.2986885685629994,10kV
TMP00044359,刀闸0123,熔断器,581.5501651091853,318.21032025550375,4.2851511759952166,1.298704526839679,10kV
TMP00044358,刀闸0122,熔断器,563.1041479030962,292.9687978683431,2.28178557162682,0.6915427553057054,10kV
TMP00044357,刀闸0121,熔断器,537.8223418071384,294.5786133003346,4.285098520732477,1.2986885685629994,10kV
TMP00044356,刀闸0120,熔断器,539.431693798232,304.5756038517806,4.285124697920239,1.298696502106263,10kV
TMP00044355,刀闸0119,熔断器,537.8223418071383,335.2616655540177,4.2851511759952166,1.298704526839679,10kV
TMP00044354,刀闸0118,熔断器,534.4171206882901,321.0290390937062,4.2851511759952166,1.298704526839679,10kV
TMP00044353,刀闸0117,熔断器,558.8437000815555,304.56109458675377,1.7687042666565438,0.5360427540141638,10kV
TMP00044352,刀闸0116,熔断器,532.7563624068553,295.7309056184306,4.285098520732477,1.2986885685629994,10kV
TMP00044351,刀闸0115,熔断器,521.1765785926816,289.318559111829,2.2905540268653235,0.6942002187285661,10kV
TMP00044350,刀闸0114,熔断器,434.3991955669713,248.90651283538077,2.4659565301163413,0.7473596092927051,10kV
TMP00044349,刀闸0113,熔断器,401.0615389440899,250.7177646360077,1.665973548165655,0.5049080650218614,10kV
TMP00044348,刀闸0112,熔断器,348.54323999371974,265.4696587975037,4.285098520732477,1.2986885685629994,10kV
TMP00044347,刀闸0111,熔断器,344.0396639474038,256.98970637526645,2.0608487529260673,0.6245832398049284,10kV
TMP00044346,刀闸0110,熔断器,343.9341420199354,247.09080487227632,4.285098520732477,1.2986885685629994,10kV
TMP00044345,刀闸0109,熔断器,225.55418944290426,251.8807517440498,4.285118078401495,1.2986944959229092,10kV
TMP00044344,刀闸0108,熔断器,203.56481008116276,255.0993844276379,4.285118078401495,1.2986944959229092,10kV
TMP00044343,刀闸0107,熔断器,201.9554224407691,241.61346820136518,4.285118078401495,1.2986944959229092,10kV
TMP00044342,刀闸0106,熔断器,203.5648100811627,235.7227066004364,1.6774102712325527,0.5083742027166983,10kV
TMP00044341,刀闸0105,熔断器,210.74390172830232,248.881059235309,4.285118078401495,1.2986944959229092,10kV
TMP00044340,刀闸0104,熔断器,148.8454431489542,255.09938442763786,4.285107848236163,1.2986913954577255,10kV
TMP00044339,刀闸0103,熔断器,141.52632105211993,230.86978524053012,4.285107848236163,1.2986913954577255,10kV
TMP00044338,刀闸0102,熔断器,124.2843589474661,255.09938442763786,4.285107848236163,1.2986913954577255,10kV
TMP00044337,刀闸0101,熔断器,95.41356850441062,255.5800795864167,2.4367286468752103,0.7385014890733215,10kV
TMP00044336,刀闸0100,熔断器,82.80944662152143,259.88929565011153,4.285107848236163,1.2986913954577255,10kV
TMP00044335,刀闸0099,熔断器,87.82418906563763,248.7439698528495,1.8745571413406361,0.5681236776234216,10kV
TMP00044334,刀闸0098,熔断器,158.38541858902724,247.42754815838018,1.822993046089254,0.5524961020315735,10kV
TMP00044333,刀闸0097,熔断器,173.1319653555502,243.1969922747391,2.0814986425362014,0.6308416199679555,10kV
TMP00044332,刀闸0096,熔断器,178.2514900041636,241.3578805463025,1.6966359112074028,0.514200934293077,10kV
TMP00044331,刀闸0095,熔断器,173.14633202337782,238.45278345463524,1.8323819307664306,0.5553415995487978,10kV
TMP00044330,刀闸0094,熔断器,178.53625661112926,235.47881191571489,2.082031965125943,0.6310032545131831,10kV
TMP00044329,刀闸0093,熔断器,174.18547346384378,233.7085746345314,4.285118078401495,1.2986944959229092,10kV
TMP00044328,刀闸0092,熔断器,186.30791091988414,193.91044495029092,4.285118078401495,1.2986944959229092,10kV
TMP00044327,刀闸0091,熔断器,151.4727430717707,195.78930564802727,2.200646218843837,0.6669517804634636,10kV
TMP00044326,刀闸0090,熔断器,164.46850816248724,200.28175911279916,1.7944805222033333,0.543854786399653,10kV
TMP00044325,刀闸0089,熔断器,178.59996190990842,182.6487420137651,1.3148225213656197,0.3984844152182596,10kV
TMP00044324,刀闸0088,熔断器,175.79471850703817,179.56534494904588,4.285118078401495,1.2986944959229092,10kV
TMP00044323,刀闸0087,熔断器,182.973952751377,203.16412977583093,4.285118078401495,1.2986944959229092,10kV
TMP00044322,刀闸0086,熔断器,181.13120479435884,209.97464331212706,4.285118078401495,1.2986944959229092,10kV
TMP00044321,刀闸0085,熔断器,171.3217295599682,209.97464331212703,2.326513960669432,0.7050986274189911,10kV
TMP00044320,刀闸0084,熔断器,182.973952751377,218.7163863675957,4.285118078401495,1.2986944959229092,10kV
TMP00044319,刀闸0083,熔断器,203.56481008116276,283.4494366358913,4.285118078401495,1.2986944959229092,10kV
TMP00044318,刀闸0082,熔断器,210.42213114812313,262.7145561348309,4.285118078401495,1.2986944959229092,10kV
TMP00044317,刀闸0081,熔断器,214.7268910493404,238.61047813239097,4.285118078401495,1.2986944959229092,10kV
TMP00044316,刀闸0080,熔断器,225.55418944290432,213.95604623932306,4.285118078401495,1.2986944959229092,10kV
TMP00044315,刀闸0079,熔断器,230.11173852914828,247.9474931962613,4.285118078401495,1.2986944959229092,10kV
TMP00044314,刀闸0078,熔断器,230.23686757151805,258.8135780280297,4.285118078401495,1.2986944959229092,10kV
TMP00044313,刀闸0077,熔断器,230.29123275374423,268.47804973540076,2.1705805151507254,0.6578397412645673,10kV
TMP00044312,刀闸0076,熔断器,244.69850513387615,247.09080487227632,4.285118078401495,1.2986944959229092,10kV
TMP00044311,刀闸0075,熔断器,254.54092032130077,259.88929565011153,4.285118078401495,1.2986944959229092,10kV
TMP00044310,刀闸0074,熔断器,259.2337585003634,242.85515113876093,2.141536323554749,0.6490372926332579,10kV
TMP00044309,刀闸0073,熔断器,253.29280268528743,268.8749690396015,1.5529926553427882,0.4706668467009305,10kV
TMP00044308,刀闸0072,熔断器,264.248224662406,250.0848113176958,4.285118078401495,1.2986944959229092,10kV
TMP00044307,刀闸0071,熔断器,368.6001777600948,260.28256090108067,4.285098520732477,1.2986885685629994,10kV
TMP00044306,刀闸0070,熔断器,377.04075553068037,276.47388466607646,2.1285935095299098,0.6451147026303046,10kV
TMP00044305,刀闸0069,熔断器,379.5054055230662,283.09952093350375,2.03037038241669,0.6153461333119393,10kV
TMP00044304,刀闸0068,熔断器,370.22525109240945,289.1967811036424,4.285098520732477,1.2986885685629994,10kV
TMP00044303,刀闸0067,熔断器,355.31685650470166,316.7608197248049,4.2851511759952166,1.298704526839679,10kV
TMP00044302,刀闸0066,熔断器,367.80038571862326,313.4246869490087,1.8909733973829517,0.5730989667463224,10kV
TMP00044301,刀闸0065,熔断器,370.5937222553535,332.06203394723406,4.2851511759952166,1.298704526839679,10kV
TMP00044300,刀闸0064,熔断器,372.20307424644733,351.27704219974976,4.2851511759952166,1.298704526839679,10kV
TMP00044299,刀闸0063,熔断器,372.20307424644733,377.1124106233194,4.2851511759952166,1.298704526839679,10kV
TMP00044298,刀闸0062,熔断器,375.6082953652956,320.21758973119347,4.2851511759952166,1.298704526839679,10kV
TMP00044297,刀闸0061,熔断器,427.81077716855646,312.84699004541847,4.2851511759952166,1.298704526839679,10kV
TMP00044296,刀闸0060,熔断器,454.1443802064165,314.37969604189846,1.847881684349873,0.5600391234673188,10kV
TMP00044295,刀闸0059,熔断器,403.478276277517,319.38150670250474,4.2851511759952166,1.298704526839679,10kV
TMP00044294,刀闸0058,熔断器,390.5522323049243,306.9047865048488,4.2851511759952166,1.298704526839679,10kV
TMP00044293,刀闸0057,熔断器,381.67135003225644,292.6452269985229,4.285098520732477,1.2986885685629994,10kV
TMP00044292,刀闸0056,熔断器,407.5337049757902,297.803342014192,4.285098520732477,1.2986885685629994,10kV
TMP00044291,刀闸0055,熔断器,299.2601150020543,290.80606179613665,4.285118078401495,1.2986944959229092,10kV
TMP00044290,刀闸0054,熔断器,287.97564998759316,289.1967811036424,4.285118078401495,1.2986944959229092,10kV
TMP00044289,刀闸0053,熔断器,299.2120597458964,296.5009304945521,1.9209161886484698,0.5821737547679405,10kV
TMP00044288,刀闸0052,熔断器,311.2719326807519,284.2716520869498,4.285118078401495,1.2986944959229092,10kV
TMP00044287,刀闸0051,熔断器,338.407609315272,295.1760599160253,2.8461333943921985,0.8625801451283166,10kV
TMP00044286,刀闸0050,熔断器,347.5442040155518,284.3578699185656,4.285098520732477,1.2986885685629994,10kV
TMP00044285,刀闸0049,熔断器,356.5446896891172,294.76566517649246,4.285098520732477,1.2986885685629994,10kV
TMP00044284,刀闸0048,熔断器,367.34945772519455,279.2806431641891,4.285098520732477,1.2986885685629994,10kV
TMP00044283,刀闸0047,熔断器,362.26258783521666,268.45334477062516,4.285098520732477,1.2986885685629994,10kV
TMP00044282,刀闸0046,熔断器,374.15961476849236,248.0034091230296,2.211319741488236,0.670186614336597,10kV
TMP00044281,刀闸0045,熔断器,387.63947061379565,256.2516054471342,0.9934262313213209,0.30107855959099117,10kV
TMP00044280,刀闸0044,熔断器,404.66586140243527,255.6079216895764,4.285098520732477,1.2986885685629994,10kV
TMP00044279,刀闸0043,熔断器,409.011831894245,258.55611878472666,1.6848482032034475,0.5106284232854005,10kV
TMP00044278,刀闸0042,熔断器,406.27524904282893,263.13833718644634,2.4821189877922554,0.7522579795220096,10kV
TMP00044277,刀闸0041,熔断器,406.2553567335292,249.54820023214864,2.320856227909937,0.7033839333872925,10kV
TMP00044276,刀闸0040,熔断器,429.116824916778,239.15191969806375,1.9782964337783873,0.5995640360067552,10kV
TMP00044275,刀闸0039,熔断器,426.33347018399763,236.11609662395492,4.285098520732477,1.2986885685629994,10kV
TMP00044274,刀闸0038,熔断器,419.1544141861578,245.5015412616313,4.285098520732477,1.2986885685629994,10kV
TMP00044273,刀闸0037,熔断器,430.9425681577819,258.5561187847266,4.285098520732477,1.2986885685629994,10kV
TMP00044272,刀闸0036,熔断器,444.00112057780717,255.28604416149767,1.2218334025904545,0.37030212139939744,10kV
TMP00044271,刀闸0035,熔断器,445.8405175006423,268.7622637782192,1.5562106441141765,0.47164212538144307,10kV
TMP00044270,刀闸0034,熔断器,466.75895624647814,248.93257247354953,4.285098520732477,1.2986885685629994,10kV
TMP00044269,刀闸0033,熔断器,474.8247885773512,258.55611878472666,4.285098520732477,1.2986885685629994,10kV
TMP00044268,刀闸0032,熔断器,501.9397886179755,249.4971326101559,2.928352029617721,0.8874982190474164,10kV
TMP00044267,刀闸0031,熔断器,510.4898097390098,249.99454729055049,2.427980952854586,0.7358503177709801,10kV
TMP00044266,刀闸0030,熔断器,514.8607347406938,257.78714556294983,2.224997622980911,0.6743319818819995,10kV
TMP00044265,刀闸0029,熔断器,519.4377839939395,235.74915838090317,4.285098520732477,1.2986885685629994,10kV
TMP00044264,刀闸0028,熔断器,542.3771458972961,258.52480087483434,2.628154447464904,0.7965170744212542,10kV
TMP00044263,刀闸0027,熔断器,489.3493115045926,152.27124282612374,4.285098520732477,1.2986885685629994,10kV
TMP00044262,刀闸0026,熔断器,498.7863585037591,163.5041946023444,4.285098520732477,1.2986885685629994,10kV
TMP00044261,刀闸0025,熔断器,480.561295657957,161.38632317396193,4.285098520732477,1.2986885685629994,10kV
TMP00044260,刀闸0024,熔断器,471.1387579238174,119.40618897096203,4.285080467499538,1.298683097153852,10kV
TMP00044259,刀闸0023,熔断器,467.5994241390447,121.12858489178646,1.8404950536492466,0.5578004508196103,10kV
TMP00044258,刀闸0022,熔断器,178.88280345468377,237.37255619612625,4.387827693204727,1.2986830971538523,10kV
TMP00044257,刀闸0021,熔断器,460.9464448586551,136.0041108250598,4.387827693204726,1.298683097153852,10kV
TMP00044256,刀闸0020,熔断器,392.43547786653846,311.7288497565504,4.285080467499538,1.298683097153852,10kV
TMP00044255,刀闸0019,熔断器,201.2678187458325,245.01984792245756,4.285080467499538,1.298683097153852,10kV
TMP00044254,刀闸0018,熔断器,551.4068283474146,261.2433095312415,4.285098520732477,1.2986885685629994,10kV
TMP00044253,刀闸0017,熔断器,555.0351071352391,272.8465327600471,4.285098520732477,1.2986885685629994,10kV
TMP00044252,刀闸0016,熔断器,193.0075551337387,256.6860099900962,3.843776710484477,1.164936780301049,10kV
TMP00044251,刀闸0015,熔断器,519.5130396658606,263.0596948310425,2.8511738570287855,0.8641077625622526,10kV
TMP00044250,刀闸0014,熔断器,242.79429778396744,260.76728443073915,2.8511738570287855,0.8641077625622526,10kV
TMP00044249,刀闸0013,熔断器,333.55110520073373,284.4923212528384,2.8511738570287855,0.8641077625622526,10kV
TMP00044248,刀闸0012,熔断器,325.0274289122667,306.8577650783856,2.8511738570287855,0.8641077625622526,10kV
TMP00044247,刀闸0011,熔断器,584.3573335742458,311.1603503723139,2.8511738570287855,0.8641077625622526,10kV
TMP00044246,刀闸0010,熔断器,157.70001623835452,191.4437807724653,2.8511738570287855,0.8641077625622526,10kV
TMP00044111,开关00072,负荷开关,402.1205370445558,95.34555855267818,1.4339992702070403,0.2555970923601692,10kV
TMP00044110,开关00071,负荷开关,404.7535943292934,95.34555855267818,1.4339992702070403,0.2555970923601692,10kV
TMP00044109,开关00070,负荷开关,407.3866516140308,95.34555855267818,1.4339992702070403,0.2555970923601692,10kV
TMP00044114,开关00075,负荷开关,432.1916483248904,42.89593797841211,1.7495167752614962,0.31183516622544416,10kV
TMP00044113,开关00074,负荷开关,438.6163651385297,42.895937978412135,1.7495167752614962,0.31183516622544416,10kV
TMP00044112,开关00073,负荷开关,435.40400673171007,42.89593797841212,1.7495167752614962,0.31183516622544416,10kV
TMP00044139,开关00084,负荷开关,442.6560011969824,74.6151074771206,1.7495011247314796,0.31183237666337865,10kV
TMP00044138,开关00083,负荷开关,449.0807180106217,74.6151074771206,1.7495011247314796,0.31183237666337865,10kV
TMP00044137,开关00082,负荷开关,445.8683596038021,74.61510747712055,1.7495011247314796,0.31183237666337865,10kV
TMP00044025,开关00042,负荷开关,463.648127045547,72.82003154628723,1.6269608585981428,0.27116014334911026,10kV
TMP00044024,开关00041,负荷开关,465.04440317161414,72.82650635036713,1.6269608585981428,0.27116014334911026,10kV
TMP00044060,开关00045,负荷开关,501.00363800469074,316.60528182968835,2.1584999505552447,0.3847326304021301,10kV
TMP00044059,开关00044,负荷开关,508.930473715564,316.60528182968835,2.1584999505552447,0.3847326304021301,10kV
TMP00044058,开关00043,负荷开关,504.9670558601274,316.60528182968824,2.1584999505552447,0.3847326304021301,10kV
TMP00044105,开关00066,负荷开关,461.5920536784033,272.169944698755,2.1585770752392013,0.3847463771629396,10kV
TMP00044104,开关00065,负荷开关,465.55547153384,272.169944698755,2.1585770752392013,0.3847463771629396,10kV
TMP00044103,开关00064,负荷开关,469.5188893892765,272.16994469875505,2.1585770752392013,0.3847463771629396,10kV
TMP00044063,开关00048,负荷开关,175.04991551053965,163.78623403787378,2.158577639222265,0.38474647768769876,10kV
TMP00044062,开关00047,负荷开关,179.01329771667648,163.78623403787378,2.158577639222265,0.38474647768769876,10kV
TMP00044061,开关00046,负荷开关,182.97667992281328,163.78623403787378,2.158577639222265,0.38474647768769876,10kV
TMP00044066,开关00051,负荷开关,267.6875978104822,292.7912643552374,2.158603582443194,0.3847511018266182,10kV
TMP00044065,开关00050,负荷开关,275.6144691706553,292.7912643552373,2.158603582443194,0.3847511018266182,10kV
TMP00044064,开关00049,负荷开关,271.65103349056875,292.79126435523733,2.158603582443194,0.3847511018266182,10kV
TMP00044069,开关00054,负荷开关,375.64255434242295,394.62356059091746,2.15847386633855,0.3847279811320209,10kV
TMP00044068,开关00053,负荷开关,383.5693187546966,394.6235605909174,2.15847386633855,0.3847279811320209,10kV
TMP00044067,开关00052,负荷开关,379.60593654855984,394.62356059091735,2.15847386633855,0.3847279811320209,10kV
TMP00044072,开关00057,负荷开关,426.1792156636744,220.90988778554723,2.158550991022507,0.3847417278928304,10kV
TMP00044071,开关00056,负荷开关,434.1059800759481,220.90988778554714,2.158550991022507,0.3847417278928304,10kV
TMP00044070,开关00055,负荷开关,430.1425978698113,220.90988778554726,2.158550991022507,0.3847417278928304,10kV
TMP00044075,开关00060,负荷开关,453.50440397604,231.312139577352,2.158550991022507,0.3847417278928304,10kV
TMP00044074,开关00059,负荷开关,457.46778618217684,231.31213957735196,2.158550991022507,0.3847417278928304,10kV
TMP00044073,开关00058,负荷开关,461.43116838831367,231.312139577352,2.158550991022507,0.3847417278928304,10kV
TMP00044142,开关00087,负荷开关,524.6731332176696,271.847122464231,2.1585772162349675,0.38474640229412943,10kV
TMP00044141,开关00086,负荷开关,532.5999689285429,271.847122464231,2.1585772162349675,0.38474640229412943,10kV
TMP00044140,开关00085,负荷开关,528.6365510731063,271.8471224642311,2.1585772162349675,0.38474640229412943,10kV
TMP00044130,开关00078,负荷开关,535.815607070946,92.84869050557973,2.158506013373179,0.3847337110432906,10kV
TMP00044129,开关00077,负荷开关,539.7789892770828,92.84869050557973,2.158506013373179,0.3847337110432906,10kV
TMP00044128,开关00076,负荷开关,543.7423714832196,92.84869050557973,2.158506013373179,0.3847337110432906,10kV
TMP00044133,开关00081,负荷开关,561.3820371766702,106.78302144964377,2.1585188439878777,0.3847359979815606,10kV
TMP00044132,开关00080,负荷开关,565.3454193828071,106.7830214496438,2.1585188439878777,0.3847359979815606,10kV
TMP00044131,开关00079,负荷开关,569.3088015889439,106.78302144964368,2.1585188439878777,0.3847359979815606,10kV
TMP00044169,开关00090,负荷开关,491.7647654632261,177.41546044942464,2.1585770752392013,0.3847463771629396,10kV
TMP00044168,开关00089,负荷开关,499.69160117409945,177.41546044942461,2.1585770752392013,0.3847463771629396,10kV
TMP00044167,开关00088,负荷开关,495.7281833186628,177.4154604494247,2.1585770752392013,0.3847463771629396,10kV
TMP00044108,开关00069,负荷开关,511.9468679212707,138.58241078527314,2.1585124991784115,0.38473486707802046,10kV
TMP00044107,开关00068,负荷开关,504.0201035089971,138.58241078527308,2.1585124991784115,0.38473486707802046,10kV
TMP00044106,开关00067,负荷开关,507.9834857151339,138.5824107852731,2.1585124991784115,0.38473486707802046,10kV
TMP00044078,开关00063,负荷开关,478.9801779123209,92.99885426874829,2.1585126401741777,0.3847348922092103,10kV
TMP00044077,开关00062,负荷开关,475.0167957061841,92.99885426874836,2.1585126401741777,0.3847348922092103,10kV
TMP00044076,开关00061,负荷开关,471.0534135000473,92.9988542687483,2.1585126401741777,0.3847348922092103,10kV
TMP00044212,开关00096,负荷开关,104.51118960766175,231.01011870927329,2.158564244624503,0.38474409022466965,10kV
TMP00044211,开关00095,负荷开关,108.47457181379855,231.01011870927323,2.158564244624503,0.38474409022466965,10kV
TMP00044210,开关00094,负荷开关,112.43795401993538,231.01011870927323,2.158564244624503,0.38474409022466965,10kV
TMP00044023,开关00040,负荷开关,87.87238691899486,260.9204516474177,1.01204046606957,0.168673411166745,10kV
TMP00044022,开关00039,负荷开关,89.74038349261093,260.7321342211162,1.01204046606957,0.168673411166745,10kV
TMP00044021,开关00038,负荷开关,88.68101998682187,260.83888604942854,1.01204046606957,0.168673411166745,10kV
TMP00044209,开关00093,负荷开关,50.29960238977054,239.00205004161867,1.8851283358657298,0.33600667126105166,10kV
TMP00044208,开关00092,负荷开关,43.37695843705174,239.00205004161862,1.8851283358657298,0.33600667126105166,10kV
TMP00044207,开关00091,负荷开关,46.8382781853299,239.00205004161865,1.8851283358657298,0.33600667126105166,10kV
TMP00044531,00000最员站难母线,母线,400.8040084021871,93.50241845336191,7.899171854212568,0.0,10kV
TMP00044532,00000行县开发个三街分者劳母线,母线,430.5854334721808,40.647278181313396,9.637146519058547,0.0,10kV
TMP00044553,00000约命了严个行者劳母线,母线,441.0497863442728,72.36644768002185,9.637146519058604,0.0,10kV
TMP00044596,00000了严2#母线,母线,463.30493123617566,70.85553677421967,1.9523695539660935,0.0,10kV
TMP00044538,00000身区个行者劳母线,母线,499.02189342767264,313.8308750711627,11.89032486490953,0.0,10kV
TMP00044529,00000实查般个行者劳母线,母线,459.61030910138516,269.3955379402294,11.89032486490953,0.0,10kV
TMP00044515,00000酸厂母线,母线,173.06822440747126,161.01188075329796,11.890146618410427,0.0,10kV
TMP00044516,00000较严见期江光放母线,母线,265.7058888827639,290.01687542136165,11.890289215609698,0.0,10kV
TMP00044517,00000府母个行者劳母线,母线,373.6608454147047,391.84918948169167,11.890182267710259,0.0,10kV
TMP00044518,00000市导真个行者劳母线,母线,424.197542385256,218.13551667632146,11.890110969110594,0.0,10kV
TMP00044519,00000LINE369_线,母线,451.52269504832174,228.5377862927762,11.890182267710202,0.0,10kV
TMP00044554,00000发个放治退LINE369_线,母线,522.6913886406514,269.0727157057055,11.89032486490953,0.0,10kV
TMP00044562,00000形个行者劳6220081964,母线,533.8339337925275,90.07432830867889,11.890110969110538,0.0,10kV
TMP00044563,00000民无儿电波个行者劳母线,母线,559.400328248952,104.00865034041799,11.890182267710202,0.0,10kV
TMP00044550,00000较民张个行者劳母线,母线,489.78302088620796,174.64105369089907,11.89032486490953,0.0,10kV
TMP00044530,00000场做深个行者劳8118517540母线,母线,502.0383945812788,135.8080396760474,11.890182267710202,0.0,10kV
TMP00044520,00000星开发个SUB009_败环马导较真除个行者劳母线,母线,469.071704572329,90.22448315952258,11.890182267710202,0.0,10kV
TMP00044577,00000书较梯个行交还者劳母线,母线,102.52949850459333,228.23574760004752,11.890146618410427,0.0,10kV
TMP00044595,00000线,母线,87.54763070995563,259.4673327127869,2.2264859326103874,0.0,10kV
TMP00044576,00000LINE370_线,母线,41.64629856291267,236.57912755467268,10.383961472915693,0.0,10kV
TMP00313539,TMP00318364次母线,母线,381.2001732365298,106.11484662310927,0.0,2.028338211883451,10kV
TMP00046497,配变2274,变压器,404.7535943292934,97.58365724470508,1.422423703108674,0.654526938726517,10kV
TMP00046367,配变2144,变压器,427.29407621695907,77.26538337367137,2.745329769728501,1.1235619643161339,10kV
TMP00046498,配变2275,变压器,435.40400673171007,45.62645153653375,1.7353884110420275,0.7985373568356745,10kV
TMP00046522,配变2299,变压器,445.85313735277873,77.0986694230611,2.829440090416438,1.3019642154745934,10kV
TMP00046366,配变2143,变压器,441.69093900154337,92.87954497457426,2.745329769728501,1.1235619643161339,10kV
TMP00046365,配变2142,变压器,506.0179972188339,261.87636979745287,3.3847297905710017,1.3852445913238585,10kV
TMP00046364,配变2141,变压器,574.6366250964081,289.03553932055456,3.3847297905710017,1.3852445913238585,10kV
TMP00046363,配变2140,变压器,590.0216508227152,304.31172773450976,2.2571213538107457,0.9237562053071464,10kV
TMP00046362,配变2139,变压器,619.1819224926376,304.31172773450976,3.3847297905710017,1.385244750596714,10kV
TMP00046361,配变2138,变压器,646.8633186088088,298.4419992204751,3.3847297905710017,1.385244750596714,10kV
TMP00046360,配变2137,变压器,623.1635214909825,292.11510408554307,2.364122560136676,0.9675478375789557,10kV
TMP00046359,配变2136,变压器,612.7246222189624,293.4257505934415,2.0030425692387084,0.8197711654735298,10kV
TMP00046358,配变2135,变压器,614.4406369151188,291.69695562329923,2.236540107862368,0.915333063314507,10kV
TMP00046357,配变2134,变压器,611.9982320858211,319.2909931302606,3.3847297905710017,1.385244750596714,10kV
TMP00046356,配变2133,变压器,596.6969822140921,290.877253447878,3.3847297905710017,1.385244750596714,10kV
TMP00046355,配变2132,变压器,585.6506188731316,289.2164595171433,3.3847297905710017,1.385244750596714,10kV
TMP00046354,配变2131,变压器,581.5501651091853,321.267925051803,3.3847297905710017,1.3852445913238585,10kV
TMP00046353,配变2130,变压器,570.400917888943,303.15943541641377,2.288219839483601,0.9364836641420267,10kV
TMP00046352,配变2129,变压器,563.5112629070456,289.5330965981484,3.3847297905710017,1.3852445913238585,10kV
TMP00046351,配变2128,变压器,537.8223418071383,291.5210085040355,3.3847297905710017,1.385244750596714,10kV
TMP00046350,配变2127,变压器,537.8223418071383,338.31934164891663,3.3847297905710017,1.385244750596714,10kV
TMP00046349,配变2126,变压器,531.3594802426911,321.0290390937062,3.3847297905710017,1.385244750596714,10kV
TMP00046348,配变2125,变压器,560.9608406992917,304.57560385178067,1.8832889120891196,0.770760427210215,10kV
TMP00046347,配变2124,变压器,532.6994661243418,292.6448883301746,3.3847297905710017,1.385244750596714,10kV
TMP00046346,配变2123,变压器,523.2760371577067,305.0974026532524,3.3847480469116555,1.3852520629681886,10kV
TMP00046345,配变2122,变压器,521.285273307834,286.9119105302511,2.102690042173889,0.8605531869238339,10kV
TMP00046344,配变2121,变压器,516.270700197892,303.15943541641377,1.8683123627214626,0.7646310800268636,10kV
TMP00046343,配变2120,变压器,434.39919556697123,246.51854448690875,2.0506560317101137,0.8392575928824335,10kV
TMP00046342,配变2119,变压器,348.54323999371974,268.52733489240256,3.3847297905710017,1.385244750596714,10kV
TMP00046341,配变2118,变压器,343.9341420199354,259.30928154203303,2.128371686365506,0.8710637330867343,10kV
TMP00046340,配变2117,变压器,343.9341420199354,244.03312877737756,3.3847297905710017,1.3852445913238585,10kV
TMP00046339,配变2116,变压器,203.56481008116276,232.66506615483746,2.341008709945715,0.9580881944337646,10kV
TMP00046338,配变2115,变压器,197.31817934477647,241.58339801696664,3.3847297905710017,1.385244750596714,10kV
TMP00046337,配变2114,变压器,139.37566118022767,225.921537652904,2.2746762805649445,0.9309407868962245,10kV
TMP00046336,配变2113,变压器,137.27583720987923,230.86978524053012,3.3847501635888326,1.385253088519606,10kV
TMP00046335,配变2112,变压器,82.82294879382843,262.9469717450103,3.384752015681363,1.3852536872386951,10kV
TMP00046334,配变2111,变压器,87.81737113704693,246.51854448690875,1.6953992843114174,0.6938641587488537,10kV
TMP00046333,配变2110,变压器,95.42213324869249,258.1570426978867,2.145370985360676,0.8780209168049016,10kV
TMP00046332,配变2109,变压器,124.2843589474661,258.1570426978867,3.3847501635888326,1.385253088519606,10kV
TMP00046331,配变2108,变压器,148.8454431489542,258.1570426978867,3.3847501635888326,1.385253088519606,10kV
TMP00046330,配变2107,变压器,158.37843132626236,245.36632346741237,1.7413762907401584,0.7126808452855746,10kV
TMP00046329,配变2106,变压器,190.7746255901858,194.07753321854932,3.384723175954823,1.3852418842063476,10kV
TMP00046328,配变2105,变压器,157.7518503202934,184.48591085536142,3.384723175954823,1.3852418842063476,10kV
TMP00046327,配变2104,变压器,152.44662846891535,189.94904128029415,3.384723175954823,1.3852418842063476,10kV
TMP00046326,配变2103,变压器,147.8085921760017,194.72086048310894,3.3847501635888326,1.385252929245792,10kV
TMP00046325,配变2102,变压器,149.37239327425,198.65272870820448,3.3847501635888326,1.385252929245792,10kV
TMP00046324,配变2101,变压器,164.47677880004557,202.6453076908942,2.0639852770645732,0.8447127595208843,10kV
TMP00046323,配变2100,变压器,180.46185354093024,182.64874201376512,1.529942995012189,0.6261490251831677,10kV
TMP00046322,配变2099,变压器,186.0314149504769,203.15061869119899,3.384723175954823,1.3852418842063476,10kV
TMP00046321,配变2098,变压器,168.36629565695443,209.98147015304266,1.7028613651151774,0.6969181121551864,10kV
TMP00046320,配变2097,变压器,186.03141495047686,218.71638636759567,3.384723175954823,1.3852418842063476,10kV
TMP00046319,配变2096,变压器,182.9190884789534,235.50456853483513,1.7288086522925394,0.7075373761573223,10kV
TMP00046318,配变2095,变压器,171.12769042104554,238.46044805409664,1.9294490110936933,0.7896520467596362,10kV
TMP00046317,配变2094,变压器,180.46185354093026,241.40099837443537,1.514956920597234,0.6200157797506006,10kV
TMP00046316,配变2093,变压器,171.12769042104554,243.2044073291018,1.8666269585190745,0.7639413064851007,10kV
TMP00046315,配变2092,变压器,203.56481008116276,286.50714838008986,3.384723175954823,1.3852418842063476,10kV
TMP00046314,配变2091,变压器,217.8749915932337,262.67206216944504,3.384723175954823,1.3852418842063476,10kV
TMP00046313,配变2090,变压器,212.35904673061705,258.15937772702495,3.384723175954823,1.3852418842063476,10kV
TMP00046312,配变2089,变压器,211.66925060374143,238.61047813239094,3.3847297905710017,1.385244750596714,10kV
TMP00046311,配变2088,变压器,225.5541894429043,210.89842361837404,3.3847297905710017,1.385244750596714,10kV
TMP00046310,配变2087,变压器,230.11173852914834,243.84402706648007,3.3847297905710017,1.385244750596714,10kV
TMP00046309,配变2086,变压器,230.29123275374423,271.2819562895277,2.2098499992881138,0.9044097900159034,10kV
TMP00046308,配变2085,变压器,245.66670446769936,241.45128171183205,3.384723175954823,1.3852418842063476,10kV
TMP00046307,配变2084,变压器,239.96417116982252,244.77737920972885,3.384723175954823,1.3852418842063476,10kV
TMP00046410,配变2187,变压器,254.55443140593272,262.9469717450103,3.384723175954823,1.3852418842063476,10kV
TMP00046480,配变2257,变压器,259.2231706583168,239.79747504386216,2.6071390606110927,1.0670054940874378,10kV
TMP00046479,配变2256,变压器,251.5153642455402,268.8749690396015,1.414469259115007,0.5788899002340692,10kV
TMP00046478,配变2255,变压器,264.2482246624061,247.02713522279703,3.3847297905710017,1.385244750596714,10kV
TMP00046477,配变2254,变压器,379.1745087221329,276.5261465396132,1.8515345210759626,0.7577645306029593,10kV
TMP00046476,配变2253,变压器,381.4179548091328,283.1313557582434,1.48513174853882,0.6078094410365577,10kV
TMP00046475,配变2252,变压器,350.29936015217436,316.7608197248049,3.3847297905710017,1.3852445913238585,10kV
TMP00046474,配变2251,变压器,353.21226444050234,319.60623988857276,3.3847297905710017,1.3852445913238585,10kV
TMP00046473,配变2250,变压器,367.8324344391619,310.94164191791555,2.1597589661807333,0.8839093846721381,10kV
TMP00046472,配变2249,变压器,367.53622440695386,332.06203394723406,3.3847297905710017,1.385244750596714,10kV
TMP00046471,配变2248,变压器,378.66611405739366,320.2175897311934,3.3847297905710017,1.385244750596714,10kV
TMP00046470,配变2247,变压器,456.0344347842964,314.45627073791275,1.4810010530274098,0.6061189002933861,10kV
TMP00046469,配变2246,变压器,427.81077716855646,309.7893139505197,3.3847297905710017,1.385244750596714,10kV
TMP00046468,配变2245,变压器,403.478276277517,322.4391114988038,3.3847297905710017,1.3852445913238585,10kV
TMP00046467,配变2244,变压器,390.55223230492425,303.84714605924984,3.3847297905710017,1.3852445913238585,10kV
TMP00046466,配变2243,变压器,381.66725036277717,288.2438396701423,3.384737198941122,1.3852477825686746,10kV
TMP00046465,配变2242,变压器,410.5911671748901,297.803342014192,3.3847297905710017,1.385244750596714,10kV
TMP00046464,配变2241,变压器,284.918045191294,289.1967811036424,3.3847297905710017,1.385244750596714,10kV
TMP00046463,配变2240,变压器,299.2601150020543,298.6948953534013,2.1176192308897055,0.8666631511458076,10kV
TMP00046462,配变2239,变压器,311.26205782470157,278.676708375931,3.384723175954823,1.3852418842063476,10kV
TMP00046461,配变2238,变压器,306.51030917768577,282.07444314181697,3.384723175954823,1.3852418842063476,10kV
TMP00046460,配变2237,变压器,338.4240079931894,298.6405658204749,3.3847297905710017,1.3852445913238585,10kV
TMP00046459,配变2236,变压器,351.71306878585364,284.3682616894632,3.3847297905710017,1.385244750596714,10kV
TMP00046458,配变2235,变压器,356.5446896891172,297.8233056220914,3.3847297905710017,1.3852445913238585,10kV
TMP00046457,配变2234,变压器,365.2422989114081,276.5412440180872,3.3847297905710017,1.385244750596714,10kV
TMP00046456,配变2233,变压器,361.62378803173436,279.2939047037222,3.384729790571001,1.3852445913238585,10kV
TMP00046455,配变2232,变压器,359.2047691431186,268.45334477062516,3.3847297905710017,1.3852445913238585,10kV
TMP00046454,配变2231,变压器,365.54267991169513,260.28256090108067,4.263386741545468,2.273647448317745,10kV
TMP00046453,配变2230,变压器,374.38427665596083,244.88151081450434,3.3847297905710017,1.3852445913238585,10kV
TMP00046452,配变2229,变压器,385.7350137187882,260.3948740201649,3.3847297905710017,1.3852445913238585,10kV
TMP00046451,配变2228,变压器,392.763772268585,257.91804979189055,3.3847297905710017,1.3852445913238585,10kV
TMP00046450,配变2227,变压器,401.04478377317434,247.3560356629404,3.3847297905710017,1.3852445913238585,10kV
TMP00046449,配变2226,变压器,406.170618347856,267.20836427299605,3.3847297905710017,1.385244750596714,10kV
TMP00046448,配变2225,变压器,410.9421345316223,258.55611878472666,1.3467172008099175,0.5511614911363517,10kV
TMP00046447,配变2224,变压器,401.60811400893687,255.6079216895764,3.3847297905710017,1.385244750596714,10kV
TMP00046446,配变2223,变压器,406.27524904282893,247.02713522279703,2.376512794578377,0.9726187018155673,10kV
TMP00046445,配变2222,变压器,431.0003556727909,239.19949368867415,1.6188835210308803,0.6625490896610197,10kV
TMP00046444,配变2221,变压器,416.09677374055883,245.5015412616313,3.3847297905710017,1.3852445913238585,10kV
TMP00046443,配变2220,变压器,430.9425681577819,261.6137948796253,3.3847297905710017,1.385244750596714,10kV
TMP00046442,配变2219,变压器,450.6194130894714,270.0595596233348,3.3847297905710017,1.385244750596714,10kV
TMP00046441,配变2218,变压器,446.04428889841597,274.92180327514416,3.3847297905710017,1.3852445913238585,10kV
TMP00046440,配变2217,变压器,441.60876736545725,255.28604416149767,2.0105444700318653,0.8228414157272778,10kV
TMP00046439,配变2216,变压器,466.7589562464781,245.87486072935093,3.3847297905710017,1.385244750596714,10kV
TMP00046438,配变2215,变压器,474.8247885773512,261.61379487962535,3.3847297905710017,1.385244750596714,10kV
TMP00046437,配变2214,变压器,505.31410179387933,246.0911093820617,3.3847297905710017,1.385244750596714,10kV
TMP00046436,配变2213,变压器,498.98025504548235,246.51626293172023,3.3847297905710017,1.3852445913238585,10kV
TMP00046435,配变2212,变压器,510.6215695511461,246.8818286767289,2.522005510788015,1.0321634840217766,10kV
TMP00046434,配变2211,变压器,514.8287929680547,261.4845839924261,3.3847297905710017,1.3852445913238585,10kV
TMP00046433,配变2210,变压器,519.3556123578535,230.88422320695736,3.3847297905710017,1.385244750596714,10kV
TMP00046432,配变2209,变压器,529.1965659239854,247.62262112699761,2.237029060290314,0.9155331734409087,10kV
TMP00046431,配变2208,变压器,534.5329096141069,258.1570426978867,2.3835536566238633,0.9755002659788095,10kV
TMP00046430,配变2207,变压器,536.3579755184142,247.48718943697975,2.14771652825772,0.8789808606742467,10kV
TMP00046429,配变2206,变压器,542.342031336973,263.2214535289778,3.3847297905710017,1.3852445913238585,10kV
TMP00046428,配变2205,变压器,477.5034769658589,161.38632317396193,3.3847297905710017,1.3852445913238585,10kV
TMP00046427,配变2204,变压器,465.31936622112914,121.01550531275602,1.9531952185913588,0.7993704903388638,10kV
TMP00046507,配变2284,变压器,504.9670558601274,319.97421196131927,2.1411140897590726,0.9852316490307739,10kV
TMP00046495,配变2272,变压器,465.55547153383986,275.5388570057361,2.1411140897590726,0.9852316490307739,10kV
TMP00046481,配变2258,变压器,179.01329771667648,167.15511069555504,2.141099267796768,0.98522482871866,10kV
TMP00046482,配变2259,变压器,271.65103349056875,296.1601766622184,2.141125035208159,0.9852366855689502,10kV
TMP00046483,配变2260,变压器,379.60593654855984,397.9924194239488,2.141088322347681,0.9852197921804835,10kV
TMP00046484,配变2261,变压器,430.1425978698113,224.27876444322845,2.141088322347681,0.9852197921804835,10kV
TMP00046485,配变2262,变压器,457.46778618217684,234.68101623503327,2.141088322347681,0.9852197921804835,10kV
TMP00046523,配变2300,变压器,528.6365510731063,275.21603477121215,2.141114317789262,0.9852317539586525,10kV
TMP00046531,配变2308,变压器,539.7789892770828,96.21755825093602,2.1410819375023804,0.9852168541998806,10kV
TMP00046532,配变2309,变压器,565.3454193828071,110.15190701964991,2.1410949352231707,0.985222835088965,10kV
TMP00046519,配变2296,变压器,495.5715402952517,180.36690163085848,3.491032059709633,1.6063951423504224,10kV
TMP00046496,配变2273,变压器,507.9834857151339,141.95129635527934,2.1410885503778703,0.9852198971083622,10kV
TMP00046486,配变2263,变压器,475.0167957061841,96.36773092642953,2.1410885503778703,0.9852198971083622,10kV
TMP00046552,配变2329,变压器,108.47457181379855,234.3789775423046,2.1411200185439947,0.9852343771556195,10kV
TMP00046426,配变2203,变压器,153.5907392727026,224.69709115197145,3.3847297905710017,1.3852445913238585,10kV
TMP00046425,配变2202,变压器,461.008831133341,143.23965313846503,3.3847297905710017,1.3852445913238585,10kV
TMP00046424,配变2201,变压器,397.23818718764767,311.6294951579508,3.3847297905710017,1.385244750596714,10kV
TMP00046423,配变2200,变压器,196.72620489660818,245.0502745998543,3.3847297905710017,1.385244750596714,10kV
TMP00046422,配变2199,变压器,551.5693891545957,266.2588808215785,3.3847297905710017,1.385244750596714,10kV
TMP00046421,配变2198,变压器,555.1979531368188,277.86215752433384,3.3847297905710017,1.385244750596714,10kV
TMP00046419,配变2196,变压器,193.0731854947081,259.9589187326609,2.292136750600109,0.938086818706719,10kV
TMP00046418,配变2195,变压器,218.76741834028866,249.01069791410606,2.292136750600109,0.9380867108472478,10kV
TMP00046417,配变2194,变压器,396.88768327181333,249.8512727545721,2.292136750600109,0.9380867108472478,10kV
TMP00046551,配变2328,变压器,46.8382781853299,241.94418675579936,1.8698846072236435,0.8604256559161269,10kV
TMP00046416,配变2193,变压器,588.8007692517647,311.1873725415778,3.384729790571001,1.3852447505967138,10kV
TMP00046415,配变2192,变压器,519.4359658796487,266.8884831057072,3.384729790571001,1.3852447505967138,10kV
TMP00046414,配变2191,变压器,239.23662243443712,260.78174022181634,3.3847297905710017,1.385244750596714,10kV
TMP00046413,配变2190,变压器,337.0254146626339,284.4928916416354,3.3847297905710017,1.385244750596714,10kV
TMP00046412,配变2189,变压器,321.2180516813542,306.8673903893372,3.3847297905710017,1.385244750596714,10kV
TMP00046411,配变2188,变压器,163.43658570523496,190.1351128007069,2.745329769728501,1.1235618351310768,10kV
TMP00313553,,其他,402.1205370445558,96.9253929235207,0.008133569631966797,0.008133569631966797,10kV
TMP00313561,,其他,407.3866516140309,96.9253929235207,0.008133569631966797,0.008133569631966797,10kV
TMP00313582,,其他,432.1916483248904,44.823361934828846,0.009923079611911995,0.009923079611911995,10kV
TMP00313588,,其他,438.6163651385297,44.823361934828846,0.009923079611911995,0.009923079611911995,10kV
TMP00313602,,其他,449.08071801062175,76.5425314335373,0.009923079611911995,0.009923079611911995,10kV
TMP00313596,,其他,442.65600119698246,76.5425314335373,0.009923079611911995,0.009923079611911995,10kV
TMP00313608,,其他,442.6559655476826,76.49773808831293,0.007714745207096568,0.007714745207096568,10kV
TMP00314001,,其他,501.00363800469074,318.98333967281025,0.012243118991140117,0.012243118991140117,10kV
TMP00314004,,其他,508.930473715564,318.98333967281025,0.012243118991140117,0.012243118991140117,10kV
TMP00314012,,其他,461.5920536784033,274.54800254187694,0.01224311791573542,0.01224311791573542,10kV
TMP00314020,,其他,469.5188893892765,274.54800254187694,0.01224311791573542,0.01224311791573542,10kV
TMP00314026,,其他,175.04991551053965,166.16427405634582,0.012242972736101296,0.012242972736101296,10kV
TMP00314034,,其他,182.97667992281328,166.16427405634582,0.012242972736101296,0.012242972736101296,10kV
TMP00314040,,其他,267.6875978104822,295.1693221983593,0.01224311791573542,0.01224311791573542,10kV
TMP00314046,,其他,275.6144691706553,295.1693221983593,0.01224311791573542,0.01224311791573542,10kV
TMP00314054,,其他,375.642554342423,397.0015827847395,0.012242971660696598,0.012242971660696598,10kV
TMP00314060,,其他,383.5693187546966,397.0015827847395,0.012242971660696598,0.012242971660696598,10kV
TMP00314068,,其他,426.1792156636745,223.28790997936932,0.012242970585291902,0.012242970585291902,10kV
TMP00314071,,其他,434.1059800759481,223.28790997936932,0.012242970585291902,0.012242970585291902,10kV
TMP00314079,,其他,453.50440397604,233.69017959582405,0.012242970585291902,0.012242970585291902,10kV
TMP00314087,,其他,461.43116838831367,233.69017959582405,0.012242970585291902,0.012242970585291902,10kV
TMP00314093,,其他,524.6731332176696,274.22518030735296,0.012243118991140117,0.012243118991140117,10kV
TMP00314099,,其他,532.5999689285429,274.22518030735296,0.012243118991140117,0.012243118991140117,10kV
TMP00314107,,其他,535.815607070946,95.2267126994018,0.012242934021532197,0.012242934021532197,10kV
TMP00314115,,其他,543.7423714832196,95.2267126994018,0.012242934021532197,0.012242934021532197,10kV
TMP00314121,,其他,561.3820371766702,109.16106146811578,0.012243007149051606,0.012243007149051606,10kV
TMP00314129,,其他,569.3088015889439,109.16106146811578,0.012243007149051606,0.012243007149051606,10kV
TMP00314141,,其他,499.6916011740994,179.79351829254657,0.01224311791573542,0.01224311791573542,10kV
TMP00314135,,其他,491.7647654632261,179.79351829254657,0.01224311791573542,0.01224311791573542,10kV
TMP00314146,,其他,491.7647298139263,179.7228792049524,0.009518684429566807,0.009518684429566807,10kV
TMP00314151,,其他,511.9468679212707,140.96045080374518,0.012242971660696598,0.012242971660696598,10kV
TMP00314156,,其他,504.0201035089971,140.96045080374518,0.012242971660696598,0.012242971660696598,10kV
TMP00314165,,其他,478.9801779123209,95.3768853748954,0.012242972736101296,0.012242972736101296,10kV
TMP00314172,,其他,471.05341350004727,95.3768853748954,0.012242972736101296,0.012242972736101296,10kV
TMP00314179,,其他,104.51118960766175,233.3881409030954,0.012242971660696598,0.012242971660696598,10kV
TMP00314187,,其他,112.43795401993538,233.3881409030954,0.012242971660696598,0.012242971660696598,10kV
TMP00314476,,其他,398.68030831328394,128.0343800941776,0.0045105742231974005,0.0045105742231974005,10kV
TMP00313565,故障指示器007,故障指示器,408.0603520820375,105.13990957161991,0.5886157925839341,0.640109771738466,10kV
TMP00314434,故障指示器008,故障指示器,434.2114663541168,71.8036343591067,0.5886157925839341,0.640109771738466,10kV
TMP00044450,刀闸0148,隔离开关,432.79344415515925,70.6024757632818,2.6362610988844866,0.4182529631669854,10kV
TMP00044449,刀闸0147,隔离开关,411.9498332896465,127.97457839372882,2.8041207045255914,0.4448845352389405,10kV
TMP00044448,刀闸0146,隔离开关,422.52070626960204,128.02681353029075,2.7201910601076893,0.4315687743341527,10kV
TMP00046029,用户1635,负荷,174.20187214176119,194.13868959239127,1.0184862363675644,1.0184862363675644,10kV
TMP00046028,用户1636,负荷,91.62780893462914,254.6088678867585,1.0184862363675644,1.0184862363675644,10kV
TMP00046027,用户1637,负荷,402.4340369871768,98.87725447496436,1.0184862363675644,1.0184862363675644,10kV
TMP00046026,用户1638,负荷,432.5284985588937,51.61228536392117,1.0184862363675644,1.0184862363675644,10kV
TMP00046025,用户1639,负荷,436.75251279601775,82.7806241626166,1.0184862363675644,1.0184862363675644,10kV
TMP00046024,用户1640,负荷,506.2367056732323,255.4006923097202,1.0184862363675644,1.0184862363675644,10kV
TMP00046023,用户1641,负荷,574.6366250964081,293.70253175724736,1.0184862363675644,1.0184862363675644,10kV
TMP00046022,用户1642,负荷,590.0543768799503,300.28631574668543,1.0184862363675644,1.0184862363675644,10kV
TMP00046021,用户1643,负荷,622.9315871463508,297.6019591195063,1.0184862363675644,1.0184862363675644,10kV
TMP00046020,用户1644,负荷,614.4822752973092,297.4068148522892,1.0184862363675644,1.0184862363675644,10kV
TMP00046019,用户1645,负荷,581.5501651091853,316.60096826441,1.0184862363675644,1.0184862363675644,10kV
TMP00046018,用户1646,负荷,570.3746800042751,299.30057695735053,1.0184862363675644,1.0184862363675644,10kV
TMP00046017,用户1647,负荷,563.1189067132218,295.7155051209082,1.0184862363675644,1.0184862363675644,10kV
TMP00046016,用户1648,负荷,557.1337101170686,304.5683313946173,1.0184862363675644,1.0184862363675644,10kV
TMP00046015,用户1649,负荷,523.4030912622667,299.4803207270452,1.0184862363675644,1.0184862363675644,10kV
TMP00046014,用户1650,负荷,521.231050722807,291.01197215189944,1.0184862363675644,1.0184862363675644,10kV
TMP00046013,用户1651,负荷,516.2887030943012,299.20592806632726,1.0184862363675644,1.0184862363675644,10kV
TMP00046012,用户1652,负荷,434.39919556697123,250.65234817083717,1.0184862363675644,1.0184862363675644,10kV
TMP00046011,用户1653,负荷,343.9869742822693,255.3093053296305,1.0184862363675644,1.0184862363675644,10kV
TMP00046010,用户1654,负荷,343.9341420199354,248.70010338942043,1.0184862363675644,1.0184862363675644,10kV
TMP00046009,用户1655,负荷,203.5694444901394,234.36633986551828,1.0184862363675644,1.0184862363675644,10kV
TMP00046008,用户1656,负荷,139.38468045308218,228.46023124101683,1.0184862363675644,1.0184862363675644,10kV
TMP00046007,用户1657,负荷,82.80944662152143,258.2800327822672,1.0184862363675644,1.0184862363675644,10kV
TMP00046006,用户1658,负荷,87.82418906563763,250.425654273279,1.0184862363675644,1.0184862363675644,10kV
TMP00046005,用户1659,负荷,95.41356850441062,253.93598735264777,1.0184862363675644,1.0184862363675644,10kV
TMP00046004,用户1660,负荷,158.3854185890272,249.17867741485992,1.0184862363675644,1.0184862363675644,10kV
TMP00046003,用户1661,负荷,182.22143168146738,194.19271610626913,1.0184862363675644,1.0184862363675644,10kV
TMP00046002,用户1662,负荷,157.69383108483567,189.28583953108463,1.0184862363675644,1.0184862363675644,10kV
TMP00046001,用户1663,负荷,155.31488200921822,189.9903409941361,1.0184862363675644,1.0184862363675644,10kV
TMP00046000,用户1664,负荷,153.39588019988403,195.67383756590888,1.0184862363675644,1.0184862363675644,10kV
TMP00045999,用户1665,负荷,164.46850816248724,198.68884144892257,1.0184862363675644,1.0184862363675644,10kV
TMP00045998,用户1666,负荷,176.87403670840172,182.64874201376512,1.0184862363675644,1.0184862363675644,10kV
TMP00045997,用户1667,负荷,181.3645651109834,203.16412977583096,1.0184862363675644,1.0184862363675644,10kV
TMP00045996,用户1668,负荷,174.13018139982228,209.97464331212703,1.0184862363675644,1.0184862363675644,10kV
TMP00045995,用户1669,负荷,181.3645651109834,218.71638636759567,1.0184862363675644,1.0184862363675644,10kV
TMP00045994,用户1670,负荷,176.65358143831213,235.49166348830013,1.0184862363675644,1.0184862363675644,10kV
TMP00045993,用户1671,负荷,174.92116806423815,238.45278345463524,1.0184862363675644,1.0184862363675644,10kV
TMP00045992,用户1672,负荷,176.60598962305187,241.37946619734382,1.0184862363675644,1.0184862363675644,10kV
TMP00045991,用户1673,负荷,174.97514110416628,243.1969922747391,1.0184862363675644,1.0184862363675644,10kV
TMP00045990,用户1674,负荷,203.56481008116276,281.84015594339706,1.0184862363675644,1.0184862363675644,10kV
TMP00045989,用户1675,负荷,208.81263655982994,262.71455613483096,1.0184862363675644,1.0184862363675644,10kV
TMP00045988,用户1676,负荷,230.26442448027925,266.26784662048334,1.0184862363675644,1.0184862363675644,10kV
TMP00045987,用户1677,负荷,244.69850513387613,248.70010338942043,1.0184862363675644,1.0184862363675644,10kV
TMP00045986,用户1678,负荷,254.54092032130077,258.2800327822672,1.0184862363675644,1.0184862363675644,10kV
TMP00045985,用户1679,负荷,259.2337585003634,241.45104999138326,1.0184862363675644,1.0184862363675644,10kV
TMP00045984,用户1680,负荷,255.11943715878684,268.8749690396015,1.0184862363675644,1.0184862363675644,10kV
TMP00045983,用户1681,负荷,375.25083983599603,276.49999777819494,1.0184862363675644,1.0184862363675644,10kV
TMP00045982,用户1682,负荷,377.6290046270174,283.1154561705235,1.0184862363675644,1.0184862363675644,10kV
TMP00045981,用户1683,负荷,358.36547767744605,316.7301969762591,1.0184862363675644,1.0184862363675644,10kV
TMP00045980,用户1684,负荷,367.81632095564305,314.98156317076683,1.0184862363675644,1.0184862363675644,10kV
TMP00045979,用户1685,负荷,452.30163224939827,314.41798338990554,1.0184862363675644,1.0184862363675644,10kV
TMP00045978,用户1686,负荷,403.478276277517,317.7721903607107,1.0184862363675644,1.0184862363675644,10kV
TMP00045977,用户1687,负荷,390.55223230492436,308.514067197343,1.0184862363675644,1.0184862363675644,10kV
TMP00045976,用户1688,负荷,299.236158672575,294.79215260625904,1.0184862363675644,1.0184862363675644,10kV
TMP00045975,用户1689,负荷,311.2719326807519,285.88093277944404,1.0184862363675644,1.0184862363675644,10kV
TMP00045974,用户1690,负荷,338.407609315272,292.9597429461887,1.0184862363675644,1.0184862363675644,10kV
TMP00045973,用户1691,负荷,356.5446896891172,293.1563488346984,1.0184862363675644,1.0184862363675644,10kV
TMP00045972,用户1692,负荷,364.2754899002779,279.2806431641891,1.0184862363675644,1.0184862363675644,10kV
TMP00045971,用户1693,负荷,363.8717972291112,268.45334477062516,1.0184862363675644,1.0184862363675644,10kV
TMP00045970,用户1694,负荷,374.0791899480975,250.13814267022718,1.0184862363675644,1.0184862363675644,10kV
TMP00045969,用户1695,负荷,387.63947061379565,255.20271392316738,1.0184862363675644,1.0184862363675644,10kV
TMP00045968,用户1696,负荷,401.13526169611856,252.51350899121266,1.0184862363675644,1.0184862363675644,10kV
TMP00045967,用户1697,负荷,406.27524904282893,260.97401472039786,1.0184862363675644,1.0184862363675644,10kV
TMP00045966,用户1698,负荷,407.2293312539233,258.5561187847266,1.0184862363675644,1.0184862363675644,10kV
TMP00045965,用户1699,负荷,406.2652315895794,251.1917220771204,1.0184862363675644,1.0184862363675644,10kV
TMP00045964,用户1700,负荷,427.2386772050381,239.17571560569388,1.0184862363675644,1.0184862363675644,10kV
TMP00045963,用户1701,负荷,420.7637661772516,245.5015412616313,1.0184862363675644,1.0184862363675644,10kV
TMP00045962,用户1702,负荷,446.03819286814667,270.6752765051835,1.0184862363675644,1.0184862363675644,10kV
TMP00045961,用户1703,负荷,445.4387855409658,255.28604416149767,1.0184862363675644,1.0184862363675644,10kV
TMP00045960,用户1704,负荷,499.64233384174753,247.28003135572322,1.0184862363675644,1.0184862363675644,10kV
TMP00045959,用户1705,负荷,510.4738032033904,251.76314470394217,1.0184862363675644,1.0184862363675644,10kV
TMP00045958,用户1706,负荷,514.8446212571749,255.66766991607545,1.0184862363675644,1.0184862363675644,10kV
TMP00045957,用户1707,负荷,529.1793116628725,249.4118951342852,1.0184862363675644,1.0184862363675644,10kV
TMP00045956,用户1708,负荷,534.5726942327065,254.13503521819518,1.0184862363675644,1.0184862363675644,10kV
TMP00045955,用户1709,负荷,536.3113818835488,252.5636319067602,1.0184862363675644,1.0184862363675644,10kV
TMP00045954,用户1710,负荷,542.3703725303303,260.35865433154737,1.0184862363675644,1.0184862363675644,10kV
TMP00045953,用户1711,负荷,482.1701842081531,161.38632317396193,1.0184862363675644,1.0184862363675644,10kV
TMP00045952,用户1712,负荷,469.24535231175435,121.07205401459619,1.0184862363675644,1.0184862363675644,10kV
TMP00045951,用户1713,负荷,497.5642292073147,304.28819919662834,1.0184862363675644,1.0184862363675644,10kV
TMP00045950,用户1714,负荷,462.08629557111385,277.7090794309049,1.0184862363675644,1.0184862363675644,10kV
TMP00045949,用户1715,负荷,175.0295775849921,169.6979396024471,1.0184862363675644,1.0184862363675644,10kV
TMP00045948,用户1716,负荷,267.7791452124211,300.3935844898451,1.0184862363675644,1.0184862363675644,10kV
TMP00045947,用户1717,负荷,376.06082757721623,400.47550010434173,1.0184862363675644,1.0184862363675644,10kV
TMP00045946,用户1718,负荷,426.3334701839975,232.89514673587854,1.0184862363675644,1.0184862363675644,10kV
TMP00045945,用户1719,负荷,453.45299768569896,238.65477238741786,1.0184862363675644,1.0184862363675644,10kV
TMP00045944,用户1720,负荷,525.0912282059637,278.1191176774396,1.0184862363675644,1.0184862363675644,10kV
TMP00045943,用户1721,负荷,535.8757117904432,98.749469559758,1.0184862363675644,1.0184862363675644,10kV
TMP00045942,用户1722,负荷,561.47340633211,113.12359700338183,1.0184862363675644,1.0184862363675644,10kV
TMP00045941,用户1723,负荷,486.8814887245228,170.9766978116561,1.0184862363675644,1.0184862363675644,10kV
TMP00045940,用户1724,负荷,504.11182915743507,146.88484751905452,1.0184862363675644,1.0184862363675644,10kV
TMP00045939,用户1725,负荷,471.14496090198617,102.70160441180145,1.0184862363675644,1.0184862363675644,10kV
TMP00045938,用户1726,负荷,104.60287960679992,237.9123400693574,1.0184862363675644,1.0184862363675644,10kV
TMP00045937,用户1727,负荷,153.610702880602,227.97208537857557,1.0184862363675644,1.0184862363675644,10kV
TMP00045936,用户1728,负荷,460.87357768982224,132.2360689572891,1.0184862363675644,1.0184862363675644,10kV
TMP00045935,用户1729,负荷,87.82418906563763,255.10840370049243,1.0184862363675644,1.0184862363675644,10kV
TMP00045934,用户1730,负荷,176.60891286563714,236.2088382774378,1.0184862363675644,1.0184862363675644,10kV
TMP00045933,用户1731,负荷,209.1345497372085,248.88105923530895,1.0184862363675644,1.0184862363675644,10kV
TMP00045932,用户1732,负荷,57.59476815712545,253.40554359596956,1.0184862363675644,1.0184862363675644,10kV
TMP00045931,用户1733,负荷,160.2966132017007,190.13026449593133,1.0184862363675644,1.0184862363675644,10kV
