ID,Name,Type,X,Y,Width,Height,Voltage
AUTO_BackGround_Layer_dc41e0c9,,BackGround_Layer,0.0,0.0,1124.0,795.0,
TMP00044758,00000败支2#~LINE215_线如切败支3#,交流线段,345.5486874108929,497.3428500167085,0.0,0.7888400061823404,10kV
TMP00044757,00000败支3照1#~LINE215_线如切败支3照2#,交流线段,348.72471998087445,495.0269574668281,0.48491305657262274,0.0,10kV
TMP00044756,00000争2#~LINE215_线LINE365_争3#,交流线段,413.8644775521798,508.33732026987565,2.528009077928857,0.0,10kV
TMP00044755,00000败支31#~LINE215_线况诉败支32#,交流线段,487.2940068384207,556.7045095868175,2.338308074438146,0.0,10kV
TMP00044754,00000败支66#~LINE215_线况诉败支66白1#,交流线段,390.26782104126136,558.6216246853428,0.0,0.6828830781641955,10kV
TMP00044753,00000败支59照1#~LINE215_线况诉败支59照2#,交流线段,417.9578036497245,553.7658059432116,0.0,0.42719206747631233,10kV
TMP00044752,00000败支43#~LINE215_线况诉败支43照1#,交流线段,461.3846194610135,554.5305685143355,0.8931350236998128,0.0,10kV
TMP00044751,00000败支39#~LINE215_线况诉败支39#照1,交流线段,469.44496645805225,559.2160211629471,0.0,0.5932209799331076,10kV
TMP00044750,00000分1#~LINE215_线海半分2#,交流线段,444.6132672387237,501.7868797642963,0.0,0.8926486108703671,10kV
TMP00044749,00000分21#~LINE215_线海半分22#,交流线段,444.6132672387237,453.5763964472466,0.0,0.4576739381226389,10kV
TMP00044748,00000二支1#~LINE215_线海半二支2#,交流线段,434.07225534582386,486.4069519750892,3.99855666460428,0.0,10kV
TMP00044747,00000二支5照4#~LINE215_线海半二支5照5#,交流线段,436.58376692195344,480.65803874366077,0.4853184005971798,0.0,10kV
TMP00044746,00000支3#~LINE215_线海半支3间1#,交流线段,450.65893283052736,492.46372399316556,2.113017865591644,0.0,10kV
TMP00044742,TMP00131373LINE215_线开关－LINE215_线LINE365_1#环网箱101,交流线段,303.7009703160545,508.00526244496194,5.344785238949214,0.3320578249137043,10kV
TMP00044741,TMP00131370#环网箱104-LINE215_线LINE365_1#箱变,交流线段,312.8704196330748,499.2784893371558,4.53507001550247,9.805961038775706,10kV
TMP00044740,TMP00131370#环网箱102－LINE215_线LINE365_3#环网箱101,交流线段,314.78275167211035,508.00526244496194,9.797327211052732,0.0,10kV
TMP00044739,TMP00131373#环网箱103－LINE215_线LINE365_2#箱变,交流线段,326.0613883536903,508.00526244496194,0.05295819680782188,13.569985650773617,10kV
TMP00044738,TMP00131373#环网箱102(1)－LINE215_线LINE365_4#环网箱101,交流线段,329.9390106285692,508.00526244496194,9.284688623200736,0.3320578249137043,10kV
TMP00044737,TMP00131373#环网箱102－LINE215_线LINE365_4#环网箱101,交流线段,339.2236992517699,508.00526244496194,9.28468862320068,0.3320578249137043,10kV
TMP00044736,TMP00131371#环网箱103－LINE215_线如切败支1#,交流线段,345.5486874108929,498.9618345851751,4.872032503113246,10.122615790756413,10kV
TMP00044735,TMP00131373#-如切1#SUB020_开关站,交流线段,345.17062303919244,479.01526048095286,0.0,7.175602594647216,10kV
TMP00044734,00000终端头510947-站外-电缆终端头511028,交流线段,343.05334906134294,468.79422716103505,4.0296060168850545,10.553091144831512,10kV
TMP00044733,00000终端头584386-站外-电缆终端头584387,交流线段,347.0478522857017,455.4198605365106,1.484450886717525,13.374366624524441,10kV
TMP00044732,TMP00131371#环网箱104－LINE215_线著长2#环网箱101,交流线段,352.33305195304166,508.00526244496194,2.036164638536434,11.777189564578691,10kV
TMP00044731,00000终端头584452-站外-电缆终端头584470,交流线段,355.8996740250824,519.7205559769915,0.008269018100861558,14.08967722465286,10kV
TMP00044730,TMP00131371#环网箱102(1)－LINE215_线LINE365_5#环网箱101,交流线段,354.2453839920772,508.00526244496194,5.083176205502809,0.3320578249137043,10kV
TMP00044729,TMP00131371#环网箱102－LINE215_线LINE365_5#环网箱101,交流线段,359.32856019758003,508.00526244496194,5.083216739905254,0.3320578249137043,10kV
TMP00044728,TMP00131372#环网箱102－LINE215_线LINE365_6#环网箱101,交流线段,370.1487730545919,508.00526244496194,9.797327211052732,0.0,10kV
TMP00044727,TMP00131366#环网箱103－LINE215_线果诉明1#争101,交流线段,398.64336355179245,508.00526244496194,0.09444515772082696,13.102664524866611,10kV
TMP00044726,00000明1#争102－LINE215_线果诉明2#争101,交流线段,407.9421176126451,521.9204390670448,1.3739135712219763,13.915176622082981,10kV
TMP00044725,TMP00131366#环网箱102－LINE215_线LINE365_争1#,交流线段,402.46591984093584,508.00526244496194,5.425083890213159,0.3320578249137043,10kV
TMP00044724,00000示分4#－LINE215_线LINE231_示1#环网箱101,交流线段,496.78525877653357,491.5979496911231,11.631265715739744,0.47510373117842164,10kV
TMP00044723,00000终端头203161-站外-电缆终端头203162,交流线段,484.3405892067236,491.7409955973878,16.20083050773161,1.0791879309695673,10kV
TMP00044722,00000#-况诉败2#SUB020_开关站101,交流线段,510.7409292666693,508.00526244496194,7.22383853356888,0.3320578249137043,10kV
TMP00044721,TMP00131696电缆终端头736656,交流线段,528.1349709794771,508.00526244496194,4.117565670213025,0.3320578249137043,10kV
TMP00044720,00000SUB020_开关站102-况诉败支1#,交流线段,516.8321555268326,556.7045095868175,2.9963840982997,0.0,10kV
TMP00044719,00000终端头463510-站外-电缆终端头463511,交流线段,365.14549015632844,556.6559899070785,6.3326086267846335,0.3320578249137043,10kV
TMP00044718,00000终端头506351-站外-电缆终端头506352,交流线段,390.26782104126136,564.1762159914006,1.821372839925914,8.858955794212875,10kV
TMP00044717,TMP00131680电缆终端头628166,交流线段,408.7452662628942,551.4190667130628,0.33692195320833207,1.880634136315507,10kV
TMP00044716,00000终端头463830-站外-电缆终端头463831,交流线段,410.7690679086818,561.3221887145238,1.821372839925857,7.957470683607198,10kV
TMP00044715,00000终端头506383-站外-电缆终端头506402,交流线段,421.400390450252,552.3196600668144,0.3796857477986464,1.2327727818725407,10kV
TMP00044714,00000终端头506051-站外-电缆终端头477979,交流线段,426.35916657461956,560.5741263172115,1.8214133743283014,7.752082866366322,10kV
TMP00044713,00000终端头586715-站外-电缆终端头586637,交流线段,445.2649793613998,554.1592733878451,0.5540647471613624,0.7380503999058874,10kV
TMP00044712,00000终端头506644-站外-电缆终端头506645,交流线段,454.48112431004864,560.6596133719897,1.8214539087308026,8.161642468774517,10kV
TMP00044711,00000终端头463711-站外-电缆终端头463712,交流线段,461.04769750780514,552.3196600668144,0.3471366226270902,1.3004246995704989,10kV
TMP00044710,00000终端头506054-站外-电缆终端头203462,交流线段,493.5559640017258,550.1078598624392,0.3369624876107764,1.1706335429086039,10kV
TMP00044709,00000终端头573744-站外-电缆终端头573745,交流线段,504.29624301709583,514.2204834422361,1.8370596536760786,8.306066544722626,10kV
TMP00044708,00000终端头506258-站外-电缆终端头506259,交流线段,444.27630475111295,451.44623252941636,0.37044390403883654,1.1236947048654429,10kV
TMP00044707,00000终端头203402-站外-电缆终端头203403,交流线段,434.4748024966073,455.9140559712455,6.923519145777789,0.3320578249137043,10kV
TMP00044706,00000终端头463822-站外-电缆终端头463823,交流线段,448.16444570342895,461.1340357850349,2.5250095321472372,0.3320578249137043,10kV
TMP00044705,00000终端头506181-站外-电缆终端头506182,交流线段,434.16763279480114,465.0489699773739,6.197831738620778,0.4177880861066683,10kV
TMP00044704,00000育象,交流线段,451.7632926254216,470.15269712492153,4.4976162276337845,0.3320578249137043,10kV
TMP00044703,00000终端头573373-站外-电缆终端头573374,交流线段,433.7352928582131,472.6352266032956,2.497608276087419,0.30076526621820676,10kV
TMP00044702,00000终端头506276-站外-电缆终端头506277,交流线段,415.4427250461788,486.0748941501755,6.328717324148897,0.3320578249137043,10kV
TMP00044701,00000终端头479511-站外-电缆终端头479512,交流线段,472.19360428854526,492.13166616825185,2.8819149457660274,0.3320578249137043,10kV
TMP00044700,TMP00131599况诉放SUB020_配电站101,交流线段,464.04039297548144,483.36545308685675,0.33696248761083325,6.428513022993798,10kV
TMP00044699,00000终端头506069-站外-电缆终端头506070,交流线段,461.12649638617825,498.777889466833,1.8214539087307458,8.879304064245389,10kV
TMP00044698,00000终端头573485-站外-电缆终端头573486,交流线段,452.43498820850823,488.4939467543046,0.3369624876107764,1.3572944662152508,10kV
TMP00044697,TMP00131693电缆终端头710299,交流线段,425.6500982724692,500.82110709139664,0.2508674167957565,2.4783544349211866,10kV
TMP00044696,TMP00131372#环网箱103－LINE215_线假社员教争101,交流线段,366.32410897652085,508.00526244496194,0.12087358812163984,14.279297159338682,10kV
TMP00044695,00000电站102-假社员教SUB020_开关站101,交流线段,375.2496627939677,522.8946023612527,0.40530349015045886,5.969582518394986,10kV
TMP00044694,TMP00132957(1)-假社员教SUB020_开关站101,交流线段,375.2496627939677,528.8641848796477,0.0,5.9695014495902115,10kV
TMP00044693,TMP00131656假社员教SUB020_开关站101,交流线段,375.2496627939677,534.8336863292379,1.7803114902386596,3.4791488315421475,10kV
TMP00044692,00000饭开关站104-著长SUB020_开关站101,交流线段,368.23644101555635,497.7842291250441,4.493927597010327,11.300221250887432,10kV
TMP00044691,00000败支1#-LINE215_线如切败支2#,交流线段,345.5486874108929,498.13169002289084,0.0,0.41507228114210193,10kV
TMP00044690,00000败支3#-LINE215_线如切败支4#,交流线段,345.5486874108929,493.6024164269395,0.0,1.4245410398885952,10kV
TMP00044689,00000败支3#-LINE215_线如切败支3照1#数线,交流线段,345.5486874108929,495.0269574668281,1.258512127431743,0.0,10kV
TMP00044688,00000切败支5#,交流线段,345.5486874108929,492.8419910368783,0.0,0.7604253900611866,10kV
TMP00044687,00000切败支11#,交流线段,345.5486874108929,489.27569324005725,0.0,0.5943964776043345,10kV
TMP00044686,00000败支3照3#-LINE215_线如切败支3照5#,交流线段,354.18304208110095,495.0269574668281,0.5943559432018901,0.0,10kV
TMP00044685,00000争1#-LINE215_线LINE365_争2#,交流线段,408.30607601229116,508.33732026987565,2.125988874377356,0.0,10kV
TMP00044684,00000争4#-LINE215_线LINE365_争5#,交流线段,419.43167505740115,508.33732026987565,2.7901045242048212,0.0,10kV
TMP00044683,00000争5#~LINE215_线LINE365_争5-1#,交流线段,422.221779581606,508.33732026987565,1.0924832149748909,0.0,10kV
TMP00044682,00000争5-1#~LINE215_线LINE365_争6#,交流线段,423.31426279658086,508.33732026987565,2.586702892684116,0.0,10kV
TMP00044681,00000跑争7#,交流线段,425.900965689265,508.33732026987565,14.540825123980255,0.0,10kV
TMP00044680,00000争6#-LINE215_线LINE365_争6白1#数线,交流线段,425.900965689265,506.11652142815535,0.0,2.2207988417202955,10kV
TMP00044679,00000跑争9#,交流线段,441.03618729084957,508.33732026987565,0.5943964776043345,0.0,10kV
TMP00044743,00000争11#-LINE215_线LINE365_争12#,交流线段,442.81933618926007,508.33732026987565,1.7939310494636516,0.0,10kV
TMP00044678,00000争12#-LINE215_线LINE365_争13#,交流线段,444.6132672387237,508.33732026987565,59.741385852310145,0.0,10kV
TMP00044677,00000争12#-LINE215_线海半分1#数线,交流线段,444.6132672387237,504.89161232035906,0.0,3.4457079495165885,10kV
TMP00044676,00000跑争14#,交流线段,504.35465309103387,508.33732026987565,2.088616155313616,0.0,10kV
TMP00044675,00000争13#-LINE215_线LINE365_争13白1#数线,交流线段,504.35465309103387,508.33732026987565,0.0,2.2207988417202955,10kV
TMP00044674,00000争15#-LINE215_线LINE231_示分1#数线,交流线段,507.0376657239518,508.33732026987565,1.7939310494636516,0.0,10kV
TMP00044673,00000示分3#-LINE215_线LINE231_示分4#,交流线段,508.83159677341547,492.07305342230154,0.0,7.1204352729055245,10kV
TMP00044672,00000示分3#-LINE215_线LINE231_示分3照1#数线,交流线段,508.83159677341547,499.19348869520707,3.2415766987516577,0.0,10kV
TMP00044671,00000败支1#~LINE215_线况诉败支2#,交流线段,514.686385864057,556.7045095868175,1.1061027741999396,0.0,10kV
TMP00044670,00000败支4#~LINE215_线况诉败支5#,交流线段,512.4051502282759,556.7045095868175,0.5943964776043913,0.0,10kV
TMP00044669,00000败支6#~LINE215_线况诉败支7#,交流线段,511.21639780746983,556.7045095868175,0.5943964776042776,0.0,10kV
TMP00044668,00000败支9#~LINE215_线况诉败支10#,交流线段,509.10119108414557,556.7045095868175,0.9264137681155944,0.0,10kV
TMP00044667,00000败支10#~LINE215_线况诉败支11#,交流线段,508.17473678162753,556.7045095868175,0.9264543025180387,0.0,10kV
TMP00044666,00000败支11#~LINE215_线况诉败支12#,交流线段,507.24832301351194,556.7045095868175,0.9264137681155944,0.0,10kV
TMP00044665,00000败支12#~LINE215_线况诉败支13#,交流线段,506.3218687109939,556.7045095868175,0.9264543025180387,0.0,10kV
TMP00044664,00000败支13#~LINE215_线况诉败支14#,交流线段,505.39541440847586,556.7045095868175,0.9264543025180387,0.0,10kV
TMP00044663,00000败支14#~LINE215_线况诉败支15#,交流线段,504.4689601059578,556.7045095868175,0.9264543025180387,0.0,10kV
TMP00044662,00000败支15#~LINE215_线况诉败支16#,交流线段,503.5425058034398,556.7045095868175,0.9264543025180387,0.0,10kV
TMP00044661,00000败支16#~LINE215_线况诉败支17#,交流线段,502.6160920353242,556.7045095868175,0.9264137681155944,0.0,10kV
TMP00044660,00000败支17#~LINE215_线况诉败支18#,交流线段,502.0217360921223,556.7045095868175,0.5943559432018901,0.0,10kV
TMP00044659,00000败支20#~LINE215_线况诉败支21#,交流线段,499.9064888343956,556.7045095868175,0.9264543025180387,0.0,10kV
TMP00044658,00000败支21#~LINE215_线况诉败支22#,交流线段,498.98003453187755,556.7045095868175,0.9264543025180387,0.0,10kV
TMP00044657,00000败支22#~LINE215_线况诉败支23#,交流线段,498.38567858867566,556.7045095868175,0.5943559432018901,0.0,10kV
TMP00044656,00000败支25#~LINE215_线况诉败支26#,交流线段,496.57006163389843,556.6925114036908,0.6268645339710588,0.011998183126706863,10kV
TMP00044655,00000败支26#~LINE215_线况诉败支27#,交流线段,496.05961190377906,556.6925114036908,0.510449730119376,0.011998183126706863,10kV
TMP00044654,00000败支30#~LINE215_线况诉败支31#,交流线段,489.6323149128589,556.7045095868175,4.260611576477686,0.0,10kV
TMP00044653,00000败支30#~LINE215_线况诉败支30白1#,交流线段,493.89292648933656,555.5984068126177,0.0,1.106102774199826,10kV
TMP00044652,00000败支32#~LINE215_线况诉败支33#,交流线段,483.59358070387515,556.6968891191559,0.5868165443451403,0.009525584576977053,10kV
TMP00044651,00000败支34#~LINE215_线况诉败支35#,交流线段,482.4048282830689,556.6968891191559,0.5868165443451971,0.009525584576977053,10kV
TMP00044650,00000败支34#~LINE215_线况诉败支34白1#,交流线段,482.9916448274141,556.7064147037329,0.013295284005323538,0.5924913606889959,10kV
TMP00044649,00000败支38#~LINE215_线况诉败支39#,交流线段,469.4316711740469,556.7064147037329,9.313184308126779,0.0,10kV
TMP00044648,00000败支39#~LINE215_线况诉败支40#,交流线段,468.46743880844053,556.7064147037329,0.9642323656063922,0.0,10kV
TMP00044647,00000败支40#~LINE215_线况诉败支41#,交流线段,463.8883484318717,556.7064147037329,4.579090376568843,0.0,10kV
TMP00044646,00000败支41#~LINE215_线况诉败支42#,交流线段,462.96189412935365,556.7064147037329,0.9264543025180387,0.0,10kV
TMP00044645,00000败支42#~LINE215_线况诉败支43#,交流线段,461.37132417700815,556.7064147037329,1.5905699523455041,0.0,10kV
TMP00044644,00000败支43#~LINE215_线况诉败支44#,交流线段,454.4678290260433,556.7064147037329,6.9034951509648295,0.0,10kV
TMP00044643,00000败支44#~LINE215_线况诉败支45#,交流线段,453.5414152579277,556.7064147037329,0.9264137681155944,0.0,10kV
TMP00044642,00000败支45#~LINE215_线况诉败支46#,交流线段,452.29052359815756,556.6968891191559,1.2508916597701614,0.009525584576977053,10kV
TMP00044641,00000败支46#~LINE215_线况诉败支47#,交流线段,451.3564893623804,556.6968891191559,0.934034235777176,0.009525584576977053,10kV
TMP00044640,00000败支47#~LINE215_线况诉败支48#,交流线段,448.9357748477506,556.7064147037329,2.420714514629765,0.0,10kV
TMP00044639,00000败支48#~LINE215_线况诉败支49#,交流线段,448.0093205452326,556.7064147037329,0.9264543025180387,0.0,10kV
TMP00044638,00000败支49#~LINE215_线况诉败支50#,交流线段,445.5886060306029,556.7064147037329,2.420714514629708,0.0,10kV
TMP00044637,00000败支50#~LINE215_线况诉败支51#,交流线段,445.0018300206601,556.6968891191559,0.5867760099427528,0.009525584576977053,10kV
TMP00044636,00000败支50#~LINE215_线况诉败支50照1#,交流线段,445.5886060306029,555.987861351408,0.3631071771944221,0.718553352324875,10kV
TMP00044635,00000败支52#~LINE215_线况诉败支53#,交流线段,443.4810197749402,556.6968891191559,0.9188338348564571,0.009525584576977053,10kV
TMP00044634,00000败支53#~LINE215_线况诉败支54#,交流线段,435.525332605041,556.5533568000618,7.955687169899193,0.14353231909410624,10kV
TMP00044633,00000败支54#~LINE215_线况诉败支55#,交流线段,426.34587129061424,556.5533568000618,9.17946131442676,0.1530579036710833,10kV
TMP00044632,00000败支55#~LINE215_线况诉败支56#,交流线段,421.76678091404534,556.7064147037329,4.5790903765688995,0.0,10kV
TMP00044631,00000败支56#~LINE215_线况诉败支57#,交流线段,421.11482558495453,556.6704201543527,0.6519553290908107,0.035994549380234275,10kV
TMP00044630,00000败支58#~LINE215_线况诉败支59#,交流线段,417.7443089519925,556.6919844564588,1.6946622978506412,0.01443024727404918,10kV
TMP00044629,00000败支59#~LINE215_线况诉败支60#,交流线段,410.7557726246764,556.7064147037329,6.988536327316069,0.0,10kV
TMP00044628,00000败支59#~LINE215_线况诉败支59照1#,交流线段,417.7443089519925,556.1667396694432,0.013295284005323538,0.5396750342896439,10kV
TMP00044627,00000败支60#~LINE215_线况诉败支61#,交流线段,409.8293183221584,556.7064147037329,0.9264543025180387,0.0,10kV
TMP00044626,00000败支61#~LINE215_线况诉败支62#,交流线段,409.0688929320972,556.7064147037329,0.7604253900611866,0.0,10kV
TMP00044625,00000败支62#~LINE215_线况诉败支63#,交流线段,403.8257274401034,556.7064147037329,5.243165491993807,0.0,10kV
TMP00044624,00000败支63#~LINE215_线况诉败支64#,交流线段,399.74472380090504,556.7064147037329,4.081003639198343,0.0,10kV
TMP00044623,00000败支64#~LINE215_线况诉败支65#,交流线段,398.991878344103,556.6968891191559,0.7528454568020493,0.009525584576977053,10kV
TMP00044622,00000败支66#~LINE215_线况诉败支67#,交流线段,389.328071454738,556.7064147037329,0.9264543025180387,0.0,10kV
TMP00044621,00000败支67#~LINE215_线况诉败支68#,交流线段,388.40161715221996,556.7064147037329,0.9264543025180387,0.0,10kV
TMP00044620,00000败支68#~LINE215_线况诉败支69#,交流线段,387.47520338410436,556.7064147037329,0.9264137681155944,0.0,10kV
TMP00044619,00000败支69#~LINE215_线况诉败支70#,交流线段,386.88838683975916,556.6968891191559,0.5868165443451971,0.009525584576977053,10kV
TMP00044618,00000败支72#~LINE215_线况诉败支73#,交流线段,384.2675134458052,556.7064147037329,1.2585121274317999,0.0,10kV
TMP00044617,00000败支73#~LINE215_线况诉败支73白1#,交流线段,384.2675134458052,556.7064147037329,0.03084668026849613,1.035491845122806,10kV
TMP00044616,00000败支73#~LINE215_线况诉败支74#,交流线段,381.7571368329444,556.7064147037329,2.510376612860796,0.0,10kV
TMP00044615,00000败支66白1#~LINE215_线况诉败支66白2#,交流线段,390.26782104126136,559.304507763507,0.0,0.9264543025180956,10kV
TMP00044614,00000败支59照2#~LINE215_线况诉败支59照3#,交流线段,417.9578036497245,553.1714094656073,0.0,0.5943964776042776,10kV
TMP00044613,00000败支59照4#~LINE215_线况诉败支59照5#,交流线段,417.9578036497245,551.9826570448012,0.0,0.5943559432018901,10kV
TMP00044612,00000败支30白1#~LINE215_线况诉败支30白2#,交流线段,493.89292648933656,554.6719525100996,0.0,0.9264543025180956,10kV
TMP00044611,00000败支30白2#~LINE215_线况诉败支30白3#,交流线段,493.89292648933656,554.021983366729,0.0,0.6499691433705266,10kV
TMP00044744,00000分2#-LINE215_线海半分3#,交流线段,444.6132672387237,499.5660809225761,0.0,2.2207988417202387,10kV
TMP00044610,00000分3#-LINE215_线海半分4#,交流线段,444.6132672387237,493.05807993636745,0.0,6.5080009862086285,10kV
TMP00044609,00000分4#-LINE215_线海半分5#,交流线段,444.6132672387237,492.46372399316556,0.0,0.5943559432018901,10kV
TMP00044608,00000支5#--LINE215_线海半支6#,交流线段,444.6132672387237,489.2221472944138,0.0,3.2415766987517713,10kV
TMP00044607,00000分5#-LINE215_线海半支1#数线,交流线段,444.6132672387237,492.46372399316556,1.0924832149748909,0.0,10kV
TMP00044759,00000半分7#,交流线段,444.6132672387237,487.0013079182911,0.0,2.220839376122683,10kV
TMP00045288,00000半分9#,交流线段,444.6132672387237,472.86230032585013,0.0,13.544651649239086,10kV
TMP00045287,00000分8#-LINE215_线海半二支1#,交流线段,439.52247056555933,486.4069519750892,5.090796673164391,0.0,10kV
TMP00045286,00000半分11#,交流线段,444.6132672387237,471.6735479050439,0.0,0.5943559432018901,10kV
TMP00045285,00000分10#-LINE215_线海半分14#,交流线段,444.6132672387237,466.56982075749625,0.0,3.9149341923389898,10kV
TMP00045284,00000半分15#,交流线段,444.6132672387237,465.9754242798919,0.0,0.5943964776043345,10kV
TMP00045283,00000分16#-LINE215_线海半分17#,交流线段,444.6132672387237,461.4660936099486,0.0,3.9149341923389898,10kV
TMP00045282,00000分17#-LINE215_线海半分18#,交流线段,444.6132672387237,457.3850899707503,0.0,4.081003639198286,10kV
TMP00045281,00000分20#-LINE215_线海半分21#数线,交流线段,444.6132672387237,455.48572894050045,0.0,0.7603848556587423,10kV
TMP00045280,00000半二支3#,交流线段,434.07225534582386,485.30084920088933,0.0,1.1061027741998828,10kV
TMP00045279,00000二支2照1#-LINE215_线海半二支2#,交流线段,432.13604854374216,486.4069519750892,1.9362068020816992,0.0,10kV
TMP00044745,00000二支4#-LINE215_线海半二支5#,交流线段,434.07225534582386,484.1120967800831,0.0,0.5943964776043345,10kV
TMP00045278,00000二支5#-LINE215_线海半二支5照1#,交流线段,434.07225534582386,483.18564247756507,0.0,0.9264543025180387,10kV
TMP00045277,00000二支5照1#-LINE215_线海半二支5照2#,交流线段,434.07225534582386,482.0795397033652,0.0,1.1061027741998828,10kV
TMP00045276,00000二支5照2#-LINE215_线海半二支5照3#,交流线段,434.07225534582386,480.8681285515865,0.0,1.211411151778691,10kV
TMP00045275,00000二支5照3#-LINE215_线海半二支5照4#,交流线段,434.07225534582386,480.8681285515865,0.5476603115733951,0.0,10kV
TMP00045274,00000二支5照3#-LINE215_线海半二支5照3照1#数线,交流线段,434.07225534582386,475.0661557873441,0.0,5.801972764242407,10kV
TMP00045273,00000二支5照5#-LINE215_线海半二支5照6#归达数线,交流线段,437.0690853225506,480.65803874366077,0.0,0.7437657506520168,10kV
TMP00045272,00000二支5照3照1#-LINE215_线海半二支5照3照2#,交流线段,433.477899402622,475.0661557873441,0.5943559432018901,0.0,10kV
TMP00045271,00000二支2照1#-LINE215_线海半二支2照2#,交流线段,430.5454785913967,486.4069519750892,1.5905699523454473,0.0,10kV
TMP00045270,00000二支2照2#-LINE215_线海半二支2照3#,交流线段,429.6190242888787,486.4069519750892,0.9264543025180387,0.0,10kV
TMP00045269,00000支1#-LINE215_线海半支2#,交流线段,445.7057504536986,492.46372399316556,1.424541039888652,0.0,10kV
TMP00045268,00000支2#-LINE215_线海半支3#,交流线段,447.13029149358726,492.46372399316556,0.9264137681155376,0.0,10kV
TMP00045267,00000半支4#,交流线段,452.771950696119,492.46372399316556,6.571437326051125,0.0,10kV
TMP00045266,00000支7#-LINE215_线海半支8#,交流线段,461.12649638617825,492.46372399316556,3.2508590769140255,0.0,10kV
TMP00045265,00000支7#-LINE215_线海半支7白1#数线,交流线段,461.12649638617825,492.46372399316556,0.0,0.6669125235968636,10kV
TMP00045264,00000支8#-LINE215_线海半支9#,交流线段,464.3773554630923,492.46372399316556,3.748945814284582,0.0,10kV
TMP00045263,00000支7白1#-LINE215_线海半支7白2#,交流线段,461.12649638617825,493.1306365167624,0.0,0.9411277562068676,10kV
TMP00045262,00000败支12#~LINE215_线如切败支13#,交流线段,345.5486874108929,488.76179808572914,0.9228467406995264,0.0,10kV
TMP00045261,00000分18#~LINE215_线海半分20#,交流线段,444.6132672387237,456.2461137961592,0.0,1.1389761745911073,10kV
TMP00045260,00000败支5#-LINE215_线如切败支6#,交流线段,345.5486874108929,492.247594559274,0.0,0.5943964776043345,10kV
TMP00045259,00000败支6#-LINE215_线如切败支7#,交流线段,345.5486874108929,491.6532386160721,0.0,0.5943559432018901,10kV
TMP00045258,00000败支7#-LINE215_线如切败支8#,交流线段,345.5486874108929,491.05884213846775,0.0,0.5943964776043345,10kV
TMP00045257,00000败支8#-LINE215_线如切败支9#,交流线段,345.5486874108929,490.4644861952659,0.0,0.5943559432018333,10kV
TMP00045256,00000败支9#-LINE215_线如切败支10#,交流线段,345.5486874108929,489.8700897176616,0.0,0.5943964776043345,10kV
TMP00045255,00000争7#-LINE215_线LINE365_争8#,交流线段,440.44179081324523,508.33732026987565,0.5943964776043345,0.0,10kV
TMP00045254,00000败支5#~LINE215_线况诉败支6#,交流线段,511.8107942850741,556.7045095868175,0.5943559432018333,0.0,10kV
TMP00045253,00000败支18#~LINE215_线况诉败支19#,交流线段,501.42733961451796,556.7045095868175,0.5943964776043345,0.0,10kV
TMP00045252,00000败支19#~LINE215_线况诉败支20#,交流线段,500.8329431369136,556.7045095868175,0.5943964776043345,0.0,10kV
TMP00045251,00000败支23#~LINE215_线况诉败支24#,交流线段,497.7913226454738,556.7045095868175,0.5943559432018333,0.0,10kV
TMP00045250,00000败支24#~LINE215_线况诉败支25#,交流线段,497.1969261678695,556.7045095868175,0.5943964776043345,0.0,10kV
TMP00045249,00000败支27#~LINE215_线况诉败支28#,交流线段,495.5490811048547,556.680513220564,0.5105307989243784,0.023996366253527412,10kV
TMP00045248,00000败支29#~LINE215_线况诉败支30#,交流线段,493.89292648933656,556.7045095868175,0.5943964776043345,0.0,10kV
TMP00045247,00000败支33#~LINE215_线况诉败支34#,交流线段,482.9916448274141,556.6968891191559,0.6019358764610274,0.009525584576977053,10kV
TMP00045246,00000败支51#~LINE215_线况诉败支52#,交流线段,444.39985360979665,556.6968891191559,0.6019764108634718,0.009525584576977053,10kV
TMP00045245,00000败支65#~LINE215_线况诉败支66#,交流线段,390.25452575725603,556.6968891191559,8.737352586846953,0.009525584576977053,10kV
TMP00045244,00000败支59照3#~LINE215_线况诉败支59照4#,交流线段,417.9578036497245,552.577012988003,0.0,0.5943964776042776,10kV
TMP00045243,00000分7#-LINE215_线海半分8#,交流线段,444.6132672387237,486.4069519750892,0.0,0.5943559432018901,10kV
TMP00045242,00000分9#-LINE215_线海半分10#,交流线段,444.6132672387237,472.2679038482458,0.0,0.5943964776043345,10kV
TMP00045241,00000分15#-LINE215_线海半分16#,交流线段,444.6132672387237,465.3810278022876,0.0,0.5943964776043345,10kV
TMP00045240,00000败支11#-LINE215_线如切败支12#,交流线段,345.5486874108929,488.76179808572914,0.0,0.513895154328111,10kV
TMP00045239,00000争9#-LINE215_线LINE365_争10#,交流线段,441.6305837684539,508.33732026987565,0.5943559432018333,0.0,10kV
TMP00045238,00000争10#-LINE215_线LINE365_争11#,交流线段,442.22493971165574,508.33732026987565,0.5943964776043345,0.0,10kV
TMP00045237,00000争14#-LINE215_线LINE365_争15#,交流线段,506.4432692463475,508.33732026987565,0.5943964776043345,0.0,10kV
TMP00045236,00000示分2#-LINE215_线LINE231_示分3#,交流线段,508.83159677341547,499.19348869520707,0.0,0.5943559432018901,10kV
TMP00045235,00000败支2#~LINE215_线况诉败支3#,交流线段,514.0919893864527,556.7045095868175,0.5943964776042776,0.0,10kV
TMP00045234,00000败支3#~LINE215_线况诉败支4#,交流线段,512.9995467058803,556.7045095868175,1.0924426805723897,0.0,10kV
TMP00045233,00000败支7#~LINE215_线况诉败支8#,交流线段,510.6220013298655,556.7045095868175,0.5943964776043345,0.0,10kV
TMP00045232,00000败支8#~LINE215_线况诉败支9#,交流线段,510.02760485226116,556.7045095868175,0.5943964776043345,0.0,10kV
TMP00045231,00000败支35#~LINE215_线况诉败支36#,交流线段,481.8104318054646,556.6968891191559,0.5943964776043345,0.0,10kV
TMP00045230,00000败支36#~LINE215_线况诉败支37#,交流线段,481.21603532786025,556.6968891191559,0.5943964776043345,0.0,10kV
TMP00045229,00000败支37#~LINE215_线况诉败支38#,交流线段,478.7448554821737,556.6968891191559,2.4711798456865495,0.009525584576977053,10kV
TMP00045228,00000败支70#~LINE215_线况诉败支71#,交流线段,386.2939903621549,556.6968891191559,0.5943964776042776,0.0,10kV
TMP00045227,00000败支71#~LINE215_线况诉败支72#,交流线段,385.526025573237,556.6968891191559,0.7679647889178796,0.009525584576977053,10kV
TMP00045226,00000分11#-LINE215_线海半分12#,交流线段,444.6132672387237,471.07915142743957,0.0,0.5943964776043345,10kV
TMP00045225,00000分12#-LINE215_线海半分13#,交流线段,444.6132672387237,470.48475494983524,0.0,0.5943964776043345,10kV
TMP00045224,00000二支3#-LINE215_线海半二支4#,交流线段,434.07225534582386,484.70649325768744,0.0,0.5943559432018901,10kV
TMP00045223,00000支4#-LINE215_线海半支5#,交流线段,459.34338802217013,492.46372399316556,0.5943559432018901,0.0,10kV
TMP00045222,00000支5#-LINE215_线海半支6#,交流线段,459.937743965372,492.46372399316556,0.5943559432018901,0.0,10kV
TMP00045221,00000支6#-LINE215_线海半支7#,交流线段,460.5320999085739,492.46372399316556,0.5943964776043345,0.0,10kV
TMP00045220,00000败支3照2#~LINE215_线如切败支3照3#,交流线段,352.1439184311853,495.0269574668281,2.039123649915666,0.0,10kV
TMP00045219,00000终端头922060~站外-电缆终端头918510,交流线段,357.8120060641179,522.6408570018826,0.0,3.3121470934264607,10kV
TMP00045218,00000二支2照3#~LINE215_线海半二支2照4#,交流线段,425.4019061262355,486.4069519750892,4.217118162643203,0.0,10kV
TMP00045217,TMP00131368#102,交流线段,385.25253995987117,508.9464712699737,11.404718940417126,0.06100427569521116,10kV
TMP00045216,00000终端头466819-站外-电缆终端头466820,交流线段,328.72597810069226,501.1256825914457,4.535009213898775,9.805920504373262,10kV
TMP00045215,00000终端头198671-站外-电缆终端头198672,交流线段,365.2462586808323,498.25738720490466,9.313549117748892,1.5868002529171576,10kV
TMP00045214,00000终端头506361-站外-电缆终端头506362,交流线段,377.17549278902084,490.8407265188559,3.355681041663388,9.058830932719843,10kV
TMP00045213,00000终端头197688-站外-电缆终端头197689,交流线段,382.933283054587,503.6611094650239,4.53507001550247,9.805961038775706,10kV
TMP00045212,00000终端头584392-站外-电缆终端头584398,交流线段,380.98682104868413,539.3810382686843,8.266829243145992,0.3320578249137043,10kV
TMP00045211,00000终端头584557-站外-电缆终端头584578,交流线段,430.5058359457954,488.9750901114488,2.19465415213665,6.952379640325944,10kV
TMP00045210,00000终端头963363~站外-电缆终端头936663,交流线段,523.6825100761786,513.2022592525592,6.6673822566627905,4.232034822746755,10kV
TMP00045209,00000争3#~LINE365_争3间1#,交流线段,416.39248663010864,508.33732026987565,1.2375963757648378,0.0,10kV
TMP00045208,TMP00131370#~LINE215_线LINE365_争4#,交流线段,417.6300830058735,508.33732026987565,1.8015920515276775,0.0,10kV
TMP00045207,TMP00131370#~LINE365_争3间1照1,交流线段,417.6300830058735,508.33732026987565,0.0,1.53167346557791,10kV
TMP00045206,00000示分5#~LINE215_线LINE231_示分6#,交流线段,504.08672069080444,466.56982075749625,0.0,2.0961555541702523,10kV
TMP00045205,00000示分37白2#~LINE215_线LINE231_示分37白3#,交流线段,499.23167210232,446.9403067492793,1.2315567497989832,0.0015808416957838745,10kV
TMP00045204,00000要败支1#~LINE215_线听统要败支2#,交流线段,506.4874112106213,455.31909201200676,0.8927296796751989,0.0,10kV
TMP00045203,00000示分6白1#~LINE215_线LINE231_示分6白2#,交流线段,500.4131688650867,466.56982075749625,1.2726991682911262,0.0,10kV
TMP00045202,00000示1#环网箱102(1)－LINE215_线LINE231_示分5#,交流线段,504.1801930228663,484.54269373736565,0.0,6.988738999328291,10kV
TMP00045201,00000示1#环网箱102(2)－LINE215_线LINE231_示分5#,交流线段,504.1801930228663,480.2503842581679,0.0,4.2923094791977405,10kV
TMP00045200,00000示1#环网箱102－LINE215_线LINE231_示分5#,交流线段,504.1801930228663,477.37734634653964,0.0,2.8730379116282734,10kV
TMP00045199,TMP00131651#-LINE231_示2#SUB020_开关站101,交流线段,504.08672069080444,428.56606211629764,0.0,3.6502040099035185,10kV
TMP00045198,TMP00131651#-LINE231_示2#SUB020_开关站101,交流线段,503.9762644441138,423.1732436104389,0.11045624669066001,5.39281850585877,10kV
TMP00045197,TMP00131374#-听统要败支3#,交流线段,509.69408778885906,455.31909201200676,3.2278355363193896,0.0,10kV
TMP00045196,00000终端头506372-站外-电缆终端头506373,交流线段,521.4751686560735,455.312971317236,1.626605036128126,0.015078797713385939,10kV
TMP00045195,00000终端头586690-站外-电缆终端头586691,交流线段,486.504599350604,469.85630957416845,1.5341460641277536,9.16697671847055,10kV
TMP00045194,00000示分6白4#-LINE215_线果诉明3#争101,交流线段,475.0134205297498,466.2901333805548,8.074858313117716,0.2796873769414674,10kV
TMP00045193,00000配电站102-亮平SUB020_配电站101,交流线段,465.6687815253177,466.2901333805548,14.179582529298727,0.9089434406573673,10kV
TMP00045192,00000示分6#-LINE215_线LINE231_示分7#,交流线段,504.08672069080444,464.69923915298966,0.0,1.870581604506583,10kV
TMP00045191,00000示分6#-LINE215_线LINE231_示分6白1#数线,交流线段,501.6858680333778,466.56982075749625,2.40085265742664,0.0,10kV
TMP00045190,00000困示分8#,交流线段,504.08672069080444,464.198558213862,0.0,0.5006809391276761,10kV
TMP00045189,00000困示分12#,交流线段,504.08672069080444,462.19599659496095,0.0,0.5006809391277329,10kV
TMP00045188,00000示分20#-LINE215_线LINE231_示分21#,交流线段,504.08672069080444,457.6903545556411,0.0,0.5005188015178419,10kV
TMP00045187,00000困示分22#,交流线段,504.08672069080444,457.18967361651335,0.0,0.5006809391277329,10kV
TMP00045186,00000困示分24#,交流线段,504.08672069080444,453.4485104075002,0.0,1.870581604506583,10kV
TMP00045185,00000示分23#-LINE215_线听统要败支1#数线,交流线段,504.08672069080444,455.31909201200676,2.4006905198168624,0.0,10kV
TMP00045184,00000困示分29#,交流线段,504.08672069080444,450.9454299870813,0.0,0.5005188015178987,10kV
TMP00045183,00000示分35#-LINE215_线LINE231_示分36#,交流线段,504.08672069080444,447.4408255507972,0.0,0.5006809391276761,10kV
TMP00045182,00000示分36#-LINE215_线LINE231_示分37#,交流线段,504.08672069080444,446.9403067492793,0.0,0.5005188015178987,10kV
TMP00045181,00000困示分38#,交流线段,504.08672069080444,446.4396258101516,0.0,0.5006809391276761,10kV
TMP00045180,00000困示分40#,交流线段,504.08672069080444,442.6984626011384,0.0,1.870581604506583,10kV
TMP00045179,00000困示分42#,交流线段,504.08672069080444,438.44153965528415,0.0,2.3865034789574793,10kV
TMP00045178,00000示分44#-LINE215_线LINE231_示分45#,交流线段,504.08672069080444,436.93965897551084,0.0,0.5006809391277329,10kV
TMP00045177,00000困示分46#,交流线段,504.08672069080444,436.43897803638316,0.0,0.5006809391276761,10kV
TMP00045176,00000困示分48#,交流线段,504.08672069080444,435.43777829573753,0.0,0.5006809391277329,10kV
TMP00045175,00000示分51#-LINE215_线LINE231_示分51白1#,交流线段,504.08672069080444,432.5659969505854,1.8705005357016944,0.0,10kV
TMP00045174,00000统要败支5#,交流线段,514.6961141206464,455.31909201200676,0.6404435587934358,0.0,10kV
TMP00045173,00000统要败支7#,交流线段,515.9770823070384,455.31909201200676,0.6405246275984382,0.0,10kV
TMP00045172,00000示分6白2#-LINE215_线LINE231_示分6白3#,交流线段,494.34006148282083,466.56982075749625,3.514170555263604,0.0,10kV
TMP00045171,00000示分6白3#-LINE215_线LINE231_示分6白4#,交流线段,486.504599350604,466.56982075749625,7.835462132216833,0.0,10kV
TMP00045170,00000示分6白4#-LINE215_线LINE231_示分6白5#,交流线段,486.504599350604,466.56982075749625,0.0,0.5005188015178987,10kV
TMP00045169,00000示分8#-LINE215_线LINE231_示分9#,交流线段,504.08672069080444,463.69787727473425,0.0,0.5006809391277329,10kV
TMP00045168,00000示分9#-LINE215_线LINE231_示分10#,交流线段,504.08672069080444,463.19735847321635,0.0,0.5005188015178987,10kV
TMP00045167,00000示分10#-LINE215_线LINE231_示分11#,交流线段,504.08672069080444,462.6966775340887,0.0,0.5006809391276761,10kV
TMP00045166,00000示分12#-LINE215_线LINE231_示分13#,交流线段,504.08672069080444,461.69531565583327,0.0,0.5006809391276761,10kV
TMP00045165,00000示分13#-LINE215_线LINE231_示分14#,交流线段,504.08672069080444,461.19479685431537,0.0,0.5005188015178987,10kV
TMP00045164,00000示分14#-LINE215_线LINE231_示分15#,交流线段,504.08672069080444,460.69411591518764,0.0,0.5006809391277329,10kV
TMP00045163,00000示分15#-LINE215_线LINE231_示分16#,交流线段,504.08672069080444,460.19343497605996,0.0,0.5006809391276761,10kV
TMP00045162,00000示分16#-LINE215_线LINE231_示分17#,交流线段,504.08672069080444,459.69291617454206,0.0,0.5005188015178987,10kV
TMP00045161,00000示分17#-LINE215_线LINE231_示分18#,交流线段,504.08672069080444,459.1922352354144,0.0,0.5006809391276761,10kV
TMP00045160,00000示分18#-LINE215_线LINE231_示分19#,交流线段,504.08672069080444,458.69155429628665,0.0,0.5006809391277329,10kV
TMP00045159,00000示分19#-LINE215_线LINE231_示分20#,交流线段,504.08672069080444,458.1908733571589,0.0,0.5006809391277329,10kV
TMP00045158,00000示分24#-LINE215_线LINE231_示分25#,交流线段,504.08672069080444,452.9479916059823,0.0,0.5005188015178987,10kV
TMP00045157,00000示分25#-LINE215_线LINE231_示分26#,交流线段,504.08672069080444,452.4473106668546,0.0,0.5006809391276761,10kV
TMP00045156,00000示分26#-LINE215_线LINE231_示分27#,交流线段,504.08672069080444,451.9466297277269,0.0,0.5006809391277329,10kV
TMP00045155,00000示分27#-LINE215_线LINE231_示分28#,交流线段,504.08672069080444,451.4459487885992,0.0,0.5006809391276761,10kV
TMP00045154,00000示分40#-LINE215_线LINE231_示分41#,交流线段,504.08672069080444,440.8280431342416,0.0,1.8704194668967489,10kV
TMP00045153,00000示分42#-LINE215_线LINE231_示分43#,交流线段,504.08672069080444,437.9408587161564,0.0,0.5006809391277329,10kV
TMP00045152,00000示分43#-LINE215_线LINE231_示分44#,交流线段,504.08672069080444,437.44033991463857,0.0,0.5005188015178419,10kV
TMP00045151,00000示分46#-LINE215_线LINE231_示分47#,交流线段,504.08672069080444,435.93845923486526,0.0,0.5005188015178987,10kV
TMP00045150,00000要败支5#-LINE215_线听统要败支6#,交流线段,515.3365576794398,455.31909201200676,0.6405246275985519,0.0,10kV
TMP00045149,00000要败支7#-LINE215_线听统要败支8#,交流线段,516.6176069346368,455.31909201200676,0.5005998703227306,0.0,10kV
TMP00045148,00000要败支8#-LINE215_线听统要败支9#,交流线段,517.1182068049595,455.31909201200676,0.5006809391277329,0.0,10kV
TMP00045147,00000要败支9#-LINE215_线听统要败支10#,交流线段,517.6188877440873,455.31909201200676,0.5004377327129532,0.0,10kV
TMP00045146,00000示分22#-LINE215_线LINE231_示分23#,交流线段,504.08672069080444,455.31909201200676,0.0,1.870581604506583,10kV
TMP00045145,00000示分29#-LINE215_线LINE231_示分30#,交流线段,504.08672069080444,450.44474904795356,0.0,0.5006809391277329,10kV
TMP00045144,00000示分30#-LINE215_线LINE231_示分31#,交流线段,504.08672069080444,449.9440681088259,0.0,0.5006809391276761,10kV
TMP00045143,00000示分31#-LINE215_线LINE231_示分32#,交流线段,504.08672069080444,449.44338716969816,0.0,0.5006809391277329,10kV
TMP00045142,00000示分32#-LINE215_线LINE231_示分33#,交流线段,504.08672069080444,448.94286836818026,0.0,0.5005188015178987,10kV
TMP00045141,00000示分33#-LINE215_线LINE231_示分34#,交流线段,504.08672069080444,448.4421874290526,0.0,0.5006809391276761,10kV
TMP00045140,00000示分34#-LINE215_线LINE231_示分35#,交流线段,504.08672069080444,447.94150648992485,0.0,0.5006809391277329,10kV
TMP00045139,00000示分38#-LINE215_线LINE231_示分39#,交流线段,504.08672069080444,444.56904420564496,0.0,1.87058160450664,10kV
TMP00045138,00000示分48#-LINE215_线LINE231_示分49#,交流线段,504.08672069080444,434.93709735660985,0.0,0.5006809391276761,10kV
TMP00045137,00000示分49#-LINE215_线LINE231_示分50#,交流线段,504.08672069080444,434.4364164174821,0.0,0.5006809391277329,10kV
TMP00045136,00000示分50#-LINE215_线LINE231_示分51#,交流线段,504.08672069080444,432.5659969505854,0.0,1.8704194668967489,10kV
TMP00045135,00000败支71#~况诉败支71白1#,交流线段,386.2939903621549,556.6968891191559,0.010701082248147031,0.9895258327384227,10kV
TMP00045134,00000终端头921423~站外-电缆终端头924542,交流线段,400.65978793633315,514.5066968579728,8.953644158348368,0.26720278098525796,10kV
TMP00045133,00000困示分2#,交流线段,508.83159677341547,499.78784463840896,0.0,6.453522749308718,10kV
TMP00045132,00000要败支3#-LINE215_线听统要败支4#,交流线段,514.068236226614,455.31909201200676,0.6278778940323946,0.009971463003978442,10kV
TMP00045131,00000败支57#~LINE215_线况诉败支58#,交流线段,419.4389712498431,556.6857421584807,0.7514267527160996,0.006242297978133138,10kV
TMP00045130,00000败支28#~LINE215_线况诉败支29#,交流线段,494.4873229669409,556.6932004885325,0.5008025423350659,0.01130909828498261,10kV
TMP00045129,00000终端头965085~站外-电缆终端头906632,交流线段,377.8721980984223,540.2505417357527,0.6243108666163266,6.473668347328953,10kV
TMP00045128,00000终端头958070~站外-电缆终端头931877,交流线段,381.2988954131874,508.123055418497,0.23923404329110554,5.343650275680432,10kV
TMP00045127,TMP00131677电缆终端头628161,交流线段,472.26587712812307,548.9881375290144,0.5724673658759798,3.269180626823754,10kV
TMP00045126,00000终端头914654~站外-电缆终端头917633,交流线段,484.21663500401536,493.98112934907925,18.36143576180575,7.966874664976842,10kV
TMP00045125,00000支7白2#~LINE215_线海半支7白2间1#,交流线段,461.12187546429834,494.0717642729693,0.004620921879904927,0.6253647610801636,10kV
TMP00045124,00000支7白2间1#~LINE215_线海半支7白3#,交流线段,461.12187546429834,494.69712903404945,0.004620921879904927,0.692611334753451,10kV
TMP00045123,00000终端头931442~站外-电缆终端头940580,交流线段,465.967236330596,496.1594481370264,2.4884069667300537,3.1902196108408702,10kV
TMP00045122,00000示分37#~LINE215_线LINE231_示分37白1#,交流线段,503.01559910592346,446.92701146527395,1.0711215848809843,0.013295284005323538,10kV
TMP00045121,00000示分37白1#~LINE215_线LINE231_示分37白2#,交流线段,501.67468053830015,446.92701146527395,1.340918567623305,0.014876125701107412,10kV
TMP00045120,00000败支74#~况诉败4#SUB020_开关站101开关,交流线段,376.1200985522925,554.5239614067353,0.025131329522309898,2.225744038819812,10kV
TMP00311536,,其他,310.958148395643,512.4257822391257,0.0051286682147599705,0.0051286682147599705,10kV
TMP00311599,,其他,312.303404144329,506.64663034346563,0.006010611711763354,0.006010611711763354,10kV
TMP00311602,,其他,314.24921759979264,506.64663034346563,0.006010611711763354,0.006010611711763354,10kV
TMP00311605,,其他,308.4118177678043,506.64663034346563,0.006010611711763354,0.006010611711763354,10kV
TMP00311608,,其他,323.5680767242631,506.64663034346563,0.006010612323148248,0.006010612323148248,10kV
TMP00311614,,其他,327.4596631007879,506.64663034346563,0.006010612323148248,0.006010612323148248,10kV
TMP00311617,,其他,329.4054765562515,506.64663034346563,0.006010612323148248,0.006010612323148248,10kV
TMP00311620,,其他,325.5138699125255,506.64663034346563,0.006010612323148248,0.006010612323148248,10kV
TMP00311623,,其他,347.87447035497235,506.64663034346563,0.006010597038525892,0.006010597038525892,10kV
TMP00311626,,其他,351.7660567314971,506.64663034346563,0.006010597038525892,0.006010597038525892,10kV
TMP00311629,,其他,349.8202432760335,506.64663034346563,0.006010597038525892,0.006010597038525892,10kV
TMP00311632,,其他,353.71182965255827,506.64663034346563,0.006010597038525892,0.006010597038525892,10kV
TMP00311646,,其他,367.66944579401184,506.64663034346563,0.006010595815756104,0.006010595815756104,10kV
TMP00311649,,其他,369.61521871507296,506.64663034346563,0.006010595815756104,0.006010595815756104,10kV
TMP00311652,,其他,365.7236323385482,506.64663034346563,0.006010595815756104,0.006010595815756104,10kV
TMP00311655,,其他,363.7778594174871,506.64663034346563,0.006010595815756104,0.006010595815756104,10kV
TMP00311661,,其他,380.8798912950071,506.64663034346563,0.006010597038525892,0.006010597038525892,10kV
TMP00311667,,其他,384.77147767153184,506.64663034346563,0.006010597038525892,0.006010597038525892,10kV
TMP00311673,,其他,382.82570475047066,506.64663034346563,0.006010597038525892,0.006010597038525892,10kV
TMP00311676,,其他,378.9341183739459,506.64663034346563,0.006010597038525892,0.006010597038525892,10kV
TMP00311679,,其他,396.84768952302323,504.1045963622872,0.005838668881036489,0.005838668881036489,10kV
TMP00311688,,其他,400.6279278960033,505.8057036301282,0.005838668881036489,0.005838668881036489,10kV
TMP00311696,,其他,402.5180876168958,504.1045963622872,0.005838668881036489,0.005838668881036489,10kV
TMP00311701,,其他,394.95752980213075,504.1045963622872,0.005838668881036489,0.005838668881036489,10kV
TMP00311708,,其他,398.7378087095133,505.8057036301282,0.005838668881036489,0.005838668881036489,10kV
TMP00311798,,其他,343.0067344985194,464.44849333940124,0.00631350462744431,0.00631350462744431,10kV
TMP00311801,,其他,347.09446684852526,464.44849333940124,0.00631350462744431,0.00631350462744431,10kV
TMP00311807,,其他,352.5734209596015,451.1463184856497,0.00631350462744431,0.00631350462744431,10kV
TMP00311812,,其他,348.4856886095956,451.1463184856497,0.00631350462744431,0.00631350462744431,10kV
TMP00311818,,其他,484.2939746439,489.67965909492665,0.006313504016059416,0.006313504016059416,10kV
TMP00311823,,其他,488.38170699390594,489.67965909492665,0.006313504016059416,0.006313504016059416,10kV
TMP00311836,,其他,392.0426198527661,569.3686324115204,0.006313504016059416,0.006313504016059416,10kV
TMP00311841,,其他,396.13035220277203,569.3686324115204,0.006313504016059416,0.006313504016059416,10kV
TMP00311847,,其他,428.1339653861243,565.3819523268355,0.006313504016059416,0.006313504016059416,10kV
TMP00311852,,其他,432.2216977361302,565.3819523268355,0.006313504016059416,0.006313504016059416,10kV
TMP00311860,,其他,445.2183242641738,550.8247513042634,0.006313504016059416,0.006313504016059416,10kV
TMP00311865,,其他,449.3060566141797,550.8247513042634,0.006313504016059416,0.006313504016059416,10kV
TMP00311871,,其他,456.25596365595584,565.876998984022,0.006313504016059416,0.006313504016059416,10kV
TMP00311876,,其他,460.3436960059617,565.876998984022,0.006313504016059416,0.006313504016059416,10kV
TMP00311882,,其他,461.0010829449816,549.7075015693883,0.006313504016059416,0.006313504016059416,10kV
TMP00311885,,其他,465.08881529498746,549.7075015693883,0.006313504016059416,0.006313504016059416,10kV
TMP00311893,,其他,491.99316011506215,547.1344587703315,0.00631350462744431,0.00631350462744431,10kV
TMP00311898,,其他,496.0808924650681,547.1344587703315,0.00631350462744431,0.00631350462744431,10kV
TMP00311904,,其他,444.2297307226918,448.1117509802371,0.006313516855142195,0.006313516855142195,10kV
TMP00311909,,其他,448.3174225382952,448.1117509802371,0.006313516855142195,0.006313516855142195,10kV
TMP00311915,,其他,434.42814739938126,453.66301846529353,0.00631350462744431,0.00631350462744431,10kV
TMP00311918,,其他,438.5158797493872,453.66301846529353,0.00631350462744431,0.00631350462744431,10kV
TMP00311926,,其他,450.6373279940187,456.8755725318873,0.005834361063071792,0.005834361063071792,10kV
TMP00311935,,其他,458.1922920612449,456.8755725318873,0.005834361063071792,0.005834361063071792,10kV
TMP00311941,,其他,434.1210182319776,461.35328636791553,0.006313504016059416,0.006313504016059416,10kV
TMP00311944,,其他,438.20875058198345,461.35328636791553,0.006313504016059416,0.006313504016059416,10kV
TMP00311954,,其他,433.6886782953895,470.32379283768523,0.006313504016059416,0.006313504016059416,10kV
TMP00311957,,其他,437.77641064539534,470.32379283768523,0.006313504016059416,0.006313504016059416,10kV
TMP00311963,,其他,419.4838428333611,484.0135576477143,0.006313504016059416,0.006313504016059416,10kV
TMP00311968,,其他,415.39611048335524,484.0135576477143,0.006313504016059416,0.006313504016059416,10kV
TMP00311974,,其他,475.0289046714877,489.0860327709689,0.006313504016059416,0.006313504016059416,10kV
TMP00311977,,其他,479.1166370214936,489.0860327709689,0.006313504016059416,0.006313504016059416,10kV
TMP00311993,,其他,462.90133573208544,503.557219791531,0.00631350462744431,0.00631350462744431,10kV
TMP00311996,,其他,466.9890680820913,503.557219791531,0.00631350462744431,0.00631350462744431,10kV
TMP00312795,,其他,410.5216053816922,533.6791044097015,0.0021518240070128427,0.0021518240070128427,10kV
TMP00312796,,其他,411.10319298812067,533.6791044097015,0.0021518240070128427,0.0021518240070128427,10kV
TMP00312797,,其他,413.5831687991401,533.6697409627343,0.0021518240070128427,0.0021518240070128427,10kV
TMP00312798,,其他,414.33848685449186,533.1810582067334,0.0021518240070128427,0.0021518240070128427,10kV
TMP00312799,,其他,411.4926880613136,533.670430047576,0.0021518240070128427,0.0021518240070128427,10kV
TMP00312800,,其他,412.07427566774203,533.670430047576,0.0021518240070128427,0.0021518240070128427,10kV
TMP00312801,,其他,412.6558632741705,533.670430047576,0.0021518240070128427,0.0021518240070128427,10kV
TMP00312802,,其他,414.9535964117509,533.687778771827,0.0021518240070128427,0.0021518240070128427,10kV
TMP00312803,,其他,414.3133555249696,533.1810582067334,0.0021518240070128427,0.0021518240070128427,10kV
TMP00312023,,其他,369.1865674091083,554.04379087525,0.006313504016059416,0.006313504016059416,10kV
TMP00312028,,其他,365.09883505910244,554.04379087525,0.006313504016059416,0.006313504016059416,10kV
TMP00312032,,其他,412.78634351567405,549.3577302106016,0.006313504016059416,0.006313504016059416,10kV
TMP00312039,,其他,408.6986111656681,549.3577302106016,0.006313504016059416,0.006313504016059416,10kV
TMP00312045,,其他,412.5438667201865,565.5408877188628,0.006313504016059416,0.006313504016059416,10kV
TMP00312048,,其他,416.6315990701924,565.5408877188628,0.006313504016059416,0.006313504016059416,10kV
TMP00312056,,其他,421.3501683256099,550.1323021071197,0.006014039746865263,0.006014039746865263,10kV
TMP00312061,,其他,427.19085144419716,550.1323021071197,0.006014039746865263,0.006014039746865263,10kV
TMP00312067,,其他,506.08312108053224,519.1673424522817,0.006014039135480369,0.006014039135480369,10kV
TMP00312074,,其他,511.9238041991195,519.1673424522817,0.006014039135480369,0.006014039135480369,10kV
TMP00312080,,其他,452.3883736456846,486.4326102518434,0.006313504016059416,0.006313504016059416,10kV
TMP00312085,,其他,456.4761059956905,486.4326102518434,0.006313504016059416,0.006313504016059416,10kV
TMP00312094,,其他,371.9290845448306,519.5755644194089,0.005835212110844551,0.005835212110844551,10kV
TMP00312096,,其他,371.9290845448306,520.1422759001363,0.005835212110844551,0.005835212110844551,10kV
TMP00312148,,其他,359.87058622721213,524.0620336863675,0.006313504016059416,0.006313504016059416,10kV
TMP00312156,,其他,363.958318577218,524.0620336863675,0.006313504016059416,0.006313504016059416,10kV
TMP00312169,,其他,333.2144335533711,499.06430555458206,0.006313504016059416,0.006313504016059416,10kV
TMP00312172,,其他,337.30212536897454,499.06430555458206,0.006313504016059416,0.006313504016059416,10kV
TMP00312183,,其他,365.1996035836063,494.6229105431538,0.006313503404674522,0.006313503404674522,10kV
TMP00312186,,其他,369.28733593361216,494.6229105431538,0.006313503404674522,0.006313503404674522,10kV
TMP00312197,,其他,380.4845187334582,486.35052808687146,0.006313504016059416,0.006313504016059416,10kV
TMP00312202,,其他,384.5722510834641,486.35052808687146,0.006313504016059416,0.006313504016059416,10kV
TMP00312211,,其他,387.4779597234713,497.73741189020825,0.006313504016059416,0.006313504016059416,10kV
TMP00312216,,其他,391.56569207347724,497.73741189020825,0.006313504016059416,0.006313504016059416,10kV
TMP00312225,,其他,389.20707626340896,537.0578089919595,0.006313545590232223,0.006313545590232223,10kV
TMP00312230,,其他,393.2948086134149,537.0578089919595,0.006313545590232223,0.006313545590232223,10kV
TMP00312239,,其他,436.741486281907,493.5341159588023,0.006313420256328908,0.006313420256328908,10kV
TMP00312244,,其他,432.653835000706,493.5341159588023,0.006313420256328908,0.006313420256328908,10kV
TMP00312299,,其他,488.0005214732164,474.9634010771199,0.005314356812063654,0.005314356812063654,10kV
TMP00312304,,其他,491.4413247600359,474.9634010771199,0.005314356812063654,0.005314356812063654,10kV
TMP00312316,,其他,525.4039656140521,453.4854372481369,0.006313504016059416,0.006313504016059416,10kV
TMP00312319,,其他,529.4916979640581,453.4854372481369,0.006313504016059416,0.006313504016059416,10kV
TMP00312352,,其他,508.3041225942648,421.2629382915261,0.0025643341073799853,0.0025643341073799853,10kV
TMP00312353,,其他,508.68875353916303,421.2629382915261,0.0025643341073799853,0.0025643341073799853,10kV
TMP00312456,,其他,409.69754097977625,513.2862465344466,0.004705146002524303,0.004705146002524303,10kV
TMP00312499,,其他,471.34943482301145,546.330013019204,0.007083472369685819,0.007083472369685819,10kV
TMP00312504,,其他,475.9356592544125,546.330013019204,0.007083472369685819,0.007083472369685819,10kV
TMP00312513,,其他,484.0888300330738,498.87748249366564,0.006313504016059416,0.006313504016059416,10kV
TMP00312804,,其他,488.1765623830797,498.87748249366564,0.006313504016059416,0.006313504016059416,10kV
TMP00312525,,其他,468.5071625228467,497.5832190232683,0.006313504016059416,0.006313504016059416,10kV
TMP00312805,,其他,472.5948948728526,497.5832190232683,0.006313504016059416,0.006313504016059416,10kV
TMP00312562,,其他,380.6372523619097,559.3334898612625,0.0025643341073799853,0.0025643341073799853,10kV
TMP00131796,故障指示器006,故障指示器,432.9661931060264,484.70649325768744,0.3346316779423843,0.36390632001878426,10kV
TMP00131794,故障指示器005,故障指示器,442.81933618926007,499.5660809225761,0.3346316779423843,0.36390632001878426,10kV
TMP00131784,故障指示器004,故障指示器,442.81933618926007,510.736186741582,0.3346316779423843,0.36390632001878426,10kV
TMP00046306,TMP00131373#环网箱102－LINE215_线LINE365_4#环网箱101种号最间接头,接头,339.2236992517699,508.33732026987565,0.6291836404679574,0.46360899832611785,10kV
TMP00046305,TMP00131371#环网箱102－LINE215_线LINE365_5#环网箱101种号最间接头,接头,359.32856019758003,508.33732026987565,0.6291836404679574,0.46360899832611785,10kV
TMP00046304,00000电站102-假社员教SUB020_开关站101种号最间接头,接头,375.2496627939677,528.8641848796477,0.6291930605601735,0.4636159394466995,10kV
TMP00046303,00000电站102-假社员教SUB020_开关站101,接头,375.2496627939677,534.8336863292379,0.6291930605601735,0.4636159394466995,10kV
TMP00046302,TMP00131373,接头,303.7009703160545,508.33732026987565,0.26450125831044946,0.3471579014554849,10kV
TMP00046301,TMP00131370#环网箱101,接头,309.04575555500367,508.00526244496194,0.26450125831044946,0.3471579014554849,10kV
TMP00046300,00000网箱104,接头,312.8704196330748,508.00526244496194,0.26450125831044946,0.3471579014554849,10kV
TMP00046299,TMP00131370#箱变,接头,317.4054896485774,499.2784893371558,0.26450125831044946,0.3471579014554849,10kV
TMP00046298,00000网箱102,接头,314.78275167211035,508.005262444962,0.26450125831044946,0.3471579014554849,10kV
TMP00046297,TMP00131373#环网箱101,接头,324.2020145114626,508.005262444962,0.26450125831044946,0.3471579014554849,10kV
TMP00046296,TMP00131373#环网箱103,接头,326.114346550498,508.00526244496194,0.2645012583104495,0.347157901455485,10kV
TMP00046295,TMP00131374#箱变,接头,326.0613883536903,521.5752480957356,0.26450125831044946,0.3471579014554849,10kV
TMP00046294,TMP00131373#环网箱102,接头,329.9390106285691,508.00526244496194,0.26450125831044946,0.3471579014554849,10kV
TMP00046293,TMP00131371#环网箱101,接头,348.5083878749706,508.0052624449619,0.26450125831044946,0.3471579014554849,10kV
TMP00046292,TMP00131371#环网箱103,接头,350.4207199140061,508.00526244496194,0.26450125831044946,0.3471579014554849,10kV
TMP00046291,00000败支1#,接头,345.54868741089297,498.9618345851751,0.26450125831044946,0.3471579014554849,10kV
TMP00046290,TMP00131373#,接头,345.17062303919244,486.1908630756,0.26450125831044946,0.3471579014554849,10kV
TMP00046289,00000饭开关站101,接头,345.1706230391925,479.01526048095286,0.26449427562627,0.3471487366825014,10kV
TMP00046288,00000终端头511028,接头,343.0533490613429,468.79422716103505,0.26449427562627,0.3471487366825014,10kV
TMP00046287,00000终端头584386,接头,347.0478522857017,468.79422716103505,0.26449427562627004,0.34714873668250146,10kV
TMP00046286,00000终端头584387,接头,348.53230317241923,455.4198605365106,0.26449427562627,0.3471487366825014,10kV
TMP00046285,00000饭开关站104,接头,352.3330519530416,508.00526244496194,0.26450125831044946,0.3471579014554849,10kV
TMP00046284,TMP00131371#环网箱102,接头,354.2453839920772,508.00526244496194,0.26450125831044946,0.3471579014554849,10kV
TMP00046283,TMP00131372#环网箱101,接头,364.4117769374853,508.00526244496194,0.2644999124416167,0.34715613500264225,10kV
TMP00046282,TMP00131372#环网箱102,接头,370.1487730545919,508.00526244496194,0.2644999124416167,0.34715613500264225,10kV
TMP00046281,TMP00131368#环网箱101,接头,379.56803589394417,508.00526244496194,0.2644999124416167,0.34715613500264225,10kV
TMP00046280,TMP00131366#环网箱103,接头,398.7378087095133,508.005262444962,0.2644999124416167,0.34715613500264225,10kV
TMP00046279,00000明1#争101,接头,398.64336355179245,521.1079269698287,0.26449991244161664,0.3471561350026422,10kV
TMP00046278,00000明1#争102,接头,407.94211761264506,521.9204390670448,0.2644999124416167,0.3471561350026423,10kV
TMP00046277,00000明2#争101,接头,409.31603118386704,535.8356156891277,0.2644999124416167,0.34715613500264225,10kV
TMP00046276,TMP00131366#环网箱102,接头,402.4659198409359,508.00526244496194,0.2644999124416167,0.34715613500264225,10kV
TMP00046275,00000争1#,接头,407.89100373114894,508.33732026987553,0.2644999124416167,0.34715613500264225,10kV
TMP00046274,00000示分4#,接头,508.4165244922733,492.07305342230154,0.2644999124416167,0.34715613500264225,10kV
TMP00046273,00000终端头,接头,496.7852587765335,491.59794969112306,0.2644999124416167,0.34715613500264225,10kV
TMP00046272,00000终端头203162,接头,484.3405892067236,491.7409955973878,0.2644999124416167,0.34715613500264225,10kV
TMP00046271,00000#,接头,510.7409292666693,508.33732026987565,0.2644999124416167,0.34715613500264225,10kV
TMP00046270,00000SUB020_开关站101,接头,517.9647678002383,508.00526244496194,0.2644999124416167,0.34715613500264225,10kV
TMP00046269,TMP00312844,接头,528.1349709794771,508.33732026987565,0.2644999124416167,0.34715613500264225,10kV
TMP00046268,TMP00312846,接头,532.2525366496901,508.00526244496194,0.2644999124416167,0.34715613500264225,10kV
TMP00046267,00000SUB020_开关站102,接头,519.8285396251324,556.7045095868176,0.2644999124416167,0.34715613500264225,10kV
TMP00046266,00000#,接头,516.8321555268326,556.7045095868175,0.2644999124416167,0.34715613500264225,10kV
TMP00046265,00000终端头463511,接头,365.1454901563284,556.6559899070785,0.2644999124416167,0.34715613500264225,10kV
TMP00046264,00000终端头506352,接头,392.08919388118727,572.7031139606997,0.26447578180513254,0.34712446354226384,10kV
TMP00046263,TMP00312852,接头,409.0821882161025,553.2997008493784,0.26449991244161664,0.3471561350026422,10kV
TMP00046262,TMP00312854,接头,408.74526626289423,551.4190667130628,0.2644999124416167,0.3471561350026423,10kV
TMP00046261,00000终端头463831,接头,412.59044074860765,568.9476015732173,0.26447578180513254,0.34712446354226384,10kV
TMP00046260,00000终端头506402,接头,421.400390450252,552.3196600668144,0.2644999124416167,0.34715613500264225,10kV
TMP00046259,00000终端头477979,接头,428.18057994894787,567.9941513586641,0.26447578180513254,0.34712446354226384,10kV
TMP00046258,00000终端头586637,接头,445.2649793613998,554.1592733878451,0.2644999124416167,0.34715613500264225,10kV
TMP00046257,00000终端头506645,接头,456.30257821877956,568.4891980158505,0.26447578180513254,0.34712446354226384,10kV
TMP00046256,00000终端头463712,接头,461.0476975078051,552.3196600668144,0.2644999124416167,0.34715613500264225,10kV
TMP00046255,00000终端头203462,接头,493.5559640017258,550.1078598624392,0.2644999124416167,0.34715613500264225,10kV
TMP00046254,00000终端头573745,接头,506.1333026707718,522.194492162045,0.2644999124416167,0.34715613500264225,10kV
TMP00046253,00000终端头506259,接头,444.27630475111295,451.44623252941636,0.26449291392368623,0.34714694944786056,10kV
TMP00046252,00000终端头203403,接头,434.47480249660725,455.9140559712455,0.26449291392368623,0.34714694944786056,10kV
TMP00046251,00000终端头463823,接头,450.6894552355762,461.1340357850349,0.26449291392368623,0.34714694944786056,10kV
TMP00046250,00000终端头506182,接头,434.1676327948012,465.0489699773739,0.26449291392368623,0.34714694944786056,10kV
TMP00046249,火育象,接头,451.7632926254216,470.48475494983524,0.26449291392368623,0.34714694944786056,10kV
TMP00046248,火育象,接头,456.2609088530553,470.15269712492153,0.26449291392368623,0.34714694944786056,10kV
TMP00046247,00000终端头573374,接头,433.7352928582131,472.9359918695138,0.26449291392368623,0.34714694944786056,10kV
TMP00046246,00000终端头506277,接头,415.4427250461788,486.0748941501755,0.2644999124416167,0.34715613500264225,10kV
TMP00046245,00000终端头479512,接头,475.0755192343113,492.13166616825185,0.2644999124416167,0.34715613500264225,10kV
TMP00046244,00000支8#,接头,464.3773554630923,489.79396610985043,0.2644999124416167,0.34715613500264225,10kV
TMP00046243,00000配电站101,接头,464.0403929754814,483.36545308685675,0.2644999124416167,0.34715613500264225,10kV
TMP00046242,00000终端头506070,接头,462.947950294909,507.32513570616464,0.2644999124416167,0.34715613500264225,10kV
TMP00046241,00000终端头573486,接头,452.43498820850823,488.4939467543046,0.2644999124416167,0.34715613500264225,10kV
TMP00046240,TMP00312874,接头,425.90096568926504,503.2994615263178,0.2644999124416167,0.34715613500264225,10kV
TMP00046239,TMP00312876,接头,425.6500982724692,500.8211070913967,0.2644999124416167,0.34715613500264225,10kV
TMP00046238,TMP00131372#环网箱103,接头,366.32410897652096,508.0052624449619,0.26449991244161664,0.3471561350026422,10kV
TMP00046237,00000员教争101,接头,366.4449825646425,522.2845596043005,0.2644999124416167,0.34715613500264225,10kV
TMP00046236,00000电站102,接头,375.65496628411813,522.8946023612527,0.2644999124416167,0.34715613500264225,10kV
TMP00046235,00000饭开关站101,接头,377.02997428420633,537.9807773358664,0.2644999124416167,0.34715613500264225,10kV
TMP00046234,00000饭开关站104,接头,368.2364410155563,508.00526244496194,0.2644999124416167,0.34715613500264225,10kV
TMP00046233,00000关站101,接头,372.73036861256674,497.7842291250441,0.2644999124416167,0.34715613500264225,10kV
TMP00311352,,接头,303.28589803491235,508.33732026987565,0.5234244400453818,0.11712991190170167,10kV
TMP00311534,,接头,310.9413468858253,506.64663034346563,0.6134343580683074,0.13727198583197245,10kV
TMP00311358,,接头,312.8871603412889,506.64663034346563,0.6134343580683074,0.13727198583197245,10kV
TMP00311364,,接头,314.8329535295512,506.64663034346563,0.6134343580683074,0.13727198583197245,10kV
TMP00311355,,接头,308.99555369756285,506.64663034346563,0.6134343580683074,0.13727198583197245,10kV
TMP00311367,,接头,324.1518126540217,506.64663034346563,0.6134360125681807,0.1372723560696029,10kV
TMP00311611,,接头,328.0434192977476,506.64663034346563,0.6134360125681807,0.1372723560696029,10kV
TMP00311376,,接头,329.98921248601005,506.64663034346563,0.6134360125681807,0.1372723560696029,10kV
TMP00311370,,接头,326.0976058422841,506.64663034346563,0.6134360125681807,0.1372723560696029,10kV
TMP00311379,,接头,348.458206284731,506.64663034346563,0.6134343984219628,0.13727199486215855,10kV
TMP00311397,,接头,352.3497926612557,506.64663034346563,0.6134343984219628,0.13727199486215855,10kV
TMP00311382,,接头,350.4039792057921,506.64663034346563,0.6134343984219628,0.13727199486215855,10kV
TMP00311400,,接头,354.29556558231684,506.64663034346563,0.6134343984219628,0.13727199486215855,10kV
TMP00311385,,接头,345.12044144895276,477.6565878450541,0.6134077650093679,0.13726603493932688,10kV
TMP00311636,,接头,347.066214370014,477.6565878450541,0.6134077650093679,0.13726603493932688,10kV
TMP00311640,,接头,349.0120278254776,477.6565878450541,0.6134077650093679,0.13726603493932688,10kV
TMP00311643,,接头,350.9578007465386,477.6565878450541,0.6134077650093679,0.13726603493932688,10kV
TMP00311528,,接头,368.25318172377035,506.64663034346563,0.6134433972871275,0.13727400859366076,10kV
TMP00311406,,接头,370.1989546448316,506.64663034346563,0.6134433972871275,0.13727400859366076,10kV
TMP00311516,,接头,366.30736826830673,506.64663034346563,0.6134433972871275,0.13727400859366076,10kV
TMP00311403,,接头,364.3615953472457,506.64663034346563,0.6134433972871275,0.13727400859366076,10kV
TMP00311658,,接头,381.4636272247657,506.64663034346563,0.6134434779944383,0.137274026654033,10kV
TMP00311664,,接头,385.3552136012904,506.64663034346563,0.6134434779944383,0.137274026654033,10kV
TMP00311670,,接头,383.4094406802293,506.64663034346563,0.6134434779944383,0.137274026654033,10kV
TMP00311409,,接头,379.51785430370444,506.64663034346563,0.6134434779944383,0.137274026654033,10kV
TMP00311683,,接头,396.84768952302323,504.6716321182342,0.5958964576428234,0.1333474217982417,10kV
TMP00311692,,接头,400.62792789600326,506.37273938607524,0.5958964576428234,0.1333474217982417,10kV
TMP00311424,,接头,402.5180876168958,504.6716321182342,0.5958964576428234,0.1333474217982417,10kV
TMP00311412,,接头,398.7378087095133,506.37273938607524,0.5958964576428234,0.1333474217982417,10kV
TMP00311427,,接头,496.74383261722414,488.88425251554656,0.5958058636863452,0.1333271490304279,10kV
TMP00311722,,接头,498.6337085972996,488.88425251554656,0.5958058636863452,0.1333271490304279,10kV
TMP00311729,,接头,500.5235845773748,490.58511657697284,0.5958058636863452,0.1333271490304279,10kV
TMP00311736,,接头,502.4134605574502,490.58511657697284,0.5958058636863452,0.1333271490304279,10kV
TMP00311436,,接头,521.7184561396101,506.84938342454694,0.5958058636863452,0.1333271490304279,10kV
TMP00311747,,接头,523.6083321196853,506.84938342454694,0.5958058636863452,0.1333271490304279,10kV
TMP00311433,,接头,517.9387041794595,505.1485193631207,0.5958058636863452,0.1333271490304279,10kV
TMP00311442,,接头,519.8285801595349,505.1485193631206,0.5958058636863452,0.1333271490304279,10kV
TMP00311525,,接头,376.9797926939667,536.6221046999676,0.6134434376407829,0.1372740176238469,10kV
TMP00311762,,接头,378.92556561502784,536.6221046999676,0.6134434376407829,0.1372740176238469,10kV
TMP00311766,,接头,380.87137907049146,536.6221046999676,0.6134434376407829,0.1372740176238469,10kV
TMP00311770,,接头,382.8171519915526,536.6221046999676,0.6134434376407829,0.1372740176238469,10kV
TMP00311773,,接头,376.57177339885175,496.42559702354777,0.6134434376407829,0.1372740176238469,10kV
TMP00311531,,接头,372.6801870223271,496.42559702354777,0.6134434376407829,0.1372740176238469,10kV
TMP00311778,,接头,374.6259599433881,496.42559702354777,0.6134434376407829,0.1372740176238469,10kV
TMP00311782,,接头,378.517546319913,496.42559702354777,0.6134434376407829,0.1372740176238469,10kV
TMP00311361,,接头,317.35889535295485,497.2171528346946,0.6443470740550997,0.1441895147495396,10kV
TMP00311786,,接头,321.44658716855827,497.2171528346946,0.6443487689086285,0.14418989401735613,10kV
TMP00311373,,接头,328.01518708643755,519.5655118876,0.644348728554973,0.14418988498717003,10kV
TMP00311794,,接头,332.10287890204097,519.5655118876,0.644348728554973,0.14418988498717003,10kV
TMP00311388,,接头,343.0067344985194,465.06165724534236,0.6443208441790592,0.144183645128569,10kV
TMP00311391,,接头,347.0944668485252,465.06165724534236,0.6443208441790592,0.144183645128569,10kV
TMP00311809,,接头,352.57342095960155,451.75948239159084,0.6443208441790592,0.144183645128569,10kV
TMP00311394,,接头,348.4856886095956,451.75948239159084,0.6443208441790592,0.144183645128569,10kV
TMP00311430,,接头,484.2939746439,490.29282300086777,0.6443516340181652,0.14419053516056984,10kV
TMP00311825,,接头,488.38170699390605,490.29282300086777,0.6443516340181652,0.14419053516056984,10kV
TMP00311439,,接头,532.1093286058156,504.5732145890728,0.6443515936645098,0.14419052613038374,10kV
TMP00311832,,接头,536.1970609558214,504.5732145890728,0.6443515936645098,0.14419052613038374,10kV
TMP00311448,,接头,392.04261985276605,569.981755783059,0.6441872332258747,0.1441537461823634,10kV
TMP00311843,,接头,396.1303522027721,569.981755783059,0.6441872332258747,0.1441537461823634,10kV
TMP00311460,,接头,428.1339653861244,565.9951162327767,0.644358292371314,0.14419202514127777,10kV
TMP00311854,,接头,432.2216977361302,565.9951162327767,0.644358292371314,0.14419202514127777,10kV
TMP00311463,,接头,445.2183242641738,551.4379152102046,0.6443582520176585,0.14419201611109167,10kV
TMP00311867,,接头,449.3060566141796,551.4379152102046,0.6443516340181652,0.14419053516056984,10kV
TMP00311466,,接头,456.25596365595584,566.4901628899631,0.6443516340181652,0.14419053516056984,10kV
TMP00311878,,接头,460.34369600596176,566.4901628899631,0.6443516340181652,0.14419053516056984,10kV
TMP00311469,,接头,461.0010829449816,550.3206654753294,0.6443516340181652,0.14419053516056984,10kV
TMP00311887,,接头,465.0888152949875,550.3206654753294,0.6443516340181652,0.14419053516056984,10kV
TMP00311472,,接头,491.9931601150622,547.7476226762727,0.6443516743718207,0.14419054419075597,10kV
TMP00311900,,接头,496.080892465068,547.7476226762727,0.6443516743718207,0.14419054419075597,10kV
TMP00311478,,接头,444.22973072269184,448.7249148861782,0.644331658958719,0.1441860652184461,10kV
TMP00311911,,接头,448.31742253829526,448.7249148861782,0.644331658958719,0.1441860652184461,10kV
TMP00311481,,接头,434.4281473993813,454.27618237123465,0.6443304079954002,0.14418578528267673,10kV
TMP00311920,,接头,438.5158797493871,454.2761823712347,0.6443304079954002,0.14418578528267673,10kV
TMP00311484,,接头,450.63732799401873,457.44216240940733,0.5954248848252713,0.13324189504337655,10kV
TMP00311937,,接头,458.192292061245,457.44216240940733,0.5954248848252713,0.13324189504337655,10kV
TMP00311487,,接头,434.12101823197753,461.96645027385665,0.6443304079954002,0.14418578528267673,10kV
TMP00311946,,接头,438.20875058198345,461.9664502738567,0.6443304079954002,0.14418578528267673,10kV
TMP00311492,,接头,456.22499537247995,468.3385394086327,0.7042589356873942,0.15759636115940376,10kV
TMP00311495,,接头,433.68867829538954,470.9369567436264,0.6443303272880893,0.1441857672223045,10kV
TMP00311959,,接头,437.77641064539534,470.9369567436264,0.6443303272880893,0.1441857672223045,10kV
TMP00311965,,接头,419.4838428333611,484.62672155365544,0.644358292371314,0.14419202514127777,10kV
TMP00311498,,接头,415.3961104833553,484.62672155365544,0.644358292371314,0.14419202514127777,10kV
TMP00311501,,接头,475.0289046714876,489.6991966769101,0.6443516743718207,0.14419054419075597,10kV
TMP00311979,,接头,479.11663702149366,489.6991966769101,0.6443516743718207,0.14419054419075597,10kV
TMP00311504,,接头,463.993778412658,481.30411658439556,0.6443237092885961,0.1441842862717827,10kV
TMP00311987,,接头,468.0815107626638,481.30411658439556,0.6443237092885961,0.1441842862717827,10kV
TMP00311507,,接头,462.9013357320855,504.1703836974721,0.6443516743718207,0.14419054419075597,10kV
TMP00311998,,接头,466.9890680820913,504.1703836974722,0.6443516743718207,0.14419054419075597,10kV
TMP00311513,,接头,425.62042708987195,498.439751481551,0.7003247771105685,0.15671599025530353,10kV
TMP00311418,,接头,407.99424485420263,518.1676019501245,0.5954568045667298,0.13324903792058843,10kV
TMP00311415,,接头,400.4392807869764,518.1676019501245,0.5954568045667298,0.13324903792058843,10kV
TMP00312012,,接头,413.9763525029564,531.3206102028406,0.4106330272545515,0.0918898825245618,10kV
TMP00311421,,接头,410.06887664066915,531.3206102028406,0.4106330272545515,0.0918898825245618,10kV
TMP00312025,,接头,369.1865674091083,554.6569547811912,0.6443582520176585,0.14419201611109167,10kV
TMP00311445,,接头,365.0988350591025,554.6569547811912,0.6443582520176585,0.14419201611109167,10kV
TMP00312034,,接头,412.78634351567405,549.9708941165428,0.6443583327249693,0.14419203417146387,10kV
TMP00311451,,接头,408.6986111656681,549.9708941165428,0.6443583327249693,0.14419203417146387,10kV
TMP00311454,,接头,412.54386672018654,566.1540516248039,0.644358292371314,0.14419202514127777,10kV
TMP00312050,,接头,416.63159907019235,566.1540516248039,0.644358292371314,0.14419202514127777,10kV
TMP00311457,,接头,421.35016832560984,550.716362312098,0.6137948776260697,0.1373526615146667,10kV
TMP00312063,,接头,427.19085144419716,550.716362312098,0.6137948776260697,0.1373526615146667,10kV
TMP00311475,,接头,506.08312108053224,519.7514431916624,0.6137884613948535,0.13735122571507546,10kV
TMP00312076,,接头,511.92380419911956,519.7514431916624,0.6137884613948535,0.13735122571507546,10kV
TMP00311510,,接头,452.38837364568457,487.04577415778454,0.6443516340181652,0.14419053516056984,10kV
TMP00312087,,接头,456.4761059956906,487.04577415778454,0.6443516340181652,0.14419053516056984,10kV
TMP00311519,,接头,368.1510350295831,519.5755644194089,0.5955436859869069,0.13326847991128027,10kV
TMP00311522,,接头,375.70713406007815,519.5755644194089,0.5955436859869069,0.13326847991128027,10kV
TMP00312098,,接头,371.9290845448305,520.7089468464612,0.5955436859869069,0.13326847991128027,10kV
TMP00312150,,接头,359.87058622721213,524.6751975923086,0.644348728554973,0.14418988498717003,10kV
TMP00312158,,接头,363.95831857721805,524.6751975923086,0.644348728554973,0.14418988498717003,10kV
TMP00046232,00000终端头922060,接头,357.8120060641179,522.6408570018826,0.2538112913454711,0.333127319817062,10kV
TMP00046231,00000终端头918510,接头,357.8120060641179,525.9530040953091,0.26450125831044946,0.3471579014554849,10kV
TMP00046230,00000终端头957286,接头,396.6572589002883,509.00747554566885,0.26450125831044946,0.3471579014554849,10kV
TMP00046229,00000终端头988037,接头,385.25253995987117,508.9464712699737,0.26450125831044946,0.3471579014554849,10kV
TMP00046228,00000终端头466820,接头,333.2609873145911,501.1256825914457,0.26450125831044946,0.3471579014554849,10kV
TMP00312164,,接头,333.2144335533711,499.6774694605232,0.6443487689086285,0.14418989401735613,10kV
TMP00312174,,接头,337.30212536897454,499.6774694605232,0.6443487689086285,0.14418989401735613,10kV
TMP00046227,00000终端头198672,接头,365.2462586808323,499.1131089751383,0.26450125831044946,0.3471579014554849,10kV
TMP00312178,,接头,365.19960358360635,495.23607444909493,0.644348728554973,0.14418988498717003,10kV
TMP00312188,,接头,369.28733593361216,495.2360744490949,0.6443582520176585,0.14419201611109167,10kV
TMP00046226,00000终端头506362,接头,380.5311738306841,490.8407265188559,0.2644999124416167,0.34715613500264225,10kV
TMP00312192,,接头,380.4845187334582,486.9636919928126,0.644358292371314,0.14419202514127777,10kV
TMP00312204,,接头,384.5722510834641,486.9636919928126,0.644358292371314,0.14419202514127777,10kV
TMP00046225,00000终端头197689,接头,387.46835307008945,503.6611094650239,0.2644999124416167,0.34715613500264225,10kV
TMP00312206,,接头,387.4779597234713,498.35057579614937,0.644358292371314,0.14419202514127777,10kV
TMP00312218,,接头,391.56569207347724,498.35057579614937,0.644358292371314,0.14419202514127777,10kV
TMP00046224,00000终端头584398,接头,389.2536502918301,539.3810382686843,0.2644999124416167,0.34715613500264225,10kV
TMP00312220,,接头,389.207076263409,537.6709728979006,0.6443625295051358,0.14419297331081918,10kV
TMP00312232,,接头,393.29480861341483,537.6709728979006,0.6443625295051358,0.14419297331081918,10kV
TMP00046223,00000终端头584578,接头,432.70049009793206,495.59541192686106,0.2644967931926748,0.34715204098840696,10kV
TMP00312241,,接头,436.741486281907,494.147239330341,0.6443497777500147,0.14419011977200885,10kV
TMP00312234,,接头,432.65383500070607,494.147239330341,0.6443497777500147,0.14419011977200885,10kV
TMP00312250,,接头,530.4949244248265,513.9242174946903,0.7042589356873942,0.15759636115940376,10kV
TMP00046222,00000终端头963363,接头,523.6825100761787,513.2022592525592,0.26450125831044946,0.3471579014554849,10kV
TMP00046221,00000终端头936663,接头,530.3498923328414,517.4342940753061,0.26450125831044946,0.3471579014554849,10kV
TMP00046220,00000示1#环网箱102－LINE215_线LINE231_示分5#种号最间接头,接头,504.1801930228663,484.5426937373656,0.5299627116790254,0.39049884025746345,10kV
TMP00046219,00000示1#环网箱102－LINE215_线LINE231_示分5#二号最间接头,接头,504.1801930228663,480.25038425816797,0.5299627116790254,0.39049884025746345,10kV
TMP00046218,TMP00131370#-LINE231_示2#SUB020_开关站101种号最间接头,接头,504.08672069080444,428.56606211629764,0.5299627116790254,0.39049884025746345,10kV
TMP00046217,00000示分5#,接头,504.1801930228663,477.37734634653964,0.22277717110424108,0.2923950370094797,10kV
TMP00046216,TMP00131370#,接头,504.08672069080444,432.2162661262011,0.22278011618192223,0.29239890242393535,10kV
TMP00046215,TMP00131374#,接头,509.69408778885906,455.31909201200676,0.22277717110424108,0.2923950370094797,10kV
TMP00046214,TMP00131373#,接头,512.9219233251785,455.3190920120069,0.22277717110424108,0.2923950370094797,10kV
TMP00046213,00000终端头506373,接头,523.1017736922017,455.31297131723596,0.22277717110424108,0.2923950370094797,10kV
TMP00046212,00000终端头586691,接头,488.03874541473175,478.74359891569753,0.22278307709335432,0.29240278862018915,10kV
TMP00046211,00000示分6白4,接头,483.0882788428675,466.5698207574963,0.22277717110424108,0.2923950370094797,10kV
TMP00046210,00000明3#争101,接头,475.01342052974985,466.2901333805548,0.22277717110424108,0.2923950370094797,10kV
TMP00046209,00000明3#争102,接头,479.84836405461635,466.2901333805548,0.22277717110424108,0.2923950370094797,10kV
TMP00046208,00000电站101,接头,465.66878152531774,466.2901333805548,0.22277717110424108,0.2923950370094797,10kV
TMP00312275,,接头,488.0005214732164,475.4795256235831,0.5423559539617232,0.12136633341269312,10kV
TMP00312306,,接头,491.44132476003585,475.4795256235831,0.5423559539617232,0.12136633341269312,10kV
TMP00312284,,接头,465.6306386526073,464.55574736829794,0.5423559539617232,0.12136633341269312,10kV
TMP00312312,,接头,469.07144193942685,464.55574736829794,0.5423559539617232,0.12136633341269312,10kV
TMP00312272,,接头,525.4039656140521,454.0985606196756,0.6443237496422514,0.1441842953019688,10kV
TMP00312321,,接头,529.491697964058,454.0985606196756,0.6443237496422514,0.1441842953019688,10kV
TMP00312278,,接头,474.9722781112576,463.19500747787396,0.5167000279626829,0.1156251487791219,10kV
TMP00312281,,接头,479.8893443354986,463.19500747787396,0.5167000279626829,0.1156251487791219,10kV
TMP00046207,00000示1#环网箱102,接头,504.1801930228663,491.5314327366939,0.22277717110424108,0.2923950370094797,10kV
TMP00312339,,接头,503.7964538348222,419.155311501461,0.8205919063412077,0.18362890675999324,10kV
TMP00312343,,接头,506.39961369490317,419.155311501461,0.8205919063412077,0.18362890675999324,10kV
TMP00312347,,接头,509.00273302058173,419.1553115014609,0.8205919063412077,0.18362890675999324,10kV
TMP00312350,,接头,511.6058928806627,419.155311501461,0.8205919063412077,0.18362890675999324,10kV
TMP00046206,00000SUB020_开关站101,接头,503.9762644441138,423.1732436104389,0.22278011618192223,0.29239890242393535,10kV
TMP00312362,,接头,357.9612537339583,517.45103478352,0.37916641699309545,0.08484840527246794,10kV
TMP00312371,,接头,354.3527190897788,517.45103478352,0.37916641699309545,0.08484840527246794,10kV
TMP00312378,,接头,355.55557748263936,517.45103478352,0.37916641699309545,0.08484840527246794,10kV
TMP00312384,,接头,356.75839534109764,517.45103478352,0.37916641699309545,0.08484840527246794,10kV
TMP00312391,,接头,358.9977589391424,517.4681403013561,0.37916641699309545,0.08484840527246794,10kV
TMP00312396,,接头,360.20061733200305,517.4681403013561,0.37916641699309545,0.08484840527246794,10kV
TMP00046205,TMP00131374#环网箱101,接头,354.3692165915781,519.7824520095405,0.26450125831044946,0.3471579014554849,10kV
TMP00046204,00000终端头466819,接头,328.72597810069226,509.8524151648494,0.26450125831044946,0.3471579014554849,10kV
TMP00046203,00000终端头510947,接头,347.082955078228,479.01526048095286,0.26449427562627,0.3471487366825014,10kV
TMP00046202,00000终端头506361,接头,377.1754927890209,499.567499626662,0.2644999124416167,0.34715613500264225,10kV
TMP00046201,00000终端头198671,接头,374.55980779858123,498.2573872049047,0.2644999124416167,0.34715613500264225,10kV
TMP00046200,00000终端头506372,接头,521.4751686560735,455.3280501149494,0.22277717110424108,0.2923950370094797,10kV
TMP00046199,00000终端头586690,接头,486.527663425601,469.85630957416845,0.22277717110424108,0.2923950370094797,10kV
TMP00046198,00000终端头203161,接头,500.5414197144553,491.79105558442006,0.2644999124416167,0.34715613500264225,10kV
TMP00046197,00000终端头506051,接头,426.41372588032436,560.5741263172115,0.2644999124416167,0.34715613500264225,10kV
TMP00046196,00000终端头506383,接头,421.75814708632237,553.552432848687,0.2644999124416167,0.3471561350026423,10kV
TMP00046195,00000终端头463830,接头,410.82638355375354,561.3221887145238,0.2644999124416167,0.3471561350026423,10kV
TMP00046194,00000终端头463510,接头,371.47809878311307,556.9509587537456,0.2644999124416167,0.34715613500264225,10kV
TMP00046193,00000终端头506351,接头,390.3577263459073,564.1762159914006,0.26449991244161664,0.3471561350026422,10kV
TMP00046192,00000终端头586715,接头,445.81904410856123,554.897323787751,0.26449991244161664,0.3471561350026422,10kV
TMP00046191,00000终端头506644,接头,454.51075495824347,560.6596133719897,0.2644999124416167,0.34715613500264225,10kV
TMP00046190,00000终端头506054,接头,493.8761047123176,551.278493405348,0.2644999124416167,0.3471561350026423,10kV
TMP00046189,00000终端头573744,接头,504.2962430170958,514.2204834422361,0.26449991244161664,0.3471561350026422,10kV
TMP00046188,00000终端头506181,接头,440.36546453342197,465.4667580634805,0.2644929139236862,0.3471469494478605,10kV
TMP00046187,00000终端头506258,接头,444.6467486551518,452.56992723428186,0.26449291392368623,0.34714694944786056,10kV
TMP00046186,00000终端头203402,接头,441.39832164238504,456.2076871826315,0.26449291392368623,0.34714694944786056,10kV
TMP00046185,00000终端头463822,接头,448.16444570342895,461.4234919529681,0.26449291392368623,0.34714694944786056,10kV
TMP00046184,00000终端头573373,接头,436.23290113430045,472.6352266032956,0.26449291392368623,0.34714694944786056,10kV
TMP00046183,00000终端头584557,接头,430.5058359457954,488.9750901114488,0.2644967931926748,0.3471520409884069,10kV
TMP00046182,00000终端头506276,接头,421.77144237032775,486.3539329766776,0.26449991244161664,0.3471561350026422,10kV
TMP00046181,00000终端头479511,接头,472.1936042885452,492.38622221567107,0.26449991244161664,0.3471561350026422,10kV
TMP00046180,00000终端头463711,接头,461.39483413043223,553.6200847663849,0.2644999124416167,0.34715613500264225,10kV
TMP00046179,00000终端头506069,接头,461.1714085040987,498.777889466833,0.2644999124416167,0.3471561350026423,10kV
TMP00046178,00000终端头573485,接头,452.7610064074561,489.85124122051985,0.2644999124416167,0.34715613500264225,10kV
TMP00046177,00000终端头197688,接头,382.93328305458704,512.38788257283,0.2644999124416167,0.34715613500264225,10kV
TMP00046176,00000终端头584392,接头,380.9868210486841,539.3810382686843,0.2644999124416167,0.34715613500264225,10kV
TMP00312458,,接头,409.69754097977625,513.743190853325,0.4802087419396053,0.10745926887352884,10kV
TMP00046175,00000终端头921423,接头,400.65978793633315,514.5066968579728,0.26450125831044946,0.3471579014554849,10kV
TMP00046174,00000终端头924542,接头,409.61343209468146,514.7738996389581,0.26450125831044946,0.3471579014554849,10kV
TMP00312466,,接头,373.4328703415193,544.4550942336346,0.11535932774360538,0.025814667527707558,10kV
TMP00046173,00000终端头906632,接头,377.8721980984223,546.7242100830817,0.2591562748279603,0.3401426106362735,10kV
TMP00046172,00000终端头965085,接头,378.49650896503863,540.2505417357527,0.2591562748279603,0.3401426106362735,10kV
TMP00046171,00000终端头958070,接头,381.5381294564785,508.123055418497,0.26450125831044946,0.3471579014554849,10kV
TMP00312479,,接头,377.363531882011,512.5063646312068,0.13417143519347954,0.03002436871800364,10kV
TMP00312482,,接头,378.35557084770164,512.5063646312068,0.13417143519347954,0.03002436871800364,10kV
TMP00046170,00000终端头931877,接头,381.2988954131874,513.4667056941773,0.26450125831044946,0.3471579014554849,10kV
TMP00046169,00000终端头584452,接头,355.8996740250824,519.7205559769915,0.26450125831044946,0.3471579014554849,10kV
TMP00312487,,接头,358.4966726559901,531.0839298269041,0.13226530001320538,0.029597821104524056,10kV
TMP00046168,00000终端头584470,接头,355.90794304318325,533.8102332016443,0.26450125831044946,0.3471579014554849,10kV
TMP00046167,TMP00312934,接头,472.26587712812307,548.9881375290144,0.6011455195079995,0.7890034941792929,10kV
TMP00312494,,接头,471.3494348230115,547.0179628976751,0.7229340424770262,0.1617754048678611,10kV
TMP00312506,,接头,475.9356592544125,547.0179628976751,0.7229340424770262,0.1617754048678611,10kV
TMP00046166,TMP00312936,接头,472.83834449399905,552.257318155838,0.6011455195079995,0.7890034941792929,10kV
TMP00312515,,接头,484.0888300330738,499.49064639960676,0.6443516340181652,0.14419053516056984,10kV
TMP00046165,00000终端头914654,接头,502.57807076582105,493.98112934907925,0.26450125831044946,0.3471579014554849,10kV
TMP00046164,00000终端头917633,接头,484.21663500401536,501.9480040140561,0.26450125831044946,0.3471579014554849,10kV
TMP00312527,,接头,468.5071625228467,498.19638292920945,0.6443516340181652,0.14419053516056984,10kV
TMP00046163,00000终端头931442,接头,465.967236330596,496.1594481370264,0.26450125831044946,0.3471579014554849,10kV
TMP00046162,00000终端头940580,接头,468.455643297326,499.3496677478672,0.26450125831044946,0.3471579014554849,10kV
TMP00312534,,接头,379.1984026779544,553.068371014566,0.2802911842282208,0.06272248524090446,10kV
TMP00312538,,接头,377.62862687406846,553.0534543544625,0.2802911842282208,0.06272248524090446,10kV
TMP00312542,,接头,376.02589660098647,553.0757888102153,0.2802911842282208,0.06272248524090446,10kV
TMP00312553,,接头,380.6910415139679,553.0470093844721,0.2802911842282208,0.06272248524090446,10kV
TMP00046161,00000SUB020_开关站101开关,接头,376.12009855229246,554.5239614067353,0.26450125831044946,0.3471579014554849,10kV
TMP00046160,00000败支74#,接头,376.1452298818148,556.7497054455552,0.26450125831044946,0.3471579014554849,10kV
TMP00046409,配变2186,变压器,343.14126818026847,493.6024164269395,1.7459989368144626,0.7145728053410301,10kV
TMP00046408,配变2185,变压器,514.282095733968,499.35319424088095,1.7459882569494387,0.7145683523074264,10kV
TMP00046407,配变2184,变压器,512.0731734721671,496.7860694645827,1.7459882569494387,0.7145684344671711,10kV
TMP00046406,配变2183,变压器,382.72846271898044,562.3685437795048,1.7459847972748532,0.7145669363907053,10kV
TMP00046405,配变2182,变压器,385.4383091263237,561.1329741238626,1.7459847972748532,0.7145669363907053,10kV
TMP00046404,配变2181,变压器,388.40798105340536,551.0786182668409,1.7459847972748532,0.7145669363907053,10kV
TMP00046403,配变2180,变压器,394.7759762135335,559.2975763806871,1.7459847972748532,0.7145669363907053,10kV
TMP00046402,配变2179,变压器,398.35913632177596,551.6392090527975,1.7459847972748532,0.7145669363907053,10kV
TMP00046401,配变2178,变压器,399.1928479114763,562.0764123410094,1.7459847972748532,0.7145669363907053,10kV
TMP00046400,配变2177,变压器,403.8390227241087,559.8856089571059,1.7459882569494387,0.7145684344671711,10kV
TMP00046399,配变2176,变压器,417.95087226690464,545.950651546625,1.7459847972748532,0.7145669363907053,10kV
TMP00046398,配变2175,变压器,420.26619733515054,561.6526251633393,1.7459847972748532,0.7145669363907053,10kV
TMP00046397,配变2174,变压器,436.0970703516729,550.684056393341,1.7459847972748532,0.7145669363907053,10kV
TMP00046396,配变2173,变压器,443.4936665085062,561.1896817528975,1.7459847972748532,0.7145669363907053,10kV
TMP00046395,配变2172,变压器,452.30317033172366,561.1896817528975,1.7459882569494387,0.7145683523074264,10kV
TMP00046394,配变2171,变压器,453.554710541933,554.297090356193,1.7459882569494387,0.7145684344671711,10kV
TMP00046393,配变2170,变压器,463.90164371587707,559.111928817442,1.7459882569494387,0.7145684344671711,10kV
TMP00046392,配变2169,变压器,469.4518978408721,564.8346973592867,1.7459882569494387,0.7145683523074264,10kV
TMP00046391,配变2168,变压器,474.1443629411084,559.8023107600603,1.7459882569494387,0.7145683523074264,10kV
TMP00046390,配变2167,变压器,478.7511788489568,551.0185868168046,1.7459882569494387,0.7145683523074264,10kV
TMP00046389,配变2166,变压器,478.7650821489989,562.0544426948786,1.7459882569494387,0.7145683523074264,10kV
TMP00046388,配变2165,变压器,483.00494011141944,560.3903433364792,1.7459882569494387,0.7145684344671711,10kV
TMP00046387,配变2164,变压器,488.0023455213269,554.0289147495489,1.7459882569494387,0.7145683523074264,10kV
TMP00046386,配变2163,变压器,437.17240751440914,476.70783962118566,1.7459894603145116,0.714568844800199,10kV
TMP00046385,配变2162,变压器,441.6234091792193,480.8236623120931,1.7459894603145116,0.714568844800199,10kV
TMP00046384,配变2161,变压器,427.5700913135688,475.07308717016394,1.7459894603145116,0.714568844800199,10kV
TMP00046383,配变2160,变压器,466.43350356203916,494.5569205359566,1.7459882569494387,0.7145683523074264,10kV
TMP00046382,配变2159,变压器,455.40044455773455,494.8812768244038,1.7459882569494387,0.7145683523074264,10kV
TMP00046381,配变2158,变压器,447.13029149358726,494.87114322379,1.7459882569494387,0.7145684344671711,10kV
TMP00046380,配变2157,变压器,419.67305742402243,512.4079471020453,1.7459847972748532,0.7145669363907053,10kV
TMP00046379,配变2156,变压器,413.9339940523905,503.14770072352525,1.7459847972748535,0.7145669363907053,10kV
TMP00046378,配变2155,变压器,416.4763928431911,502.3574825476594,1.7459882569494387,0.7145684344671711,10kV
TMP00046514,配变2291,变压器,319.40274126075656,497.72812951204594,1.1041359107293773,0.5080671082802538,10kV
TMP00046513,配变2290,变压器,330.0590329942393,520.0764480305488,1.1041412259216532,0.5080695540610162,10kV
TMP00046528,配变2305,变压器,345.05060067352235,464.9594700167527,1.104141355560489,0.5080696137142054,10kV
TMP00046527,配变2304,变压器,350.52955478459864,451.6572951630011,1.104141355560489,0.5080696137142054,10kV
TMP00046510,配变2287,变压器,486.337840818903,490.190635772278,1.104125021067154,0.5080620974123505,10kV
TMP00046520,配变2297,变压器,534.1531947808185,505.08419126642394,1.104125021067154,0.5080620974123505,10kV
TMP00046488,配变2265,变压器,394.08648602776907,569.8795685544693,1.1041304658982658,0.5080646028463022,10kV
TMP00046500,配变2277,变压器,430.1778315611272,565.892929004187,1.1041304658982658,0.5080646028463022,10kV
TMP00046501,配变2278,变压器,431.26849072799166,566.0974655989763,1.1041304658982658,0.5080646028463022,10kV
TMP00046526,配变2303,变压器,447.2621904391767,551.3357279816147,1.1041304658982658,0.5080646028463022,10kV
TMP00046487,配变2264,变压器,458.2998298309588,566.3879756613733,1.104125021067154,0.5080620974123505,10kV
TMP00046506,配变2283,变压器,463.0449491199845,550.2184782467397,1.104125021067154,0.5080620974123505,10kV
TMP00046508,配变2285,变压器,494.0370262900651,547.6454354476831,1.104125021067154,0.5080620974123505,10kV
TMP00046491,配变2268,变压器,446.2735563632923,448.62272765758837,1.1041327993973136,0.5080656766037099,10kV
TMP00046509,配变2286,变压器,436.4720135743842,454.1739546082425,1.1041304658982658,0.5080646028463022,10kV
TMP00046503,配变2280,变压器,452.5260690108252,457.33247631636334,1.0203309500215412,0.46950433386759677,10kV
TMP00046504,配变2281,变压器,456.30355104443834,457.347757786089,1.0203309500215412,0.46950433386759677,10kV
TMP00046505,配变2282,变压器,454.4148100276318,457.34775778608895,1.0203309500215412,0.46950433386759677,10kV
TMP00046492,配变2269,变压器,436.1648844069805,461.8642225108644,1.1041304658982658,0.5080646028463022,10kV
TMP00046518,配变2295,变压器,458.4589273605958,468.8970224056616,1.2068309999655846,0.555322157695643,10kV
TMP00046530,配变2307,变压器,435.73254447039244,470.83476951503667,1.1041304658982658,0.5080646028463022,10kV
TMP00046489,配变2266,变压器,417.4399766583582,484.5245343250657,1.1041304658982658,0.5080646028463022,10kV
TMP00046499,配变2276,变压器,477.0727708464906,489.5970094483203,1.104125021067154,0.5080620974123505,10kV
TMP00046515,配变2292,变压器,466.0376445876608,481.81505272734444,1.104124891428318,0.5080620377591611,10kV
TMP00046493,配变2270,变压器,464.94520190708835,504.06819646888243,1.104125021067154,0.5080620974123505,10kV
TMP00046517,配变2294,变压器,427.8417934132266,498.9951133295908,1.2733153936842074,0.8325995353491592,10kV
TMP00046539,配变2316,变压器,402.328021803783,518.2868541621481,1.020336005936145,0.46950666034198046,10kV
TMP00046540,配变2317,变压器,404.20748044242725,518.286854162148,1.020336005936145,0.46950666034198046,10kV
TMP00046541,配变2318,变压器,406.11478621555835,518.2868541621478,1.020336005936145,0.46950666034198046,10kV
TMP00046537,配变2314,变压器,411.3713685947649,531.6462635921664,0.7036340985350378,0.3237765733875321,10kV
TMP00046538,配变2315,变压器,412.6738605488606,531.6462635921664,0.7036340985350378,0.3237765733875321,10kV
TMP00046553,配变2330,变压器,367.14270123410535,554.5547675526013,1.1041304658982658,0.5080646028463022,10kV
TMP00046550,配变2327,变压器,410.7424773406711,549.8687068879528,1.1041304658982658,0.5080646028463022,10kV
TMP00046556,配变2333,变压器,414.58773289518945,566.0518643962141,1.1041304658982658,0.5080646028463022,10kV
TMP00046554,配变2331,变压器,425.2439840942697,550.6190392118028,1.0517589041146584,0.4839658775961281,10kV
TMP00046555,配变2332,变压器,423.29703567553736,550.6190392118028,1.0517589041146584,0.4839658775961281,10kV
TMP00046557,配变2334,变压器,508.0299884304597,519.6540795569648,1.0517536537418009,0.4839634616419604,10kV
TMP00046558,配变2335,变压器,509.97693684919204,519.6540795569648,1.0517536537418009,0.4839634616419604,10kV
TMP00046559,配变2336,变压器,454.4322398206875,486.9435463947924,1.104125021067154,0.5080620974123505,10kV
TMP00046533,配变2310,变压器,373.81810930245433,520.047790208013,1.020484896139282,0.4695751720299204,10kV
TMP00046534,配变2311,变压器,369.93985874433736,519.2828249648768,1.020484896139282,0.4695751720299204,10kV
TMP00046544,配变2321,变压器,361.9144524022151,524.5730103637188,1.1715696981027786,0.766069735045901,10kV
TMP00046502,配变2279,变压器,335.25827946117283,499.5752416975309,1.1041412259216532,0.5080695540610162,10kV
TMP00046511,配变2288,变压器,367.2434697586092,495.13388722050513,1.1041356514517053,0.5080669889738751,10kV
TMP00046490,配变2267,变压器,382.52838490846113,486.86150476422284,1.1041304658982658,0.5080646028463022,10kV
TMP00046512,配变2289,变压器,389.5218258984743,498.2483885675596,1.1041304658982658,0.5080646028463022,10kV
TMP00046494,配变2271,变压器,391.2509424384119,537.5687856693108,1.104137725673081,0.5080679434249042,10kV
TMP00046529,配变2306,变压器,434.69766064130647,494.04505210175125,1.1041158167097986,0.5080578620359084,10kV
TMP00046542,配变2319,变压器,532.7288564129422,514.4827004917192,1.2068309999655846,0.555322157695643,10kV
TMP00046377,配变2154,变压器,499.5961574491979,440.8370417715867,1.4706132020276752,0.6018676066674719,10kV
TMP00046376,配变2153,变压器,509.20564823927293,440.822206180288,1.4706132020276752,0.601867537465858,10kV
TMP00046375,配变2152,变压器,515.9770823070384,457.34678496043017,1.4706115474006998,0.6018669294898317,10kV
TMP00046374,配变2151,变压器,514.6902771666928,450.5814310530328,1.4706153079165534,0.60186839932821,10kV
TMP00046373,配变2150,变压器,494.3458984367744,470.99277261580744,1.4706153079165534,0.60186839932821,10kV
TMP00046372,配变2149,变压器,497.8601500608429,470.6003996000402,1.4706153079165534,0.60186839932821,10kV
TMP00046525,配变2302,变压器,489.7209231166261,475.39347108717055,0.9293910566971942,0.42765842687405076,10kV
TMP00046524,配变2301,变压器,467.351040296017,464.98585791275104,0.9293910566971942,0.42765842687405076,10kV
TMP00046560,配变2337,变压器,527.447831789055,453.99637339108585,1.104125021067154,0.5080620974123505,10kV
TMP00046535,配变2312,变压器,478.25033577221916,463.60476975229443,0.8854265734276909,0.4074282109516135,10kV
TMP00046536,配变2313,变压器,476.6112866745372,463.6047697522945,0.8854265734276909,0.4074282109516135,10kV
TMP00046370,配变2147,变压器,386.3141359601751,558.6265293480399,0.6309098674597539,0.2582080804302122,10kV
TMP00046516,配变2293,变压器,412.70657181164205,513.6078870179292,0.8228545094728617,0.37863573415257834,10kV
TMP00046545,配变2322,变压器,375.06920363423677,544.4406234519581,0.37059960997172536,0.17053106446265562,10kV
TMP00046546,配变2323,变压器,376.2001945315442,544.4406234519581,0.29894757712457404,0.13756044845669135,10kV
TMP00046369,配变2146,变压器,512.9573909273266,443.9701078749657,3.0890038468131364,1.2642149111272547,10kV
TMP00046548,配变2325,变压器,379.38863062867705,512.507459060073,0.3546884198459134,0.16320954518412906,10kV
TMP00046549,配变2326,变压器,361.0711746935352,531.2519854594839,0.4249111845262491,0.1955224847777834,10kV
TMP00046368,配变2145,变压器,437.2821341418556,567.5294244345141,1.377045550766664,0.5635737619351597,10kV
TMP00046521,配变2298,变压器,473.64254703871194,546.9032910731291,1.2387793243463752,0.5700231493261254,10kV
TMP00046543,配变2320,变压器,486.13269620807677,499.388459171017,1.104125021067154,0.5080620974123505,10kV
TMP00046547,配变2324,变压器,470.5510286978497,498.0941957006197,1.104125021067154,0.5080620974123505,10kV
TMP00048671,开关02442,断路器,300.136334429734,508.3373202698756,0.8982127944598972,0.13900204463719953,10kV
TMP00043952,开关00028,断路器,345.54868741089297,496.6241345267738,1.4573724197721345,0.4060341072090346,10kV
TMP00043951,开关00027,断路器,351.4393899821099,495.0269574668281,1.4573724197721345,0.4060341072090346,10kV
TMP00043950,开关00026,断路器,413.15994910310445,508.3373202698757,1.4573774920152944,0.40603552037130874,10kV
TMP00043949,开关00025,断路器,509.5787268794712,508.3373202698757,1.4573649605910173,0.4060320290292198,10kV
TMP00043948,开关00024,断路器,486.58947838934535,556.7045095868175,1.4573649605910173,0.4060320290292198,10kV
TMP00043947,开关00023,断路器,468.48073409244574,555.9573794807617,1.4573649605910173,0.4060320290292198,10kV
TMP00043946,开关00022,断路器,409.0821882161025,555.9573794807617,1.4573774920152944,0.40603552037130874,10kV
TMP00043945,开关00021,断路器,410.76906790868185,558.2120650829346,1.4573774920152944,0.40603552037130874,10kV
TMP00043944,开关00020,断路器,426.3591665746197,558.2120650829346,1.4573774920152944,0.40603552037130874,10kV
TMP00043943,开关00019,断路器,493.8929264893367,553.164437548385,1.4573649605910173,0.4060320290292198,10kV
TMP00043942,开关00018,断路器,504.35465309103387,512.0656746077129,1.4573649605910173,0.4060320290292198,10kV
TMP00043941,开关00017,断路器,444.6132672387238,503.38405682424195,1.4573774920152944,0.40603552037130874,10kV
TMP00043940,开关00016,断路器,445.3603973447796,470.48475494983535,1.457359291613368,0.40603044961256046,10kV
TMP00043939,开关00015,断路器,444.6132672387237,454.7385988344446,1.457359291613368,0.40603044961256046,10kV
TMP00043938,开关00014,断路器,438.77534045950347,486.4069519750892,1.4573774920152944,0.40603552037130874,10kV
TMP00043937,开关00013,断路器,429.58457004679167,487.49582762824565,1.4573774920152944,0.40603552037130874,10kV
TMP00043936,开关00012,断路器,449.9544043814519,492.46372399316544,1.4573649605910173,0.4060320290292198,10kV
TMP00043935,开关00011,断路器,464.37735546309233,490.9561684970485,1.4573649605910173,0.4060320290292198,10kV
TMP00043955,开关00031,断路器,400.6279278960033,502.97048431599075,0.782625439623642,0.20013703997001342,10kV
TMP00043956,开关00032,断路器,398.7378087095133,502.9704843159908,0.782625439623642,0.20013703997001342,10kV
TMP00043953,开关00029,断路器,500.5235845773749,487.1833479197178,0.7824962545235755,0.20010400408563436,10kV
TMP00043954,开关00030,断路器,502.4134605574502,487.18334791971785,0.7828990423870037,0.20020700708891156,10kV
TMP00043973,开关00049,断路器,521.7184561396101,503.44761476729195,0.7824962545235755,0.20010400408563436,10kV
TMP00043974,开关00050,断路器,523.6083321196854,503.44761476729184,0.7828989775675858,0.20020699051295351,10kV
TMP00043934,开关00010,断路器,504.08672069080455,469.25935942920944,1.2274944809955535,0.3419885122932231,10kV
TMP00043933,开关00009,断路器,501.0566119696619,446.9403067492793,1.2274944809955535,0.3419885122932231,10kV
TMP00043932,开关00008,断路器,499.8078280988194,466.56982075749625,1.2274944809955535,0.3419885122932231,10kV
TMP00043931,开关00007,断路器,484.0671846621626,466.56982075749625,1.2274944809955535,0.3419885122932231,10kV
TMP00043930,开关00006,断路器,417.6180037539418,511.082958554587,1.4573724197721345,0.4060341072090346,10kV
TMP00043957,开关00033,断路器,357.9612537339583,515.2859302107732,0.4980534157931324,0.12736480484422616,10kV
TMP00043958,开关00034,断路器,354.3527190897788,515.2859302107732,0.4980534157931324,0.12736480484422616,10kV
TMP00043959,开关00035,断路器,355.5555774826394,515.2859302107731,0.4980534157931324,0.12736480484422616,10kV
TMP00043960,开关00036,断路器,356.75839534109764,515.2859302107732,0.4980534157931324,0.12736480484422616,10kV
TMP00043961,开关00037,断路器,358.99775893914244,515.3030357286093,0.4980534157931324,0.12736480484422616,10kV
TMP00043962,开关00038,断路器,360.20061733200305,515.3030357286094,0.4980534157931324,0.12736480484422616,10kV
TMP00043929,开关00005,断路器,508.8315967734155,506.9600828776523,1.4573724197721345,0.4060341072090346,10kV
TMP00043928,开关00004,断路器,513.8368253229967,455.3327521056342,0.4692910979591078,0.13074776865254994,10kV
TMP00043927,开关00003,断路器,420.344671938304,556.6837559727603,0.31286073197273856,0.08716517910169998,10kV
TMP00043926,开关00002,断路器,495.1423589106184,556.6897145299214,0.31286073197273856,0.08716517910169998,10kV
TMP00043925,开关00001,断路器,421.7665782420331,555.2803738909535,1.2274944809955535,0.3419885122932231,10kV
TMP00043968,开关00044,断路器,379.2012400861263,551.08157727822,0.6753407466767976,0.1727016413829208,10kV
TMP00043969,开关00045,断路器,377.63150481664275,551.0666606181164,0.6753407466767976,0.1727016413829208,10kV
TMP00043970,开关00046,断路器,376.02877454356076,551.0889950738695,0.6753407466767976,0.1727016413829208,10kV
TMP00043971,开关00047,断路器,374.25292183759217,551.628224229732,0.6753407466767976,0.1727016413829208,10kV
TMP00043972,开关00048,断路器,380.69391945654223,551.0602156481261,0.6753407466767976,0.1727016413829208,10kV
TMP00044443,刀闸0066,熔断器,344.7185428486086,493.6024164269395,2.2104415567765336,0.6699204621254736,10kV
TMP00044442,刀闸0065,熔断器,346.4715341515924,487.6748275494882,2.2104415567765336,0.6699204621254736,10kV
TMP00044441,刀闸0064,熔断器,347.63734410060886,495.02695746682815,2.211289497375347,0.6701774482267666,10kV
TMP00044440,刀闸0063,熔断器,417.4111161638099,505.15824761971,2.2104470306718658,0.669922121103735,10kV
TMP00044439,刀闸0062,熔断器,419.6407109708631,510.48803512975064,2.2104470306718658,0.669922121103735,10kV
TMP00044438,刀闸0061,熔断器,513.1601440084081,500.19760691282943,2.210437109236576,0.6699191142056362,10kV
TMP00044437,刀闸0060,熔断器,512.0731734721671,498.36334413292275,2.210437109236576,0.6699191142056362,10kV
TMP00044436,刀闸0059,熔断器,478.7581507661791,554.2511243438088,2.210437109236576,0.6699191142056362,10kV
TMP00044435,刀闸0058,熔断器,478.758150766179,558.8830715811794,2.210437109236576,0.6699191142056362,10kV
TMP00044434,刀闸0057,熔断器,463.90164371587707,557.5346541491019,2.210437109236576,0.6699191142056362,10kV
TMP00044433,刀闸0056,熔断器,462.2777544847133,555.6175390505765,2.210437109236576,0.6699191142056362,10kV
TMP00044432,刀闸0055,熔断器,454.4811243100487,557.5346541491019,2.210437109236576,0.6699191142056362,10kV
TMP00044431,刀闸0054,熔断器,453.5547105419331,555.8743650245333,2.210437109236576,0.6699191142056362,10kV
TMP00044430,刀闸0053,熔断器,452.2962389489038,557.5346541491017,2.210437109236576,0.6699191142056362,10kV
TMP00044429,刀闸0052,熔断器,443.48673512568644,557.5346541491019,2.2104470306718658,0.669922121103735,10kV
TMP00044428,刀闸0051,熔断器,436.1040017344927,554.1712715709718,2.2104470306718658,0.669922121103735,10kV
TMP00044427,刀闸0050,熔断器,420.2592659523308,559.2305730134285,2.2104470306718658,0.669922121103735,10kV
TMP00044426,刀闸0049,熔断器,403.83902272410876,557.5346541491017,2.2104470306718658,0.669922121103735,10kV
TMP00044425,刀闸0048,熔断器,398.3660677045958,555.0264258595711,2.2104470306718658,0.669922121103735,10kV
TMP00044424,刀闸0047,熔断器,399.1859165286565,559.2075089384314,2.2104470306718658,0.669922121103735,10kV
TMP00044423,刀闸0046,熔断器,390.26782104126136,557.5346541491019,2.2104470306718658,0.669922121103735,10kV
TMP00044422,刀闸0045,熔断器,388.41491243622517,553.8742354697796,2.2104470306718658,0.669922121103735,10kV
TMP00044421,刀闸0044,熔断器,385.4313777435039,558.6879795021621,2.2104470306718658,0.669922121103735,10kV
TMP00044420,刀闸0043,熔断器,383.5431231395268,560.0665545296663,2.2104470306718658,0.669922121103735,10kV
TMP00044419,刀闸0042,熔断器,392.3111602690324,559.3045077635071,2.2104470306718658,0.669922121103735,10kV
TMP00044418,刀闸0041,熔断器,390.26782104126136,561.0611066283093,2.2104470306718658,0.669922121103735,10kV
TMP00044417,刀闸0040,熔断器,417.9578036497245,555.2799685469289,2.2104470306718658,0.669922121103735,10kV
TMP00044416,刀闸0039,熔断器,417.95780364972455,549.3012657879814,2.2104470306718658,0.669922121103735,10kV
TMP00044415,刀闸0038,熔断器,469.44496645805225,558.1290506267061,2.210437109236576,0.6699191142056362,10kV
TMP00044414,刀闸0037,熔断器,469.44496645805225,562.1722762028161,2.210437109236576,0.6699191142056362,10kV
TMP00044413,刀闸0036,熔断器,471.58802031586333,559.8092421428802,2.210437109236576,0.6699191142056362,10kV
TMP00044412,刀闸0035,熔断器,484.0814933062294,558.2284004471242,2.210437109236576,0.6699191142056362,10kV
TMP00044411,刀闸0034,熔断器,490.9333881628687,554.021983366729,2.210437109236576,0.6699191142056362,10kV
TMP00044410,刀闸0033,熔断器,445.443411801008,461.46609360994864,2.2104376224142634,0.6699192697348483,10kV
TMP00044409,刀闸0032,熔断器,443.78312267643946,456.2461137961592,2.2104376224142634,0.6699192697348483,10kV
TMP00044408,刀闸0031,熔断器,443.29666931257344,465.38102780228746,2.2104376224142634,0.6699192697348483,10kV
TMP00044407,刀闸0030,熔断器,435.4967963857124,480.6580387436607,2.2104376224142634,0.6699192697348483,10kV
TMP00044406,刀闸0029,熔断器,437.0690853225506,479.97730398882663,2.2104376224142634,0.6699192697348483,10kV
TMP00044405,刀闸0028,熔断器,439.4915022820834,480.6580387436607,2.2104376224142634,0.6699192697348483,10kV
TMP00044404,刀闸0027,熔断器,430.85033783226294,475.0661557873441,2.2104376224142634,0.6699192697348483,10kV
TMP00044403,刀闸0026,熔断器,424.5717615639512,486.4069519750892,2.2104470306718658,0.669922121103735,10kV
TMP00044402,刀闸0025,熔断器,447.13029149358726,493.2938685554499,2.2104470306718658,0.669922121103735,10kV
TMP00044401,刀闸0024,熔断器,452.8338061942657,491.6748434525808,2.210437109236576,0.6699191142056362,10kV
TMP00044400,刀闸0023,熔断器,458.8016862677577,494.79404679032,2.210437109236576,0.6699191142056362,10kV
TMP00044399,刀闸0022,熔断器,463.6066343348074,494.5388421924615,2.210437109236576,0.6699191142056362,10kV
TMP00044398,刀闸0021,熔断器,461.12649638617825,496.77747617126215,2.210437109236576,0.6699191142056362,10kV
TMP00044397,刀闸0020,熔断器,425.900965689265,505.28637686587103,2.2104470306718658,0.669922121103735,10kV
TMP00044445,刀闸0068,熔断器,394.95752980213075,505.33315356630453,0.7226416101225704,0.049694552100436856,10kV
TMP00044444,刀闸0067,熔断器,494.853956637149,488.97873820766983,0.72254943851829,0.049688213651990304,10kV
TMP00044447,刀闸0070,熔断器,516.0488281993842,505.243005055244,0.72254943851829,0.049688213651990304,10kV
TMP00044396,刀闸0019,熔断器,435.67194553872173,474.610224828527,2.2104415567765336,0.6699204621254736,10kV
TMP00044395,刀闸0018,熔断器,447.13552043150406,555.5157571660113,2.2104415567765336,0.6699204621254736,10kV
TMP00044394,刀闸0017,熔断器,501.7848125097712,440.88207549271453,1.861798557392329,0.5642569223914123,10kV
TMP00044393,刀闸0016,熔断器,506.5911792809067,440.82804313424157,1.861798557392329,0.5642569223914123,10kV
TMP00044392,刀闸0015,熔断器,508.2956509041516,455.31909201200676,1.861799583747704,0.5642572334498364,10kV
TMP00044391,刀闸0014,熔断器,514.6961141206464,452.4074248148386,1.861799583747704,0.5642572334498364,10kV
TMP00044390,刀闸0013,熔断器,515.9770823070384,456.0183915231654,1.861799583747704,0.5642572334498364,10kV
TMP00044389,刀闸0012,熔断器,519.3133473699256,455.32448308753334,1.861799583747704,0.5642572334498364,10kV
TMP00044388,刀闸0011,熔断器,497.85423203808443,468.2659422938353,1.861799583747704,0.5642572334498364,10kV
TMP00044387,刀闸0010,熔断器,494.34006148282083,468.63123832876244,1.861799583747704,0.5642572334498364,10kV
TMP00044386,刀闸0009,熔断器,486.504599350604,467.7696390701727,1.861799583747704,0.5642572334498364,10kV
TMP00044446,刀闸0069,熔断器,353.1499012313206,516.4286355503903,0.4608056541162485,0.03168864104403247,10kV
TMP00044385,刀闸0008,熔断器,507.9949261723358,445.5383839059607,3.9106801461477922,1.1852132632507772,10kV
TMP00044384,刀闸0007,熔断器,469.684078898136,492.50685259737793,2.2104415567765336,0.6699204621254736,10kV
TMP00044383,刀闸0006,熔断器,436.82393325650105,565.531564806298,1.7433634763319095,0.5283626984556444,10kV
TMP00044382,刀闸0005,熔断器,463.39188307059936,495.46918779761523,2.210437109236576,0.6699191142056362,10kV
TMP00000284,站房000085,站房,308.01229043000376,504.0963273441863,7.803946634307806,3.3351300996185955,10kV
TMP00000279,站房000080,站房,323.1685493864626,504.0963273441863,7.803946634307863,3.3351300996185955,10kV
TMP00000278,站房000079,站房,347.4749227499706,504.0963273441863,7.803926367106612,3.3351300996185955,10kV
TMP00000282,站房000083,站房,344.1371579141924,475.1063253801773,7.803926367106612,3.3350895652160943,10kV
TMP00000276,站房000077,站房,363.3783118124853,504.0963273441863,7.803926367106612,3.3351300996185955,10kV
TMP00000275,站房000076,站房,378.53457076894415,504.0963273441863,7.803926367106612,3.3351300996185955,10kV
TMP00000280,站房000081,站房,394.00209340185717,501.6266472713906,9.471430615312215,5.74254933024298,10kV
TMP00000281,站房000082,站房,493.89868237448525,485.8397135471299,9.470092980031154,5.327477049100821,10kV
TMP00000285,站房000086,站房,515.093513402318,502.103980394704,9.470092980031154,5.327477049100878,10kV
TMP00000283,站房000084,站房,375.99650915920637,534.0718017006883,7.803926367106612,3.3350895652160943,10kV
TMP00000277,站房000078,站房,371.6969034875667,493.8752940242685,7.8039263671065555,3.3350895652160943,10kV
TMP00000227,站房000028,站房,316.32658545842486,494.5394096740959,6.15231160466351,4.082219671271957,10kV
TMP00000228,站房000029,站房,326.98287719190756,516.8877687270012,6.15231160466351,4.082260205674515,10kV
TMP00000262,站房000063,站房,341.9744448711906,461.77075017880253,6.152311604663453,4.082219671271957,10kV
TMP00000263,站房000064,站房,347.45339898226683,448.46857532505095,6.15231160466351,4.082219671271957,10kV
TMP00000231,站房000032,站房,483.2616850165712,487.00191593432794,6.15231160466351,4.082260205674402,10kV
TMP00000270,站房000071,站房,531.0770389784867,501.8954714284741,6.15231160466351,4.082260205674402,10kV
TMP00000250,站房000051,站房,391.0103302254373,566.6908892509217,6.15231160466351,4.082260205674402,10kV
TMP00000238,站房000039,站房,427.1016757587955,562.7042091662369,6.152311604663453,4.082260205674402,10kV
TMP00000264,站房000065,站房,444.186034636845,548.1470081436647,6.152311604663453,4.082260205674402,10kV
TMP00000251,站房000052,站房,455.22367402862704,563.1992558234233,6.152311604663453,4.0822196712719006,10kV
TMP00000235,站房000036,站房,459.9687933176528,547.0297584087896,6.152311604663453,4.082219671272014,10kV
TMP00000233,站房000034,站房,490.96087048773336,544.4567156097329,6.15231160466351,4.0822196712719006,10kV
TMP00000247,站房000048,站房,443.19740056096055,445.4339672852359,6.15231160466351,4.082219671271957,10kV
TMP00000232,站房000033,站房,433.39585777205247,450.9852753046948,6.15231160466351,4.082219671271957,10kV
TMP00000236,站房000037,站房,449.6825806785868,454.3994474891012,9.464458698089913,4.082219671271957,10kV
TMP00000246,站房000047,站房,433.0887286046488,458.6755432073168,6.152311604663453,4.082219671271957,10kV
TMP00000272,站房000073,站房,455.09384233756276,465.41361746186163,4.496238057950279,4.082219671271957,10kV
TMP00000260,站房000061,站房,432.6563886680607,467.6460496770866,6.152311604663453,4.082219671271957,10kV
TMP00000249,站房000050,站房,414.36382085602645,481.3358144871156,6.152311604663453,4.082219671271957,10kV
TMP00000239,站房000040,站房,473.9966150441589,486.4082896103702,6.15231160466351,4.082219671271957,10kV
TMP00000226,站房000027,站房,462.9614887853291,478.62637342379685,6.152311604663453,4.082260205674402,10kV
TMP00000245,站房000046,站房,461.86904610475665,500.8794766309323,6.152311604663453,4.082219671271957,10kV
TMP00000273,站房000074,站房,424.4829912225741,495.5312054333719,4.496238057950279,4.082219671271957,10kV
TMP00000200,站房000001,站房,399.4845334715446,515.6914769073384,9.464458698089857,4.082219671272014,10kV
TMP00000201,站房000002,站房,408.28195804283024,529.6066535294212,7.808385151376683,4.082260205674402,10kV
TMP00000209,站房000010,站房,364.06654543177365,551.3660477146512,6.152311604663453,4.082260205674515,10kV
TMP00000212,站房000013,站房,407.66632153833933,546.6799870500029,6.15231160466351,4.082260205674515,10kV
TMP00000207,站房000008,站房,411.5115770928577,562.863144558264,6.15231160466351,4.0822196712719006,10kV
TMP00000208,站房000009,站房,420.36631730921516,547.5805804037545,7.808385151376683,4.082260205674402,10kV
TMP00000206,站房000007,站房,505.0992700641375,516.6156207489165,7.808385151376683,4.082260205674402,10kV
TMP00000205,站房000006,站房,451.35608401835583,483.7548670912447,6.152311604663453,4.082260205674402,10kV
TMP00000203,站房000004,站房,367.19616611094386,517.0990745670007,9.465836867773419,4.331263039957207,10kV
TMP00000221,站房000022,站房,358.83829659988334,521.3842905257687,6.152311604663453,4.0822196712719006,10kV
TMP00000237,站房000038,站房,332.1821236588411,496.38656239398335,6.15231160466351,4.082219671271957,10kV
TMP00000230,站房000031,站房,364.16731395627744,491.9451673825551,6.15231160466351,4.082260205674402,10kV
TMP00000248,站房000049,站房,379.4522291061294,483.67278492627275,6.15231160466351,4.082260205674402,10kV
TMP00000229,站房000030,站房,386.4456700961425,495.05966872960954,6.15231160466351,4.082260205674402,10kV
TMP00000244,站房000045,站房,388.17478663608017,534.3800252969584,6.152352139065954,4.0822196712719006,10kV
TMP00000261,站房000062,站房,431.6215453733772,490.8563727982036,6.152230535858564,4.082179136869513,10kV
TMP00000223,站房000024,站房,529.3637713899092,510.99929554791925,4.496238057950222,4.082219671272014,10kV
TMP00000265,站房000066,站房,487.1299641116842,472.7060807387874,5.181958544286317,3.438371222672174,10kV
TMP00000266,站房000067,站房,464.7600407566726,462.2984675643679,5.181958544286374,3.438371222672174,10kV
TMP00000204,站房000005,站房,524.3716759867234,450.8076940875382,6.152311604663396,4.082219671271957,10kV
TMP00000202,站房000003,站房,474.14241728979056,461.04352246435224,6.5768284015777,3.438371222672174,10kV
TMP00000274,站房000075,站房,502.4845173649543,415.75046222961936,10.433352519978598,4.7079087075717325,10kV
TMP00000215,站房000016,站房,352.5380749606605,514.4231959889149,9.470092980031211,4.105689090293595,10kV
TMP00000216,站房000017,站房,408.9255632850153,511.28534682604624,4.630325861272354,2.85090612788764,10kV
TMP00000220,站房000021,站房,372.7250180714426,542.8507425844545,4.209376091774175,3.291271876161886,10kV
TMP00000218,站房000019,站房,376.3508609054705,510.16530021740175,4.130090800571679,2.5181592181322685,10kV
TMP00000217,站房000018,站房,356.4689391731644,527.9514312051596,7.069159253799626,4.881801294105003,10kV
TMP00000269,站房000070,站房,470.19250190813267,543.3282378453777,6.900090261158596,4.318048824756829,10kV
TMP00000222,站房000023,站房,483.056540405745,496.19973933306693,6.15231160466351,4.082260205674402,10kV
TMP00000219,站房000020,站房,467.47487289551793,494.9054758626696,6.152311604663453,4.082260205674402,10kV
TMP00000213,站房000014,站房,373.410941229791,549.0213757390277,8.34789804805655,5.148274455846035,10kV
TMP00000198,,站房,295.6310572000363,507.6650572051547,1.3076195560063297,1.4414438857124878,10kV
TMP00044020,开关00106,负荷开关,310.9413468858252,505.4791584839484,1.0597338949783957,0.18888775458922474,10kV
TMP00044019,开关00105,负荷开关,312.88716034128885,505.4791584839484,1.0597338949783957,0.18888775458922474,10kV
TMP00044018,开关00104,负荷开关,314.8329535295512,505.4791584839483,1.0597338949783957,0.18888775458922474,10kV
TMP00044017,开关00103,负荷开关,308.99555369756285,505.4791584839484,1.0597338949783957,0.18888775458922474,10kV
TMP00044016,开关00102,负荷开关,324.15181265402174,505.4791584839484,1.0597339751367596,0.18888776887671097,10kV
TMP00044015,开关00101,负荷开关,328.0434192977477,505.47915848394837,1.0597339751367596,0.18888776887671097,10kV
TMP00044014,开关00100,负荷开关,329.98921248601005,505.4791584839485,1.0597339751367596,0.18888776887671097,10kV
TMP00044013,开关00099,负荷开关,326.0976058422841,505.4791584839485,1.0597339751367596,0.18888776887671097,10kV
TMP00044012,开关00098,负荷开关,348.458206284731,505.4791584839485,1.0597312497523754,0.1888872831021791,10kV
TMP00044011,开关00097,负荷开关,352.3497926612557,505.4791584839484,1.0597312497523754,0.1888872831021791,10kV
TMP00044010,开关00096,负荷开关,350.4039792057921,505.47915848394837,1.0597312497523754,0.1888872831021791,10kV
TMP00044009,开关00095,负荷开关,354.29556558231684,505.4791584839485,1.0597312497523754,0.1888872831021791,10kV
TMP00044008,开关00094,负荷开关,345.12044144895276,476.48911598553696,1.0597122522200495,0.1888838969679422,10kV
TMP00044007,开关00093,负荷开关,347.06621437001394,476.4891159855369,1.0597122522200495,0.1888838969679422,10kV
TMP00044006,开关00092,负荷开关,349.01202782547756,476.48911598553684,1.0597122522200495,0.1888838969679422,10kV
TMP00044005,开关00091,负荷开关,350.9578007465387,476.489115985537,1.0597122522200495,0.1888838969679422,10kV
TMP00044004,开关00090,负荷开关,368.2531817237704,505.4791584839484,1.0597376624215151,0.18888842610107764,10kV
TMP00044003,开关00089,负荷开关,370.19895464483153,505.4791584839485,1.0597376624215151,0.18888842610107764,10kV
TMP00044002,开关00088,负荷开关,366.3073682683068,505.4791584839485,1.0597376624215151,0.18888842610107764,10kV
TMP00044001,开关00087,负荷开关,364.36159534724567,505.4791584839484,1.0597376624215151,0.18888842610107764,10kV
TMP00044000,开关00086,负荷开关,381.4636272247657,505.4791584839483,1.0597378227382435,0.1888884546760501,10kV
TMP00043999,开关00085,负荷开关,385.3552136012904,505.4791584839485,1.0597378227382435,0.1888884546760501,10kV
TMP00043998,开关00084,负荷开关,383.40944068022924,505.4791584839485,1.0597378227382435,0.1888884546760501,10kV
TMP00043997,开关00083,负荷开关,379.5178543037045,505.4791584839484,1.0597378227382435,0.1888884546760501,10kV
TMP00043996,开关00082,负荷开关,396.84768952302323,502.97048431599075,1.0294248952401963,0.18348545602019525,10kV
TMP00043995,开关00081,负荷开关,402.5180876168958,502.9704843159908,1.0294248952401963,0.18348545602019525,10kV
TMP00043994,开关00080,负荷开关,394.95752980213075,502.9704843159907,1.0294248952401963,0.18348545602019525,10kV
TMP00043993,开关00079,负荷开关,494.853956637149,487.1833479197179,1.0292665023124479,0.18345722394740133,10kV
TMP00043992,开关00078,负荷开关,496.74383261722426,487.1833479197178,1.0292665023124479,0.18345722394740133,10kV
TMP00043991,开关00077,负荷开关,498.6337085972996,487.1833479197178,1.0292665023124479,0.18345722394740133,10kV
TMP00043978,开关00064,负荷开关,516.0488281993842,503.4476147672919,1.0292665023124479,0.18345722394740133,10kV
TMP00043977,开关00063,负荷开关,517.9387041794595,503.447614767292,1.0292665023124479,0.18345722394740133,10kV
TMP00043976,开关00062,负荷开关,519.8285801595348,503.4476147672918,1.0292665023124479,0.18345722394740133,10kV
TMP00043990,开关00076,负荷开关,376.9797926939667,535.4546328404505,1.0597377425798793,0.18888844038856387,10kV
TMP00043989,开关00075,负荷开关,378.92556561502784,535.4546328404506,1.0597377425798793,0.18888844038856387,10kV
TMP00043988,开关00074,负荷开关,380.87137907049146,535.4546328404505,1.0597377425798793,0.18888844038856387,10kV
TMP00043987,开关00073,负荷开关,382.81715199155263,535.4546328404506,1.0597377425798793,0.18888844038856387,10kV
TMP00043986,开关00072,负荷开关,376.57177339885186,495.2581251640306,1.0597377425798793,0.18888844038856387,10kV
TMP00043985,开关00071,负荷开关,372.6801870223271,495.2581251640306,1.0597377425798793,0.18888844038856387,10kV
TMP00043984,开关00070,负荷开关,374.62595994338824,495.25812516403073,1.0597377425798793,0.18888844038856387,10kV
TMP00043983,开关00069,负荷开关,378.517546319913,495.2581251640305,1.0597377425798793,0.18888844038856387,10kV
TMP00044046,开关00127,负荷开关,317.3588953529549,495.9908250228125,1.1131369202474501,0.19840634937905074,10kV
TMP00044045,开关00126,负荷开关,321.4465871685583,495.9908250228124,1.1131369202474501,0.19840634937905074,10kV
TMP00044044,开关00125,负荷开关,319.4027412607566,495.9908250228123,1.1131369202474501,0.19840634937905074,10kV
TMP00044043,开关00124,负荷开关,328.0151870864376,518.3391840757179,1.1131369202474501,0.19840634937905074,10kV
TMP00044042,开关00123,负荷开关,330.0590329942393,518.3391840757176,1.1131369202474501,0.19840634937905074,10kV
TMP00044041,开关00122,负荷开关,332.102878902041,518.3391840757179,1.1131369202474501,0.19840634937905074,10kV
TMP00044157,开关00193,负荷开关,343.0067344985194,463.222165527519,1.1131172012898458,0.19840283465743772,10kV
TMP00044156,开关00192,负荷开关,347.09446684852526,463.22216552751894,1.1131172012898458,0.19840283465743772,10kV
TMP00044155,开关00191,负荷开关,345.05060067352235,463.22216552751894,1.1131172012898458,0.19840283465743772,10kV
TMP00044154,开关00190,负荷开关,352.5734209596015,449.9199906737674,1.1131172012898458,0.19840283465743772,10kV
TMP00044153,开关00189,负荷开关,348.4856886095956,449.9199906737674,1.1131172012898458,0.19840283465743772,10kV
TMP00044152,开关00188,负荷开关,350.5295547845986,449.9199906737674,1.1131172012898458,0.19840283465743772,10kV
TMP00044034,开关00115,负荷开关,484.2939746439,488.4533312830444,1.1131301869448536,0.19840514923020727,10kV
TMP00044033,开关00114,负荷开关,486.33784081890303,488.45333128304446,1.1131301869448536,0.19840514923020727,10kV
TMP00044032,开关00113,负荷开关,488.38170699390594,488.4533312830444,1.1131301869448536,0.19840514923020727,10kV
TMP00044172,开关00205,负荷开关,532.1093286058156,503.3469273115931,1.1131302671032177,0.1984051635176935,10kV
TMP00044171,开关00204,负荷开关,534.1531947808185,503.346927311593,1.1131302671032177,0.1984051635176935,10kV
TMP00044170,开关00203,负荷开关,536.1970609558215,503.34692731159294,1.1131302671032177,0.1984051635176935,10kV
TMP00044084,开关00144,负荷开关,392.0426198527661,568.1423045996382,1.1131039751597454,0.1984004772222095,10kV
TMP00044083,开关00143,负荷开关,394.08648602776907,568.1423045996381,1.1131039751597454,0.1984004772222095,10kV
TMP00044082,开关00142,负荷开关,396.13035220277203,568.142304599638,1.1131039751597454,0.1984004772222095,10kV
TMP00044121,开关00169,负荷开关,428.13396538612426,564.1556650493558,1.1131438940251395,0.1984075923903529,10kV
TMP00044120,开关00168,负荷开关,430.17783156112716,564.1556650493558,1.1131438940251395,0.1984075923903529,10kV
TMP00044119,开关00167,负荷开关,432.2216977361302,564.1556650493558,1.1131438940251395,0.1984075923903529,10kV
TMP00044118,开关00166,负荷开关,431.2504123844966,564.1410321300694,1.1131438940251395,0.1855239825081728,10kV
TMP00044151,开关00187,负荷开关,445.2183242641738,549.5984234923811,1.1131438138667753,0.19840757810286666,10kV
TMP00044150,开关00186,负荷开关,447.2621904391767,549.5984234923811,1.1131438138667753,0.19840757810286666,10kV
TMP00044149,开关00185,负荷开关,449.3060566141797,549.598423492381,1.1131301869448536,0.19840514923020727,10kV
TMP00044081,开关00141,负荷开关,456.25596365595584,564.6507117065421,1.1131301869448536,0.19840514923020727,10kV
TMP00044080,开关00140,负荷开关,458.29982983095874,564.6507117065421,1.1131301869448536,0.19840514923020727,10kV
TMP00044079,开关00139,负荷开关,460.34369600596165,564.6507117065421,1.1131301869448536,0.19840514923020727,10kV
TMP00044057,开关00138,负荷开关,461.0010829449816,548.4811737575061,1.1131302671032177,0.1984051635176935,10kV
TMP00044056,开关00137,负荷开关,465.08881529498746,548.481173757506,1.1131302671032177,0.1984051635176935,10kV
TMP00044055,开关00136,负荷开关,463.0449491199845,548.4811737575061,1.1131302671032177,0.1984051635176935,10kV
TMP00044028,开关00109,负荷开关,491.99316011506215,545.9081714928518,1.1131302671032177,0.1984051635176935,10kV
TMP00044027,开关00108,负荷开关,494.0370262900651,545.9081714928518,1.1131302671032177,0.1984051635176935,10kV
TMP00044026,开关00107,负荷开关,496.0808924650681,545.9081714928518,1.1131302671032177,0.1984051635176935,10kV
TMP00044093,开关00153,负荷开关,444.2297307226918,446.88542316835486,1.1131261790266413,0.19840443485589568,10kV
TMP00044092,开关00152,负荷开关,446.2735563632923,446.88542316835486,1.1131261790266413,0.19840443485589568,10kV
TMP00044091,开关00151,负荷开关,448.3174225382952,446.88542316835486,1.1131261790266413,0.19840443485589568,10kV
TMP00044031,开关00112,负荷开关,434.42814739938126,452.43669065341123,1.1131240147508068,0.19840404909376744,10kV
TMP00044030,开关00111,负荷开关,438.5158797493872,452.43669065341123,1.1131240147508068,0.19840404909376744,10kV
TMP00044029,开关00110,负荷开关,436.4720135743842,452.4366906534113,1.1131240147508068,0.19840404909376744,10kV
TMP00044054,开关00135,负荷开关,450.6373279940187,455.7423117080424,1.0286343734520105,0.18334455283097778,10kV
TMP00044053,开关00134,负荷开关,452.5260690108252,455.7423117080424,1.0286343734520105,0.18334455283097778,10kV
TMP00044052,开关00133,负荷开关,456.30355104443834,455.74231170804245,1.0286343734520105,0.18334455283097778,10kV
TMP00044051,开关00132,负荷开关,454.4148100276318,455.7423117080425,1.0286343734520105,0.18334455283097778,10kV
TMP00044050,开关00131,负荷开关,458.1922920612449,455.74231170804234,1.0286343734520105,0.18334455283097778,10kV
TMP00044096,开关00156,负荷开关,434.1210182319776,460.1269585560333,1.1131239345924424,0.1984040348062812,10kV
TMP00044095,开关00155,负荷开关,438.20875058198345,460.12695855603323,1.1131239345924424,0.1984040348062812,10kV
TMP00044094,开关00154,负荷开关,436.1648844069805,460.1269585560333,1.1131239345924424,0.1984040348062812,10kV
TMP00044166,开关00202,负荷开关,456.22499537248,466.99814778824134,1.2166520691414735,0.21685696621145845,10kV
TMP00044165,开关00201,负荷开关,458.4589273605958,466.99814778824134,1.2166520691414735,0.21685696621145845,10kV
TMP00044127,开关00175,负荷开关,435.73254447039244,469.09746502580305,1.113123854434078,0.19840402051879494,10kV
TMP00044126,开关00174,负荷开关,433.6886782953895,469.097465025803,1.113123854434078,0.19840402051879494,10kV
TMP00044125,开关00173,负荷开关,437.77641064539534,469.09746502580293,1.113123854434078,0.19840402051879494,10kV
TMP00044087,开关00147,负荷开关,419.4838428333611,482.787229835832,1.1131438940251395,0.1984075923903529,10kV
TMP00044086,开关00146,负荷开关,415.39611048335524,482.78722983583214,1.1131438940251395,0.1984075923903529,10kV
TMP00044085,开关00145,负荷开关,417.4399766583582,482.7872298358321,1.1131438940251395,0.1984075923903529,10kV
TMP00044117,开关00165,负荷开关,475.0289046714877,487.8597454934892,1.1131302671032177,0.1984051635176935,10kV
TMP00044116,开关00164,负荷开关,479.1166370214936,487.8597454934891,1.1131302671032177,0.1984051635176935,10kV
TMP00044115,开关00163,负荷开关,477.07277084649064,487.8597454934892,1.1131302671032177,0.1984051635176935,10kV
TMP00044049,开关00130,负荷开关,463.9937784126579,480.0777887725133,1.1131102275121565,0.19840159164613555,10kV
TMP00044048,开关00129,负荷开关,466.0376445876608,480.07778877251326,1.1131102275121565,0.19840159164613555,10kV
TMP00044047,开关00128,负荷开关,468.08151076266375,480.07778877251326,1.1131102275121565,0.19840159164613555,10kV
TMP00044099,开关00159,负荷开关,464.94520190708835,502.33089197964875,1.1131302671032177,0.1984051635176935,10kV
TMP00044098,开关00158,负荷开关,462.90133573208544,502.33089197964887,1.1131302671032177,0.1984051635176935,10kV
TMP00044097,开关00157,负荷开关,466.9890680820913,502.33089197964875,1.1131302671032177,0.1984051635176935,10kV
TMP00044164,开关00200,负荷开关,425.62042708987195,497.10693979441874,1.2098272256929112,0.21564050105871532,10kV
TMP00044163,开关00199,负荷开关,427.8417934132266,497.10693979441874,1.2098272256929112,0.21564050105871532,10kV
TMP00044206,开关00239,负荷开关,407.99424485420263,517.0343411262796,1.0286653947389734,0.18335008208814949,10kV
TMP00044205,开关00238,负荷开关,402.328021803783,517.0343411262797,1.0286653947389734,0.18335008208814949,10kV
TMP00044204,开关00237,负荷开关,404.2167628205895,517.0343411262797,1.0286653947389734,0.18335008208814949,10kV
TMP00044203,开关00236,负荷开关,406.1055038373961,517.0343411262796,1.0286653947389734,0.18335008208814949,10kV
TMP00044202,开关00235,负荷开关,400.4392807869764,517.0343411262796,1.0286653947389734,0.18335008208814949,10kV
TMP00044201,开关00234,负荷开关,413.97635250295633,530.5391069235027,0.7093780371690527,0.12644006691746482,10kV
TMP00044200,开关00233,负荷开关,411.3713685947649,530.5391069235027,0.7093780371690527,0.12644006691746482,10kV
TMP00044199,开关00232,负荷开关,410.06887664066915,530.5391069235027,0.7093780371690527,0.12644006691746482,10kV
TMP00044198,开关00231,负荷开关,412.6738605488606,530.5391069235027,0.7093780371690527,0.12644006691746482,10kV
TMP00044215,开关00242,负荷开关,367.14270123410535,552.8175035977702,1.1131438940251395,0.1984075923903529,10kV
TMP00044214,开关00241,负荷开关,369.1865674091083,552.8175035977703,1.1131438940251395,0.1984075923903529,10kV
TMP00044213,开关00240,负荷开关,365.09883505910244,552.8175035977702,1.1131438940251395,0.1984075923903529,10kV
TMP00044235,开关00262,负荷开关,412.78634351567405,548.1314429331219,1.1131438138667753,0.19840757810286666,10kV
TMP00044234,开关00261,负荷开关,410.74247734067103,548.1314429331219,1.1131438138667753,0.19840757810286666,10kV
TMP00044233,开关00260,负荷开关,408.6986111656681,548.1314429331219,1.1131438138667753,0.19840757810286666,10kV
TMP00044222,开关00249,负荷开关,414.58773289518945,564.3146004413829,1.1131438940251395,0.1984075923903529,10kV
TMP00044221,开关00248,负荷开关,412.5438667201865,564.3146004413829,1.1131438940251395,0.1984075923903529,10kV
TMP00044220,开关00247,负荷开关,416.6315990701924,564.3146004413829,1.1131438940251395,0.1984075923903529,10kV
TMP00044219,开关00246,负荷开关,425.24398409426976,548.9641411627608,1.0603448620306724,0.1889966538092831,10kV
TMP00044218,开关00245,负荷开关,421.35016832560996,548.9641411627608,1.0603448620306724,0.1889966538092831,10kV
TMP00044217,开关00244,负荷开关,423.29703567553736,548.9641411627608,1.0603448620306724,0.1889966538092831,10kV
TMP00044216,开关00243,负荷开关,427.19085144419716,548.9641411627608,1.0603448620306724,0.1889966538092831,10kV
TMP00044226,开关00253,负荷开关,506.08312108053224,517.9992220423254,1.060331716058936,0.18899431066154107,10kV
TMP00044225,开关00252,负荷开关,508.0299884304597,517.9992220423253,1.060331716058936,0.18899431066154107,10kV
TMP00044224,开关00251,负荷开关,509.97693684919204,517.9992220423254,1.060331716058936,0.18899431066154107,10kV
TMP00044223,开关00250,负荷开关,511.9238041991195,517.9992220423253,1.060331716058936,0.18899431066154107,10kV
TMP00044229,开关00256,负荷开关,452.3883736456846,485.2062824399612,1.113130347261582,0.19840517780517974,10kV
TMP00044228,开关00255,负荷开关,454.43223982068764,485.2062824399612,1.113130347261582,0.19840517780517974,10kV
TMP00044227,开关00254,负荷开关,456.47610599569055,485.20628243996117,1.113130347261582,0.19840517780517974,10kV
TMP00044193,开关00226,负荷开关,373.81810930245433,518.4421414579542,1.0288154511968404,0.18337682826237528,10kV
TMP00044192,开关00225,负荷开关,368.15103502958306,518.4421414579542,1.0288154511968404,0.18337682826237528,10kV
TMP00044191,开关00224,负荷开关,375.7071340600781,518.4421414579542,1.0288154511968404,0.18337682826237528,10kV
TMP00044190,开关00223,负荷开关,371.9290845448306,518.4421414579542,1.0288154511968404,0.18337682826237528,10kV
TMP00044179,开关00212,负荷开关,359.87058622721213,522.8357464088876,1.1131369202474501,0.19840634937905074,10kV
TMP00044178,开关00211,负荷开关,361.91445240221503,522.8357464088876,1.1131369202474501,0.19840634937905074,10kV
TMP00044177,开关00210,负荷开关,363.95831857721794,522.8357464088876,1.1131369202474501,0.19840634937905074,10kV
TMP00044124,开关00172,负荷开关,333.2144335533711,497.8379777426999,1.1131370004058143,0.19840636366653694,10kV
TMP00044123,开关00171,负荷开关,337.30212536897454,497.8379777426999,1.1131370004058143,0.19840636366653694,10kV
TMP00044122,开关00170,负荷开关,335.25827946117283,497.83797774269976,1.1131370004058143,0.19840636366653694,10kV
TMP00044037,开关00118,负荷开关,365.1996035836063,493.396623265674,1.1131368400890858,0.1984063350915645,10kV
TMP00044036,开关00117,负荷开关,369.28733593361216,493.39662326567407,1.113143733708411,0.1984075638153804,10kV
TMP00044035,开关00116,负荷开关,367.2434697586092,493.396623265674,1.1131403670571125,0.19840696374095868,10kV
TMP00044090,开关00150,负荷开关,380.4845187334582,485.1242408093917,1.1131438940251395,0.1984075923903529,10kV
TMP00044089,开关00149,负荷开关,382.52838490846113,485.12424080939167,1.1131438940251395,0.1984075923903529,10kV
TMP00044088,开关00148,负荷开关,384.5722510834641,485.1242408093916,1.1131438940251395,0.1984075923903529,10kV
TMP00044040,开关00121,负荷开关,387.47795972347126,496.511084078326,1.1131438138667753,0.19840757810286666,10kV
TMP00044039,开关00120,负荷开关,389.5218258984743,496.511084078326,1.1131438138667753,0.19840757810286666,10kV
TMP00044038,开关00119,负荷开关,391.5656920734772,496.51108407832606,1.1131438138667753,0.19840757810286666,10kV
TMP00044102,开关00162,负荷开关,389.2070762634089,535.8314811800772,1.113151188436286,0.1984088925516,10kV
TMP00044101,开关00161,负荷开关,391.2509424384119,535.8314811800773,1.113151188436286,0.1984088925516,10kV
TMP00044100,开关00160,负荷开关,393.29480861341483,535.8314811800774,1.113151188436286,0.1984088925516,10kV
TMP00044160,开关00196,负荷开关,436.741486281907,492.30778814692013,1.1131291448861185,0.19840496349288625,10kV
TMP00044159,开关00195,负荷开关,432.653835000706,492.3077881469201,1.1131291448861185,0.19840496349288625,10kV
TMP00044158,开关00194,负荷开关,434.69766064130647,492.30778814692,1.1131291448861185,0.19840496349288625,10kV
TMP00044174,开关00207,负荷开关,530.4949244248264,512.5838258742989,1.2166520691414735,0.21685696621145845,10kV
TMP00044173,开关00206,负荷开关,532.7288564129422,512.5838258742989,1.2166520691414735,0.21685696621145845,10kV
TMP00044148,开关00184,负荷开关,488.0005214732164,473.93115198419366,0.9369543665636939,0.16700344047822832,10kV
TMP00044147,开关00183,负荷开关,489.7209231166261,473.93115198419355,0.9369543665636939,0.16700344047822832,10kV
TMP00044146,开关00182,负荷开关,491.4413247600359,473.9311519841936,0.9369543665636939,0.16700344047822832,10kV
TMP00044145,开关00181,负荷开关,465.63063865260733,463.5234982753716,0.9369543665636939,0.16700344047822832,10kV
TMP00044144,开关00180,负荷开关,467.351040296017,463.52349827537165,0.9369543665636939,0.16700344047822832,10kV
TMP00044143,开关00179,负荷开关,469.0714419394268,463.52349827537165,0.9369543665636939,0.16700344047822832,10kV
TMP00044232,开关00259,负荷开关,525.4039656140521,452.2591094362547,1.1131103878288848,0.198401620221108,10kV
TMP00044231,开关00258,负荷开关,529.4916979640581,452.2591094362547,1.1131103878288848,0.198401620221108,10kV
TMP00044230,开关00257,负荷开关,527.447831789055,452.2591094362547,1.1131103878288848,0.198401620221108,10kV
TMP00044197,开关00230,负荷开关,478.25033577221916,462.2116023399061,0.892632161746518,0.15910341785365165,10kV
TMP00044196,开关00229,负荷开关,474.97227811125765,462.21160233990634,0.892632161746518,0.15910341785365165,10kV
TMP00044195,开关00228,负荷开关,479.8893443354987,462.2116023399062,0.892632161746518,0.15910341785365165,10kV
TMP00044194,开关00227,负荷开关,476.6112866745372,462.2116023399062,0.892632161746518,0.15910341785365165,10kV
TMP00043982,开关00068,负荷开关,503.79645383482216,417.5934399060538,1.417717542570945,0.25269502516331116,10kV
TMP00043981,开关00067,负荷开关,506.3996136949031,417.5934399060538,1.417717542570945,0.25269502516331116,10kV
TMP00043980,开关00066,负荷开关,509.0027330205817,417.5934399060538,1.417717542570945,0.25269502516331116,10kV
TMP00043979,开关00065,负荷开关,511.6058928806627,417.59343990605385,1.417717542570945,0.25269502516331116,10kV
TMP00043975,开关00061,负荷开关,353.1499012313206,515.2859302107734,0.6550903441130062,0.11676378828584219,10kV
TMP00044162,开关00198,负荷开关,409.69754097977625,512.3723173622872,0.829571656753205,0.14786346672262518,10kV
TMP00044161,开关00197,负荷开关,412.70657181164205,512.313177669105,0.829571656753205,0.14786346672262518,10kV
TMP00044182,开关00215,负荷开关,373.4288574356762,543.5086564707062,0.2291493771741796,0.038191562897492815,10kV
TMP00044181,开关00214,负荷开关,375.0677443957484,543.5086564707061,0.2291493771741796,0.038191562897492815,10kV
TMP00044180,开关00213,负荷开关,376.19715445136,543.5086564707061,0.30138581051854807,0.0502309684659617,10kV
TMP00044187,开关00220,负荷开关,379.38615803012726,510.8074056866959,0.6263126496861647,0.11163443071004082,10kV
TMP00044186,开关00219,负荷开关,377.3659639461582,510.80740568669586,0.6263126496861647,0.11163443071004082,10kV
TMP00044185,开关00218,负荷开关,378.3556113821041,510.807405686696,0.6263126496861647,0.11163443071004082,10kV
TMP00044189,开关00222,负荷开关,358.49667265599015,529.8425232173086,0.2627313431224645,0.04378855722735521,10kV
TMP00044188,开关00221,负荷开关,360.7916899886061,529.7608463963612,0.2627313431224645,0.04378855722735521,10kV
TMP00044136,开关00178,负荷开关,471.34943482301145,544.9541537966643,1.2488828656624509,0.222601807262894,10kV
TMP00044135,开关00177,负荷开关,473.64254703871194,544.9541537966641,1.2488828656624509,0.222601807262894,10kV
TMP00044134,开关00176,负荷开关,475.9356592544125,544.9541537966642,1.2488828656624509,0.222601807262894,10kV
TMP00044176,开关00209,负荷开关,484.0888300330738,497.65115468178334,1.1131301869448536,0.19840514923020727,10kV
TMP00044175,开关00208,负荷开关,486.13269620807677,497.6511546817834,1.1131301869448536,0.19840514923020727,10kV
TMP00044184,开关00217,负荷开关,468.50716252284667,496.3568912113861,1.1131301869448536,0.19840514923020727,10kV
TMP00044183,开关00216,负荷开关,470.5510286978497,496.35689121138614,1.1131301869448536,0.19840514923020727,10kV
TMP00044584,TMP00131370#SUB020_开关LINE370_线,母线,308.0226672370323,504.11708095824343,7.7831727530494845,0.0,10kV
TMP00044589,TMP00131373#环网箱母线,母线,323.1789261934911,504.11708095824343,7.783172753049541,0.0,10kV
TMP00044590,TMP00131371#环网箱母线,母线,347.48529955699917,504.11708095824343,7.7831727530494845,0.0,10kV
TMP00044586,00000饭开关LINE370_线,母线,344.147534721221,475.12707899423435,7.7831727530494845,0.0,10kV
TMP00044592,TMP00131372#环网箱103母线,母线,363.38868861951386,504.11708095824343,7.7831727530494845,0.0,10kV
TMP00044593,TMP00131368#环网箱母线,母线,378.5449475759727,504.11708095824343,7.783172753049541,0.0,10kV
TMP00044588,TMP00131366#环网箱母线,母线,394.0124702088857,501.6474008854477,9.450677001255087,0.0,10kV
TMP00044587,00000示1#SUB020_开关LINE370_线,母线,493.90901864711134,485.86046716118705,9.449379900376528,0.0,10kV
TMP00044600,00000SUB020_开关LINE370_线,母线,515.103930743749,502.12473400876115,9.449298831571696,0.0,10kV
TMP00044585,00000饭开关LINE370_线,母线,376.0068859662349,534.0925958491479,7.7831727530494845,0.0,10kV
TMP00044591,00000关LINE370_线,母线,371.70728029459525,493.89608817272807,7.7831727530494845,0.0,10kV
TMP00044545,TMP00131370#箱变母线,母线,316.3369622654534,494.5601227537506,6.131557990606382,0.0,10kV
TMP00044544,TMP00131374#箱变母线,母线,326.9932539989361,516.9084818066559,6.131557990606382,0.0,10kV
TMP00044559,00000饭配电LINE370_线,母线,341.98482167821913,461.79150379285966,6.131557990606382,0.0,10kV
TMP00044558,00000饭配电LINE370_线,母线,347.46377578929537,448.4893289391081,6.131557990606382,0.0,10kV
TMP00044541,00000律母线,母线,483.2720618235998,487.022669548385,6.131557990606325,0.0,10kV
TMP00044551,00000形导真个行者劳母线,母线,531.0874157855153,501.91622504253115,6.131557990606439,0.0,10kV
TMP00044522,TMP00132364母线,母线,391.0207070324659,566.7116023305764,6.131557990606325,0.0,10kV
TMP00044534,TMP00132363母线,母线,427.11205256582406,562.7249627802939,6.131557990606382,0.0,10kV
TMP00044557,00000饭配电站8112480550母线,母线,444.19641144387356,548.1677212233193,6.131557990606382,0.0,10kV
TMP00044521,TMP00132362母,母线,455.2340508356556,563.2200094374804,6.131557990606382,0.0,10kV
TMP00044537,TMP00132361母线,母线,459.97917012468133,547.0504714884443,6.131557990606382,0.0,10kV
TMP00044539,00000北助个行者劳变电所母线,母线,490.97124729476195,544.47746922379,6.131557990606325,0.0,10kV
TMP00044525,00000饭配电LINE370_线,母线,443.2077773679891,445.454720899293,6.131557990606382,0.0,10kV
TMP00044540,00000饭配电LINE370_线,母线,433.40623457908106,451.0059883843495,6.131557990606325,0.0,10kV
TMP00044536,TMP00132360母线,母线,449.6929574856154,454.4202011031583,9.443705084032786,0.0,10kV
TMP00044526,TMP00132359母线,母线,433.09910541167733,458.69625628697145,6.131557990606382,0.0,10kV
TMP00044549,00000儿最界（急书）SUB020_配电LINE370_线,母线,455.10798884401964,465.43437107591876,4.467945045036515,0.0,10kV
TMP00044561,00000工开SUB020_配电LINE370_线,母线,432.6667654750892,467.6667627567412,6.131557990606382,0.0,10kV
TMP00044523,00000容母线,母线,414.374197663055,481.35652756677024,6.131557990606382,0.0,10kV
TMP00044533,00000母线,母线,474.0069918511874,486.42904322442735,6.131557990606382,0.0,10kV
TMP00044546,00000配电LINE370_线,母线,462.97186559235763,478.6470865034515,6.131557990606382,0.0,10kV
TMP00044527,00000母线,母线,461.8794229117852,500.9002302449894,6.131557990606382,0.0,10kV
TMP00044548,00000书SUB020_配电LINE370_线,母线,424.5097439281946,495.55195904742897,4.442732646709317,0.0,10kV
TMP00044567,00000配电LINE370_线,母线,399.4949102785731,515.7122305213954,9.443705084032786,0.0,10kV
TMP00044566,00000配电LINE370_线,母线,409.4176509308225,529.6273666090759,5.209967816382971,0.0,10kV
TMP00044578,00000线,母线,364.0769222388022,551.3868013287084,6.131557990606382,0.0,10kV
TMP00044575,00000电所1母线,母线,407.6766983453679,546.70074066406,6.131557990606382,0.0,10kV
TMP00044580,00000电所2母线,母线,411.5219538998863,562.8838981723211,6.131557990606325,0.0,10kV
TMP00044579,00000母线,母线,420.37669411624375,547.6013340178116,7.787631537319555,0.0,10kV
TMP00044581,00000二角变母线,母线,505.1096468711661,516.6363743629736,7.787631537319498,0.0,10kV
TMP00044582,00000线,母线,451.36646082538437,483.77558017089933,6.131557990606382,0.0,10kV
TMP00044564,00000员教母线,母线,367.20654291797246,517.1198281810578,9.445083253716234,0.0,10kV
TMP00044570,00000)织始速常个行者劳(著长2)母线,母线,358.84867340691187,521.4050441398258,6.131557990606382,0.0,10kV
TMP00044535,00000书箱变母线,母线,332.19250046586967,496.407275473638,6.131557990606382,0.0,10kV
TMP00044542,TMP00132358母线,母线,364.17769076330603,491.96592099661217,6.131557990606382,0.0,10kV
TMP00044524,00000书箱变母线,母线,379.462605913158,483.6935385403298,6.131557990606382,0.0,10kV
TMP00044543,00000最路箱变母线,母线,386.4560469031711,495.0804223436666,6.131557990606325,0.0,10kV
TMP00044528,00000变母线,母线,388.1851634431087,534.4007789110154,6.131557990606382,0.0,10kV
TMP00044560,00000母线,母线,431.63192218040575,490.87712641226074,6.131476921801493,0.0,10kV
TMP00044568,00000助个行者劳母线1,母线,529.3779178963661,511.0200491619764,4.467945045036458,0.0,10kV
TMP00044556,00000#SUB020_配电站8079706104母线,母线,487.14034091871275,472.726874887247,5.161164395826802,0.0,10kV
TMP00044555,00000电LINE370_线,母线,464.77045809810363,462.31922117842504,5.161164395826802,0.0,10kV
TMP00044583,00000度所母线,母线,524.3820527937519,450.8284071671929,6.131557990606439,0.0,10kV
TMP00044565,00000明3#配电LINE370_线,母线,474.1527940968191,461.06427607840936,6.5560342531181846,0.0,10kV
TMP00044594,00000示2#环网箱母线,母线,502.49485363758043,415.77121584367643,10.412639440323858,0.0,10kV
TMP00044597,00000饭开关LINE370_线,母线,352.5484923020915,514.443949602972,9.449339365974083,0.0,10kV
TMP00044547,00000范波金客个行者劳提刻行县三街分者劳1#变母线,母线,408.93594009204384,511.3061004401033,4.609572247215283,0.0,10kV
TMP00044571,00000书箱变母线,母线,372.7354354128736,542.871455664109,4.188622477717104,0.0,10kV
TMP00044573,00000变母线,母线,376.7232504608272,510.1860538314588,3.3852711554557686,0.0,10kV
TMP00044574,00000书SUB020_配电LINE370_线,母线,356.479315980193,527.9721848192167,7.048405639742498,0.0,10kV
TMP00044552,00000线,母线,470.2028787151612,543.3489914594348,6.879336647101525,0.0,10kV
TMP00044569,00000范波金客个行者劳提刻行县三街分者劳母线,母线,483.0669172127736,496.22049294712406,6.131557990606325,0.0,10kV
TMP00044572,00000如个SUB010_开广最界导较所母线,母线,467.48524970254647,494.92622947672675,6.131557990606382,0.0,10kV
TMP00044599,00000SUB020_开关LINE370_线,母线,373.4213180368195,549.0421293530848,8.327144433999422,0.0,10kV
TMP00131880,00000次母线,母线,296.28487711164007,507.80923807468815,0.0,1.1531226810480462,10kV
TMP00045909,CT005,电流互感器,396.2806132326738,504.1045963622872,0.0029003322836194004,0.003851260900967238,10kV
TMP00045910,CT006,电流互感器,400.0608921400563,505.8057036301282,0.0029003322836194004,0.003851260900967238,10kV
TMP00045911,CT007,电流互感器,401.9510518609488,504.1045963622872,0.0029003322836194004,0.003851260900967238,10kV
TMP00045912,CT008,电流互感器,398.17077295356626,505.8057036301282,0.0029003322836194004,0.003851260900967238,10kV
TMP00045905,CT001,电流互感器,496.74383261722426,488.31729782840443,0.0028821837588743006,0.003827162040241591,10kV
TMP00045906,CT002,电流互感器,498.6337085972996,488.31729782840443,0.0028821837588743006,0.003827162040241591,10kV
TMP00045907,CT003,电流互感器,500.5235845773749,490.01816188983076,0.003338627315066683,0.003364191077045682,10kV
TMP00045908,CT004,电流互感器,502.4134605574502,490.01816188983076,0.003338627315066683,0.003364191077045682,10kV
TMP00045928,CT024,电流互感器,521.7184561396101,506.28242873740487,0.0028821839946796737,0.0038271623533602016,10kV
TMP00045929,CT025,电流互感器,523.6083321196854,506.28242873740487,0.0028821839946796737,0.0038271623533602016,10kV
TMP00045930,CT026,电流互感器,517.9387041794595,504.58156467597854,0.0028821839946796737,0.0038271623533602016,10kV
TMP00045913,CT009,电流互感器,519.8285801595348,504.58156467597854,0.0028821839946796737,0.0038271623533602016,10kV
TMP00045914,CT010,电流互感器,357.9612537339583,517.0901975328629,0.001844702958804203,0.002449523600887343,10kV
TMP00045915,CT011,电流互感器,354.3527190897788,517.0901975328629,0.001844702958804203,0.002449523600887343,10kV
TMP00045916,CT012,电流互感器,355.5555774826394,517.0901975328629,0.001844702958804203,0.002449523600887343,10kV
TMP00045917,CT013,电流互感器,356.75839534109764,517.0901975328629,0.001844702958804203,0.002449523600887343,10kV
TMP00045918,CT014,电流互感器,358.99775893914244,517.1073030506991,0.001844702958804203,0.002449523600887343,10kV
TMP00045919,CT015,电流互感器,360.20061733200305,517.1073030506991,0.001844702958804203,0.002449523600887343,10kV
TMP00045924,CT020,电流互感器,376.01762758288555,552.1083136924125,0.41929551719252817,0.5567694572220698,10kV
TMP00045925,CT021,电流互感器,377.6203578559676,552.0859792366596,0.41929551719252817,0.5567694572220698,10kV
TMP00045926,CT022,电流互感器,379.19013365985353,552.1008553623608,0.41929551719252817,0.5567694572220698,10kV
TMP00045927,CT023,电流互感器,380.6828130302695,552.0795342666693,0.41929551719252817,0.5567694572220698,10kV
TMP00044478,地刀0006,接地隔离开关,397.41472527897025,504.943334217892,0.5317305602159923,0.25669751189491413,10kV
TMP00044479,地刀0007,接地隔离开关,401.1950041863528,506.6444414857331,0.5317305602159923,0.25669751189491413,10kV
TMP00044480,地刀0008,接地隔离开关,403.0851233728428,504.94333421789196,0.5317305602159923,0.25669751189491413,10kV
TMP00044481,地刀0009,接地隔离开关,395.52456555807777,504.9433342178921,0.5317305602159923,0.25669751189491413,10kV
TMP00044482,地刀0010,接地隔离开关,399.3048444654603,506.64444148573295,0.5317305602159923,0.25669751189491413,10kV
TMP00044473,地刀0001,接地隔离开关,495.4209518586935,488.58895939365976,0.53165524413441,0.2566611524072443,10kV
TMP00044474,地刀0002,接地隔离开关,497.3107873043664,488.5889593936598,0.53165524413441,0.2566611524072443,10kV
TMP00044475,地刀0003,接地隔离开关,499.2006632844417,488.58895939365976,0.53165524413441,0.2566611524072443,10kV
TMP00044476,地刀0004,接地隔离开关,501.09053926451696,490.2898234550862,0.53165524413441,0.2566611524072443,10kV
TMP00044477,地刀0005,接地隔离开关,502.9804152445923,490.289823455086,0.53165524413441,0.2566611524072443,10kV
TMP00044503,地刀0031,接地隔离开关,522.2854108267521,504.8532262412338,0.5316551831497286,0.25666112296636356,10kV
TMP00044504,地刀0032,接地隔离开关,524.1752868068274,504.853226241234,0.5316551831497286,0.25666112296636356,10kV
TMP00044505,地刀0033,接地隔离开关,516.6158234209287,504.85322624123387,0.5316551831497286,0.25666112296636356,10kV
TMP00044506,地刀0034,接地隔离开关,518.5056588666016,504.85322624123387,0.5316551831497286,0.25666112296636356,10kV
TMP00044507,地刀0035,接地隔离开关,520.3955348466769,504.85322624123387,0.5316551831497286,0.25666112296636356,10kV
TMP00044509,地刀0037,接地隔离开关,358.3220909846153,516.1805244729615,0.3383743282804703,0.16335312403978922,10kV
TMP00044510,地刀0038,接地隔离开关,353.51073848197757,516.1805244729615,0.3383743282804703,0.16335312403978922,10kV
TMP00044511,地刀0039,接地隔离开关,354.71359687483823,516.1805244729615,0.3383743282804703,0.16335312403978922,10kV
TMP00044512,地刀0040,接地隔离开关,355.9164147332964,516.1805244729615,0.3383743282804703,0.16335312403978922,10kV
TMP00044513,地刀0041,接地隔离开关,357.11927312615705,516.1805244729615,0.3383743282804703,0.16335312403978922,10kV
TMP00044514,地刀0042,接地隔离开关,359.35863672420186,516.1976705252,0.3383743282804703,0.16335312403978922,10kV
TMP00044508,地刀0036,接地隔离开关,360.56145458266,516.1976705252,0.3383743282804703,0.16335312403978922,10kV
TMP00044498,地刀0026,接地隔离开关,374.722188614817,550.4860053029446,0.4235915778184513,0.20449248589636929,10kV
TMP00044499,地刀0027,接地隔离开关,376.5379271728017,551.7040235623235,0.4235915778184513,0.20449248589636929,10kV
TMP00044500,地刀0028,接地隔离开关,378.17438206872646,551.7137518189128,0.4235915778184513,0.20449248589636929,10kV
TMP00044501,地刀0029,接地隔离开关,379.6844912321982,551.7040235623235,0.4235915778184513,0.20449248589636929,10kV
TMP00044502,地刀0030,接地隔离开关,381.24303900660396,551.6845265147426,0.4235915778184513,0.20449248589636929,10kV
TMP00044453,刀闸0073,隔离开关,400.6279278960033,504.6716321182342,0.8522477142904099,0.12435979798673479,10kV
TMP00044454,刀闸0074,隔离开关,398.7378087095133,504.67163211823424,0.8522477142904099,0.12435979798673479,10kV
TMP00044451,刀闸0071,隔离开关,500.5235845773749,488.8842525155465,0.8521386024281187,0.12434387640792036,10kV
TMP00044452,刀闸0072,隔离开关,502.4134605574502,488.8842525155466,0.8521386024281187,0.12434387640792036,10kV
TMP00044471,刀闸0091,隔离开关,521.7184561396101,505.14851936312056,0.8521386024281187,0.12434387640792036,10kV
TMP00044472,刀闸0092,隔离开关,523.6083321196854,505.14851936312067,0.8521386024281187,0.12434387640792036,10kV
TMP00044455,刀闸0075,隔离开关,357.9612537339583,516.3684824971466,0.5423473086511977,0.07913919933322279,10kV
TMP00044456,刀闸0076,隔离开关,354.3527190897788,516.3684824971466,0.5423473086511977,0.07913919933322279,10kV
TMP00044457,刀闸0077,隔离开关,355.5555774826394,516.3684824971465,0.5423473086511977,0.07913919933322279,10kV
TMP00044458,刀闸0078,隔离开关,356.75839534109764,516.3684824971466,0.5423473086511977,0.07913919933322279,10kV
TMP00044459,刀闸0079,隔离开关,358.99775893914244,516.3855880149827,0.5423473086511977,0.07913919933322279,10kV
TMP00044460,刀闸0080,隔离开关,360.20061733200305,516.3855880149828,0.5423473086511977,0.07913919933322279,10kV
TMP00044601,PT001,电压互感器,394.9575298021308,506.56175130472417,0.6496659955173015,0.2742308725921156,10kV
TMP00044602,PT002,电压互感器,494.85395663714905,490.20713327407725,0.6495465560909294,0.27418045594980717,10kV
TMP00044603,PT003,电压互感器,516.0488281993842,506.4714001216514,0.5350592775744587,0.406791642574396,10kV
TMP00044604,PT004,电压互感器,353.1499012313206,516.8496258542909,0.34056266852004174,0.25892093293814233,10kV
TMP00044605,PT005,电压互感器,374.24708488363854,553.0586427579767,0.37633491093329635,0.28611763778890964,10kV
TMP00046103,用户1561,负荷,494.34006148282083,465.7528093416075,0.12192551703073651,0.12192551703073651,10kV
TMP00046102,用户1562,负荷,435.5386278890463,557.3362787834856,0.14475645807924659,0.14475645807924659,10kV
TMP00046101,用户1563,负荷,512.0731734721671,499.69554780401825,0.14475645807924659,0.14475645807924659,10kV
TMP00046100,用户1564,负荷,383.88713861316484,558.3500036544899,0.14475645807924659,0.14475645807924659,10kV
TMP00046099,用户1565,负荷,385.0370996108213,557.2067308332386,0.14475645807924659,0.14475645807924659,10kV
TMP00046098,用户1566,负荷,388.4149124362253,555.7397502739792,0.14475645807924659,0.14475645807924659,10kV
TMP00046097,用户1567,负荷,390.7998756078895,559.304507763507,0.14475645807924659,0.14475645807924659,10kV
TMP00046096,用户1568,负荷,399.43297371162146,556.2986791494352,0.14475645807924659,0.14475645807924659,10kV
TMP00046095,用户1569,负荷,399.1859165286565,557.2766121430715,0.14475645807924659,0.14475645807924659,10kV
TMP00046094,用户1570,负荷,417.9578036497245,551.0422589078385,0.14475645807924659,0.14475645807924659,10kV
TMP00046093,用户1571,负荷,419.459441123083,557.5750264139473,0.14475645807924659,0.14475645807924659,10kV
TMP00046092,用户1572,负荷,436.10400173449267,555.9860778377,0.14475645807924659,0.14475645807924659,10kV
TMP00046091,用户1573,负荷,443.4867351256864,559.7905152489459,0.6988184775005266,0.6988184775005266,10kV
TMP00046090,用户1574,负荷,452.29623894890375,559.7905152489459,0.6988372523707304,0.6988372523707304,10kV
TMP00046089,用户1575,负荷,469.44496645805225,560.4065976318637,0.14475645807924659,0.14475645807924659,10kV
TMP00046088,用户1576,负荷,469.8387176435029,559.8092421428802,0.14475645807924659,0.14475645807924659,10kV
TMP00046087,用户1577,负荷,478.758150766179,555.7992142423811,0.14475645807924659,0.14475645807924659,10kV
TMP00046086,用户1578,负荷,478.758150766179,557.2460897380226,0.14475645807924659,0.14475645807924659,10kV
TMP00046085,用户1579,负荷,493.1234213931254,554.021983366729,0.14475645807924659,0.14475645807924659,10kV
TMP00046084,用户1580,负荷,437.0690853225506,478.2601450976133,0.14475645807924659,0.14475645807924659,10kV
TMP00046083,用户1581,负荷,437.72667493358273,480.65803874366077,0.14475645807924659,0.14475645807924659,10kV
TMP00046082,用户1582,负荷,432.78824707924775,475.0661557873441,0.33250616098308616,0.33250616098308616,10kV
TMP00046081,用户1583,负荷,461.9035408812461,494.04570065219053,0.14475645807924659,0.14475645807924659,10kV
TMP00046080,用户1584,负荷,460.5081846111253,494.174478448791,0.14475645807924659,0.14475645807924659,10kV
TMP00046079,用户1585,负荷,419.45473913239823,509.175571712651,0.14475645807924659,0.14475645807924659,10kV
TMP00046078,用户1586,负荷,415.6254946668497,503.67193215047945,0.14475645807924659,0.14475645807924659,10kV
TMP00046077,用户1587,负荷,347.082955078228,478.3476588725143,0.14475645807924659,0.14475645807924659,10kV
TMP00046076,用户1588,负荷,500.51945006832443,491.1881063478977,0.14475645807924659,0.14475645807924659,10kV
TMP00046075,用户1589,负荷,527.719898698335,508.3373202698756,0.6988372523707304,0.6988372523707304,10kV
TMP00046074,用户1590,负荷,390.3127736935843,563.1621263107742,0.14475645807924659,0.14475645807924659,10kV
TMP00046073,用户1591,负荷,426.386446227472,559.7524534450404,0.14475645807924659,0.14475645807924659,10kV
TMP00046072,用户1592,负荷,447.0207675381531,555.20652020968,0.14475645807924659,0.14475645807924659,10kV
TMP00046071,用户1593,负荷,454.4959599013473,559.6406190286663,0.14475645807924659,0.14475645807924659,10kV
TMP00046070,用户1594,负荷,461.3897267957229,554.0753266403602,0.14475645807924659,0.14475645807924659,10kV
TMP00046069,用户1595,负荷,493.8845358680283,551.8692012523288,0.14475645807924659,0.14475645807924659,10kV
TMP00046068,用户1596,负荷,444.6300079469378,453.0731618407642,0.14475645807924659,0.14475645807924659,10kV
TMP00046067,用户1597,负荷,442.0472368912918,456.22690048939535,0.14475645807924659,0.14475645807924659,10kV
TMP00046066,用户1598,负荷,447.34739375313774,461.44481304865957,0.14475645807924659,0.14475645807924659,10kV
TMP00046065,用户1599,负荷,441.2875816548773,465.42387266568284,0.14475645807924659,0.14475645807924659,10kV
TMP00046064,用户1600,负荷,451.3482203442795,470.48475494983524,0.6988364930928912,0.6988364930928912,10kV
TMP00046063,用户1601,负荷,436.3367097389885,473.2384190462327,0.14475645807924659,0.14475645807924659,10kV
TMP00046062,用户1602,负荷,422.6281369662202,486.38044247588346,0.14475645807924659,0.14475645807924659,10kV
TMP00046061,用户1603,负荷,471.46106656737334,492.4249731044183,0.14475645807924659,0.14475645807924659,10kV
TMP00046060,用户1604,负荷,461.14895244513843,497.9690254658378,0.14475645807924659,0.14475645807924659,10kV
TMP00046059,用户1605,负荷,425.900965689265,503.71453380746,0.6988184775005266,0.6988184775005266,10kV
TMP00046058,用户1606,负荷,409.0821882161025,553.7147731305205,0.6988184775005266,0.6988184775005266,10kV
TMP00046057,用户1607,负荷,410.79772573121767,560.1265049108978,0.14475645807924659,0.14475645807924659,10kV
TMP00046056,用户1608,负荷,421.76913190938774,554.0153357247264,0.14475645807924659,0.14475645807924659,10kV
TMP00046055,用户1609,负荷,504.3254683212661,513.4953229823109,0.14475645807924659,0.14475645807924659,10kV
TMP00046054,用户1610,负荷,452.76647855178754,490.1989047903789,0.14475645807924659,0.14475645807924659,10kV
TMP00046053,用户1611,负荷,357.8120060641179,521.4593602391159,0.6988372523707304,0.6988372523707304,10kV
TMP00046052,用户1612,负荷,328.376328345113,508.2611966620646,0.14475645807924659,0.14475645807924659,10kV
TMP00046051,用户1613,负荷,374.60127449229293,497.3531862893346,0.14475645807924659,0.14475645807924659,10kV
TMP00046050,用户1614,负荷,376.86528300703054,498.00826276741446,0.14475645807924659,0.14475645807924659,10kV
TMP00046049,用户1615,负荷,383.1629915133011,509.52895063325616,0.14475645807924659,0.14475645807924659,10kV
TMP00046048,用户1616,负荷,380.920749972682,538.0132859266355,0.14475645807924659,0.14475645807924659,10kV
TMP00046047,用户1617,负荷,430.04520299629354,488.5877433615861,0.14475645807924659,0.14475645807924659,10kV
TMP00046046,用户1618,负荷,523.6807265624706,511.61177036901864,0.6988372523707304,0.6988372523707304,10kV
TMP00046045,用户1619,负荷,504.9252153399945,440.8280431342416,0.12192551703073651,0.12192551703073651,10kV
TMP00046044,用户1620,负荷,514.6961141206464,454.41663407574225,0.12192551703073651,0.12192551703073651,10kV
TMP00046043,用户1621,负荷,494.34006148282083,467.12562848396317,0.12192551703073651,0.12192551703073651,10kV
TMP00046042,用户1622,负荷,497.85423203808443,466.9764618829277,0.12192551703073651,0.12192551703073651,10kV
TMP00046041,用户1623,负荷,486.51615165530376,469.2707495962994,0.14475645807924659,0.14475645807924659,10kV
TMP00046040,用户1624,负荷,520.8519927527259,455.32626660124134,0.14475645807924659,0.14475645807924659,10kV
TMP00046039,用户1625,负荷,417.6222598661996,512.9588907002177,0.6988372523707304,0.6988372523707304,10kV
TMP00046038,用户1626,负荷,400.92022147210844,512.3491316840827,0.6988372523707304,0.6988372523707304,10kV
TMP00046037,用户1627,负荷,378.9423063232419,537.3131757274278,0.14475645807924659,0.14475645807924659,10kV
TMP00046036,用户1628,负荷,509.6872780092465,443.9823897989096,0.2561026032230396,0.2561026032230396,10kV
TMP00046035,用户1629,负荷,356.3312843424263,518.5933753135148,0.14475645807924659,0.14475645807924659,10kV
TMP00046034,用户1630,负荷,435.6894969349849,560.0449091587552,1.4069526038345068,1.4069526038345068,10kV
TMP00046033,用户1631,负荷,468.6691785294605,552.1951789168742,0.3290027149828581,0.3290027149828581,10kV
TMP00046032,用户1632,负荷,502.3738584462514,492.6827719040339,0.6988372523707304,0.6988372523707304,10kV
TMP00046031,用户1633,负荷,466.0389011541369,495.65029550778553,0.12192551703073651,0.12192551703073651,10kV
TMP00046030,用户1634,负荷,372.24314509505416,556.9694829756677,0.14475645807924659,0.14475645807924659,10kV
TMP00044241,开关00056,组合开关,379.2040774942982,549.862018711548,0.6378840113862257,0.5348918107283079,10kV
TMP00044242,开关00057,组合开关,377.63430169041226,549.8471020514443,0.6378840113862257,0.5348918107283079,10kV
TMP00044243,开关00058,组合开关,376.03157141733016,549.8694365071972,0.6378840113862257,0.5348918107283079,10kV
TMP00044244,开关00059,组合开关,374.25847505072863,549.9156051915936,0.6525648218363347,0.5472022702232132,10kV
TMP00044245,开关00060,组合开关,380.6967568647141,549.8503448036407,0.6378840113862257,0.5348918107283079,10kV
