text_id,x,y,content,font_size,color,object_id,related_element_id
TXT-TMP_0928fc35-7084-4ccf-ba4b-09973f2ec6fc,408.0603,104.4316,故障指示器007,0.219,"rgb(255,255,255)",TXT_TMP00313565,TMP_0928fc35-7084-4ccf-ba4b-09973f2ec6fc
TXT-TMP_3099bbcc-b0aa-496c-9375-c7cce69ca3f4,398.4484,108.0993,TMP00314522LINE216_争1#,0.4845,"rgb(255,255,255)",TXT_TMP00045087,TMP_26143f4d-fe2b-45c0-8640-2befe3efb7f5
TXT-TMP_95943bb2-82be-4d24-a956-971b9c11f139,387.9743,106.65,开关03300,1.0221,"rgb(255,255,255)",TXT_TMP00048670,TMP_95943bb2-82be-4d24-a956-971b9c11f139
TXT-TMP_0472dda9-4604-4f37-93d0-10aa467fb539,381.2288,104.9706,站房006379,0.8396,"rgb(255,255,255)",TXT_TMP00000199,TMP_0472dda9-4604-4f37-93d0-10aa467fb539
TXT-TMP_50f34338-4c40-4d11-ad3a-06f05f2ba68e,403.7089,109.4575,SUB009_变212LINE366_线 02#杆,0.5841,"rgb(255,255,255)",TMP00316487,TMP_26143f4d-fe2b-45c0-8640-2befe3efb7f5
TXT-TMP_09a4e087-f69e-47e6-b81b-35046f9601e9,401.3523,111.6363,SUB009_变212LINE366_线 01#杆,0.5841,"rgb(255,255,255)",TMP00316488,TMP_26143f4d-fe2b-45c0-8640-2befe3efb7f5
TXT-TMP_c4eb779c-fbad-4ba9-8480-25f8b7d865b5,410.1725,106.7708,开关00036,0.1353,"rgb(255,255,255)",TXT_TMP00043924,TMP_c4eb779c-fbad-4ba9-8480-25f8b7d865b5
TXT-TMP_e644fd16-350c-49a4-9b64-38b36ed4e26a,407.9242,99.9992,00000终端头510346-站外-电缆终端头510347,0.0992,"rgb(255,255,255)",TXT_TMP00045085,TMP_26143f4d-fe2b-45c0-8640-2befe3efb7f5
TXT-TMP_7f0efbba-0ebc-4d74-aef0-50c45097cef2,418.1754,102.3687,00000~LINE216_争4#,0.0992,"rgb(255,255,255)",TXT_TMP00045082,TMP_26143f4d-fe2b-45c0-8640-2befe3efb7f5
TXT-TMP_b74d39b9-fa8d-4a2d-bb3e-8c43c0efe0bd,404.7538,93.2653,站房000042,0.696,"rgb(255,255,255)",TXT_TMP00000241,TMP_b74d39b9-fa8d-4a2d-bb3e-8c43c0efe0bd
TXT-TMP_2954006d-6783-4759-82bb-650e2dd74216,403.0882,96.0038,开关00072,0.5266,"rgb(255,255,255)",TXT_TMP00044111,TMP_2954006d-6783-4759-82bb-650e2dd74216
TXT-TMP_4a377c40-ad92-4efb-ad2e-d53c44ef8e8d,405.7213,96.0038,开关00071,0.5266,"rgb(255,255,255)",TXT_TMP00044110,TMP_4a377c40-ad92-4efb-ad2e-d53c44ef8e8d
TXT-TMP_87c64fe4-9c7e-43e7-a14b-1934eebcc1e5,408.3543,96.0038,开关00070,0.5266,"rgb(255,255,255)",TXT_TMP00044109,TMP_87c64fe4-9c7e-43e7-a14b-1934eebcc1e5
TXT-TMP_26143f4d-fe2b-45c0-8640-2befe3efb7f5,406.118,98.1103,配变2274,0.5266,"rgb(255,255,255)",TXT_TMP00046497,TMP_26143f4d-fe2b-45c0-8640-2befe3efb7f5
TXT-TMP_479a5397-dc57-406b-b30f-1822473ac334,402.434,98.3042,用户1637,0.0992,"rgb(255,255,255)",TXT_TMP00046027,TMP_479a5397-dc57-406b-b30f-1822473ac334
TXT-TMP_7b0ca96a-2885-47e0-9c9a-91783bb47dd4,414.7384,105.997,TMP00131370~LINE216_争3#,0.1353,"rgb(255,255,255)",TXT_TMP00045078,TMP_26143f4d-fe2b-45c0-8640-2befe3efb7f5
TXT-TMP_39aa5963-cc3a-4f23-8427-9018d64aa226,433.1563,59.736,00000终端头497241-站外-电缆终端头510345,0.121,"rgb(255,255,255)",TXT_TMP00045077,TMP_abc662fa-ee8d-404f-925c-44834c4eeae0
TXT-TMP_cbe0defb-0168-4bd6-a6f4-e217eabc9f22,433.0318,72.2974,00000#-清叫支20#数线,0.121,"rgb(255,255,255)",TXT_TMP00045065,TMP_abc662fa-ee8d-404f-925c-44834c4eeae0
TXT-TMP_abc662fa-ee8d-404f-925c-44834c4eeae0,427.3296,76.5302,配变2144,0.6526,"rgb(255,255,255)",TXT_TMP00046367,TMP_abc662fa-ee8d-404f-925c-44834c4eeae0
TXT-TMP_5dd806f6-28da-4c1a-a080-cb1192eba02d,435.1424,82.0465,开关00035,0.3293,"rgb(255,255,255)",TXT_TMP00043923,TMP_5dd806f6-28da-4c1a-a080-cb1192eba02d
TXT-TMP_1d8fa7b2-21dc-448e-8bf4-3e813b8878cc,436.3933,67.6397,开关00034,0.6526,"rgb(255,255,255)",TXT_TMP00043922,TMP_1d8fa7b2-21dc-448e-8bf4-3e813b8878cc
TXT-TMP_25008372-b4e8-4d96-ad42-a0e53626071f,435.4039,39.3372,站房000041,0.8484,"rgb(255,255,255)",TXT_TMP00000240,TMP_25008372-b4e8-4d96-ad42-a0e53626071f
TXT-TMP_daa6f377-9f9d-42d5-9929-1b3f85ee184b,433.372,43.6991,开关00075,0.6425,"rgb(255,255,255)",TXT_TMP00044114,TMP_daa6f377-9f9d-42d5-9929-1b3f85ee184b
TXT-TMP_d8b392ab-3091-4604-babf-27bfc897df73,439.7968,43.6991,开关00074,0.6425,"rgb(255,255,255)",TXT_TMP00044113,TMP_d8b392ab-3091-4604-babf-27bfc897df73
TXT-TMP_e66bfb3b-6cfc-4535-b498-8010a958ef39,436.5844,43.6991,开关00073,0.6425,"rgb(255,255,255)",TXT_TMP00044112,TMP_e66bfb3b-6cfc-4535-b498-8010a958ef39
TXT-TMP_ae6f7886-5779-4614-bd22-bf57da940de8,434.6393,46.7382,配变2275,0.6425,"rgb(255,255,255)",TXT_TMP00046498,TMP_ae6f7886-5779-4614-bd22-bf57da940de8
TXT-TMP_6fb2a548-4157-4cd3-a0de-8762104a6a89,445.8681,71.0564,站房000069,0.8484,"rgb(255,255,255)",TXT_TMP00000268,TMP_6fb2a548-4157-4cd3-a0de-8762104a6a89
TXT-TMP_869bb545-b407-4999-8498-49e1e00a726b,443.3788,75.2576,开关00084,0.6425,"rgb(255,255,255)",TXT_TMP00044139,TMP_869bb545-b407-4999-8498-49e1e00a726b
TXT-TMP_525490b3-3e86-4ec7-b898-535815200048,449.8035,75.2576,开关00083,0.6425,"rgb(255,255,255)",TXT_TMP00044138,TMP_525490b3-3e86-4ec7-b898-535815200048
TXT-TMP_7dc67606-8f96-4379-bf8b-2d20b85b8e1e,446.5911,75.2576,开关00082,0.6425,"rgb(255,255,255)",TXT_TMP00044137,TMP_7dc67606-8f96-4379-bf8b-2d20b85b8e1e
TXT-TMP_cbbbac80-dfce-4f21-be66-9deaf921e603,432.5285,51.0252,用户1638,0.121,"rgb(255,255,255)",TXT_TMP00046026,TMP_cbbbac80-dfce-4f21-be66-9deaf921e603
TXT-TMP_b0f8cf08-5611-404f-801d-75fd429a6548,433.864,93.0109,00000~清叫支3白1#,0.121,"rgb(255,255,255)",TXT_TMP00045058,TMP_26143f4d-fe2b-45c0-8640-2befe3efb7f5
TXT-TMP_950656bd-559c-46bb-bb4f-f23fb6e1084a,436.6815,92.5613,刀闸0142,0.121,"rgb(255,255,255)",TXT_TMP00044378,TMP_950656bd-559c-46bb-bb4f-f23fb6e1084a
TXT-TMP_218c7d23-4cc3-49e7-ada8-86a6528b4edb,441.8354,92.1685,配变2143,0.3351,"rgb(255,255,255)",TXT_TMP00046366,TMP_218c7d23-4cc3-49e7-ada8-86a6528b4edb
TXT-TMP_2ee5a7ce-6555-46ad-958d-429946520007,24.2543,70.7809,站房000025,0.1146,"rgb(255,255,255)",TXT_TMP00000224,TMP_2ee5a7ce-6555-46ad-958d-429946520007
TXT-TMP_bc141a68-2079-4e1a-985c-478a6fd99601,464.2811,70.745,00000了严2#母线,0.2065,"rgb(255,255,255)",TXT_TMP00044596,TMP_974fdb81-3a60-4775-a056-e0682fab3d52
TXT-TMP_18b31509-c2a6-42f5-9b7f-d9181f647d6f,466.2057,78.9027,00000约命了严个行者劳2#,0.2065,"rgb(255,255,255)",TXT_TMP00046562,TMP_974fdb81-3a60-4775-a056-e0682fab3d52
TXT-TMP_7c4e6452-38c3-42b1-8e80-0968e6b76d06,436.7525,82.1977,用户1639,0.1146,"rgb(255,255,255)",TXT_TMP00046025,TMP_7c4e6452-38c3-42b1-8e80-0968e6b76d06
TXT-TMP_322624bd-0707-488f-8fb6-087b7aafb555,449.5363,128.3002,00000#~LINE216_争15#,0.1491,"rgb(255,255,255)",TXT_TMP00045055,TMP_a8a6ae37-b998-43d1-8dab-709c00793f09
TXT-TMP_535a552c-a032-4eba-8544-138e57408c7e,544.9087,128.3002,00000#~LINE216_争35#,0.1491,"rgb(255,255,255)",TXT_TMP00045054,TMP_a6c3aa09-68a1-4925-8ffb-be97a3ca956d
TXT-TMP_1b06faf8-334c-4f6e-83bc-3b583cc7ebf7,492.7352,253.6392,00000#~LINE216_争71#,0.1491,"rgb(255,255,255)",TXT_TMP00045053,TMP_77c7da7a-c14b-440e-91ca-e5127888d959
TXT-TMP_cb8ef52a-4b02-48be-a4fc-0a904384bb2a,497.8582,296.1314,00000~饭想分2#,0.1491,"rgb(255,255,255)",TXT_TMP00045052,TMP_7633b82e-1c80-4b02-8c57-523fd1fe5f76
TXT-TMP_67588db6-7047-457c-90c4-87dcf8adb78f,350.4698,253.6392,TMP00132366#~LINE216_争129#,0.1491,"rgb(255,255,255)",TXT_TMP00045051,TMP_cda94a36-64f0-4271-9f9c-6d4ba4b0616c
TXT-TMP_21eb867f-475f-4596-adb8-cf43f42476c8,163.0737,253.6392,TMP00131373#~LINE216_争164#,0.1491,"rgb(255,255,255)",TXT_TMP00045050,TMP_a9760907-db65-469d-aab0-145177fdbd6e
TXT-TMP_f1fc8279-0208-4866-8b89-a327d204d652,137.3947,253.6392,TMP00131368#~界著支1#,0.1491,"rgb(255,255,255)",TXT_TMP00045049,TMP_044d1032-5e7c-48e0-83dc-429a03cf42da
TXT-TMP_73044159-0cee-4a86-9c71-921b647ed26e,70.324,253.6392,00000白7#~界著支26白8#,0.1491,"rgb(255,255,255)",TXT_TMP00045048,TMP_5b21cf6a-e12f-43da-bf14-e9510fdccc3b
TXT-TMP_46170432-fedd-4e64-85f7-cdcea9475d17,176.0887,248.3149,00000~清开分2#,0.1491,"rgb(255,255,255)",TXT_TMP00045047,TMP_5971cf03-2278-4d9d-a8da-26cdf23dc35c
TXT-TMP_e7a7c96b-ffa6-4e9d-89e8-c452bf880b78,203.8588,260.0258,TMP00131368#~五海分1#,0.1491,"rgb(255,255,255)",TXT_TMP00045046,TMP_b83a07d5-b380-43ca-bc4b-b975dca5bb93
TXT-TMP_ef1312c9-3e23-4b99-a256-99dee58145cd,264.5422,255.8078,00000~士诉分2#,0.1491,"rgb(255,255,255)",TXT_TMP00045045,TMP_98156dc3-44cd-47f2-b6c3-a41442362d7b
TXT-TMP_b224ef74-1332-4ac4-bbff-55cd0a17af02,383.3825,314.6054,00000#~亮败支1#,0.1491,"rgb(255,255,255)",TXT_TMP00045044,TMP_abe6ca7d-928a-46aa-860c-d611e872401f
TXT-TMP_8badd9bb-bc82-4425-bc1d-efe927d3327d,379.431,297.9525,00000~如败支2#,0.1491,"rgb(255,255,255)",TXT_TMP00045043,TMP_a039096d-5b54-4148-8c63-44f9ef9fdc9c
TXT-TMP_1bbf9796-50eb-47f0-b3de-c389c6259592,367.4232,289.3459,00000#~从地支1#,0.1491,"rgb(255,255,255)",TXT_TMP00045042,TMP_cda94a36-64f0-4271-9f9c-6d4ba4b0616c
TXT-TMP_415d834e-185f-44ef-9e09-dbca8fca63c2,426.6274,249.3062,TMP00131368#~LINE216_争106白1#,0.1491,"rgb(255,255,255)",TXT_TMP00045041,TMP_c5dc9be5-510f-4d53-bc23-c2eb8613991c
TXT-TMP_3abd9aa5-1071-4f78-a948-54990ffb0b21,536.1456,123.9989,00000#~奇广分1#,0.1491,"rgb(255,255,255)",TXT_TMP00045040,TMP_57c390ef-a8e5-4412-b608-28a7202b72b9
TXT-TMP_cf55cbc9-670f-4396-8e52-f4ad03a2ac2c,488.0342,133.4568,00000#~约叫败分2#,0.1491,"rgb(255,255,255)",TXT_TMP00045039,TMP_7441e77b-7efe-43da-bad0-3b502452bd7f
TXT-TMP_f1dc0e21-d9b3-4db2-ba1f-3166ebd77bfa,501.364,163.6533,TMP00131368#~约叫败分27#,0.1491,"rgb(255,255,255)",TXT_TMP00045038,TMP_7441e77b-7efe-43da-bad0-3b502452bd7f
TXT-TMP_f52d9f6a-ffb9-4fb5-8b03-fb189c10d30e,465.0737,130.6053,TMP00131599LINE216_争24电缆次,1.1265,"rgb(255,255,255)",TXT_TMP00045037,TMP_a8a6ae37-b998-43d1-8dab-709c00793f09
TXT-TMP_2d9b0ebc-b909-439a-a74f-aaa7c4f8194a,553.0451,130.6053,TMP00131599LINE216_争37电缆次,1.1265,"rgb(255,255,255)",TXT_TMP00045036,TMP_a6c3aa09-68a1-4925-8ffb-be97a3ca956d
TXT-TMP_4cf18cb6-20f4-4f20-bf5e-63a091da6b81,460.6921,271.809,00000终端头510736-站外-电缆终端头510737,0.1491,"rgb(255,255,255)",TXT_TMP00045034,TMP_850e70ee-85c4-4693-871d-61c50c6d5147
TXT-TMP_3882e362-c287-4d79-8107-ae52a0244e46,105.7033,243.7876,00000终端头510981-站外-电缆终端头510982,0.1491,"rgb(255,255,255)",TXT_TMP00045033,TMP_5b21cf6a-e12f-43da-bf14-e9510fdccc3b
TXT-TMP_945fa2da-5c16-402f-97d5-e14c5b63556b,175.8035,173.3493,00000终端头510956-站外-电缆终端头510957,0.1491,"rgb(255,255,255)",TXT_TMP00045032,TMP_49e646cc-0a2c-485e-aa18-4d10a178af42
TXT-TMP_8edb1b79-8ce3-4ca9-81d4-0eccf87426a4,161.921,233.6968,00000终端头510949-站外-电缆终端头510950,0.1491,"rgb(255,255,255)",TXT_TMP00045031,TMP_044d1032-5e7c-48e0-83dc-429a03cf42da
TXT-TMP_dc5e6af4-7fe8-4bd7-b2b0-7b7f1c95bbd7,266.4611,293.3074,00000终端头510879-站外-电缆终端头510880,0.1491,"rgb(255,255,255)",TXT_TMP00045030,TMP_1054f75a-369a-4817-af47-48c9273f90dd
TXT-TMP_10cb105c-fb6e-4ece-b2ce-9c666790b62b,375.5823,360.1084,TMP00131599能半分58电缆次,1.1265,"rgb(255,255,255)",TXT_TMP00045029,TMP_14b58733-759c-4892-81b5-72af8a198ec3
TXT-TMP_52eb2dd1-a12b-4166-999b-0bd1f1174aa5,374.7425,393.1609,00000终端头510876-站外-电缆终端头510877,0.1491,"rgb(255,255,255)",TXT_TMP00045028,TMP_00022728-3a68-4082-9f9d-cb8e629d8c95
TXT-TMP_4fbb41ec-39ad-4c9f-84b6-4240f6e0476b,440.4872,316.9105,TMP00131599亮败支29电缆次,1.1265,"rgb(255,255,255)",TXT_TMP00045027,TMP_0850141f-78c7-4626-a591-1816d72c4499
TXT-TMP_d4ade46d-f6f1-4884-bb86-3381e6c061a2,453.9044,241.7327,00000终端头510779-站外-电缆终端头510761,0.1491,"rgb(255,255,255)",TXT_TMP00045025,TMP_c5dc9be5-510f-4d53-bc23-c2eb8613991c
TXT-TMP_85c8c601-3a32-47fa-bdb7-250660389b82,523.7732,271.7624,00000终端头604736-站外-电缆终端头604737,0.1491,"rgb(255,255,255)",TXT_TMP00045024,TMP_77c7da7a-c14b-440e-91ca-e5127888d959
TXT-TMP_f7e7666d-efb8-45be-84e7-d59998f175fd,536.2989,103.7305,00000终端头510685-站外-电缆终端头510702,0.1491,"rgb(255,255,255)",TXT_TMP00045023,TMP_57c390ef-a8e5-4412-b608-28a7202b72b9
TXT-TMP_e3a07a4b-be96-471f-a5e3-143c602bbecd,500.568,152.2595,00000终端头510803-站外-电缆终端头510804,0.1491,"rgb(255,255,255)",TXT_TMP00045022,TMP_7441e77b-7efe-43da-bad0-3b502452bd7f
TXT-TMP_078d02cd-141c-400c-94b5-a53b80445b5c,471.5923,111.6671,00000终端头510692-站外-电缆终端头510693,0.1491,"rgb(255,255,255)",TXT_TMP00045021,TMP_a8a6ae37-b998-43d1-8dab-709c00793f09
TXT-TMP_56397850-b06d-4785-ae54-5b4c5fc50892,456.7716,128.3002,TMP00132954#,0.1491,"rgb(255,255,255)",TXT_TMP00045019,TMP_a8a6ae37-b998-43d1-8dab-709c00793f09
TXT-TMP_6b20d2d9-462a-4d5f-a61b-4b563e02aa0a,488.0342,128.7925,00000#~约叫败分1#,0.1491,"rgb(255,255,255)",TXT_TMP00045015,TMP_a8a6ae37-b998-43d1-8dab-709c00793f09
TXT-TMP_5e349a56-f529-4129-90fd-84bf212f1608,536.4278,128.3002,00000#~LINE216_争33#,0.1491,"rgb(255,255,255)",TXT_TMP00045014,TMP_941fd7b3-8bb6-4fe1-9de9-e50e55472a5e
TXT-TMP_fa70ceed-a44a-44d0-b4af-29deabb4498e,537.9019,128.3002,00000#~LINE216_争34#,0.1491,"rgb(255,255,255)",TXT_TMP00045013,TMP_941fd7b3-8bb6-4fe1-9de9-e50e55472a5e
TXT-TMP_bad826f7-81ef-48b1-88f8-fe91eb2e24fc,555.6115,253.6392,00000#~LINE216_争38#,0.1491,"rgb(255,255,255)",TXT_TMP00045011,TMP_fc491a72-0ee0-4693-869e-47a1ebbfb182
TXT-TMP_cd8f1f14-ed7c-4103-bae6-2211bc293a27,553.8155,253.6392,00000#~LINE216_争39#,0.1491,"rgb(255,255,255)",TXT_TMP00045010,TMP_fc491a72-0ee0-4693-869e-47a1ebbfb182
TXT-TMP_a7341b45-86bf-4bc6-a468-e9496b848fb0,552.3414,253.6392,TMP00132954#,0.1491,"rgb(255,255,255)",TXT_TMP00045009,TMP_fc491a72-0ee0-4693-869e-47a1ebbfb182
TXT-TMP_6d07a974-e02d-403b-845d-5c3061abefa8,545.1061,253.6392,00000#~LINE216_争46#,0.1491,"rgb(255,255,255)",TXT_TMP00045008,TMP_fc491a72-0ee0-4693-869e-47a1ebbfb182
TXT-TMP_b9123835-79e5-43d4-aea1-9379ebbf342f,543.3101,253.6392,00000#~LINE216_争47#,0.1491,"rgb(255,255,255)",TXT_TMP00045007,TMP_9a115517-7106-4fe3-8ae8-d12b6445cba5
TXT-TMP_f3d96d94-36c4-40fd-9aec-2bd9ae3dc377,541.8359,253.6392,TMP00132366#,0.1491,"rgb(255,255,255)",TXT_TMP00045006,TMP_9a115517-7106-4fe3-8ae8-d12b6445cba5
TXT-TMP_f65e3f7a-ff2b-400a-90aa-6b586f162002,531.8647,253.6392,00000#~LINE216_争54#,0.1491,"rgb(255,255,255)",TXT_TMP00045003,TMP_77c7da7a-c14b-440e-91ca-e5127888d959
TXT-TMP_a003d15b-1456-4589-9982-826e2111634d,528.4595,253.6392,TMP00131372#,0.1491,"rgb(255,255,255)",TXT_TMP00045002,TMP_77c7da7a-c14b-440e-91ca-e5127888d959
TXT-TMP_c3a9c29b-7812-4879-a8c7-f1e2c24b521b,520.3358,253.6392,00000#~LINE216_争58#,0.1491,"rgb(255,255,255)",TXT_TMP00045001,TMP_77c7da7a-c14b-440e-91ca-e5127888d959
TXT-TMP_81247a26-d07e-4554-9de1-81fcfe758077,524.6229,298.6416,00000间1#~饭想分19#,0.1491,"rgb(255,255,255)",TXT_TMP00044982,TMP_84111d19-51e9-4ca0-bc49-4e25cbac2048
TXT-TMP_13682191-cecc-40ad-8d75-4650820c1f14,581.8441,299.1338,00000#~饭想分44白1#,0.1491,"rgb(255,255,255)",TXT_TMP00044966,TMP_c7bfb5a3-e7a4-4226-b153-f35910a79812
TXT-TMP_8c295c26-e2ba-465c-b6f0-391dd62b7227,597.434,298.6416,00000#~饭想分52#,0.1491,"rgb(255,255,255)",TXT_TMP00044960,TMP_c7bfb5a3-e7a4-4226-b153-f35910a79812
TXT-TMP_0ab86b4a-8b47-4fea-81a0-2a5a21773fa5,538.1163,322.7969,00000#~饭陈支20#,0.1491,"rgb(255,255,255)",TXT_TMP00044933,TMP_e06d16f5-8bc7-4435-a7d1-52ceff84b239
TXT-TMP_ba65b064-b929-41ad-8362-2ff948688ba2,542.257,304.7247,00000~饭陈支5白1#,0.1491,"rgb(255,255,255)",TXT_TMP00044921,TMP_c5b9d6f9-4346-42cd-b236-3780a11e0443
TXT-TMP_e33651b2-a40a-4d6a-960e-2becb9bd60c2,548.4823,304.7247,TMP00131372#~饭陈支5白6#,0.1491,"rgb(255,255,255)",TXT_TMP00044919,TMP_c5b9d6f9-4346-42cd-b236-3780a11e0443
TXT-TMP_0380b1ef-7573-4e39-8141-ed4b3745d899,483.4667,253.6392,00000#~LINE216_争72#,0.1491,"rgb(255,255,255)",TXT_TMP00044916,TMP_77c7da7a-c14b-440e-91ca-e5127888d959
TXT-TMP_75115af4-ea1b-4f59-adf8-c467f27cdb59,474.2487,253.6392,TMP00132954#,0.1491,"rgb(255,255,255)",TXT_TMP00044914,TMP_850e70ee-85c4-4693-871d-61c50c6d5147
TXT-TMP_a2e2ceeb-b40f-4bd1-a8b3-5438c79bd176,466.1828,253.6392,TMP00131366#,0.1491,"rgb(255,255,255)",TXT_TMP00044912,TMP_850e70ee-85c4-4693-871d-61c50c6d5147
TXT-TMP_b6d9cb51-3884-4440-9289-8561abbc2974,422.5388,253.6392,TMP00133260#,0.1491,"rgb(255,255,255)",TXT_TMP00044899,TMP_c5dc9be5-510f-4d53-bc23-c2eb8613991c
TXT-TMP_78631f92-f8e0-414e-98dc-bda7d30d9b33,411.3573,253.6392,TMP00132978#~LINE216_争110#,0.1491,"rgb(255,255,255)",TXT_TMP00044898,TMP_c5dc9be5-510f-4d53-bc23-c2eb8613991c
TXT-TMP_56cf0c2b-1f90-4c5e-9e5a-73125806c431,386.5806,253.6392,TMP00131372#~LINE216_争116#,0.1491,"rgb(255,255,255)",TXT_TMP00044893,TMP_a039096d-5b54-4148-8c63-44f9ef9fdc9c
TXT-TMP_bced79a4-35ea-4f97-b85f-bf68249e8a2f,384.9456,253.6392,TMP00314797#,0.1491,"rgb(255,255,255)",TXT_TMP00044891,TMP_a039096d-5b54-4148-8c63-44f9ef9fdc9c
TXT-TMP_1e8705da-51a5-4b8d-8baf-d6bb126fb970,264.5422,254.1314,TMP00131371#~士诉分1#,0.1491,"rgb(255,255,255)",TXT_TMP00044872,TMP_98156dc3-44cd-47f2-b6c3-a41442362d7b
TXT-TMP_4dc18b7f-c029-49fa-9c4b-472938dc0010,264.5422,252.6573,TMP00131371#~LINE216_争134白1,0.1491,"rgb(255,255,255)",TXT_TMP00044871,TMP_98156dc3-44cd-47f2-b6c3-a41442362d7b
TXT-TMP_182ac18f-453d-450e-ad8a-bbb1da5aa779,230.4057,254.4533,TMP00132954#-火育象数线,0.1491,"rgb(255,255,255)",TXT_TMP00044862,TMP_04c676f3-a4ef-44a6-9a79-62494c1f5b2a
TXT-TMP_3207c56a-c860-41f1-8e91-d99e542f919d,224.8172,253.6392,TMP00314855#,0.1491,"rgb(255,255,255)",TXT_TMP00044861,TMP_b83a07d5-b380-43ca-bc4b-b975dca5bb93
TXT-TMP_7863bd78-b8e2-44ec-985f-8557531af9d9,212.6702,253.6392,TMP00131372#~LINE216_争146#,0.1491,"rgb(255,255,255)",TXT_TMP00044860,TMP_b83a07d5-b380-43ca-bc4b-b975dca5bb93
TXT-TMP_533d048f-2d90-440a-af00-88583388b60e,202.8278,253.6392,TMP00314861#,0.1491,"rgb(255,255,255)",TXT_TMP00044858,TMP_b83a07d5-b380-43ca-bc4b-b975dca5bb93
TXT-TMP_47d1e660-5298-4b10-ab88-d04386edd7b7,200.3623,253.6392,TMP00314867#,0.1491,"rgb(255,255,255)",TXT_TMP00044856,TMP_b83a07d5-b380-43ca-bc4b-b975dca5bb93
TXT-TMP_f9cbd816-7c7f-438b-9a4a-41fcf6bb6ca8,176.0887,252.9792,TMP00131374#~清开分1#,0.1491,"rgb(255,255,255)",TXT_TMP00044854,TMP_5971cf03-2278-4d9d-a8da-26cdf23dc35c
TXT-TMP_d036cfb3-2246-4203-884c-57557b8fec17,127.8087,253.6392,00000~界著列7#,0.1491,"rgb(255,255,255)",TXT_TMP00044844,TMP_43b8faf9-17c4-4d75-85e7-e0e92d381975
TXT-TMP_aa1b0de4-fcbc-45f3-a242-d729bcf78739,81.5896,253.6392,00000#~界著支26白1#,0.1491,"rgb(255,255,255)",TXT_TMP00044831,TMP_5b21cf6a-e12f-43da-bf14-e9510fdccc3b
TXT-TMP_b6f8efe0-b5ae-4c96-9e1a-c6dc24ad5209,225.8482,221.968,00000#.~多列分25#,0.1491,"rgb(255,255,255)",TXT_TMP00044799,TMP_b83a07d5-b380-43ca-bc4b-b975dca5bb93
TXT-TMP_9811c1e0-cfff-43f8-85ea-44eba19c0461,264.5422,260.2982,00000~士诉分3#,0.1491,"rgb(255,255,255)",TXT_TMP00044792,TMP_98156dc3-44cd-47f2-b6c3-a41442362d7b
TXT-TMP_4eba32ce-b8f0-47de-89cd-4dc0166f59ce,371.3051,268.6025,00000~能半分7白1#,0.1491,"rgb(255,255,255)",TXT_TMP00044784,TMP_cda94a36-64f0-4271-9f9c-6d4ba4b0616c
TXT-TMP_e19639bb-9d0d-4ee5-aace-474bb1f2bbc3,371.3051,279.4298,00000#~能半分16白1#,0.1491,"rgb(255,255,255)",TXT_TMP00044781,TMP_cda94a36-64f0-4271-9f9c-6d4ba4b0616c
TXT-TMP_029496ef-99d8-4b32-8aef-1cb046b56389,373.262,297.9525,00000#~如败支1#,0.1491,"rgb(255,255,255)",TXT_TMP00044775,TMP_a039096d-5b54-4148-8c63-44f9ef9fdc9c
TXT-TMP_fece6b1b-1e10-43b5-a77a-619d4f9feb0c,372.497,365.7742,TMP00132978#,0.1491,"rgb(255,255,255)",TXT_TMP00044763,TMP_8a5dc6f8-dca1-4649-9379-f756c5ee1ae5
TXT-TMP_93094b2c-715a-4c71-9587-a9d82c139ab0,372.497,368.0787,00000#-能半支60#数线,0.1491,"rgb(255,255,255)",TXT_TMP00044762,TMP_8a5dc6f8-dca1-4649-9379-f756c5ee1ae5
TXT-TMP_3d4f5b03-38a5-4bc3-bc75-7a4d8321291b,422.8124,314.6054,00000#~亮败列20#,0.1491,"rgb(255,255,255)",TXT_TMP00045899,TMP_a2a8700d-3285-4f45-8cd6-5a8da5aee9b3
TXT-TMP_c25f0265-817c-42e5-ace9-0678e36fe49d,426.9128,314.6054,00000#~亮败列23#,0.1491,"rgb(255,255,255)",TXT_TMP00045897,TMP_0850141f-78c7-4626-a591-1816d72c4499
TXT-TMP_49dbd5af-2218-4ade-8bb2-8ac2b6a826d2,433.6397,314.6054,00000#~亮败支28#,0.1491,"rgb(255,255,255)",TXT_TMP00045895,TMP_0850141f-78c7-4626-a591-1816d72c4499
TXT-TMP_54a0e02c-cb1c-409f-a82b-90c6a7b9a6e5,357.4427,289.3459,00000~从地支9#,0.1491,"rgb(255,255,255)",TXT_TMP00045887,TMP_cda94a36-64f0-4271-9f9c-6d4ba4b0616c
TXT-TMP_cf81f6a8-6bf3-4d69-a1ac-065e9e2cf4a2,311.848,289.3459,00000#~从地支36#,0.1491,"rgb(255,255,255)",TXT_TMP00045878,TMP_29a287a4-9ef7-4463-a03f-b932c69852bb
TXT-TMP_eb0661d9-d933-4f22-bb48-c21d399d9e9a,290.483,289.3459,00000#~从地支47#,0.1491,"rgb(255,255,255)",TXT_TMP00045873,TMP_29a287a4-9ef7-4463-a03f-b932c69852bb
TXT-TMP_79320bb3-10dc-4d80-b254-8d76bf51da98,488.0342,162.5105,TMP00131370#~约叫败分22#,0.1491,"rgb(255,255,255)",TXT_TMP00045841,TMP_7441e77b-7efe-43da-bad0-3b502452bd7f
TXT-TMP_77c7da7a-c14b-440e-91ca-e5127888d959,507.8693,262.6532,配变2142,0.8046,"rgb(255,255,255)",TXT_TMP00046365,TMP_77c7da7a-c14b-440e-91ca-e5127888d959
TXT-TMP_c7bfb5a3-e7a4-4226-b153-f35910a79812,576.511,289.868,配变2141,0.8046,"rgb(255,255,255)",TXT_TMP00046364,TMP_c7bfb5a3-e7a4-4226-b153-f35910a79812
TXT-TMP_60e30710-1f02-462a-b775-fb018ccde95a,591.646,305.0978,配变2140,0.8046,"rgb(255,255,255)",TXT_TMP00046363,TMP_60e30710-1f02-462a-b775-fb018ccde95a
TXT-TMP_d9bfab0b-905b-4a47-bacc-f45921ea8c61,621.252,305.0728,配变2139,0.8046,"rgb(255,255,255)",TXT_TMP00046362,TMP_d9bfab0b-905b-4a47-bacc-f45921ea8c61
TXT-TMP_0996d4f5-11bd-41b3-934c-778c3f155f99,646.8199,297.5357,配变2138,0.8046,"rgb(255,255,255)",TXT_TMP00046361,TMP_0996d4f5-11bd-41b3-934c-778c3f155f99
TXT-TMP_f0af95f5-e9b0-4187-a80f-1fb23f3d5c79,624.8256,292.9392,配变2137,0.8046,"rgb(255,255,255)",TXT_TMP00046360,TMP_f0af95f5-e9b0-4187-a80f-1fb23f3d5c79
TXT-TMP_4a7dbc08-4528-4c0a-a714-76af4097a4d0,611.4016,292.6346,配变2136,0.4062,"rgb(255,255,255)",TXT_TMP00046359,TMP_4a7dbc08-4528-4c0a-a714-76af4097a4d0
TXT-TMP_47387e1b-2b38-43c2-a24c-46f57077c2bc,614.4405,289.8053,配变2135,0.8046,"rgb(255,255,255)",TXT_TMP00046358,TMP_47387e1b-2b38-43c2-a24c-46f57077c2bc
TXT-TMP_ef5b982e-a966-4e16-960d-0dc6616f8a12,614.0683,320.052,配变2134,0.8046,"rgb(255,255,255)",TXT_TMP00046357,TMP_ef5b982e-a966-4e16-960d-0dc6616f8a12
TXT-TMP_b33f6c66-78d6-4c51-8414-af6d691532e5,599.1873,290.7669,配变2133,0.8046,"rgb(255,255,255)",TXT_TMP00046356,TMP_b33f6c66-78d6-4c51-8414-af6d691532e5
TXT-TMP_621b96e4-de77-4449-bf8d-85916c1d1c68,588.0612,289.2392,配变2132,0.8046,"rgb(255,255,255)",TXT_TMP00046355,TMP_621b96e4-de77-4449-bf8d-85916c1d1c68
TXT-TMP_36afd2d1-58b1-4c1b-8c6c-88f646a1cc9c,583.4015,322.0448,配变2131,0.8046,"rgb(255,255,255)",TXT_TMP00046354,TMP_36afd2d1-58b1-4c1b-8c6c-88f646a1cc9c
TXT-TMP_c5b9d6f9-4346-42cd-b236-3780a11e0443,572.0316,303.9453,配变2130,0.8046,"rgb(255,255,255)",TXT_TMP00046353,TMP_c5b9d6f9-4346-42cd-b236-3780a11e0443
TXT-TMP_9c7a930b-f80d-4ae8-8d81-514de2e47969,565.5929,290.3656,配变2129,0.8046,"rgb(255,255,255)",TXT_TMP00046352,TMP_9c7a930b-f80d-4ae8-8d81-514de2e47969
TXT-TMP_84111d19-51e9-4ca0-bc49-4e25cbac2048,539.8925,292.3692,配变2128,0.8046,"rgb(255,255,255)",TXT_TMP00046351,TMP_84111d19-51e9-4ca0-bc49-4e25cbac2048
TXT-TMP_e06d16f5-8bc7-4435-a7d1-52ceff84b239,537.8223,340.7861,配变2127,0.8046,"rgb(255,255,255)",TXT_TMP00046350,TMP_e06d16f5-8bc7-4435-a7d1-52ceff84b239
TXT-TMP_1c0f1fcc-d422-47e8-bdff-b469ea41f85e,531.4031,320.1227,配变2126,0.8046,"rgb(255,255,255)",TXT_TMP00046349,TMP_1c0f1fcc-d422-47e8-bdff-b469ea41f85e
TXT-TMP_45cc3ac4-cc1d-4e68-ad7a-e5975bd08cad,560.9454,303.9829,配变2125,0.8046,"rgb(255,255,255)",TXT_TMP00046348,TMP_45cc3ac4-cc1d-4e68-ad7a-e5975bd08cad
TXT-TMP_6c3648f9-647b-4352-8815-33cabc5ba69a,534.7696,293.4931,配变2124,0.8046,"rgb(255,255,255)",TXT_TMP00046347,TMP_6c3648f9-647b-4352-8815-33cabc5ba69a
TXT-TMP_7633b82e-1c80-4b02-8c57-523fd1fe5f76,525.1274,305.8742,配变2123,0.8046,"rgb(255,255,255)",TXT_TMP00046346,TMP_7633b82e-1c80-4b02-8c57-523fd1fe5f76
TXT-TMP_d1717ff4-f67c-4273-8068-d61a2757719f,522.8929,287.7338,配变2122,0.8046,"rgb(255,255,255)",TXT_TMP00046345,TMP_d1717ff4-f67c-4273-8068-d61a2757719f
TXT-TMP_f76dbd8a-d232-4338-8a0b-c3f06c21f331,518.0241,303.9487,配变2121,0.8046,"rgb(255,255,255)",TXT_TMP00046344,TMP_f76dbd8a-d232-4338-8a0b-c3f06c21f331
TXT-TMP_c5dc9be5-510f-4d53-bc23-c2eb8613991c,435.996,247.34,配变2120,0.8046,"rgb(255,255,255)",TXT_TMP00046343,TMP_c5dc9be5-510f-4d53-bc23-c2eb8613991c
TXT-TMP_cda94a36-64f0-4271-9f9c-6d4ba4b0616c,348.5433,270.9942,配变2119,0.8046,"rgb(255,255,255)",TXT_TMP00046342,TMP_cda94a36-64f0-4271-9f9c-6d4ba4b0616c
TXT-TMP_ef7efd2d-df5a-4567-81a3-d6501d5992ce,343.9343,261.7919,配变2118,0.8046,"rgb(255,255,255)",TXT_TMP00046341,TMP_ef7efd2d-df5a-4567-81a3-d6501d5992ce
TXT-TMP_e41b0377-93ee-4b03-9a0d-36f42f5f5afc,343.9342,242.1415,配变2117,0.8046,"rgb(255,255,255)",TXT_TMP00046340,TMP_e41b0377-93ee-4b03-9a0d-36f42f5f5afc
TXT-TMP_b83a07d5-b380-43ca-bc4b-b975dca5bb93,205.222,233.489,配变2116,0.8046,"rgb(255,255,255)",TXT_TMP00046339,TMP_b83a07d5-b380-43ca-bc4b-b975dca5bb93
TXT-TMP_5971cf03-2278-4d9d-a8da-26cdf23dc35c,193.9418,239.5269,配变2115,0.8046,"rgb(255,255,255)",TXT_TMP00046338,TMP_5971cf03-2278-4d9d-a8da-26cdf23dc35c
TXT-TMP_044d1032-5e7c-48e0-83dc-429a03cf42da,141.4531,221.5369,配变2114,0.8046,"rgb(255,255,255)",TXT_TMP00046337,TMP_044d1032-5e7c-48e0-83dc-429a03cf42da
TXT-TMP_43b8faf9-17c4-4d75-85e7-e0e92d381975,134.2846,230.6061,配变2113,0.8046,"rgb(255,255,255)",TXT_TMP00046336,TMP_43b8faf9-17c4-4d75-85e7-e0e92d381975
TXT-TMP_5b21cf6a-e12f-43da-bf14-e9510fdccc3b,84.8815,263.7238,配变2112,0.8046,"rgb(255,255,255)",TXT_TMP00046335,TMP_5b21cf6a-e12f-43da-bf14-e9510fdccc3b
TXT-TMP_3a49331b-cc64-4a9f-a9d4-63be01b21437,89.5476,247.3371,配变2111,0.8046,"rgb(255,255,255)",TXT_TMP00046334,TMP_3a49331b-cc64-4a9f-a9d4-63be01b21437
TXT-TMP_2c64c80f-ee6c-4782-9750-a745b7778434,97.2313,258.944,配变2110,0.8046,"rgb(255,255,255)",TXT_TMP00046333,TMP_2c64c80f-ee6c-4782-9750-a745b7778434
TXT-TMP_a79658fd-7690-4a18-9a24-bffcd85f713c,126.3546,258.9181,配变2109,0.8046,"rgb(255,255,255)",TXT_TMP00046332,TMP_a79658fd-7690-4a18-9a24-bffcd85f713c
TXT-TMP_a9760907-db65-469d-aab0-145177fdbd6e,150.9156,258.9181,配变2108,0.8046,"rgb(255,255,255)",TXT_TMP00046331,TMP_a9760907-db65-469d-aab0-145177fdbd6e
TXT-TMP_28761561-fc4e-4179-94ce-e99d0c5560ed,160.1182,246.1853,配变2107,0.8046,"rgb(255,255,255)",TXT_TMP00046330,TMP_28761561-fc4e-4179-94ce-e99d0c5560ed
TXT-TMP_49e646cc-0a2c-485e-aa18-4d10a178af42,195.4462,193.8139,配变2106,0.8046,"rgb(255,255,255)",TXT_TMP00046329,TMP_49e646cc-0a2c-485e-aa18-4d10a178af42
TXT-TMP_22325510-a50b-4605-bc60-7ccb3b2d227c,157.7519,181.6764,配变2105,0.8046,"rgb(255,255,255)",TXT_TMP00046328,TMP_22325510-a50b-4605-bc60-7ccb3b2d227c
TXT-TMP_fc880865-495d-4800-a81c-f25c5de892f3,147.8452,189.6854,配变2104,0.8046,"rgb(255,255,255)",TXT_TMP00046327,TMP_fc880865-495d-4800-a81c-f25c5de892f3
TXT-TMP_df061877-824c-4965-b5e6-8decf1874a69,144.8174,194.9497,配变2103,0.8046,"rgb(255,255,255)",TXT_TMP00046326,TMP_df061877-824c-4965-b5e6-8decf1874a69
TXT-TMP_60ae0112-04bd-4f6f-97f1-873225612421,151.2237,199.4295,配变2102,0.8046,"rgb(255,255,255)",TXT_TMP00046325,TMP_60ae0112-04bd-4f6f-97f1-873225612421
TXT-TMP_3a41a5e5-5fbf-4f2b-818c-18fb53c05913,165.7443,201.7666,配变2101,0.2291,"rgb(255,255,255)",TXT_TMP00046324,TMP_3a41a5e5-5fbf-4f2b-818c-18fb53c05913
TXT-TMP_841fc2ec-a6ec-40ae-8c33-77de7532acd8,180.4493,182.1271,配变2100,0.8046,"rgb(255,255,255)",TXT_TMP00046323,TMP_841fc2ec-a6ec-40ae-8c33-77de7532acd8
TXT-TMP_6bec1034-28a4-4764-ab22-cd1e6ca1e14a,186.0036,202.2558,配变2099,0.8046,"rgb(255,255,255)",TXT_TMP00046322,TMP_6bec1034-28a4-4764-ab22-cd1e6ca1e14a
TXT-TMP_9fd74bdf-5c22-4a9b-8adb-79ebbfe34a2e,163.6946,209.7178,配变2098,0.8046,"rgb(255,255,255)",TXT_TMP00046321,TMP_9fd74bdf-5c22-4a9b-8adb-79ebbfe34a2e
TXT-TMP_496f8829-6fa4-4672-b520-e052dde934fe,186.0036,217.8216,配变2097,0.8046,"rgb(255,255,255)",TXT_TMP00046320,TMP_496f8829-6fa4-4672-b520-e052dde934fe
TXT-TMP_5976b4e5-eb5d-4323-8380-9043ca4a26c1,187.5908,234.7484,配变2096,0.8046,"rgb(255,255,255)",TXT_TMP00046319,TMP_5976b4e5-eb5d-4323-8380-9043ca4a26c1
TXT-TMP_760d4cfe-3f74-47cc-8669-d9d2bd5e352c,169.6286,237.7746,配变2095,0.3247,"rgb(255,255,255)",TXT_TMP00046318,TMP_760d4cfe-3f74-47cc-8669-d9d2bd5e352c
TXT-TMP_521fa3ee-a65f-46e8-b025-eac2afb6228b,184.6432,241.1374,配变2094,0.8046,"rgb(255,255,255)",TXT_TMP00046317,TMP_521fa3ee-a65f-46e8-b025-eac2afb6228b
TXT-TMP_02b3ecb1-08bb-4400-94d4-14e4ad722e19,166.9465,242.9408,配变2093,0.8046,"rgb(255,255,255)",TXT_TMP00046316,TMP_02b3ecb1-08bb-4400-94d4-14e4ad722e19
TXT-TMP_5478e210-319e-4fd3-966e-bd733e554ac7,203.5647,288.9897,配变2092,0.8046,"rgb(255,255,255)",TXT_TMP00046315,TMP_5478e210-319e-4fd3-966e-bd733e554ac7
TXT-TMP_04c676f3-a4ef-44a6-9a79-62494c1f5b2a,217.8471,261.7772,配变2091,0.8046,"rgb(255,255,255)",TXT_TMP00046314,TMP_04c676f3-a4ef-44a6-9a79-62494c1f5b2a
TXT-TMP_82dca2d5-f471-40a2-afc3-afc2847dea33,214.6282,256.5537,配变2090,0.8046,"rgb(255,255,255)",TXT_TMP00046313,TMP_82dca2d5-f471-40a2-afc3-afc2847dea33
TXT-TMP_76d6bc33-c6ce-42b6-81d4-dfe1bb155968,208.2579,238.3468,配变2089,0.8046,"rgb(255,255,255)",TXT_TMP00046312,TMP_76d6bc33-c6ce-42b6-81d4-dfe1bb155968
TXT-TMP_09af8011-8c6b-4540-a86a-505c35a8cb55,225.5542,208.1047,配变2088,0.8046,"rgb(255,255,255)",TXT_TMP00046311,TMP_09af8011-8c6b-4540-a86a-505c35a8cb55
TXT-TMP_81dd722d-beea-4e3e-9d89-83e97d729885,231.8086,244.4742,配变2087,0.5866,"rgb(255,255,255)",TXT_TMP00046310,TMP_81dd722d-beea-4e3e-9d89-83e97d729885
TXT-TMP_7b55bb22-58df-43ce-aa8d-e9fe39d7da7a,230.2912,273.7645,配变2086,0.8046,"rgb(255,255,255)",TXT_TMP00046309,TMP_7b55bb22-58df-43ce-aa8d-e9fe39d7da7a
TXT-TMP_98156dc3-44cd-47f2-b6c3-a41442362d7b,245.6667,239.5596,配变2085,0.8046,"rgb(255,255,255)",TXT_TMP00046308,TMP_98156dc3-44cd-47f2-b6c3-a41442362d7b
TXT-TMP_d13cda82-0bbd-4f84-a519-d1a40543487b,235.7827,245.0062,配变2084,0.8046,"rgb(255,255,255)",TXT_TMP00046307,TMP_d13cda82-0bbd-4f84-a519-d1a40543487b
TXT-TMP_f144f1f3-e089-4ffd-a3c8-c820a2f975d5,256.613,263.7238,配变2187,0.8046,"rgb(255,255,255)",TXT_TMP00046410,TMP_f144f1f3-e089-4ffd-a3c8-c820a2f975d5
TXT-TMP_dbbc1d03-3de2-4f53-afef-0d032cbf3244,259.2233,237.9058,配变2257,0.8046,"rgb(255,255,255)",TXT_TMP00046480,TMP_dbbc1d03-3de2-4f53-afef-0d032cbf3244
TXT-TMP_1054f75a-369a-4817-af47-48c9273f90dd,251.527,268.367,配变2256,0.8046,"rgb(255,255,255)",TXT_TMP00046479,TMP_1054f75a-369a-4817-af47-48c9273f90dd
TXT-TMP_17164fa2-90ac-4acd-aa62-934c179da308,266.3183,247.8753,配变2255,0.8046,"rgb(255,255,255)",TXT_TMP00046478,TMP_17164fa2-90ac-4acd-aa62-934c179da308
TXT-TMP_a039096d-5b54-4148-8c63-44f9ef9fdc9c,379.1593,275.9398,配变2254,0.8046,"rgb(255,255,255)",TXT_TMP00046477,TMP_a039096d-5b54-4148-8c63-44f9ef9fdc9c
TXT-TMP_95ab0031-774b-4344-84eb-e8eba3e93d60,381.4057,282.6188,配变2253,0.8046,"rgb(255,255,255)",TXT_TMP00046476,TMP_95ab0031-774b-4344-84eb-e8eba3e93d60
TXT-TMP_ffbda263-d2d3-435e-8e43-e58e8933bd4d,350.3272,315.8429,配变2252,0.8046,"rgb(255,255,255)",TXT_TMP00046475,TMP_ffbda263-d2d3-435e-8e43-e58e8933bd4d
TXT-TMP_81a0a55d-ff02-4e58-87db-3de8d253a652,355.2709,320.3831,配变2251,0.8046,"rgb(255,255,255)",TXT_TMP00046474,TMP_81a0a55d-ff02-4e58-87db-3de8d253a652
TXT-TMP_abe6ca7d-928a-46aa-860c-d611e872401f,369.0214,309.7502,配变2250,0.2371,"rgb(255,255,255)",TXT_TMP00046473,TMP_abe6ca7d-928a-46aa-860c-d611e872401f
TXT-TMP_14b58733-759c-4892-81b5-72af8a198ec3,367.5797,331.1557,配变2249,0.8046,"rgb(255,255,255)",TXT_TMP00046472,TMP_14b58733-759c-4892-81b5-72af8a198ec3
TXT-TMP_faafb46e-d9cf-419f-b318-7f196f280c46,378.6224,319.3112,配变2248,0.8046,"rgb(255,255,255)",TXT_TMP00046471,TMP_faafb46e-d9cf-419f-b318-7f196f280c46
TXT-TMP_0850141f-78c7-4626-a591-1816d72c4499,456.0223,313.9445,配变2247,0.8046,"rgb(255,255,255)",TXT_TMP00046470,TMP_0850141f-78c7-4626-a591-1816d72c4499
TXT-TMP_a2a8700d-3285-4f45-8cd6-5a8da5aee9b3,427.8106,307.9134,配变2246,0.8046,"rgb(255,255,255)",TXT_TMP00046469,TMP_a2a8700d-3285-4f45-8cd6-5a8da5aee9b3
TXT-TMP_ff8fd893-54af-427a-b59d-d7f25203eb7d,405.5369,323.2159,配变2245,0.8046,"rgb(255,255,255)",TXT_TMP00046468,TMP_ff8fd893-54af-427a-b59d-d7f25203eb7d
TXT-TMP_298f74fd-f44e-4410-8acd-2cdcbc9a1da7,392.3875,302.5334,配变2244,0.4471,"rgb(255,255,255)",TXT_TMP00046467,TMP_298f74fd-f44e-4410-8acd-2cdcbc9a1da7
TXT-TMP_7f3f57f1-cedd-43b0-9372-beaa93578cd4,379.5287,288.3901,配变2243,0.8046,"rgb(255,255,255)",TXT_TMP00046466,TMP_7f3f57f1-cedd-43b0-9372-beaa93578cd4
TXT-TMP_344ff237-c410-412a-9fff-3b3a44c582c8,410.5477,296.897,配变2242,0.8046,"rgb(255,255,255)",TXT_TMP00046465,TMP_344ff237-c410-412a-9fff-3b3a44c582c8
TXT-TMP_29a287a4-9ef7-4463-a03f-b932c69852bb,284.9615,288.2904,配变2241,0.8046,"rgb(255,255,255)",TXT_TMP00046464,TMP_29a287a4-9ef7-4463-a03f-b932c69852bb
TXT-TMP_d893756b-948a-47ca-ad32-e5b1bc4bfc96,301.0637,299.4821,配变2240,0.8046,"rgb(255,255,255)",TXT_TMP00046463,TMP_d893756b-948a-47ca-ad32-e5b1bc4bfc96
TXT-TMP_087e52b6-9a8c-4255-a181-88c4692dc2f2,311.2622,276.785,配变2239,0.8046,"rgb(255,255,255)",TXT_TMP00046462,TMP_087e52b6-9a8c-4255-a181-88c4692dc2f2
TXT-TMP_06768cfc-58cb-4a44-b509-4c3aded7b9fd,306.5382,281.1566,配变2238,0.8046,"rgb(255,255,255)",TXT_TMP00046461,TMP_06768cfc-58cb-4a44-b509-4c3aded7b9fd
TXT-TMP_21b86f13-1d97-4796-801b-f1e7bd95d9bf,340.2753,299.4174,配变2237,0.8046,"rgb(255,255,255)",TXT_TMP00046460,TMP_21b86f13-1d97-4796-801b-f1e7bd95d9bf
TXT-TMP_82b0861d-0306-4ac8-90cd-f5b9d6be1017,353.6844,283.796,配变2236,0.8046,"rgb(255,255,255)",TXT_TMP00046459,TMP_82b0861d-0306-4ac8-90cd-f5b9d6be1017
TXT-TMP_f7d517a9-5173-4cfb-afe1-3a45dcdc22a3,358.6033,298.6001,配变2235,0.8046,"rgb(255,255,255)",TXT_TMP00046458,TMP_f7d517a9-5173-4cfb-afe1-3a45dcdc22a3
TXT-TMP_985da837-9b84-43fb-a63c-0f8f98d9b1b8,362.8447,275.4827,配变2234,0.8046,"rgb(255,255,255)",TXT_TMP00046457,TMP_985da837-9b84-43fb-a63c-0f8f98d9b1b8
TXT-TMP_7ad96fa6-f6ae-47d7-bc73-321a26eaf398,358.5132,278.7361,配变2233,0.8046,"rgb(255,255,255)",TXT_TMP00046456,TMP_7ad96fa6-f6ae-47d7-bc73-321a26eaf398
TXT-TMP_cc6d638d-4f4e-4033-98ea-360bf02edf8d,358.0745,267.4807,配变2232,0.4666,"rgb(255,255,255)",TXT_TMP00046455,TMP_cc6d638d-4f4e-4033-98ea-360bf02edf8d
TXT-TMP_99e85dce-45d7-4671-a735-6ff6a8185c36,365.0913,259.4998,配变2231,0.4442,"rgb(255,255,255)",TXT_TMP00046454,TMP_99e85dce-45d7-4671-a735-6ff6a8185c36
TXT-TMP_065be228-2e33-400e-841f-f4c56e86668f,376.2586,245.714,配变2230,0.8046,"rgb(255,255,255)",TXT_TMP00046453,TMP_065be228-2e33-400e-841f-f4c56e86668f
TXT-TMP_285f1153-ff25-47cf-90b8-adfa00f32178,387.7936,261.1717,配变2229,0.8046,"rgb(255,255,255)",TXT_TMP00046452,TMP_285f1153-ff25-47cf-90b8-adfa00f32178
TXT-TMP_68111b4e-97d0-4837-8f72-99f8c07c9728,392.7359,257.0232,配变2228,0.8046,"rgb(255,255,255)",TXT_TMP00046451,TMP_68111b4e-97d0-4837-8f72-99f8c07c9728
TXT-TMP_478d6574-e662-49e8-9fb6-197e106c497f,402.8928,245.6919,配变2227,0.8046,"rgb(255,255,255)",TXT_TMP00046450,TMP_478d6574-e662-49e8-9fb6-197e106c497f
TXT-TMP_b21b17aa-4199-444e-bf30-c5707219ed17,406.1704,269.6752,配变2226,0.8046,"rgb(255,255,255)",TXT_TMP00046449,TMP_b21b17aa-4199-444e-bf30-c5707219ed17
TXT-TMP_7a63b84f-5125-4d49-a195-c2705de2eed9,410.931,258.0714,配变2225,0.8046,"rgb(255,255,255)",TXT_TMP00046448,TMP_7a63b84f-5125-4d49-a195-c2705de2eed9
TXT-TMP_3e8e51d9-4a13-4bb9-b16c-661585022a5d,400.8836,257.3133,配变2224,0.8046,"rgb(255,255,255)",TXT_TMP00046447,TMP_3e8e51d9-4a13-4bb9-b16c-661585022a5d
TXT-TMP_22fbc589-c3f6-4d92-b5bb-fa0813cf185f,408.1471,247.8513,配变2223,0.8046,"rgb(255,255,255)",TXT_TMP00046446,TMP_22fbc589-c3f6-4d92-b5bb-fa0813cf185f
TXT-TMP_5c1514e5-eb61-4d12-972d-70b69ccec2b0,434.8321,239.4283,配变2222,0.8046,"rgb(255,255,255)",TXT_TMP00046445,TMP_5c1514e5-eb61-4d12-972d-70b69ccec2b0
TXT-TMP_b9330e56-86a9-413d-87da-e8edab7a31d0,416.1246,244.5837,配变2221,0.8046,"rgb(255,255,255)",TXT_TMP00046444,TMP_b9330e56-86a9-413d-87da-e8edab7a31d0
TXT-TMP_2088d004-1859-4eff-97d4-530284fecb09,433.0127,262.3748,配变2220,0.8046,"rgb(255,255,255)",TXT_TMP00046443,TMP_2088d004-1859-4eff-97d4-530284fecb09
TXT-TMP_850e70ee-85c4-4693-871d-61c50c6d5147,450.5758,269.1532,配变2219,0.8046,"rgb(255,255,255)",TXT_TMP00046442,TMP_850e70ee-85c4-4693-871d-61c50c6d5147
TXT-TMP_490d4821-6ff0-4b9d-ac5d-2dab0ff98cc9,446.0443,277.4044,配变2218,0.8046,"rgb(255,255,255)",TXT_TMP00046441,TMP_490d4821-6ff0-4b9d-ac5d-2dab0ff98cc9
TXT-TMP_42fc28b3-dd5e-403f-b9ff-13af49b3da63,441.6253,254.6541,配变2217,0.8046,"rgb(255,255,255)",TXT_TMP00046440,TMP_42fc28b3-dd5e-403f-b9ff-13af49b3da63
TXT-TMP_a91d404a-96be-4f8a-a965-9fbc7a23a408,469.7053,244.3376,配变2216,0.8046,"rgb(255,255,255)",TXT_TMP00046439,TMP_a91d404a-96be-4f8a-a965-9fbc7a23a408
TXT-TMP_0a3689a4-8cd7-4b71-ad64-aacd95fc31f9,476.8949,262.3748,配变2215,0.8046,"rgb(255,255,255)",TXT_TMP00046438,TMP_0a3689a4-8cd7-4b71-ad64-aacd95fc31f9
TXT-TMP_4779a466-61f6-421a-a92a-1b9023856074,507.3842,246.9393,配变2214,0.8046,"rgb(255,255,255)",TXT_TMP00046437,TMP_4779a466-61f6-421a-a92a-1b9023856074
TXT-TMP_b88b06b1-c020-4c5a-930e-6fecccf2b02e,499.0081,245.5984,配变2213,0.8046,"rgb(255,255,255)",TXT_TMP00046436,TMP_b88b06b1-c020-4c5a-930e-6fecccf2b02e
TXT-TMP_c3f1c2ed-444f-4ad4-a3fa-172004df9768,512.5237,247.7072,配变2212,0.8046,"rgb(255,255,255)",TXT_TMP00046435,TMP_c3f1c2ed-444f-4ad4-a3fa-172004df9768
TXT-TMP_9a115517-7106-4fe3-8ae8-d12b6445cba5,516.8874,262.2614,配变2211,0.8046,"rgb(255,255,255)",TXT_TMP00046434,TMP_9a115517-7106-4fe3-8ae8-d12b6445cba5
TXT-TMP_34f6a40c-4c85-49ed-a476-8af4ed62e4a1,519.3554,228.0905,配变2210,0.8046,"rgb(255,255,255)",TXT_TMP00046433,TMP_34f6a40c-4c85-49ed-a476-8af4ed62e4a1
TXT-TMP_fc491a72-0ee0-4693-869e-47a1ebbfb182,529.1964,244.8131,配变2209,0.8046,"rgb(255,255,255)",TXT_TMP00046432,TMP_fc491a72-0ee0-4693-869e-47a1ebbfb182
TXT-TMP_56d3e7ef-b9c2-4e58-b2fe-0639ece86ff9,536.1827,258.9421,配变2208,0.8046,"rgb(255,255,255)",TXT_TMP00046431,TMP_56d3e7ef-b9c2-4e58-b2fe-0639ece86ff9
TXT-TMP_89fb6053-8775-44ec-acbf-4bab7f5fed9b,538.1823,248.3095,配变2207,0.8046,"rgb(255,255,255)",TXT_TMP00046430,TMP_89fb6053-8775-44ec-acbf-4bab7f5fed9b
TXT-TMP_302d8dfa-0e1b-44a7-8dc4-ea255da33118,542.3419,265.704,配变2206,0.8046,"rgb(255,255,255)",TXT_TMP00046429,TMP_302d8dfa-0e1b-44a7-8dc4-ea255da33118
TXT-TMP_7441e77b-7efe-43da-bad0-3b502452bd7f,477.5313,160.4684,配变2205,0.8046,"rgb(255,255,255)",TXT_TMP00046428,TMP_7441e77b-7efe-43da-bad0-3b502452bd7f
TXT-TMP_a8a6ae37-b998-43d1-8dab-709c00793f09,465.3354,120.3954,配变2204,0.8046,"rgb(255,255,255)",TXT_TMP00046427,TMP_a8a6ae37-b998-43d1-8dab-709c00793f09
TXT-TMP_387ab684-1286-4133-9d0f-bb7f8d5f71f8,446.1087,127.5438,开关00033,0.8046,"rgb(255,255,255)",TXT_TMP00043921,TMP_387ab684-1286-4133-9d0f-bb7f8d5f71f8
TXT-TMP_941fd7b3-8bb6-4fe1-9de9-e50e55472a5e,541.5903,127.6474,开关00032,0.4148,"rgb(255,255,255)",TXT_TMP00043920,TMP_941fd7b3-8bb6-4fe1-9de9-e50e55472a5e
TXT-TMP_d2ecc314-43f8-48c4-873d-ffc963c20728,493.3363,293.385,开关00031,0.8046,"rgb(255,255,255)",TXT_TMP00043919,TMP_d2ecc314-43f8-48c4-873d-ffc963c20728
TXT-TMP_8b0971d3-ad63-40cd-ba8f-dfb85f032685,493.3363,299.8994,开关00030,0.8046,"rgb(255,255,255)",TXT_TMP00043918,TMP_8b0971d3-ad63-40cd-ba8f-dfb85f032685
TXT-TMP_2c885d46-df32-455a-aad4-dcd02b28a22c,488.422,252.6087,开关00029,0.5306,"rgb(255,255,255)",TXT_TMP00043917,TMP_2c885d46-df32-455a-aad4-dcd02b28a22c
TXT-TMP_f20145d2-b4ac-4490-b5ee-4a6255102390,461.9603,255.6564,开关00028,0.8046,"rgb(255,255,255)",TXT_TMP00043916,TMP_f20145d2-b4ac-4490-b5ee-4a6255102390
TXT-TMP_79401958-f0c0-4f58-84f4-3dc935eb6156,422.9458,250.5707,开关00027,0.8046,"rgb(255,255,255)",TXT_TMP00043915,TMP_79401958-f0c0-4f58-84f4-3dc935eb6156
TXT-TMP_ddcf8663-91e5-47c4-b79a-0ca4f80c008d,353.7738,252.8827,开关00026,0.8046,"rgb(255,255,255)",TXT_TMP00043914,TMP_ddcf8663-91e5-47c4-b79a-0ca4f80c008d
TXT-TMP_1eb74d1c-7362-43ba-a595-87546414460a,165.2257,252.8201,开关00025,0.4452,"rgb(255,255,255)",TXT_TMP00043913,TMP_1eb74d1c-7362-43ba-a595-87546414460a
TXT-TMP_8a6cb165-9f80-422c-a744-4e94443cb6da,139.7478,250.5707,开关00024,0.8046,"rgb(255,255,255)",TXT_TMP00043912,TMP_8a6cb165-9f80-422c-a744-4e94443cb6da
TXT-TMP_f99f0b31-ca97-4a89-a29e-c4ba77c316a0,100.8179,250.5707,开关00023,0.8046,"rgb(255,255,255)",TXT_TMP00043911,TMP_f99f0b31-ca97-4a89-a29e-c4ba77c316a0
TXT-TMP_cd5f9b7d-87e0-4714-87f1-24ea5e875dfb,68.6055,250.5707,开关00022,0.8046,"rgb(255,255,255)",TXT_TMP00043910,TMP_cd5f9b7d-87e0-4714-87f1-24ea5e875dfb
TXT-TMP_ed51f8b0-bf85-435f-8ad7-aad611042a5c,172.4069,249.4185,开关00021,0.8046,"rgb(255,255,255)",TXT_TMP00043909,TMP_ed51f8b0-bf85-435f-8ad7-aad611042a5c
TXT-TMP_0cba4932-5fa0-4fdb-b6f6-f456718c5185,260.6503,256.7375,开关00020,0.8046,"rgb(255,255,255)",TXT_TMP00043908,TMP_0cba4932-5fa0-4fdb-b6f6-f456718c5185
TXT-TMP_eafd0924-50c3-4be8-b05a-dfd3fb53b7af,260.4403,274.8909,开关00019,0.8046,"rgb(255,255,255)",TXT_TMP00043907,TMP_eafd0924-50c3-4be8-b05a-dfd3fb53b7af
TXT-TMP_23deee88-cfcf-4cb9-9b2c-4e949895b84a,375.5508,313.7933,开关00018,0.3635,"rgb(255,255,255)",TXT_TMP00043906,TMP_23deee88-cfcf-4cb9-9b2c-4e949895b84a
TXT-TMP_f86045bf-a897-40c7-b17c-f62ccfbb0b3b,377.2887,294.884,开关00017,0.8046,"rgb(255,255,255)",TXT_TMP00043905,TMP_f86045bf-a897-40c7-b17c-f62ccfbb0b3b
TXT-TMP_a0e6ed27-720f-4e8a-a2f6-583d74b603d0,449.6004,249.4185,开关00016,0.8046,"rgb(255,255,255)",TXT_TMP00043904,TMP_a0e6ed27-720f-4e8a-a2f6-583d74b603d0
TXT-TMP_ef5271b3-9ce5-4023-9188-ea7fb8890ce1,532.2537,108.8556,开关00015,0.8046,"rgb(255,255,255)",TXT_TMP00043903,TMP_ef5271b3-9ce5-4023-9188-ea7fb8890ce1
TXT-TMP_af614e7a-8da9-4618-ba15-056a10b01e0d,543.2282,114.752,开关00014,0.8046,"rgb(255,255,255)",TXT_TMP00043902,TMP_af614e7a-8da9-4618-ba15-056a10b01e0d
TXT-TMP_ea820a69-a003-40f4-84e6-c9d90166b187,484.3522,130.7103,开关00013,0.8046,"rgb(255,255,255)",TXT_TMP00043901,TMP_ea820a69-a003-40f4-84e6-c9d90166b187
TXT-TMP_e351631c-0a41-442e-8cd7-c72772a38a80,490.547,167.5414,开关00012,0.8046,"rgb(255,255,255)",TXT_TMP00043900,TMP_e351631c-0a41-442e-8cd7-c72772a38a80
TXT-TMP_c381511c-d3a0-4526-8170-195f482dae05,181.1206,209.6034,刀闸0086,0.1377,"rgb(255,255,255)",TXT_TMP00044322,TMP_c381511c-d3a0-4526-8170-195f482dae05
TXT-TMP_381900ef-2383-4368-a1db-9336e46b8088,265.6526,250.2445,刀闸0072,0.1491,"rgb(255,255,255)",TXT_TMP00044308,TMP_381900ef-2383-4368-a1db-9336e46b8088
TXT-TMP_7e0582c7-5732-4f70-bc4e-4e3f145585d8,367.36,277.9909,刀闸0048,0.0957,"rgb(255,255,255)",TXT_TMP00044284,TMP_7e0582c7-5732-4f70-bc4e-4e3f145585d8
TXT-TMP_ca61c574-2d4b-495c-94f6-fd060850d7d3,468.1249,249.0923,刀闸0034,0.1491,"rgb(255,255,255)",TXT_TMP00044270,TMP_ca61c574-2d4b-495c-94f6-fd060850d7d3
TXT-TMP_9832c066-1bd9-47e7-8a2e-9e52eb233ca3,574.6366,292.9261,用户1641,1.0058,"rgb(255,255,255)",TXT_TMP00046023,TMP_9832c066-1bd9-47e7-8a2e-9e52eb233ca3
TXT-TMP_4fcdb781-5f1f-4f82-a2c5-e51299ce79e5,581.5502,315.8246,用户1645,1.0058,"rgb(255,255,255)",TXT_TMP00046019,TMP_4fcdb781-5f1f-4f82-a2c5-e51299ce79e5
TXT-TMP_dec7137e-91da-4441-b90c-96d1bca88286,497.5642,303.5118,用户1713,1.0058,"rgb(255,255,255)",TXT_TMP00045951,TMP_dec7137e-91da-4441-b90c-96d1bca88286
TXT-TMP_e5028d44-158b-4f92-93bf-8b58dd8499f6,343.9341,247.9237,用户1654,1.0058,"rgb(255,255,255)",TXT_TMP00046010,TMP_e5028d44-158b-4f92-93bf-8b58dd8499f6
TXT-TMP_5a3266c2-38d9-455f-8fde-c3fa58b193fa,209.1345,248.1046,用户1731,1.0058,"rgb(255,255,255)",TXT_TMP00045933,TMP_5a3266c2-38d9-455f-8fde-c3fa58b193fa
TXT-TMP_6ee1dca8-88c7-4112-89e3-96422a712517,82.8094,257.5036,用户1657,1.0058,"rgb(255,255,255)",TXT_TMP00046007,TMP_6ee1dca8-88c7-4112-89e3-96422a712517
TXT-TMP_3697cfbb-d03d-4fa5-8672-af12188c65a9,182.2214,193.4163,用户1661,1.0058,"rgb(255,255,255)",TXT_TMP00046003,TMP_3697cfbb-d03d-4fa5-8672-af12188c65a9
TXT-TMP_012fe961-4118-407a-b06d-71ac96c3e8af,157.6938,188.5094,用户1662,1.0058,"rgb(255,255,255)",TXT_TMP00046002,TMP_012fe961-4118-407a-b06d-71ac96c3e8af
TXT-TMP_5267ce0e-1227-4787-bc56-20b29b10d61a,181.3646,202.3877,用户1667,1.0058,"rgb(255,255,255)",TXT_TMP00045997,TMP_5267ce0e-1227-4787-bc56-20b29b10d61a
TXT-TMP_5069e455-4ca5-4e92-ae2c-a3151db5383f,181.3646,217.94,用户1669,1.0058,"rgb(255,255,255)",TXT_TMP00045995,TMP_5069e455-4ca5-4e92-ae2c-a3151db5383f
TXT-TMP_3559e3ba-8415-4cc0-ae66-738a9c4c7bc9,203.5648,281.0637,用户1674,1.0058,"rgb(255,255,255)",TXT_TMP00045990,TMP_3559e3ba-8415-4cc0-ae66-738a9c4c7bc9
TXT-TMP_f00840be-0ed3-44b5-9c3e-2638b0866be0,208.5266,261.5868,用户1675,0.392,"rgb(255,255,255)",TXT_TMP00045989,TMP_f00840be-0ed3-44b5-9c3e-2638b0866be0
TXT-TMP_207f03b2-0cc6-4832-b728-f528bbd878ed,244.6985,247.9237,用户1677,1.0058,"rgb(255,255,255)",TXT_TMP00045987,TMP_207f03b2-0cc6-4832-b728-f528bbd878ed
TXT-TMP_71e34c6a-100e-4c8f-a891-2865074d2e16,254.5409,257.5036,用户1678,1.0058,"rgb(255,255,255)",TXT_TMP00045986,TMP_71e34c6a-100e-4c8f-a891-2865074d2e16
TXT-TMP_caf6c4b8-bcbe-4add-a4dc-a2638e2c2171,358.3654,316.1347,用户1683,0.3246,"rgb(255,255,255)",TXT_TMP00045981,TMP_caf6c4b8-bcbe-4add-a4dc-a2638e2c2171
TXT-TMP_c4cc115f-9a54-454e-8479-70ac1f90eb8f,403.4783,316.9958,用户1686,1.0058,"rgb(255,255,255)",TXT_TMP00045978,TMP_c4cc115f-9a54-454e-8479-70ac1f90eb8f
TXT-TMP_81f1202b-e9f6-4273-932a-ca302b15acf6,390.5522,307.9245,用户1687,0.3024,"rgb(255,255,255)",TXT_TMP00045977,TMP_81f1202b-e9f6-4273-932a-ca302b15acf6
TXT-TMP_3170d271-162f-4c23-ad7e-6ac4881647ac,311.2719,285.1045,用户1689,1.0058,"rgb(255,255,255)",TXT_TMP00045975,TMP_3170d271-162f-4c23-ad7e-6ac4881647ac
TXT-TMP_3269b60d-f7d0-474c-9022-9971a1f3a611,356.5447,292.3799,用户1691,1.0058,"rgb(255,255,255)",TXT_TMP00045973,TMP_3269b60d-f7d0-474c-9022-9971a1f3a611
TXT-TMP_575c08bf-0078-4317-a3ec-918da253770f,363.8718,267.7914,用户1693,0.5748,"rgb(255,255,255)",TXT_TMP00045971,TMP_575c08bf-0078-4317-a3ec-918da253770f
TXT-TMP_1a1ebca1-2818-426e-a6e1-cf392f90c901,426.3335,232.1187,用户1718,1.0058,"rgb(255,255,255)",TXT_TMP00045946,TMP_1a1ebca1-2818-426e-a6e1-cf392f90c901
TXT-TMP_9b082c2f-efc4-47d6-a2d5-f64c54533695,420.7638,244.7251,用户1701,1.0058,"rgb(255,255,255)",TXT_TMP00045963,TMP_9b082c2f-efc4-47d6-a2d5-f64c54533695
TXT-TMP_e08cbdb5-d07b-41e7-b693-73d8a20a6739,482.1702,160.6099,用户1711,1.0058,"rgb(255,255,255)",TXT_TMP00045953,TMP_e08cbdb5-d07b-41e7-b693-73d8a20a6739
TXT-TMP_2b39cefa-fb7e-4608-aefd-fe62cf32d70e,504.9668,313.4928,站房000035,1.046,"rgb(255,255,255)",TXT_TMP00000234,TMP_2b39cefa-fb7e-4608-aefd-fe62cf32d70e
TXT-TMP_0ef3fa94-8d0a-4032-99ce-912a6cb809e1,502.46,317.5962,开关00045,0.7927,"rgb(255,255,255)",TXT_TMP00044060,TMP_0ef3fa94-8d0a-4032-99ce-912a6cb809e1
TXT-TMP_207b7aa3-4cfe-41ba-b607-124d43223107,510.3869,317.5962,开关00044,0.7927,"rgb(255,255,255)",TXT_TMP00044059,TMP_207b7aa3-4cfe-41ba-b607-124d43223107
TXT-TMP_111ae9ef-b053-4d04-8bcc-cc4f696c595e,506.4234,317.5962,开关00043,0.7927,"rgb(255,255,255)",TXT_TMP00044058,TMP_111ae9ef-b053-4d04-8bcc-cc4f696c595e
TXT-TMP_8dc1a2fb-4659-424a-9105-28736e37c52c,507.0209,320.7669,配变2284,0.7927,"rgb(255,255,255)",TXT_TMP00046507,TMP_8dc1a2fb-4659-424a-9105-28736e37c52c
TXT-TMP_c842268b-6ba7-4357-9694-e8c8b0a01204,465.5552,267.7888,站房000044,1.046,"rgb(255,255,255)",TXT_TMP00000243,TMP_c842268b-6ba7-4357-9694-e8c8b0a01204
TXT-TMP_5d82534d-a3e6-4eca-b722-fddef39a4c2e,463.0484,273.1608,开关00066,0.7927,"rgb(255,255,255)",TXT_TMP00044105,TMP_5d82534d-a3e6-4eca-b722-fddef39a4c2e
TXT-TMP_0a62863a-ec08-4190-94e2-3bc7bbb452a5,467.0119,273.1608,开关00065,0.7927,"rgb(255,255,255)",TXT_TMP00044104,TMP_0a62863a-ec08-4190-94e2-3bc7bbb452a5
TXT-TMP_91999833-c668-49fb-ad5e-d11925e05556,470.9753,273.1608,开关00064,0.7927,"rgb(255,255,255)",TXT_TMP00044103,TMP_91999833-c668-49fb-ad5e-d11925e05556
TXT-TMP_57a3f1e0-f86e-436e-974e-2e337b76e2b0,464.612,276.6585,配变2272,0.7927,"rgb(255,255,255)",TXT_TMP00046495,TMP_57a3f1e0-f86e-436e-974e-2e337b76e2b0
TXT-TMP_4dd3cc1d-896d-4a42-ad2b-8dfaf8e9acc2,179.0134,160.6738,站房000058,1.046,"rgb(255,255,255)",TXT_TMP00000257,TMP_4dd3cc1d-896d-4a42-ad2b-8dfaf8e9acc2
TXT-TMP_f9c07350-b918-480c-b8df-d9d4109bba9d,176.5065,164.7771,开关00048,0.7927,"rgb(255,255,255)",TXT_TMP00044063,TMP_f9c07350-b918-480c-b8df-d9d4109bba9d
TXT-TMP_30731c23-065a-4a54-95fa-d179db79c77f,180.4699,164.7771,开关00047,0.7927,"rgb(255,255,255)",TXT_TMP00044062,TMP_30731c23-065a-4a54-95fa-d179db79c77f
TXT-TMP_fa54e706-7f59-4fa7-9837-d843b69a3120,184.4333,164.7771,开关00046,0.7927,"rgb(255,255,255)",TXT_TMP00044061,TMP_fa54e706-7f59-4fa7-9837-d843b69a3120
TXT-TMP_30f3b5e7-9ff6-464c-9a79-1b7694b7d683,178.046,167.3805,配变2258,0.7927,"rgb(255,255,255)",TXT_TMP00046481,TMP_30f3b5e7-9ff6-464c-9a79-1b7694b7d683
TXT-TMP_250ab4ac-1a35-42cb-bdde-bf857b651af4,271.6509,288.4101,站房000057,1.046,"rgb(255,255,255)",TXT_TMP00000256,TMP_250ab4ac-1a35-42cb-bdde-bf857b651af4
TXT-TMP_3478ad24-eb5d-47c1-b4ff-59292e59b838,269.1442,293.7821,开关00051,0.7927,"rgb(255,255,255)",TXT_TMP00044066,TMP_3478ad24-eb5d-47c1-b4ff-59292e59b838
TXT-TMP_d5a528eb-ac5a-403c-8d31-a7c2a727e802,277.0711,293.7821,开关00050,0.7927,"rgb(255,255,255)",TXT_TMP00044065,TMP_d5a528eb-ac5a-403c-8d31-a7c2a727e802
TXT-TMP_68c94906-f587-4b70-9668-a6e3527fbc87,273.1076,293.7821,开关00049,0.7927,"rgb(255,255,255)",TXT_TMP00044064,TMP_68c94906-f587-4b70-9668-a6e3527fbc87
TXT-TMP_5f51c2ef-b416-4082-b342-2b90edac51fb,273.7048,296.9529,配变2259,0.7927,"rgb(255,255,255)",TXT_TMP00046482,TMP_5f51c2ef-b416-4082-b342-2b90edac51fb
TXT-TMP_130b4dbf-5a89-4cfd-a690-ca34a351ce0f,379.606,390.2423,站房000056,1.046,"rgb(255,255,255)",TXT_TMP00000255,TMP_130b4dbf-5a89-4cfd-a690-ca34a351ce0f
TXT-TMP_8a5dc6f8-dca1-4649-9379-f756c5ee1ae5,377.0991,395.6144,开关00054,0.7927,"rgb(255,255,255)",TXT_TMP00044069,TMP_8a5dc6f8-dca1-4649-9379-f756c5ee1ae5
TXT-TMP_2a489c67-8f91-4e79-b540-5c0bd870b7e6,385.0258,395.6144,开关00053,0.7927,"rgb(255,255,255)",TXT_TMP00044068,TMP_2a489c67-8f91-4e79-b540-5c0bd870b7e6
TXT-TMP_09c5e931-14b3-413e-bcb6-1404c77d9aaf,381.0625,395.6144,开关00052,0.7927,"rgb(255,255,255)",TXT_TMP00044067,TMP_09c5e931-14b3-413e-bcb6-1404c77d9aaf
TXT-TMP_00022728-3a68-4082-9f9d-cb8e629d8c95,381.6598,398.7851,配变2260,0.7927,"rgb(255,255,255)",TXT_TMP00046483,TMP_00022728-3a68-4082-9f9d-cb8e629d8c95
TXT-TMP_d3f71cf1-0be8-4cea-9891-54b06bb40507,429.3273,217.4312,站房000055,0.6798,"rgb(255,255,255)",TXT_TMP00000254,TMP_d3f71cf1-0be8-4cea-9891-54b06bb40507
TXT-TMP_fa715896-1b91-4a11-9206-8709b920281d,427.6356,221.9007,开关00057,0.7927,"rgb(255,255,255)",TXT_TMP00044072,TMP_fa715896-1b91-4a11-9206-8709b920281d
TXT-TMP_5cfe0f2e-056f-4cad-8540-bdb66c807b66,435.5624,221.9007,开关00056,0.7927,"rgb(255,255,255)",TXT_TMP00044071,TMP_5cfe0f2e-056f-4cad-8540-bdb66c807b66
TXT-TMP_39e8ac87-25ac-47f6-91b2-1bb2dd06f98e,431.5989,221.9007,开关00055,0.7927,"rgb(255,255,255)",TXT_TMP00044070,TMP_39e8ac87-25ac-47f6-91b2-1bb2dd06f98e
TXT-TMP_ff58a753-7d60-4b1e-b273-1b436ee70c2a,432.1964,225.0714,配变2261,0.7927,"rgb(255,255,255)",TXT_TMP00046484,TMP_ff58a753-7d60-4b1e-b273-1b436ee70c2a
TXT-TMP_5e876a4d-9e3a-45b6-8f90-581c64e910a0,457.4677,228.1997,站房000054,1.046,"rgb(255,255,255)",TXT_TMP00000253,TMP_5e876a4d-9e3a-45b6-8f90-581c64e910a0
TXT-TMP_2440fcb0-5647-48b5-a9d5-9d1aaaca8bde,454.9608,232.303,开关00060,0.7927,"rgb(255,255,255)",TXT_TMP00044075,TMP_2440fcb0-5647-48b5-a9d5-9d1aaaca8bde
TXT-TMP_14c4406d-b3f5-43a6-a1e1-1a9bbdf5711c,458.9241,232.303,开关00059,0.7927,"rgb(255,255,255)",TXT_TMP00044074,TMP_14c4406d-b3f5-43a6-a1e1-1a9bbdf5711c
TXT-TMP_85b4d502-876c-455c-a400-558285feec50,462.8875,232.303,开关00058,0.7927,"rgb(255,255,255)",TXT_TMP00044073,TMP_85b4d502-876c-455c-a400-558285feec50
TXT-TMP_98f6bb61-a5a8-4793-a4cc-b6e80d320add,459.5216,235.4737,配变2262,0.7927,"rgb(255,255,255)",TXT_TMP00046485,TMP_98f6bb61-a5a8-4793-a4cc-b6e80d320add
TXT-TMP_968dadbd-9a36-486b-a5bf-1e420111c057,528.6364,268.7346,站房000068,1.046,"rgb(255,255,255)",TXT_TMP00000267,TMP_968dadbd-9a36-486b-a5bf-1e420111c057
TXT-TMP_fb7faf7a-3ba7-472e-985b-4da00321ef8b,526.1295,272.838,开关00087,0.7927,"rgb(255,255,255)",TXT_TMP00044142,TMP_fb7faf7a-3ba7-472e-985b-4da00321ef8b
TXT-TMP_e4a75e26-e4bf-4176-967a-85c20cf3ae04,534.0563,272.838,开关00086,0.7927,"rgb(255,255,255)",TXT_TMP00044141,TMP_e4a75e26-e4bf-4176-967a-85c20cf3ae04
TXT-TMP_f28519ea-f459-4487-8b50-1502638dc61c,530.0929,272.838,开关00085,0.7927,"rgb(255,255,255)",TXT_TMP00044140,TMP_f28519ea-f459-4487-8b50-1502638dc61c
TXT-TMP_abbc7cd6-8dcb-4c1a-b925-426f491b2ef0,527.6931,276.6177,配变2300,0.7927,"rgb(255,255,255)",TXT_TMP00046523,TMP_abbc7cd6-8dcb-4c1a-b925-426f491b2ef0
TXT-TMP_27b7ebd2-1e46-4713-8fb2-272999c8e84b,539.7789,88.4676,站房000060,1.046,"rgb(255,255,255)",TXT_TMP00000259,TMP_27b7ebd2-1e46-4713-8fb2-272999c8e84b
TXT-TMP_33f974a6-4333-48ef-b8a0-f503afac3546,537.2721,93.8395,开关00078,0.7927,"rgb(255,255,255)",TXT_TMP00044130,TMP_33f974a6-4333-48ef-b8a0-f503afac3546
TXT-TMP_3d91d5e5-3733-4040-a9e3-e72d405dfc20,541.2354,93.8395,开关00077,0.7927,"rgb(255,255,255)",TXT_TMP00044129,TMP_3d91d5e5-3733-4040-a9e3-e72d405dfc20
TXT-TMP_116e821b-c3f0-4ef4-a52c-9369b3c5ae10,545.1988,93.8395,开关00076,0.7927,"rgb(255,255,255)",TXT_TMP00044128,TMP_116e821b-c3f0-4ef4-a52c-9369b3c5ae10
TXT-TMP_57c390ef-a8e5-4412-b608-28a7202b72b9,541.8327,97.0102,配变2308,0.7927,"rgb(255,255,255)",TXT_TMP00046531,TMP_57c390ef-a8e5-4412-b608-28a7202b72b9
TXT-TMP_d90ed515-8742-4489-8846-0a3ab3bbb918,565.3452,102.4019,站房000059,1.046,"rgb(255,255,255)",TXT_TMP00000258,TMP_d90ed515-8742-4489-8846-0a3ab3bbb918
TXT-TMP_ded3329e-f79f-447b-9ca5-21ea00e775f2,562.8385,107.7738,开关00081,0.7927,"rgb(255,255,255)",TXT_TMP00044133,TMP_ded3329e-f79f-447b-9ca5-21ea00e775f2
TXT-TMP_29752e62-8f90-470a-878f-81a5b04f92c9,566.8019,107.7738,开关00080,0.7927,"rgb(255,255,255)",TXT_TMP00044132,TMP_29752e62-8f90-470a-878f-81a5b04f92c9
TXT-TMP_7dd7e56e-a938-46f6-9c48-b7d7197628d7,570.7653,107.7738,开关00079,0.7927,"rgb(255,255,255)",TXT_TMP00044131,TMP_7dd7e56e-a938-46f6-9c48-b7d7197628d7
TXT-TMP_a6c3aa09-68a1-4925-8ffb-be97a3ca956d,567.3992,110.9446,配变2309,0.7927,"rgb(255,255,255)",TXT_TMP00046532,TMP_a6c3aa09-68a1-4925-8ffb-be97a3ca956d
TXT-TMP_d02d0b95-2ee9-472e-931c-1e09bb644294,495.7283,173.0344,站房000072,1.046,"rgb(255,255,255)",TXT_TMP00000271,TMP_d02d0b95-2ee9-472e-931c-1e09bb644294
TXT-TMP_0fa451e6-3438-483c-8814-ecdebdb9326d,493.0653,178.2081,开关00090,0.7927,"rgb(255,255,255)",TXT_TMP00044169,TMP_0fa451e6-3438-483c-8814-ecdebdb9326d
TXT-TMP_67df68aa-66c9-47f0-9c93-ee2553916eb2,500.9921,178.2081,开关00089,0.7927,"rgb(255,255,255)",TXT_TMP00044168,TMP_67df68aa-66c9-47f0-9c93-ee2553916eb2
TXT-TMP_57c907d0-410c-4dc9-8e9d-8e006571970e,496.8243,178.2081,开关00088,0.7927,"rgb(255,255,255)",TXT_TMP00044167,TMP_57c907d0-410c-4dc9-8e9d-8e006571970e
TXT-TMP_86628ace-4c62-465b-a55b-2fe5584b431e,507.9835,135.4699,站房000043,1.046,"rgb(255,255,255)",TXT_TMP00000242,TMP_86628ace-4c62-465b-a55b-2fe5584b431e
TXT-TMP_54dafe55-cfbb-481b-b44f-f62f9f6a57d8,513.4033,139.5733,开关00069,0.7927,"rgb(255,255,255)",TXT_TMP00044108,TMP_54dafe55-cfbb-481b-b44f-f62f9f6a57d8
TXT-TMP_3495afed-8951-4ff9-93d2-21948c1c73e4,505.4766,139.5733,开关00068,0.7927,"rgb(255,255,255)",TXT_TMP00044107,TMP_3495afed-8951-4ff9-93d2-21948c1c73e4
TXT-TMP_a19cadba-0f8f-4ce2-b187-22ac8b908358,509.4399,139.5733,开关00067,0.7927,"rgb(255,255,255)",TXT_TMP00044106,TMP_a19cadba-0f8f-4ce2-b187-22ac8b908358
TXT-TMP_9d8c68fe-5efc-4470-bfdb-922c121f0a89,512.0789,142.744,配变2273,0.7927,"rgb(255,255,255)",TXT_TMP00046496,TMP_9d8c68fe-5efc-4470-bfdb-922c121f0a89
TXT-TMP_f8126ebe-009e-4515-88c2-7afb8f807b1d,475.0169,88.6178,站房000053,1.046,"rgb(255,255,255)",TXT_TMP00000252,TMP_f8126ebe-009e-4515-88c2-7afb8f807b1d
TXT-TMP_ec5eefc6-987c-40c8-8937-e5c0e5ad51b3,480.4366,93.9897,开关00063,0.7927,"rgb(255,255,255)",TXT_TMP00044078,TMP_ec5eefc6-987c-40c8-8937-e5c0e5ad51b3
TXT-TMP_b834f3c1-89ac-4a6e-9a46-2a52a3e0c08b,476.4732,93.9897,开关00062,0.7927,"rgb(255,255,255)",TXT_TMP00044077,TMP_b834f3c1-89ac-4a6e-9a46-2a52a3e0c08b
TXT-TMP_dd3a527a-3a0b-4a72-9c75-d0a92c862004,472.5098,93.9897,开关00061,0.7927,"rgb(255,255,255)",TXT_TMP00044076,TMP_dd3a527a-3a0b-4a72-9c75-d0a92c862004
TXT-TMP_ff3170f6-8052-44bc-ad97-6e2ec6d13f5b,474.0729,97.7433,配变2263,0.7927,"rgb(255,255,255)",TXT_TMP00046486,TMP_ff3170f6-8052-44bc-ad97-6e2ec6d13f5b
TXT-TMP_f7a71849-7593-4a4a-a7cc-52a2a7a41a26,108.4747,227.8977,站房000011,1.046,"rgb(255,255,255)",TXT_TMP00000210,TMP_f7a71849-7593-4a4a-a7cc-52a2a7a41a26
TXT-TMP_6d656434-3b95-4c79-95ab-7cded4ea7ce6,105.9678,232.0009,开关00096,0.7927,"rgb(255,255,255)",TXT_TMP00044212,TMP_6d656434-3b95-4c79-95ab-7cded4ea7ce6
TXT-TMP_2f747daf-9738-4618-a94c-01805857aa51,109.9311,232.0009,开关00095,0.7927,"rgb(255,255,255)",TXT_TMP00044211,TMP_2f747daf-9738-4618-a94c-01805857aa51
TXT-TMP_d0718468-d839-4d5d-b197-46ba52765dc9,113.8945,232.0009,开关00094,0.7927,"rgb(255,255,255)",TXT_TMP00044210,TMP_d0718468-d839-4d5d-b197-46ba52765dc9
TXT-TMP_63a40ba5-6805-40e0-8168-29343e9017b2,110.5284,235.1717,配变2329,0.7927,"rgb(255,255,255)",TXT_TMP00046552,TMP_63a40ba5-6805-40e0-8168-29343e9017b2
TXT-TMP_25de1e16-db77-4146-a431-69eb14a0ac97,457.9238,128.3002,00000#-LINE216_争21#,0.1491,"rgb(255,255,255)",TXT_TMP00045822,TMP_a8a6ae37-b998-43d1-8dab-709c00793f09
TXT-TMP_a2f4a827-161d-440d-9611-dd3b87ccced7,459.0761,128.3002,00000#-LINE216_争22#,0.1491,"rgb(255,255,255)",TXT_TMP00045821,TMP_a8a6ae37-b998-43d1-8dab-709c00793f09
TXT-TMP_37694615-0b03-4ab2-baad-693fc9b08b36,460.2284,128.3002,00000#-LINE216_争23#,0.1491,"rgb(255,255,255)",TXT_TMP00045820,TMP_a8a6ae37-b998-43d1-8dab-709c00793f09
TXT-TMP_004eed19-2d82-45e5-9acb-98763f2bc8fe,540.6836,253.6392,00000#-LINE216_争49#,0.1491,"rgb(255,255,255)",TXT_TMP00045814,TMP_9a115517-7106-4fe3-8ae8-d12b6445cba5
TXT-TMP_0e638ae0-1f6b-452f-8559-72cdd66c7585,539.5314,253.6392,00000#-LINE216_争50#,0.1491,"rgb(255,255,255)",TXT_TMP00045813,TMP_c3f1c2ed-444f-4ad4-a3fa-172004df9768
TXT-TMP_01db2fd9-0327-4b94-b3f8-be17c7e5fc70,538.3792,253.6392,00000#-LINE216_争51#,0.1491,"rgb(255,255,255)",TXT_TMP00045812,TMP_c3f1c2ed-444f-4ad4-a3fa-172004df9768
TXT-TMP_ca43d5ef-b685-4750-802b-8b141dd01100,537.0659,253.6392,00000#-LINE216_争52#,0.1491,"rgb(255,255,255)",TXT_TMP00045811,TMP_c3f1c2ed-444f-4ad4-a3fa-172004df9768
TXT-TMP_230902b6-7a0d-4f75-a781-9e50599ab88d,527.1463,253.6392,00000#-LINE216_争56#,0.1491,"rgb(255,255,255)",TXT_TMP00045810,TMP_77c7da7a-c14b-440e-91ca-e5127888d959
TXT-TMP_0ba39092-f2cf-487a-8fb4-7f5289824ff8,465.0306,253.6392,00000#-LINE216_争88#,0.1491,"rgb(255,255,255)",TXT_TMP00045721,TMP_850e70ee-85c4-4693-871d-61c50c6d5147
TXT-TMP_f7b05911-5a7e-4b2a-832a-9ea834310bc8,461.3036,253.6392,00000#-LINE216_争89#,0.1491,"rgb(255,255,255)",TXT_TMP00045720,TMP_c5dc9be5-510f-4d53-bc23-c2eb8613991c
TXT-TMP_8561a5b8-05db-40a6-8495-56da1de356d1,383.7933,253.6392,TMP00131366#-LINE216_争118#,0.1491,"rgb(255,255,255)",TXT_TMP00045707,TMP_a039096d-5b54-4148-8c63-44f9ef9fdc9c
TXT-TMP_acfbaf10-e629-44c4-9657-d0d1d9e27723,382.641,253.6392,TMP00132366#-LINE216_争119#,0.1491,"rgb(255,255,255)",TXT_TMP00045706,TMP_a039096d-5b54-4148-8c63-44f9ef9fdc9c
TXT-TMP_161f9472-beb6-48a6-89a6-ba80c1ffec8d,199.2101,253.6392,TMP00132978#-LINE216_争150#,0.1491,"rgb(255,255,255)",TXT_TMP00045690,TMP_b83a07d5-b380-43ca-bc4b-b975dca5bb93
TXT-TMP_8b973150-28fc-4502-a3ae-071bc6e2a6d6,198.0578,253.6392,TMP00132954#-LINE216_争151#,0.1491,"rgb(255,255,255)",TXT_TMP00045689,TMP_b83a07d5-b380-43ca-bc4b-b975dca5bb93
TXT-TMP_dbe92447-9977-4614-ae93-4c48e3c02c85,196.9056,253.6392,TMP00131370#-LINE216_争152#,0.1491,"rgb(255,255,255)",TXT_TMP00045688,TMP_b83a07d5-b380-43ca-bc4b-b975dca5bb93
TXT-TMP_151260a0-a16a-4960-a7f1-6094f035f0aa,195.7533,253.6392,TMP00131374#-LINE216_争153#,0.1491,"rgb(255,255,255)",TXT_TMP00045687,TMP_b83a07d5-b380-43ca-bc4b-b975dca5bb93
TXT-TMP_ce1dbc8f-213e-4d0e-b9aa-462cce1e70be,194.601,253.6392,TMP00131373#-LINE216_争154#,0.1491,"rgb(255,255,255)",TXT_TMP00045686,TMP_b83a07d5-b380-43ca-bc4b-b975dca5bb93
TXT-TMP_a4a0c28e-cb16-432e-9550-57dedbc55b25,193.4488,253.6392,TMP00131371#-LINE216_争155#,0.1491,"rgb(255,255,255)",TXT_TMP00045685,TMP_b83a07d5-b380-43ca-bc4b-b975dca5bb93
TXT-TMP_a3a5f5af-6474-4367-a5bb-bf1ed28798ed,192.2965,253.6392,TMP00131372#-LINE216_争156#,0.1491,"rgb(255,255,255)",TXT_TMP00045684,TMP_b83a07d5-b380-43ca-bc4b-b975dca5bb93
TXT-TMP_ba0df90b-fc04-449e-ab0d-494677945a1a,191.1442,253.6392,TMP00131368#-LINE216_争157#,0.1491,"rgb(255,255,255)",TXT_TMP00045683,TMP_b83a07d5-b380-43ca-bc4b-b975dca5bb93
TXT-TMP_3839215b-accd-4536-9d59-a27d1efd6bba,189.992,253.6392,TMP00131366#-LINE216_争158#,0.1491,"rgb(255,255,255)",TXT_TMP00045682,TMP_b83a07d5-b380-43ca-bc4b-b975dca5bb93
TXT-TMP_92104dd4-cf36-4b66-bcac-995e9a16f984,188.8398,253.6392,TMP00132366#-LINE216_争159#,0.1491,"rgb(255,255,255)",TXT_TMP00045681,TMP_b83a07d5-b380-43ca-bc4b-b975dca5bb93
TXT-TMP_0542a4aa-ee62-49b4-88a4-2916cc27a501,187.6875,253.6392,TMP00132978#-LINE216_争160#,0.1491,"rgb(255,255,255)",TXT_TMP00045680,TMP_b83a07d5-b380-43ca-bc4b-b975dca5bb93
TXT-TMP_e0ef6fe2-835b-4879-9e5f-6b84c42c08e1,186.5353,253.6392,TMP00132954#-LINE216_争161#,0.1491,"rgb(255,255,255)",TXT_TMP00045679,TMP_b83a07d5-b380-43ca-bc4b-b975dca5bb93
TXT-TMP_7c1ec90c-206b-4490-9b6e-c8b910d5476a,180.877,253.6392,TMP00131370#-LINE216_争162#,0.1491,"rgb(255,255,255)",TXT_TMP00045678,TMP_5971cf03-2278-4d9d-a8da-26cdf23dc35c
TXT-TMP_5874f08c-f648-41f7-be93-da8d2b60aa82,225.8482,225.4248,00000#-多列分22#,0.1491,"rgb(255,255,255)",TXT_TMP00045604,TMP_b83a07d5-b380-43ca-bc4b-b975dca5bb93
TXT-TMP_70d24fc2-779d-4834-96e3-03258d7ffd8f,372.497,366.9264,00000#-能半支60#,0.1491,"rgb(255,255,255)",TXT_TMP00045560,TMP_8a5dc6f8-dca1-4649-9379-f756c5ee1ae5
TXT-TMP_167436d8-a1d1-4d84-9a2e-87334bb8344f,551.1892,253.6392,00000#-LINE216_争41#,0.1491,"rgb(255,255,255)",TXT_TMP00045447,TMP_fc491a72-0ee0-4693-869e-47a1ebbfb182
TXT-TMP_fa8d4a71-adee-4197-b24f-a9d71417a3cd,550.0368,253.6392,00000#-LINE216_争42#,0.1491,"rgb(255,255,255)",TXT_TMP00045446,TMP_fc491a72-0ee0-4693-869e-47a1ebbfb182
TXT-TMP_6576a5ac-e50d-466c-8efb-382f265efc5f,548.8846,253.6392,00000#-LINE216_争43#,0.1491,"rgb(255,255,255)",TXT_TMP00045445,TMP_fc491a72-0ee0-4693-869e-47a1ebbfb182
TXT-TMP_d60762aa-920b-42c7-ad09-28c8bf2091b6,547.7325,253.6392,00000#-LINE216_争44#,0.1491,"rgb(255,255,255)",TXT_TMP00045444,TMP_fc491a72-0ee0-4693-869e-47a1ebbfb182
TXT-TMP_ebb71d69-9911-4724-ab25-77bb194009d8,546.5803,253.6392,00000#-LINE216_争45#,0.1491,"rgb(255,255,255)",TXT_TMP00045443,TMP_fc491a72-0ee0-4693-869e-47a1ebbfb182
TXT-TMP_093593be-9b8f-4b8b-9fd3-0cf2e3364311,473.0965,253.6392,00000#-LINE216_争81#,0.1491,"rgb(255,255,255)",TXT_TMP00045416,TMP_850e70ee-85c4-4693-871d-61c50c6d5147
TXT-TMP_7c930aee-19bd-423e-94a4-de726b3eb76a,471.9441,253.6392,00000#-LINE216_争82#,0.1491,"rgb(255,255,255)",TXT_TMP00045415,TMP_850e70ee-85c4-4693-871d-61c50c6d5147
TXT-TMP_b8291f83-3c39-4c6c-b212-55ab7b3d0559,470.7918,253.6392,00000#-LINE216_争83#,0.1491,"rgb(255,255,255)",TXT_TMP00045414,TMP_850e70ee-85c4-4693-871d-61c50c6d5147
TXT-TMP_d8b096f1-55aa-49fc-b875-07f32c43b484,469.6396,253.6392,00000#-LINE216_争84#,0.1491,"rgb(255,255,255)",TXT_TMP00045413,TMP_850e70ee-85c4-4693-871d-61c50c6d5147
TXT-TMP_486c9540-ad8a-4f27-8837-70c36f81596d,468.4874,253.6392,00000#-LINE216_争85#,0.1491,"rgb(255,255,255)",TXT_TMP00045412,TMP_850e70ee-85c4-4693-871d-61c50c6d5147
TXT-TMP_bded9810-5e76-43a3-b188-47703228ad2f,467.3352,253.6392,00000#-LINE216_争86#,0.1491,"rgb(255,255,255)",TXT_TMP00045411,TMP_850e70ee-85c4-4693-871d-61c50c6d5147
TXT-TMP_82608999-708d-445d-a8f8-e06ce6a9b312,418.168,253.6392,TMP00131366#-LINE216_争108#,0.1491,"rgb(255,255,255)",TXT_TMP00045406,TMP_c5dc9be5-510f-4d53-bc23-c2eb8613991c
TXT-TMP_07c5b5a7-e868-4805-8cba-35083cc9d25b,417.0157,253.6392,TMP00132366#-LINE216_争109#,0.1491,"rgb(255,255,255)",TXT_TMP00045405,TMP_c5dc9be5-510f-4d53-bc23-c2eb8613991c
TXT-TMP_f052fc56-fc63-4321-8f32-ce9953febf36,223.504,253.6392,TMP00131373#-LINE216_争144#,0.1491,"rgb(255,255,255)",TXT_TMP00045404,TMP_b83a07d5-b380-43ca-bc4b-b975dca5bb93
TXT-TMP_f137b096-5b41-4b51-b9f2-3c039555ced2,222.3517,253.6392,TMP00131371#-LINE216_争145#,0.1491,"rgb(255,255,255)",TXT_TMP00045403,TMP_b83a07d5-b380-43ca-bc4b-b975dca5bb93
TXT-TMP_f2dc6b36-25e6-4dfb-92c0-6d5e167b5a15,201.5145,253.6392,TMP00131366#-LINE216_争148#,0.1491,"rgb(255,255,255)",TXT_TMP00045401,TMP_b83a07d5-b380-43ca-bc4b-b975dca5bb93
TXT-TMP_c8cb188a-23f2-4fd1-a009-c03fccf69e37,506.2367,254.8165,用户1640,0.1491,"rgb(255,255,255)",TXT_TMP00046024,TMP_c8cb188a-23f2-4fd1-a009-c03fccf69e37
TXT-TMP_a68d139a-7656-4abf-b0bc-9c9b92ced2d6,434.3992,250.0681,用户1652,0.1491,"rgb(255,255,255)",TXT_TMP00046012,TMP_a68d139a-7656-4abf-b0bc-9c9b92ced2d6
TXT-TMP_63a15225-4bbb-4871-a1f8-46e28cfb46b6,343.9869,254.7041,用户1653,0.1491,"rgb(255,255,255)",TXT_TMP00046011,TMP_63a15225-4bbb-4871-a1f8-46e28cfb46b6
TXT-TMP_d8ac9b4f-8832-4614-a546-df541aa98406,87.8242,249.8414,用户1658,0.1491,"rgb(255,255,255)",TXT_TMP00046006,TMP_d8ac9b4f-8832-4614-a546-df541aa98406
TXT-TMP_3e80ed24-8843-4154-82fb-f326072941e3,95.4136,253.3518,用户1659,0.1491,"rgb(255,255,255)",TXT_TMP00046005,TMP_3e80ed24-8843-4154-82fb-f326072941e3
TXT-TMP_f3a88837-6830-4ea4-af46-a4d426c00c06,158.3854,248.5945,用户1660,0.1491,"rgb(255,255,255)",TXT_TMP00046004,TMP_f3a88837-6830-4ea4-af46-a4d426c00c06
TXT-TMP_301939ae-f208-450b-a631-8a033a243d54,174.1302,209.3904,用户1668,0.1491,"rgb(255,255,255)",TXT_TMP00045996,TMP_301939ae-f208-450b-a631-8a033a243d54
TXT-TMP_120728cd-eab4-48c2-a2ea-857002d08718,153.3959,195.0687,用户1664,0.1491,"rgb(255,255,255)",TXT_TMP00046000,TMP_120728cd-eab4-48c2-a2ea-857002d08718
TXT-TMP_b98f078d-f315-4449-892b-a687857bf4e9,164.4685,198.1046,用户1665,0.1491,"rgb(255,255,255)",TXT_TMP00045999,TMP_b98f078d-f315-4449-892b-a687857bf4e9
TXT-TMP_e220a15d-6069-4a5a-8888-0b41669a35e9,176.874,182.0436,用户1666,0.1491,"rgb(255,255,255)",TXT_TMP00045998,TMP_e220a15d-6069-4a5a-8888-0b41669a35e9
TXT-TMP_fab484a9-225c-418f-af49-b7443853e649,176.6536,234.9074,用户1670,0.1491,"rgb(255,255,255)",TXT_TMP00045994,TMP_fab484a9-225c-418f-af49-b7443853e649
TXT-TMP_c8713614-73a6-4bf4-b8e3-250760de9be5,174.9212,237.8686,用户1671,0.1491,"rgb(255,255,255)",TXT_TMP00045993,TMP_c8713614-73a6-4bf4-b8e3-250760de9be5
TXT-TMP_d40a89b4-937b-46f0-a7cf-6a6699097883,176.606,240.7952,用户1672,0.1491,"rgb(255,255,255)",TXT_TMP00045992,TMP_d40a89b4-937b-46f0-a7cf-6a6699097883
TXT-TMP_4a1f7f06-f92c-4ab5-941b-ea24a4a825dc,174.9751,242.6128,用户1673,0.1491,"rgb(255,255,255)",TXT_TMP00045991,TMP_4a1f7f06-f92c-4ab5-941b-ea24a4a825dc
TXT-TMP_6e009c96-8c04-4915-a235-059a59fef017,255.1194,268.2907,用户1680,0.1491,"rgb(255,255,255)",TXT_TMP00045984,TMP_6e009c96-8c04-4915-a235-059a59fef017
TXT-TMP_dd3379e8-ffb9-434f-9d11-12e29ff6a2b4,375.2508,275.9158,用户1681,0.1491,"rgb(255,255,255)",TXT_TMP00045983,TMP_dd3379e8-ffb9-434f-9d11-12e29ff6a2b4
TXT-TMP_0ff4590b-c202-4f93-9a5d-58ecc6d87dc7,377.629,282.5312,用户1682,0.1491,"rgb(255,255,255)",TXT_TMP00045982,TMP_0ff4590b-c202-4f93-9a5d-58ecc6d87dc7
TXT-TMP_f0e84486-eb11-4b9d-9d29-b9d66a2c664e,367.8163,314.3973,用户1684,0.1491,"rgb(255,255,255)",TXT_TMP00045980,TMP_f0e84486-eb11-4b9d-9d29-b9d66a2c664e
TXT-TMP_97b5207b-d4e1-466d-8504-72fb3b311b1b,452.3016,313.8338,用户1685,0.1491,"rgb(255,255,255)",TXT_TMP00045979,TMP_97b5207b-d4e1-466d-8504-72fb3b311b1b
TXT-TMP_4b2f108f-7bf1-4900-918d-c7afc0885793,299.2362,294.187,用户1688,0.1491,"rgb(255,255,255)",TXT_TMP00045976,TMP_4b2f108f-7bf1-4900-918d-c7afc0885793
TXT-TMP_b592812b-2a17-4155-9009-d146ef307fd2,338.4076,292.3755,用户1690,0.1491,"rgb(255,255,255)",TXT_TMP00045974,TMP_b592812b-2a17-4155-9009-d146ef307fd2
TXT-TMP_e4a27d77-bead-4323-9c3c-221a7de9267c,364.2755,278.6964,用户1692,0.1491,"rgb(255,255,255)",TXT_TMP00045972,TMP_e4a27d77-bead-4323-9c3c-221a7de9267c
TXT-TMP_77ea279c-c08f-4fea-8f61-cce1ef5bff41,374.0792,249.5539,用户1694,0.1491,"rgb(255,255,255)",TXT_TMP00045970,TMP_77ea279c-c08f-4fea-8f61-cce1ef5bff41
TXT-TMP_e80e5f7a-e896-4fa7-bd92-debf99f464c1,387.6394,254.5975,用户1695,0.1491,"rgb(255,255,255)",TXT_TMP00045969,TMP_e80e5f7a-e896-4fa7-bd92-debf99f464c1
TXT-TMP_934abe0d-9de7-4b7b-bed1-f76be1d344f5,401.1353,251.9293,用户1696,0.1491,"rgb(255,255,255)",TXT_TMP00045968,TMP_934abe0d-9de7-4b7b-bed1-f76be1d344f5
TXT-TMP_14a634e4-ecb4-476c-9844-e0bf28b474a7,406.2752,260.3898,用户1697,0.1491,"rgb(255,255,255)",TXT_TMP00045967,TMP_14a634e4-ecb4-476c-9844-e0bf28b474a7
TXT-TMP_43564fcf-56b4-44e5-8a47-e8266494d904,407.2293,257.9719,用户1698,0.1491,"rgb(255,255,255)",TXT_TMP00045966,TMP_43564fcf-56b4-44e5-8a47-e8266494d904
TXT-TMP_b33237b0-c67f-4ee6-9d59-be69b2b93da8,406.2652,250.6075,用户1699,0.1491,"rgb(255,255,255)",TXT_TMP00045965,TMP_b33237b0-c67f-4ee6-9d59-be69b2b93da8
TXT-TMP_1af9e9cc-8e7c-4f6f-a356-584015b2c884,427.2387,238.5915,用户1700,0.1491,"rgb(255,255,255)",TXT_TMP00045964,TMP_1af9e9cc-8e7c-4f6f-a356-584015b2c884
TXT-TMP_50c435f5-b769-4b2f-95e9-145e3be85ce0,445.4388,254.7018,用户1703,0.1491,"rgb(255,255,255)",TXT_TMP00045961,TMP_50c435f5-b769-4b2f-95e9-145e3be85ce0
TXT-TMP_f787d55c-d282-4bbb-8ca8-7b3e6cc61bfb,590.0544,299.7021,用户1642,0.1491,"rgb(255,255,255)",TXT_TMP00046022,TMP_f787d55c-d282-4bbb-8ca8-7b3e6cc61bfb
TXT-TMP_5f1e2d03-85ae-4cc6-b770-6288b7b12bb5,622.9316,297.0177,用户1643,0.1491,"rgb(255,255,255)",TXT_TMP00046021,TMP_5f1e2d03-85ae-4cc6-b770-6288b7b12bb5
TXT-TMP_4a151a09-6dcc-4562-9b8c-d096c6032fe8,614.4823,296.8226,用户1644,0.1491,"rgb(255,255,255)",TXT_TMP00046020,TMP_4a151a09-6dcc-4562-9b8c-d096c6032fe8
TXT-TMP_e6b53793-5b3b-4fc8-a97c-cd277c27d83d,570.3747,298.7164,用户1646,0.1491,"rgb(255,255,255)",TXT_TMP00046018,TMP_e6b53793-5b3b-4fc8-a97c-cd277c27d83d
TXT-TMP_a620d1fd-2bfb-478d-9f04-e587b041f494,563.1189,295.1313,用户1647,0.1491,"rgb(255,255,255)",TXT_TMP00046017,TMP_a620d1fd-2bfb-478d-9f04-e587b041f494
TXT-TMP_ba808f04-1284-42e3-95e0-1f8e1c121600,557.1337,303.9841,用户1648,0.1491,"rgb(255,255,255)",TXT_TMP00046016,TMP_ba808f04-1284-42e3-95e0-1f8e1c121600
TXT-TMP_d9325b57-c631-4f12-8d05-e3b3b2ae5127,523.4031,298.8961,用户1649,0.1491,"rgb(255,255,255)",TXT_TMP00046015,TMP_d9325b57-c631-4f12-8d05-e3b3b2ae5127
TXT-TMP_915e056f-02d7-46c1-ade2-311eadff1b89,521.2311,290.4068,用户1650,0.1491,"rgb(255,255,255)",TXT_TMP00046014,TMP_915e056f-02d7-46c1-ade2-311eadff1b89
TXT-TMP_ebab50ad-1825-4903-bff8-71de70ff88bd,516.2887,298.6217,用户1651,0.1491,"rgb(255,255,255)",TXT_TMP00046013,TMP_ebab50ad-1825-4903-bff8-71de70ff88bd
TXT-TMP_b2609d57-a650-4abc-bfc8-3f5ed561ef48,499.6423,246.6748,用户1704,0.1491,"rgb(255,255,255)",TXT_TMP00045960,TMP_b2609d57-a650-4abc-bfc8-3f5ed561ef48
TXT-TMP_04fffb13-93df-4de5-93de-214f8ee30c90,510.4738,251.158,用户1705,0.1491,"rgb(255,255,255)",TXT_TMP00045959,TMP_04fffb13-93df-4de5-93de-214f8ee30c90
TXT-TMP_3d51bdb9-e66d-4555-a235-0d956648f37d,514.8446,255.0625,用户1706,0.1491,"rgb(255,255,255)",TXT_TMP00045958,TMP_3d51bdb9-e66d-4555-a235-0d956648f37d
TXT-TMP_b7deefbe-bba1-4d24-a0a2-1267457b6727,529.1793,248.8277,用户1707,0.1491,"rgb(255,255,255)",TXT_TMP00045957,TMP_b7deefbe-bba1-4d24-a0a2-1267457b6727
TXT-TMP_867563fa-5bd4-4010-b955-c3f046489851,534.5727,253.5508,用户1708,0.1491,"rgb(255,255,255)",TXT_TMP00045956,TMP_867563fa-5bd4-4010-b955-c3f046489851
TXT-TMP_c4fac266-bc28-478f-bbc5-cc65a274b070,536.3114,251.9794,用户1709,0.1491,"rgb(255,255,255)",TXT_TMP00045955,TMP_c4fac266-bc28-478f-bbc5-cc65a274b070
TXT-TMP_1f02e889-fad0-4ce1-9b22-3dc7bdce8bf1,542.3704,259.7535,用户1710,0.1491,"rgb(255,255,255)",TXT_TMP00045954,TMP_1f02e889-fad0-4ce1-9b22-3dc7bdce8bf1
TXT-TMP_2ea4fa4a-1741-45cb-bf98-0d56ecd6cbd5,469.2454,120.4879,用户1712,0.1491,"rgb(255,255,255)",TXT_TMP00045952,TMP_2ea4fa4a-1741-45cb-bf98-0d56ecd6cbd5
TXT-TMP_b551252e-d23a-4db8-baeb-a5015d7ce9bc,139.3847,227.855,用户1656,0.1491,"rgb(255,255,255)",TXT_TMP00046008,TMP_b551252e-d23a-4db8-baeb-a5015d7ce9bc
TXT-TMP_bc977b04-4d3c-462c-a60c-9836ed8dc19f,203.5694,233.7612,用户1655,0.1491,"rgb(255,255,255)",TXT_TMP00046009,TMP_bc977b04-4d3c-462c-a60c-9836ed8dc19f
TXT-TMP_02e9dea0-58af-4bbc-825b-4b75f972d372,259.2338,240.8459,用户1679,0.1491,"rgb(255,255,255)",TXT_TMP00045985,TMP_02e9dea0-58af-4bbc-825b-4b75f972d372
TXT-TMP_a093a6a5-2668-489f-a130-e9b2abb03eef,446.0382,270.0911,用户1702,0.1491,"rgb(255,255,255)",TXT_TMP00045962,TMP_a093a6a5-2668-489f-a130-e9b2abb03eef
TXT-TMP_04fe9e04-2153-4300-a3d5-f1bcec7beec7,471.145,102.0964,用户1725,0.1491,"rgb(255,255,255)",TXT_TMP00045939,TMP_04fe9e04-2153-4300-a3d5-f1bcec7beec7
TXT-TMP_2c43a9c5-1012-4744-81fe-d0a7fa114b5f,175.0296,169.0928,用户1715,0.1491,"rgb(255,255,255)",TXT_TMP00045949,TMP_2c43a9c5-1012-4744-81fe-d0a7fa114b5f
TXT-TMP_20521528-3102-4e21-99d8-9dafd6109a9a,525.0912,277.5139,用户1720,0.1491,"rgb(255,255,255)",TXT_TMP00045944,TMP_20521528-3102-4e21-99d8-9dafd6109a9a
TXT-TMP_73c6fd58-5390-4330-a23e-83b43905c456,104.6029,237.3072,用户1726,0.1491,"rgb(255,255,255)",TXT_TMP00045938,TMP_73c6fd58-5390-4330-a23e-83b43905c456
TXT-TMP_dc043ce6-7cc5-45ce-b1f9-732f7ddaaeb6,376.0608,399.8703,用户1717,0.1491,"rgb(255,255,255)",TXT_TMP00045947,TMP_dc043ce6-7cc5-45ce-b1f9-732f7ddaaeb6
TXT-TMP_28fe52f0-f8ca-4df4-93cb-71c47f246f67,462.0863,277.1039,用户1714,0.1491,"rgb(255,255,255)",TXT_TMP00045950,TMP_28fe52f0-f8ca-4df4-93cb-71c47f246f67
TXT-TMP_d8d2c929-56ac-41c6-951b-7685fe8b8ae6,504.1118,146.2797,用户1724,0.1491,"rgb(255,255,255)",TXT_TMP00045940,TMP_d8d2c929-56ac-41c6-951b-7685fe8b8ae6
TXT-TMP_d3eadbc3-f2f1-44fc-ad0b-5231ee34af90,561.4734,112.5184,用户1722,0.1491,"rgb(255,255,255)",TXT_TMP00045942,TMP_d3eadbc3-f2f1-44fc-ad0b-5231ee34af90
TXT-TMP_814daa2d-6aae-487f-9629-4be572f35953,552.7564,117.9814,00000终端头510724~站外-电缆终端头510725,0.1491,"rgb(255,255,255)",TXT_TMP00045367,TMP_57c390ef-a8e5-4412-b608-28a7202b72b9
TXT-TMP_8b2f62f4-ca4e-4315-8c67-c290fde6c8a7,453.453,238.0496,用户1719,0.1491,"rgb(255,255,255)",TXT_TMP00045945,TMP_8b2f62f4-ca4e-4315-8c67-c290fde6c8a7
TXT-TMP_de46dc1f-c1e7-4b06-8605-f00f89bc57a0,267.7791,299.7884,用户1716,0.1491,"rgb(255,255,255)",TXT_TMP00045948,TMP_de46dc1f-c1e7-4b06-8605-f00f89bc57a0
TXT-TMP_3221a4ac-bda5-4fb2-8a6d-b004ccbe0e7a,535.8757,98.1653,用户1721,0.1491,"rgb(255,255,255)",TXT_TMP00045943,TMP_3221a4ac-bda5-4fb2-8a6d-b004ccbe0e7a
TXT-TMP_b9ba637f-80d9-4e91-9332-b2292e868b7f,501.6412,251.5804,00000照1#~LINE216_争68照2#,0.1491,"rgb(255,255,255)",TXT_TMP00045366,TMP_77c7da7a-c14b-440e-91ca-e5127888d959
TXT-TMP_f4960ebe-5bb6-4d27-a89c-9e49538eff59,230.5534,262.2877,TMP00132954白1#SUB011_-LINE216_争140白3#,0.1491,"rgb(255,255,255)",TXT_TMP00045365,TMP_04c676f3-a4ef-44a6-9a79-62494c1f5b2a
TXT-TMP_1bcab5da-51bc-48f2-af1c-8d84370536db,230.2644,265.6836,用户1676,0.1491,"rgb(255,255,255)",TXT_TMP00045988,TMP_1bcab5da-51bc-48f2-af1c-8d84370536db
TXT-TMP_7b9f1765-af64-4582-93db-03eca84b05df,176.1727,199.4346,00000#~清开分17#,0.1491,"rgb(255,255,255)",TXT_TMP00045364,TMP_49e646cc-0a2c-485e-aa18-4d10a178af42
TXT-TMP_f8fd14aa-d238-4ace-8e9f-37e7a6f40d13,170.1929,195.7734,00000#~清开分17照1#,0.1491,"rgb(255,255,255)",TXT_TMP00045363,TMP_49e646cc-0a2c-485e-aa18-4d10a178af42
TXT-TMP_6b81fafa-3204-43b6-9f7a-b045656b9fb9,176.2112,194.9219,00000#~清开分18#,0.1491,"rgb(255,255,255)",TXT_TMP00045362,TMP_49e646cc-0a2c-485e-aa18-4d10a178af42
TXT-TMP_c3c8be33-f6fa-4caf-84a8-7f09b1b9c2c6,174.2019,193.5545,用户1635,0.1491,"rgb(255,255,255)",TXT_TMP00046029,TMP_c3c8be33-f6fa-4caf-84a8-7f09b1b9c2c6
TXT-TMP_2ff754fe-459c-443c-b3ac-7e74c3631454,154.7871,224.8462,配变2203,0.1491,"rgb(255,255,255)",TXT_TMP00046426,TMP_2ff754fe-459c-443c-b3ac-7e74c3631454
TXT-TMP_6158a135-3d20-4ad7-bc70-4fdb93a3f537,181.1411,238.0914,刀闸0022,0.1491,"rgb(255,255,255)",TXT_TMP00044258,TMP_6158a135-3d20-4ad7-bc70-4fdb93a3f537
TXT-TMP_ca0e433c-5b6b-4ca8-aaac-97cc50d2c629,461.5234,136.4631,刀闸0021,0.1491,"rgb(255,255,255)",TXT_TMP00044257,TMP_ca0e433c-5b6b-4ca8-aaac-97cc50d2c629
TXT-TMP_ac5b4084-fda4-47e7-aacf-d9dcd5548015,461.9747,143.3888,配变2202,0.1491,"rgb(255,255,255)",TXT_TMP00046425,TMP_ac5b4084-fda4-47e7-aacf-d9dcd5548015
TXT-TMP_dd4a3b2c-2cb2-4778-be6b-e62c5412fe16,390.7963,312.6102,TMP00131370#~亮败支1照2#,0.1413,"rgb(255,255,255)",TXT_TMP00045359,TMP_abe6ca7d-928a-46aa-860c-d611e872401f
TXT-TMP_61decfba-afb8-4ab0-b974-beae1e4ac58f,390.7815,311.0255,TMP00131374#~亮败支1照3#,0.1413,"rgb(255,255,255)",TXT_TMP00045358,TMP_95ab0031-774b-4344-84eb-e8eba3e93d60
TXT-TMP_4d09c557-4dee-4d3c-8beb-8db9b46c79cf,392.425,311.3033,刀闸0020,0.1413,"rgb(255,255,255)",TXT_TMP00044256,TMP_4d09c557-4dee-4d3c-8beb-8db9b46c79cf
TXT-TMP_3397b1cb-4e20-4ede-9de5-dd4fba8b52bf,397.1946,310.846,配变2201,0.1413,"rgb(255,255,255)",TXT_TMP00046424,TMP_3397b1cb-4e20-4ede-9de5-dd4fba8b52bf
TXT-TMP_c8ede696-5738-47cb-8fe6-601bd9d3ae2a,89.6432,254.1032,开关00011,0.1413,"rgb(255,255,255)",TXT_TMP00043899,TMP_c8ede696-5738-47cb-8fe6-601bd9d3ae2a
TXT-TMP_de3da3db-83a0-486c-8d3a-040cf22e09e9,91.6278,254.0087,用户1636,0.1413,"rgb(255,255,255)",TXT_TMP00046028,TMP_de3da3db-83a0-486c-8d3a-040cf22e09e9
TXT-TMP_bf41682f-31df-45fe-9ee1-48a7e38fed67,88.6752,259.3838,站房000026,0.1413,"rgb(255,255,255)",TXT_TMP00000225,TMP_bf41682f-31df-45fe-9ee1-48a7e38fed67
TXT-TMP_65243be9-b38e-4d5b-b3f0-e0ec1bd666fb,89.1494,264.6716,00000助速常开发个行者劳,0.1285,"rgb(255,255,255)",TXT_TMP00046561,TMP_5b21cf6a-e12f-43da-bf14-e9510fdccc3b
TXT-TMP_8bde2a58-9b83-4f88-bfe3-5989f3259e7c,88.6609,259.3985,00000线,0.1285,"rgb(255,255,255)",TXT_TMP00044595,TMP_5b21cf6a-e12f-43da-bf14-e9510fdccc3b
TXT-TMP_2023cc1d-7b62-4474-b11f-c026d2555946,153.6107,227.3669,用户1727,0.1491,"rgb(255,255,255)",TXT_TMP00045937,TMP_2023cc1d-7b62-4474-b11f-c026d2555946
TXT-TMP_e7cc6214-d316-4064-8cc8-bd2a27a62e79,460.8736,131.6309,用户1728,0.1491,"rgb(255,255,255)",TXT_TMP00045936,TMP_e7cc6214-d316-4064-8cc8-bd2a27a62e79
TXT-TMP_db046376-9839-4f40-98e5-1a5f7b559546,87.8242,254.5032,用户1729,0.1491,"rgb(255,255,255)",TXT_TMP00045935,TMP_db046376-9839-4f40-98e5-1a5f7b559546
TXT-TMP_c872273c-8bfb-4102-980e-d1f80752d7f7,183.0156,230.0135,2,0.8046,"rgb(255,255,255)",TMP00317313,TMP_b83a07d5-b380-43ca-bc4b-b975dca5bb93
TXT-TMP_a9cbff8e-344b-40c4-81bc-53f841b92c7c,486.8815,170.3766,用户1723,0.1413,"rgb(255,255,255)",TXT_TMP00045941,TMP_a9cbff8e-344b-40c4-81bc-53f841b92c7c
TXT-TMP_1c90dad6-82c3-4f38-bed3-13fb5b5ca5b2,203.8433,247.0904,TMP00131368照4#~LINE216_争146照5#,0.1413,"rgb(255,255,255)",TXT_TMP00045355,TMP_b83a07d5-b380-43ca-bc4b-b975dca5bb93
TXT-TMP_26a62dad-fb40-4974-adb0-89c20545181d,203.8433,243.4566,TMP00131368照5#~LINE216_争146照6#,0.1413,"rgb(255,255,255)",TXT_TMP00045354,TMP_b83a07d5-b380-43ca-bc4b-b975dca5bb93
TXT-TMP_69a3702f-b971-4644-a45a-62439e1b5994,201.2784,243.6647,刀闸0019,0.1413,"rgb(255,255,255)",TXT_TMP00044255,TMP_69a3702f-b971-4644-a45a-62439e1b5994
TXT-TMP_803ce27b-9a02-4908-b2b2-e0a4f64182fc,197.1191,246.7998,配变2200,0.4453,"rgb(255,255,255)",TXT_TMP00046423,TMP_803ce27b-9a02-4908-b2b2-e0a4f64182fc
TXT-TMP_b5938da6-bd84-4079-97a1-4ccf448f700e,554.9988,256.3151,00000照1#~LINE216_争38照2#,0.1413,"rgb(255,255,255)",TXT_TMP00045353,TMP_fc491a72-0ee0-4693-869e-47a1ebbfb182
TXT-TMP_36f0a635-265f-481c-8579-98945e0afe55,554.9988,258.1848,00000照2#~LINE216_争38照3#,0.1413,"rgb(255,255,255)",TXT_TMP00045352,TMP_fc491a72-0ee0-4693-869e-47a1ebbfb182
TXT-TMP_49b1c60c-fdfa-471f-8f0d-5da5315d757a,554.9988,259.8683,00000照3#~LINE216_争38照4#,0.1413,"rgb(255,255,255)",TXT_TMP00045351,TMP_fc491a72-0ee0-4693-869e-47a1ebbfb182
TXT-TMP_572fa8ea-edcb-4522-ba04-6620ea553333,554.9988,261.43,00000照4#~LINE216_争38照5#,0.1413,"rgb(255,255,255)",TXT_TMP00045350,TMP_9c7a930b-f80d-4ae8-8d81-514de2e47969
TXT-TMP_075a047d-96f1-401d-91a0-73eb5bb15f41,554.9988,262.9776,00000照5#~LINE216_争38照5-1#,0.1413,"rgb(255,255,255)",TXT_TMP00045349,TMP_9c7a930b-f80d-4ae8-8d81-514de2e47969
TXT-TMP_141b9008-56ca-48d4-80d3-419d28571f5f,554.9954,254.4421,00000#~LINE216_争38照1#,0.1413,"rgb(255,255,255)",TXT_TMP00045348,TMP_fc491a72-0ee0-4693-869e-47a1ebbfb182
TXT-TMP_c19c0364-f1ac-41d1-a0d1-efb413c9502b,552.0378,254.3722,00000#~LINE216_争40照1#,0.1413,"rgb(255,255,255)",TXT_TMP00045347,TMP_fc491a72-0ee0-4693-869e-47a1ebbfb182
TXT-TMP_50cd8bf3-b770-4ce6-a163-1599007bda0e,551.9955,255.9508,00000照1#~LINE216_争40照1-1#,0.1413,"rgb(255,255,255)",TXT_TMP00045346,TMP_fc491a72-0ee0-4693-869e-47a1ebbfb182
TXT-TMP_40d609f1-f5cd-4882-9aea-ae99d341d15b,553.6397,267.1071,配变2199,0.8046,"rgb(255,255,255)",TXT_TMP00046422,TMP_40d609f1-f5cd-4882-9aea-ae99d341d15b
TXT-TMP_9bbafddf-8ead-4f11-9c86-7fff48da1172,552.7673,261.3952,刀闸0018,0.1413,"rgb(255,255,255)",TXT_TMP00044254,TMP_9bbafddf-8ead-4f11-9c86-7fff48da1172
TXT-TMP_ab29010c-f677-49fc-81c1-7a8c151bc917,557.2682,278.7104,配变2198,0.8046,"rgb(255,255,255)",TXT_TMP00046421,TMP_ab29010c-f677-49fc-81c1-7a8c151bc917
TXT-TMP_3ab30009-34cb-413e-8df1-466afb62cc4b,556.3957,272.9984,刀闸0017,0.1413,"rgb(255,255,255)",TXT_TMP00044253,TMP_3ab30009-34cb-413e-8df1-466afb62cc4b
TXT-TMP_eb6ae59f-41cb-4464-b411-5a23d6960959,522.3892,256.2863,开关00010,0.1168,"rgb(255,255,255)",TXT_TMP00043898,TMP_eb6ae59f-41cb-4464-b411-5a23d6960959
TXT-TMP_c973b264-0d1f-4c78-980b-5632a66883cd,183.5031,238.7372,00000压四说个行者劳,0.0957,"rgb(255,255,255)",TXT_TMP00046420,TMP_b83a07d5-b380-43ca-bc4b-b975dca5bb93
TXT-TMP_34bbb7b6-1184-4f22-a9eb-5a832d950862,176.6089,235.6037,用户1730,0.1491,"rgb(255,255,255)",TXT_TMP00045934,TMP_34bbb7b6-1184-4f22-a9eb-5a832d950862
TXT-TMP_6f74aa6a-0f29-4ede-bc41-f21479673ec7,193.5988,256.8304,刀闸0016,0.1377,"rgb(255,255,255)",TXT_TMP00044252,TMP_6f74aa6a-0f29-4ede-bc41-f21479673ec7
TXT-TMP_5817e36e-b673-46a5-bd3a-26c41766d1b9,193.8299,260.0671,配变2196,0.1377,"rgb(255,255,255)",TXT_TMP00046419,TMP_5817e36e-b673-46a5-bd3a-26c41766d1b9
TXT-TMP_3193fe9e-5cc5-46c1-acfb-2b9e44a0453e,218.7674,248.4531,配变2195,0.1377,"rgb(255,255,255)",TXT_TMP00046418,TMP_3193fe9e-5cc5-46c1-acfb-2b9e44a0453e
TXT-TMP_331a8e22-e786-4209-a677-465c44c09411,396.8877,249.2936,配变2194,0.1377,"rgb(255,255,255)",TXT_TMP00046417,TMP_331a8e22-e786-4209-a677-465c44c09411
TXT-TMP_42f80ac7-ce5e-4465-965a-59c6aceb494e,57.5948,252.6629,用户1732,0.8788,"rgb(255,255,255)",TXT_TMP00045932,TMP_42f80ac7-ce5e-4465-965a-59c6aceb494e
TXT-TMP_e7a855ae-1299-4e13-8cf3-a879c3c2658f,46.8384,236.2791,站房000012,0.9139,"rgb(255,255,255)",TXT_TMP00000211,TMP_e7a855ae-1299-4e13-8cf3-a879c3c2658f
TXT-TMP_942b91e3-06c3-4b9f-8211-ed03285784dc,51.5716,239.8674,开关00093,0.6923,"rgb(255,255,255)",TXT_TMP00044209,TMP_942b91e3-06c3-4b9f-8211-ed03285784dc
TXT-TMP_7d6d1022-465f-4991-b609-3e941e69aab3,44.649,239.8674,开关00092,0.6923,"rgb(255,255,255)",TXT_TMP00044208,TMP_7d6d1022-465f-4991-b609-3e941e69aab3
TXT-TMP_4f163e7a-59de-4c6a-9bad-a18f18ab4f9b,48.1103,239.8674,开关00091,0.6923,"rgb(255,255,255)",TXT_TMP00044207,TMP_4f163e7a-59de-4c6a-9bad-a18f18ab4f9b
TXT-TMP_c0f3963b-e04f-47d0-9392-5502002c1136,48.6319,242.6364,配变2328,0.6923,"rgb(255,255,255)",TXT_TMP00046551,TMP_c0f3963b-e04f-47d0-9392-5502002c1136
TXT-TMP_d380f2eb-9150-4e58-9d1e-ff56820aa840,413.7386,128.1048,TMP00131373#~LINE367_争132#,0.1287,"rgb(255,255,255)",TXT_TMP00045344,TMP_c4eb779c-fbad-4ba9-8480-25f8b7d865b5
TXT-TMP_9a8d9f0a-e748-491a-ad08-653e149ba44a,404.5269,128.1364,TMP00131368#-LINE367_争130#数线,0.0977,"rgb(255,255,255)",TXT_TMP00045343,TMP_95943bb2-82be-4d24-a956-971b9c11f139
TXT-TMP_43975dbc-e0ab-491e-a181-644e54813eb7,407.3819,128.1064,TMP00131370#~LINE367_争130#,0.1287,"rgb(255,255,255)",TXT_TMP00045342,TMP_95943bb2-82be-4d24-a956-971b9c11f139
TXT-TMP_cbfd4e45-b5c5-48d4-8eab-bdfa7e8b73b4,409.7643,128.1064,TMP00131371#-LINE367_争140#,0.1287,"rgb(255,255,255)",TXT_TMP00045341,TMP_c4eb779c-fbad-4ba9-8480-25f8b7d865b5
TXT-TMP_04453445-098d-4759-86f3-f666a452b262,411.9498,127.7832,刀闸0147,0.0825,"rgb(255,255,255)",TXT_TMP00044449,TMP_04453445-098d-4759-86f3-f666a452b262
TXT-TMP_cd80c2b8-4dbd-432c-b866-b9b68670a591,438.9249,97.3559,开关00009,0.6849,"rgb(255,255,255)",TXT_TMP00043897,TMP_cd80c2b8-4dbd-432c-b866-b9b68670a591
TXT-TMP_0128e9bd-9d96-468e-b3ae-53d170d2be56,419.0475,128.1532,TMP00131371#~LINE367_争133#,0.1265,"rgb(255,255,255)",TXT_TMP00045339,TMP_c4eb779c-fbad-4ba9-8480-25f8b7d865b5
TXT-TMP_5b0bc5be-70b1-47ce-a0d4-e8442f7d978d,416.4209,127.51,开关00008,0.6825,"rgb(255,255,255)",TXT_TMP00043896,TMP_5b0bc5be-70b1-47ce-a0d4-e8442f7d978d
TXT-TMP_465d0457-fd73-48e5-9cd4-934a10ec0ed7,426.1338,99.5237,开关00007,0.3287,"rgb(255,255,255)",TXT_TMP00043895,TMP_465d0457-fd73-48e5-9cd4-934a10ec0ed7
TXT-TMP_4c99ef37-a54e-437c-a0c3-bdbd061da36d,434.3681,100.1144,00000#-LINE216_争11白1#数线,0.1084,"rgb(255,255,255)",TXT_TMP00045337,TMP_26143f4d-fe2b-45c0-8640-2befe3efb7f5
TXT-TMP_71502ab2-826a-41e0-bb19-a2d1d4a36a7e,431.7691,100.1144,00000#-LINE216_争11#,0.1084,"rgb(255,255,255)",TXT_TMP00045336,TMP_26143f4d-fe2b-45c0-8640-2befe3efb7f5
TXT-TMP_411771d9-a0bf-4bdd-b9a2-d58dcc5014b2,428.2855,128.1352,00000#~LINE367_争134#,0.1084,"rgb(255,255,255)",TXT_TMP00045335,TMP_c4eb779c-fbad-4ba9-8480-25f8b7d865b5
TXT-TMP_bf5ea4e2-1a43-411d-a96e-42fece0c6031,436.3271,128.1352,00000#~LINE216_争14#,0.1084,"rgb(255,255,255)",TXT_TMP00045334,TMP_a8a6ae37-b998-43d1-8dab-709c00793f09
TXT-TMP_6de2d06c-c96d-47d5-84ad-3b3496b903df,432.9187,121.5491,00000#~LINE216_争13#,0.1084,"rgb(255,255,255)",TXT_TMP00045333,TMP_218c7d23-4cc3-49e7-ada8-86a6528b4edb
TXT-TMP_66743ab5-d8cc-4ef1-a281-7e257c1222a9,432.9187,107.5388,00000#~LINE216_争12#,0.1084,"rgb(255,255,255)",TXT_TMP00045332,TMP_26143f4d-fe2b-45c0-8640-2befe3efb7f5
TXT-TMP_a51875c3-0ee8-4a9a-9c07-bb4641ad6bb2,428.019,100.1036,00000~LINE216_争9-1#,0.1084,"rgb(255,255,255)",TXT_TMP00045331,TMP_26143f4d-fe2b-45c0-8640-2befe3efb7f5
TXT-TMP_5387de7b-7b48-48ea-be26-422da20ea4f9,405.716,107.1686,TMP00131370~LINE216_争2#1,0.1353,"rgb(255,255,255)",TXT_TMP00045086,TMP_26143f4d-fe2b-45c0-8640-2befe3efb7f5
TXT-TMP_2f0b497d-f9eb-41bf-ad24-13dda7f2ed7d,420.4123,100.1326,00000#,0.1353,"rgb(255,255,255)",TXT_TMP00045084,TMP_26143f4d-fe2b-45c0-8640-2befe3efb7f5
TXT-TMP_5df1ddfc-d623-4f45-acb1-7f1652ed4556,418.4542,100.1292,00000#,0.1353,"rgb(255,255,255)",TXT_TMP00045083,TMP_26143f4d-fe2b-45c0-8640-2befe3efb7f5
TXT-TMP_fbd951c4-95da-411c-9b6e-af8b99100f6e,421.2817,100.142,TMP00131599LINE216_争8#,0.1353,"rgb(255,255,255)",TXT_TMP00045081,TMP_26143f4d-fe2b-45c0-8640-2befe3efb7f5
TXT-TMP_2afaac69-fab0-4a0a-a03e-60c059e04c76,422.1468,100.1564,TMP00131599LINE216_争9#,0.1353,"rgb(255,255,255)",TXT_TMP00045080,TMP_26143f4d-fe2b-45c0-8640-2befe3efb7f5
TXT-TMP_40e1a921-b40a-46a9-a48a-4968994c4fc1,419.4309,100.1231,TMP00131599LINE216_争6#,0.1353,"rgb(255,255,255)",TXT_TMP00045079,TMP_26143f4d-fe2b-45c0-8640-2befe3efb7f5
TXT-TMP_0f5fb34a-19f4-41a8-9d3b-771038ac49e2,433.0601,93.4129,00000~清叫支3#,0.1353,"rgb(255,255,255)",TXT_TMP00045076,TMP_26143f4d-fe2b-45c0-8640-2befe3efb7f5
TXT-TMP_ed3e3873-629c-4d1c-a64c-3c1122e1f5f4,433.0601,92.4783,00000#,0.1353,"rgb(255,255,255)",TXT_TMP00045075,TMP_26143f4d-fe2b-45c0-8640-2befe3efb7f5
TXT-TMP_0adaf138-8023-43fa-8423-f6dded02e3d3,433.0601,89.6896,00000#,0.1353,"rgb(255,255,255)",TXT_TMP00045074,TMP_26143f4d-fe2b-45c0-8640-2befe3efb7f5
TXT-TMP_51b72fd4-bbbd-44d3-97b1-f6dea62ab055,433.0601,86.8708,00000~清叫支10#,0.1353,"rgb(255,255,255)",TXT_TMP00045073,TMP_abc662fa-ee8d-404f-925c-44834c4eeae0
TXT-TMP_867df94e-6861-406e-b9a0-fac8c32ad964,433.0601,85.9362,00000#~清叫支11#,0.1353,"rgb(255,255,255)",TXT_TMP00045072,TMP_abc662fa-ee8d-404f-925c-44834c4eeae0
TXT-TMP_a9818fb0-7f03-4a19-a43d-dc185cfc3165,433.0601,85.0016,00000#~清叫支12#,0.1353,"rgb(255,255,255)",TXT_TMP00045071,TMP_abc662fa-ee8d-404f-925c-44834c4eeae0
TXT-TMP_b312a932-da7f-4d7a-a0ce-0c35117f8bcc,433.0601,84.067,00000#~清叫支13#,0.1353,"rgb(255,255,255)",TXT_TMP00045070,TMP_abc662fa-ee8d-404f-925c-44834c4eeae0
TXT-TMP_449d510a-3851-4e2c-931a-588d10f1a583,433.0601,83.1324,00000#~清叫支14#,0.1353,"rgb(255,255,255)",TXT_TMP00045069,TMP_abc662fa-ee8d-404f-925c-44834c4eeae0
TXT-TMP_bdf05eae-6f47-4cf9-84eb-b6a8b4e6de4e,433.0601,79.9788,00000#~清叫支15#,0.1353,"rgb(255,255,255)",TXT_TMP00045068,TMP_abc662fa-ee8d-404f-925c-44834c4eeae0
TXT-TMP_6ea8500a-a8d1-4d98-b348-c1cb5b20b02a,433.0601,76.6947,TMP00131368#,0.1353,"rgb(255,255,255)",TXT_TMP00045067,TMP_abc662fa-ee8d-404f-925c-44834c4eeae0
TXT-TMP_7c3801e0-f44b-45cb-82cc-10ec00e2fd6d,433.0601,74.3034,TMP00132366#,0.1353,"rgb(255,255,255)",TXT_TMP00045066,TMP_abc662fa-ee8d-404f-925c-44834c4eeae0
TXT-TMP_e35e9d0e-1311-47a2-8981-d0053f38ae54,433.0601,91.5437,TMP00131599清叫支5#,0.1353,"rgb(255,255,255)",TXT_TMP00045064,TMP_26143f4d-fe2b-45c0-8640-2befe3efb7f5
TXT-TMP_89508a68-1994-4926-abf8-e0ecdc00498e,433.0601,90.6242,TMP00131599清叫支6#,0.1353,"rgb(255,255,255)",TXT_TMP00045063,TMP_26143f4d-fe2b-45c0-8640-2befe3efb7f5
TXT-TMP_7522fe23-c6ad-4830-b9ad-397ad2b6b5cf,433.0601,75.4991,00000#-清叫支17#,0.1353,"rgb(255,255,255)",TXT_TMP00045062,TMP_abc662fa-ee8d-404f-925c-44834c4eeae0
TXT-TMP_3c8bd48e-f883-4a45-b1b4-514ff77fd47a,433.0601,73.2383,00000#-清叫支19#,0.1353,"rgb(255,255,255)",TXT_TMP00045061,TMP_abc662fa-ee8d-404f-925c-44834c4eeae0
TXT-TMP_f1d4710d-be06-436c-b443-98ddac8eb0c9,433.0601,88.7399,TMP00131599清叫支8#,0.1353,"rgb(255,255,255)",TXT_TMP00045060,TMP_26143f4d-fe2b-45c0-8640-2befe3efb7f5
TXT-TMP_4d0f91e2-da8d-4e4f-b1e5-11e8a62a5c79,433.0601,87.8053,TMP00131599清叫支9#,0.1353,"rgb(255,255,255)",TXT_TMP00045059,TMP_26143f4d-fe2b-45c0-8640-2befe3efb7f5
TXT-TMP_d7b928d9-cb48-45c3-85ad-64efa14bcd45,452.1626,128.2864,TMP00131368#,0.1353,"rgb(255,255,255)",TXT_TMP00045020,TMP_a8a6ae37-b998-43d1-8dab-709c00793f09
TXT-TMP_e6cb1c97-9a41-45b1-bce1-d08a74f9804c,470.2407,128.2864,00000#-LINE216_争024#数线,0.1353,"rgb(255,255,255)",TXT_TMP00045018,TMP_a8a6ae37-b998-43d1-8dab-709c00793f09
TXT-TMP_37bf4d53-e50d-4dcf-a2a6-3b600012c8e7,508.7544,128.2864,TMP00131366#,0.1353,"rgb(255,255,255)",TXT_TMP00045016,TMP_9d8c68fe-5efc-4470-bfdb-922c121f0a89
TXT-TMP_cee51f81-40fd-4c27-8050-2ecd2c148b58,547.5866,128.2864,00000#-LINE216_争36#数线,0.1353,"rgb(255,255,255)",TXT_TMP00045012,TMP_a6c3aa09-68a1-4925-8ffb-be97a3ca956d
TXT-TMP_8f6878d8-f6a6-42c0-991f-6a0d1add6ac5,542.6787,254.1254,00000#-LINE216_争047照1#数线,0.1353,"rgb(255,255,255)",TXT_TMP00045005,TMP_9a115517-7106-4fe3-8ae8-d12b6445cba5
TXT-TMP_81dde3ed-3d1d-4880-8daf-2aa450727ffb,497.831,272.7932,00000#~饭想分1#,0.1353,"rgb(255,255,255)",TXT_TMP00044990,TMP_77c7da7a-c14b-440e-91ca-e5127888d959
TXT-TMP_0c1f8852-ced0-4dba-8776-09ea95fd234c,497.831,297.9755,00000~饭想分3#,0.1353,"rgb(255,255,255)",TXT_TMP00044989,TMP_7633b82e-1c80-4b02-8c57-523fd1fe5f76
TXT-TMP_9b13368d-53c7-4f9f-9505-2a97598179fb,499.2668,298.6277,TMP00131599饭想分3#数线,0.1353,"rgb(255,255,255)",TXT_TMP00044988,TMP_7633b82e-1c80-4b02-8c57-523fd1fe5f76
TXT-TMP_a76b0f6d-4f6d-4ed5-ab44-c9883c565a0a,521.552,297.9755,TMP00132366白1#,0.1353,"rgb(255,255,255)",TXT_TMP00044983,TMP_84111d19-51e9-4ca0-bc49-4e25cbac2048
TXT-TMP_4aad3b03-e2c1-4322-81fc-e9babc83f8e3,526.4189,298.6277,TMP00132954#,0.1353,"rgb(255,255,255)",TXT_TMP00044981,TMP_84111d19-51e9-4ca0-bc49-4e25cbac2048
TXT-TMP_af7bc7f3-7978-45cd-9ede-cd58b16dbd49,533.6543,298.6277,00000#-饭想分24#数线,0.1353,"rgb(255,255,255)",TXT_TMP00044980,TMP_84111d19-51e9-4ca0-bc49-4e25cbac2048
TXT-TMP_1a6e6043-0b16-423d-a4d5-20513d7dc795,533.0231,297.9755,00000#-饭想分24白1#数线,0.1353,"rgb(255,255,255)",TXT_TMP00044979,TMP_84111d19-51e9-4ca0-bc49-4e25cbac2048
TXT-TMP_7e9decaf-5317-465e-a531-bad8eb3a3775,535.4502,298.6277,00000#-饭想分26#数线,0.1353,"rgb(255,255,255)",TXT_TMP00044978,TMP_9c7a930b-f80d-4ae8-8d81-514de2e47969
TXT-TMP_27b3a098-fdae-466f-b2a6-87f40d5651b2,537.0853,298.6277,00000#-饭想分27#数线,0.1353,"rgb(255,255,255)",TXT_TMP00044977,TMP_9c7a930b-f80d-4ae8-8d81-514de2e47969
TXT-TMP_462d40f4-10ac-4e8a-aec5-9dfb1e47100b,546.445,298.6277,TMP00132366#,0.1353,"rgb(255,255,255)",TXT_TMP00044976,TMP_c7bfb5a3-e7a4-4226-b153-f35910a79812
TXT-TMP_0eb3b620-64b5-45ee-bae6-01204a36927c,557.9482,298.6277,TMP00131370#,0.1353,"rgb(255,255,255)",TXT_TMP00044973,TMP_c7bfb5a3-e7a4-4226-b153-f35910a79812
TXT-TMP_ef274f49-0ef4-4841-be43-c4bc9f182b30,582.4482,298.6277,TMP00131372#,0.1353,"rgb(255,255,255)",TXT_TMP00044967,TMP_c7bfb5a3-e7a4-4226-b153-f35910a79812
TXT-TMP_3b1c488d-e8e7-4ef9-a9c8-42d5a07ff728,587.8361,298.6277,00000#~饭想分48#,0.1353,"rgb(255,255,255)",TXT_TMP00044965,TMP_c7bfb5a3-e7a4-4226-b153-f35910a79812
TXT-TMP_4a0c9611-beb5-442e-8c83-dbec46e276fa,585.9173,297.9755,00000#~饭想分47照1#,0.1353,"rgb(255,255,255)",TXT_TMP00044964,TMP_c7bfb5a3-e7a4-4226-b153-f35910a79812
TXT-TMP_4b97b969-09fe-4786-a6c5-7d4d4dd13472,590.5977,298.6277,TMP00132978#,0.1353,"rgb(255,255,255)",TXT_TMP00044962,TMP_c7bfb5a3-e7a4-4226-b153-f35910a79812
TXT-TMP_0a05f028-9b06-47f7-9efe-17423ed62eaf,594.5116,298.6277,00000#-饭想分50#数线,0.1353,"rgb(255,255,255)",TXT_TMP00044961,TMP_c7bfb5a3-e7a4-4226-b153-f35910a79812
TXT-TMP_0b79f6c9-19e7-4d9e-8b62-d49f5183b8f3,596.9637,297.9755,00000#~饭想分51白1#.,0.1353,"rgb(255,255,255)",TXT_TMP00044959,TMP_c7bfb5a3-e7a4-4226-b153-f35910a79812
TXT-TMP_73499af5-c261-403b-8cd3-efca0fbd58f2,623.8586,298.6277,00000~著败支8#,0.1353,"rgb(255,255,255)",TXT_TMP00044952,TMP_d9bfab0b-905b-4a47-bacc-f45921ea8c61
TXT-TMP_1f630258-647c-400b-a9a2-f77845f18b18,625.6546,298.6277,00000~著败支9#,0.1353,"rgb(255,255,255)",TXT_TMP00044951,TMP_d9bfab0b-905b-4a47-bacc-f45921ea8c61
TXT-TMP_f3228d7b-95da-42b7-8ef4-9fe3bfa09a98,627.1287,298.6277,00000~著败支10#,0.1353,"rgb(255,255,255)",TXT_TMP00044950,TMP_d9bfab0b-905b-4a47-bacc-f45921ea8c61
TXT-TMP_0948ca5c-df6f-4029-b611-09c69bd8dee7,628.2809,298.6277,00000#~著败支11#,0.1353,"rgb(255,255,255)",TXT_TMP00044949,TMP_d9bfab0b-905b-4a47-bacc-f45921ea8c61
TXT-TMP_ff92b09b-df9e-4487-b9fd-a031a4ceda57,629.4332,298.6277,00000#~著败支12#,0.1353,"rgb(255,255,255)",TXT_TMP00044948,TMP_d9bfab0b-905b-4a47-bacc-f45921ea8c61
TXT-TMP_09c0ee02-8f6f-477d-8204-6b8f6f5a0b8f,630.5855,298.6277,00000#~著败支13#,0.1353,"rgb(255,255,255)",TXT_TMP00044947,TMP_d9bfab0b-905b-4a47-bacc-f45921ea8c61
TXT-TMP_ad623941-46ef-4da4-aa52-1f7fe35a717a,631.7378,298.6277,00000#~著败支14#,0.1353,"rgb(255,255,255)",TXT_TMP00044946,TMP_d9bfab0b-905b-4a47-bacc-f45921ea8c61
TXT-TMP_eab3e043-beff-418f-8dff-9d7026078e41,632.8901,298.6277,TMP00131599著败支15#数线,0.1353,"rgb(255,255,255)",TXT_TMP00044945,TMP_d9bfab0b-905b-4a47-bacc-f45921ea8c61
TXT-TMP_cf3e3a55-d631-4e58-b81b-60dad5fc02e4,596.9637,296.5014,00000白1#.~饭想分51白2#,0.1353,"rgb(255,255,255)",TXT_TMP00044942,TMP_c7bfb5a3-e7a4-4226-b153-f35910a79812
TXT-TMP_22807cbb-db99-4c79-aabd-f8d1211cd7eb,596.1208,295.6796,00000白2#-饭想分51白2-1#数线,0.1353,"rgb(255,255,255)",TXT_TMP00044941,TMP_c7bfb5a3-e7a4-4226-b153-f35910a79812
TXT-TMP_daf1ac31-2caa-4769-ae19-6cc4901111f3,585.8825,296.8233,00000照1#~饭想分47照2#,0.1353,"rgb(255,255,255)",TXT_TMP00044940,TMP_c7bfb5a3-e7a4-4226-b153-f35910a79812
TXT-TMP_bec95365-4c98-4902-909f-98775cfeb934,585.9173,295.671,00000照2#~饭想分47照3#,0.1353,"rgb(255,255,255)",TXT_TMP00044939,TMP_c7bfb5a3-e7a4-4226-b153-f35910a79812
TXT-TMP_69eacc28-2313-4e18-bda5-48f3bd5ab743,585.9173,294.5188,00000#-饭想分47照4#数线,0.1353,"rgb(255,255,255)",TXT_TMP00044938,TMP_c7bfb5a3-e7a4-4226-b153-f35910a79812
TXT-TMP_4664c43a-428b-438e-92a1-c01d7d117619,585.0745,294.0188,00000照4#-饭想分47照4-1#数线,0.1353,"rgb(255,255,255)",TXT_TMP00044937,TMP_c7bfb5a3-e7a4-4226-b153-f35910a79812
TXT-TMP_0207415c-e188-4d8f-87ec-e4a455626136,581.782,300.28,TMP00131371白2#,0.1353,"rgb(255,255,255)",TXT_TMP00044936,TMP_c7bfb5a3-e7a4-4226-b153-f35910a79812
TXT-TMP_ab2d7877-a0e5-4fea-9bfb-7540c48155ca,538.0891,305.3718,00000#,0.1353,"rgb(255,255,255)",TXT_TMP00044934,TMP_9c7a930b-f80d-4ae8-8d81-514de2e47969
TXT-TMP_eb087334-6bd9-44d2-9418-53c9944aaf0d,538.0891,326.2219,00000#.~饭陈支22#.,0.1353,"rgb(255,255,255)",TXT_TMP00044930,TMP_e06d16f5-8bc7-4435-a7d1-52ceff84b239
TXT-TMP_30ff7f3f-cf7b-4c4e-b145-04c3594d8e88,538.0891,327.3742,00000#.~饭陈支23#.,0.1353,"rgb(255,255,255)",TXT_TMP00044929,TMP_e06d16f5-8bc7-4435-a7d1-52ceff84b239
TXT-TMP_abc3384f-cfe6-46a3-a08e-8bc5838113aa,538.0193,328.5264,00000#.~饭陈支24#.,0.1353,"rgb(255,255,255)",TXT_TMP00044928,TMP_e06d16f5-8bc7-4435-a7d1-52ceff84b239
TXT-TMP_a24168ef-a1de-4bf2-81c0-c2433f809e7a,538.0891,329.6787,00000#.~饭陈支25#.,0.1353,"rgb(255,255,255)",TXT_TMP00044927,TMP_e06d16f5-8bc7-4435-a7d1-52ceff84b239
TXT-TMP_27f411cb-50b6-4f96-821c-af1204757b2f,538.0891,330.8309,00000#.~饭陈支26#.,0.1353,"rgb(255,255,255)",TXT_TMP00044926,TMP_e06d16f5-8bc7-4435-a7d1-52ceff84b239
TXT-TMP_69d19d11-dd1a-42d7-8b45-e09bfc4f3d5e,538.0891,331.9832,00000#.~饭陈支27#,0.1353,"rgb(255,255,255)",TXT_TMP00044925,TMP_e06d16f5-8bc7-4435-a7d1-52ceff84b239
TXT-TMP_db86caa3-dcc0-4d48-902f-84e4e2225058,538.0891,333.1354,00000#-饭陈支28#数线,0.1353,"rgb(255,255,255)",TXT_TMP00044924,TMP_e06d16f5-8bc7-4435-a7d1-52ceff84b239
TXT-TMP_8ca2189a-07bc-4dd9-8d67-671ded3e5aa0,538.3985,333.7877,00000#-饭陈支28-1#数线,0.1353,"rgb(255,255,255)",TXT_TMP00044923,TMP_e06d16f5-8bc7-4435-a7d1-52ceff84b239
TXT-TMP_484a350a-227c-44c9-9436-f87ad9922327,536.2931,321.6643,00000照1#-饭陈支19照1-1#数线,0.1353,"rgb(255,255,255)",TXT_TMP00044922,TMP_e06d16f5-8bc7-4435-a7d1-52ceff84b239
TXT-TMP_ef95bad8-9a79-46a0-93d9-c9a4391750d1,543.5514,304.7109,00000白2#,0.1353,"rgb(255,255,255)",TXT_TMP00044920,TMP_c5b9d6f9-4346-42cd-b236-3780a11e0443
TXT-TMP_78d31d94-5d60-4c58-b196-8bad9b57bb66,549.9564,304.7109,00000白7#,0.1353,"rgb(255,255,255)",TXT_TMP00044918,TMP_c7bfb5a3-e7a4-4226-b153-f35910a79812
TXT-TMP_31731d86-724c-4563-9c1e-b7074a19e314,521.552,293.3665,TMP00132366白5#,0.1353,"rgb(255,255,255)",TXT_TMP00044917,TMP_84111d19-51e9-4ca0-bc49-4e25cbac2048
TXT-TMP_e35da47c-db57-4ac1-8c49-346eea02af6e,482.3145,253.6253,TMP00131373#,0.1353,"rgb(255,255,255)",TXT_TMP00044915,TMP_77c7da7a-c14b-440e-91ca-e5127888d959
TXT-TMP_52adbb76-a64f-42c4-9815-04b0a9b2f39f,467.0257,252.9731,00000#~LINE216_争86照1#,0.1353,"rgb(255,255,255)",TXT_TMP00044911,TMP_850e70ee-85c4-4693-871d-61c50c6d5147
TXT-TMP_15f0e64e-7364-4067-9427-d0ec19e192a4,445.6997,253.6253,TMP00131372#,0.1353,"rgb(255,255,255)",TXT_TMP00044905,TMP_c5dc9be5-510f-4d53-bc23-c2eb8613991c
TXT-TMP_59a8be8e-dd78-4235-b094-e99a9cb7b7c5,434.6659,252.9731,TMP00132978白1#,0.1353,"rgb(255,255,255)",TXT_TMP00044903,TMP_c5dc9be5-510f-4d53-bc23-c2eb8613991c
TXT-TMP_818933d4-24b3-4542-a9b1-7584bd76284e,433.8231,253.6253,TMP00314774#,0.1353,"rgb(255,255,255)",TXT_TMP00044902,TMP_c5dc9be5-510f-4d53-bc23-c2eb8613991c
TXT-TMP_761e2dea-0f08-4daa-b3be-e074d52f5c3a,374.2658,252.9731,TMP00314807白1#,0.1353,"rgb(255,255,255)",TXT_TMP00044888,TMP_a039096d-5b54-4148-8c63-44f9ef9fdc9c
TXT-TMP_760603bb-8cf9-436d-9410-245248decffc,364.5461,253.6253,TMP00131366#~LINE216_争128#,0.1353,"rgb(255,255,255)",TXT_TMP00044887,TMP_cda94a36-64f0-4271-9f9c-6d4ba4b0616c
TXT-TMP_e57dedeb-4b5c-4691-85d9-9dc71a009c66,348.81,256.4299,TMP00132978白2#-LINE216_争135白3#数线,0.1353,"rgb(255,255,255)",TXT_TMP00044883,TMP_cda94a36-64f0-4271-9f9c-6d4ba4b0616c
TXT-TMP_bf246561-4ff2-4c6e-afee-ba202fccd508,348.81,259.8867,TMP00132978白5#~LINE216_争129白6#,0.1353,"rgb(255,255,255)",TXT_TMP00044880,TMP_cda94a36-64f0-4271-9f9c-6d4ba4b0616c
TXT-TMP_95256c8c-0d81-4beb-8775-49642f89c03a,348.81,261.0389,TMP00132978白6#~LINE216_争129白7#,0.1353,"rgb(255,255,255)",TXT_TMP00044879,TMP_cda94a36-64f0-4271-9f9c-6d4ba4b0616c
TXT-TMP_bcda04ce-f224-4d43-b2f5-22ab7cc63304,348.81,262.1912,TMP00132978白7#~LINE216_争129白8#,0.1353,"rgb(255,255,255)",TXT_TMP00044878,TMP_cda94a36-64f0-4271-9f9c-6d4ba4b0616c
TXT-TMP_07731c78-dbc0-4c40-9ebe-fd515951e94a,348.81,263.3434,TMP00132978白5#-LINE216_争129白9#数线,0.1353,"rgb(255,255,255)",TXT_TMP00044877,TMP_cda94a36-64f0-4271-9f9c-6d4ba4b0616c
TXT-TMP_0c0584b6-5359-45f1-967b-061602ce6fa6,349.1194,263.9957,TMP00132978白9#-LINE216_争129白9-1#数线,0.1353,"rgb(255,255,255)",TXT_TMP00044876,TMP_cda94a36-64f0-4271-9f9c-6d4ba4b0616c
TXT-TMP_1ea58cdb-a4e7-48aa-a877-e6bc8efa0685,256.8874,253.6253,TMP00131372#~LINE216_争136#,0.1353,"rgb(255,255,255)",TXT_TMP00044870,TMP_81dd722d-beea-4e3e-9d89-83e97d729885
TXT-TMP_10488e05-3b05-4dab-b6b8-cffad19309fe,259.5005,252.9731,TMP00131372#~LINE216_争135白1#,0.1353,"rgb(255,255,255)",TXT_TMP00044869,TMP_98156dc3-44cd-47f2-b6c3-a41442362d7b
TXT-TMP_17e20872-0cca-4f0d-9b3e-31d69167ed09,172.4828,253.6253,TMP00131374#~LINE216_争163#,0.1353,"rgb(255,255,255)",TXT_TMP00044855,TMP_5971cf03-2278-4d9d-a8da-26cdf23dc35c
TXT-TMP_c21479e1-085f-458f-8a43-da467c41ea1c,159.7662,253.6253,TMP00131371#~LINE216_争165#,0.1353,"rgb(255,255,255)",TXT_TMP00044853,TMP_a9760907-db65-469d-aab0-145177fdbd6e
TXT-TMP_007dced3-c81d-481c-8c43-d7725ef3a171,147.7866,253.6253,TMP00131373#~LINE216_争174#,0.1353,"rgb(255,255,255)",TXT_TMP00044850,TMP_044d1032-5e7c-48e0-83dc-429a03cf42da
TXT-TMP_8718f1a3-7c4c-469f-90bf-8df2d9bf1c50,146.1515,253.6253,TMP00314882#,0.1353,"rgb(255,255,255)",TXT_TMP00044849,TMP_044d1032-5e7c-48e0-83dc-429a03cf42da
TXT-TMP_5121d176-2e5e-4c70-98dc-c25ee8d0b3b3,133.8919,253.6253,00000#,0.1353,"rgb(255,255,255)",TXT_TMP00044845,TMP_044d1032-5e7c-48e0-83dc-429a03cf42da
TXT-TMP_f7a9c878-5425-48fc-8e1a-c16e54c9f51a,126.3346,253.6253,00000#,0.1353,"rgb(255,255,255)",TXT_TMP00044843,TMP_43b8faf9-17c4-4d75-85e7-e0e92d381975
TXT-TMP_70fa0be4-d33d-4a90-be47-782964a60a7a,120.1163,253.6253,TMP00131374#,0.1353,"rgb(255,255,255)",TXT_TMP00044840,TMP_43b8faf9-17c4-4d75-85e7-e0e92d381975
TXT-TMP_99b8cca6-308a-4e5e-91c8-b51065302d78,114.355,253.6253,TMP00131366#,0.1353,"rgb(255,255,255)",TXT_TMP00044839,TMP_3a49331b-cc64-4a9f-a9d4-63be01b21437
TXT-TMP_887e99bb-45cb-4a58-89b9-4c7019f142b2,110.8983,253.6253,TMP00132954#,0.1353,"rgb(255,255,255)",TXT_TMP00044838,TMP_5b21cf6a-e12f-43da-bf14-e9510fdccc3b
TXT-TMP_00546335-8d4a-41cc-b712-dbc95bffad8b,106.6368,253.6253,00000#-界著支22#数线,0.1353,"rgb(255,255,255)",TXT_TMP00044837,TMP_5b21cf6a-e12f-43da-bf14-e9510fdccc3b
TXT-TMP_7827c623-33c7-408d-b7f0-7286c410a9af,79.7937,253.6253,TMP00131368白2#,0.1353,"rgb(255,255,255)",TXT_TMP00044829,TMP_5b21cf6a-e12f-43da-bf14-e9510fdccc3b
TXT-TMP_377208ce-f07c-4d71-97ea-07ced39a3e04,176.0614,246.4587,00000#,0.1353,"rgb(255,255,255)",TXT_TMP00044828,TMP_5971cf03-2278-4d9d-a8da-26cdf23dc35c
TXT-TMP_bb3bcbb2-248f-4ac0-abad-8e35ec54be8c,176.0614,181.9709,00000白2#~清开分18白3#,0.1353,"rgb(255,255,255)",TXT_TMP00044815,TMP_49e646cc-0a2c-485e-aa18-4d10a178af42
TXT-TMP_78cdb156-557a-4f51-8301-c1d133e63040,203.8315,263.3499,00000~五海分2#,0.1353,"rgb(255,255,255)",TXT_TMP00044814,TMP_5971cf03-2278-4d9d-a8da-26cdf23dc35c
TXT-TMP_f4c17106-4562-4b77-97fc-476dee63f1d7,203.8315,264.5021,00000~五海分3#,0.1353,"rgb(255,255,255)",TXT_TMP00044813,TMP_5971cf03-2278-4d9d-a8da-26cdf23dc35c
TXT-TMP_dcb040bf-d716-48d0-92c3-66110e021e1d,203.8315,265.6544,00000#,0.1353,"rgb(255,255,255)",TXT_TMP00044812,TMP_5971cf03-2278-4d9d-a8da-26cdf23dc35c
TXT-TMP_e860f87b-c7b7-4a5b-af77-0a7b167f94dc,225.7861,249.4364,00000#,0.1353,"rgb(255,255,255)",TXT_TMP00044809,TMP_b83a07d5-b380-43ca-bc4b-b975dca5bb93
TXT-TMP_d8b96420-4e7e-4636-92ac-07f1313ab4fe,225.8209,246.1594,00000#,0.1353,"rgb(255,255,255)",TXT_TMP00044808,TMP_b83a07d5-b380-43ca-bc4b-b975dca5bb93
TXT-TMP_75fa2bd3-f182-4be5-8418-0c1092814e25,224.9781,238.7458,TMP00132954照1#,0.1353,"rgb(255,255,255)",TXT_TMP00044807,TMP_b83a07d5-b380-43ca-bc4b-b975dca5bb93
TXT-TMP_0b9a76c2-601b-4e8f-9aaf-ed7b9cdec6a9,221.5213,238.7458,00000照3#~多列分10照4#.,0.1353,"rgb(255,255,255)",TXT_TMP00044805,TMP_b83a07d5-b380-43ca-bc4b-b975dca5bb93
TXT-TMP_ae36ac10-98f8-4c24-ad9d-f0f01343e4a1,220.3691,238.7458,00000照4#.~多列分10照5#..,0.1353,"rgb(255,255,255)",TXT_TMP00044804,TMP_b83a07d5-b380-43ca-bc4b-b975dca5bb93
TXT-TMP_8ced7e0b-90a6-49d7-b9cd-36e15c28e09e,219.2168,238.7458,00000照5#..~多列分10照6#,0.1353,"rgb(255,255,255)",TXT_TMP00044803,TMP_b83a07d5-b380-43ca-bc4b-b975dca5bb93
TXT-TMP_c7d8c938-bea4-4cc9-adbb-b44e82f640f2,218.0646,238.7458,00000照6#~多列分10照7#,0.1353,"rgb(255,255,255)",TXT_TMP00044802,TMP_b83a07d5-b380-43ca-bc4b-b975dca5bb93
TXT-TMP_78887734-e18d-410b-8faf-1836d581a4d7,216.9124,238.7458,00000照3#-多列分8#数线,0.1353,"rgb(255,255,255)",TXT_TMP00044801,TMP_b83a07d5-b380-43ca-bc4b-b975dca5bb93
TXT-TMP_2dcac602-bb64-4a7d-8d49-cce1c92aef3b,216.5681,239.2458,00000照8#-多列分10照8-1#数线,0.1353,"rgb(255,255,255)",TXT_TMP00044800,TMP_b83a07d5-b380-43ca-bc4b-b975dca5bb93
TXT-TMP_f554cac0-7ed3-4010-8ecd-232bd34b7738,225.8209,220.8097,TMP00131368#,0.1353,"rgb(255,255,255)",TXT_TMP00044798,TMP_b83a07d5-b380-43ca-bc4b-b975dca5bb93
TXT-TMP_55c277b4-116b-47a0-8eca-fee53278d586,225.8209,217.3529,00000#~多列分29#.,0.1353,"rgb(255,255,255)",TXT_TMP00044797,TMP_b83a07d5-b380-43ca-bc4b-b975dca5bb93
TXT-TMP_b486686f-4c23-4f25-a84c-f73ce3091991,225.8209,216.2007,00000#.~多列分30#,0.1353,"rgb(255,255,255)",TXT_TMP00044796,TMP_b83a07d5-b380-43ca-bc4b-b975dca5bb93
TXT-TMP_bc180dfd-2217-4d6f-9fb6-0468a1a85fe3,224.9781,215.7007,00000#-多列分30-1#数线,0.1353,"rgb(255,255,255)",TXT_TMP00044795,TMP_b83a07d5-b380-43ca-bc4b-b975dca5bb93
TXT-TMP_1f5e5a01-2574-4bd9-b301-57b982d6dbca,259.5005,251.499,TMP00131372白1#~LINE216_争135白2#,0.1353,"rgb(255,255,255)",TXT_TMP00044794,TMP_98156dc3-44cd-47f2-b6c3-a41442362d7b
TXT-TMP_5a7fea54-109f-497f-9f49-9836a402df15,259.5005,250.0249,TMP00131372#-LINE216_争135白3#数线,0.1353,"rgb(255,255,255)",TXT_TMP00044793,TMP_98156dc3-44cd-47f2-b6c3-a41442362d7b
TXT-TMP_32b7c209-687e-403a-8c06-b2e0f40ffe8b,264.515,261.4445,00000#,0.1353,"rgb(255,255,255)",TXT_TMP00044791,TMP_98156dc3-44cd-47f2-b6c3-a41442362d7b
TXT-TMP_7db3c5ba-9003-4568-bc87-1b2246950ce8,264.515,269.5103,TMP00132954照1#,0.1353,"rgb(255,255,255)",TXT_TMP00044790,TMP_f144f1f3-e089-4ffd-a3c8-c820a2f975d5
TXT-TMP_dbaaf18d-c35c-4c4b-bc6d-9e889d51031b,264.515,272.967,00000照3#-士诉分10照4#,0.1353,"rgb(255,255,255)",TXT_TMP00044788,TMP_f144f1f3-e089-4ffd-a3c8-c820a2f975d5
TXT-TMP_045d8041-303e-40b0-b3ca-c321de5b00db,372.4698,267.1317,TMP00131599能半分7#,0.1353,"rgb(255,255,255)",TXT_TMP00044786,TMP_cda94a36-64f0-4271-9f9c-6d4ba4b0616c
TXT-TMP_8e3dc1a3-652a-4d1f-bab2-8c19447946d8,372.4698,269.0887,00000#,0.1353,"rgb(255,255,255)",TXT_TMP00044785,TMP_cda94a36-64f0-4271-9f9c-6d4ba4b0616c
TXT-TMP_d03b6a9e-6ab0-4904-99f1-aeb61729a10f,372.4698,276.0022,00000#~能半分14#,0.1353,"rgb(255,255,255)",TXT_TMP00044783,TMP_cda94a36-64f0-4271-9f9c-6d4ba4b0616c
TXT-TMP_f576a526-16ce-4e77-8d3f-031d1ba7efc7,372.4671,277.7081,50,0.1353,"rgb(255,255,255)",TMP00317504,TMP_cda94a36-64f0-4271-9f9c-6d4ba4b0616c
TXT-TMP_f71224a1-500f-44cd-a4a8-143bd501db96,372.4698,279.916,00000#~能半分17#,0.1353,"rgb(255,255,255)",TXT_TMP00044782,TMP_cda94a36-64f0-4271-9f9c-6d4ba4b0616c
TXT-TMP_89f979ce-d3f4-4d43-bed9-c1ae2ae2029c,372.7792,283.249,00000#~能半分19白1#,0.1353,"rgb(255,255,255)",TXT_TMP00044780,TMP_cda94a36-64f0-4271-9f9c-6d4ba4b0616c
TXT-TMP_2f45476d-1f0c-471e-8af6-6d479804a073,372.4,283.749,00000#~能半分20#,0.1353,"rgb(255,255,255)",TXT_TMP00044779,TMP_cda94a36-64f0-4271-9f9c-6d4ba4b0616c
TXT-TMP_e14ad63d-bd66-47ba-aabb-d62ef909182b,372.4698,292.0851,00000#~能半分25#,0.1353,"rgb(255,255,255)",TXT_TMP00044778,TMP_a039096d-5b54-4148-8c63-44f9ef9fdc9c
TXT-TMP_e1f51e44-8304-4244-a1ef-6d03d228946c,372.4698,296.9645,00000#~能半分27#,0.1353,"rgb(255,255,255)",TXT_TMP00044777,TMP_a039096d-5b54-4148-8c63-44f9ef9fdc9c
TXT-TMP_c7a82200-435f-4ef5-9430-c5f2651c23c8,372.4698,299.6425,00000#~能半分28#,0.1353,"rgb(255,255,255)",TXT_TMP00044776,TMP_a039096d-5b54-4148-8c63-44f9ef9fdc9c
TXT-TMP_72f6d8cd-23da-4e25-bac7-39c854da8908,372.4698,315.0916,00000#~能半分31#,0.1353,"rgb(255,255,255)",TXT_TMP00044774,TMP_ffbda263-d2d3-435e-8e43-e58e8933bd4d
TXT-TMP_71566401-bc18-4795-8b93-2b3d87af04cd,370.0178,316.8961,00000#~能半分32照1#,0.1353,"rgb(255,255,255)",TXT_TMP00044773,TMP_ffbda263-d2d3-435e-8e43-e58e8933bd4d
TXT-TMP_ba866301-f469-4258-9950-90c19b32c405,372.4643,317.3887,00000#~能半分33#,0.1353,"rgb(255,255,255)",TXT_TMP00044772,TMP_ffbda263-d2d3-435e-8e43-e58e8933bd4d
TXT-TMP_af35fe41-8781-496f-a5e3-a952b3e41e8d,365.486,316.8961,00000照1#~能半分32照2#,0.1353,"rgb(255,255,255)",TXT_TMP00044771,TMP_ffbda263-d2d3-435e-8e43-e58e8933bd4d
TXT-TMP_f8da935d-57f1-47fd-be9f-a8a72453f9fc,368.0992,316.2439,00000照1#~能半分29照1白1#,0.1353,"rgb(255,255,255)",TXT_TMP00044770,TMP_ffbda263-d2d3-435e-8e43-e58e8933bd4d
TXT-TMP_f178b5f1-d77f-4b21-8bc2-09d345196e5e,372.4514,320.8473,00000#~能半分36#,0.1353,"rgb(255,255,255)",TXT_TMP00044769,TMP_ffbda263-d2d3-435e-8e43-e58e8933bd4d
TXT-TMP_0acc4111-f702-4270-a6b1-0aee57c1edbf,373.0882,320.3547,00000#~能半分35白1#,0.1353,"rgb(255,255,255)",TXT_TMP00044768,TMP_ffbda263-d2d3-435e-8e43-e58e8933bd4d
TXT-TMP_1e9167e8-0a7b-42ab-a3d5-3a20859c575a,372.4165,327.5816,00000#~能半分39#,0.1353,"rgb(255,255,255)",TXT_TMP00044767,TMP_ffbda263-d2d3-435e-8e43-e58e8933bd4d
TXT-TMP_9e9668ce-0311-46e1-a65c-a33e9cc4e14c,372.4569,332.8601,00000#~能半分43#,0.1353,"rgb(255,255,255)",TXT_TMP00044766,TMP_ffbda263-d2d3-435e-8e43-e58e8933bd4d
TXT-TMP_01df8eb4-3f00-4506-9caf-d869732dcc6b,372.4698,338.7805,TMP00132366#,0.1353,"rgb(255,255,255)",TXT_TMP00044765,TMP_81a0a55d-ff02-4e58-87db-3de8d253a652
TXT-TMP_fc899728-66b4-4246-b849-2710e8b950ce,372.4698,344.5417,TMP00131373#,0.1353,"rgb(255,255,255)",TXT_TMP00044764,TMP_14b58733-759c-4892-81b5-72af8a198ec3
TXT-TMP_861db834-33bd-4e62-bee2-9bce333a3b16,372.4698,369.2249,TMP00131374#,0.1353,"rgb(255,255,255)",TXT_TMP00044761,TMP_00022728-3a68-4082-9f9d-cb8e629d8c95
TXT-TMP_eb4fa873-dd28-422a-ba21-aae14598487d,372.4698,371.5294,TMP00131371#,0.1353,"rgb(255,255,255)",TXT_TMP00044760,TMP_00022728-3a68-4082-9f9d-cb8e629d8c95
TXT-TMP_531eba33-c342-4fdb-b128-d558d7edc8a7,372.4698,373.8339,TMP00131368#,0.1353,"rgb(255,255,255)",TXT_TMP00045289,TMP_00022728-3a68-4082-9f9d-cb8e629d8c95
TXT-TMP_5c225c61-f7fd-43ca-9621-6ea2b81433d1,408.6633,314.5916,00000#,0.1353,"rgb(255,255,255)",TXT_TMP00045901,TMP_a2a8700d-3285-4f45-8cd6-5a8da5aee9b3
TXT-TMP_d47565ad-140d-48fb-8e05-5ed7e4a24882,417.8814,314.5916,TMP00131368#,0.1353,"rgb(255,255,255)",TXT_TMP00045900,TMP_a2a8700d-3285-4f45-8cd6-5a8da5aee9b3
TXT-TMP_f1ea7d49-cd56-4330-b79e-b94eeaff8bf7,424.2865,314.5916,TMP00131370#,0.1353,"rgb(255,255,255)",TXT_TMP00045898,TMP_a2a8700d-3285-4f45-8cd6-5a8da5aee9b3
TXT-TMP_c5607769-e716-47fe-ac03-a977edf70607,447.1736,314.5916,00000#-亮败支29#数线,0.1353,"rgb(255,255,255)",TXT_TMP00045894,TMP_0850141f-78c7-4626-a591-1816d72c4499
TXT-TMP_4198be71-b1e4-416a-ab42-3afafe71fa4f,382.3031,297.9386,00000#,0.1353,"rgb(255,255,255)",TXT_TMP00045892,TMP_a039096d-5b54-4148-8c63-44f9ef9fdc9c
TXT-TMP_c10e0981-6d08-461e-b5c9-559dbcbb6e5f,365.9912,289.3321,00000#,0.1353,"rgb(255,255,255)",TXT_TMP00045889,TMP_cda94a36-64f0-4271-9f9c-6d4ba4b0616c
TXT-TMP_7353539c-6492-4afd-a903-b0c7fd934c10,363.5259,289.3321,00000#,0.1353,"rgb(255,255,255)",TXT_TMP00045888,TMP_cda94a36-64f0-4271-9f9c-6d4ba4b0616c
TXT-TMP_4e126400-2e69-4181-83a9-2b9cdd7b6b83,307.1553,289.3321,TMP00131366#,0.1353,"rgb(255,255,255)",TXT_TMP00045877,TMP_29a287a4-9ef7-4463-a03f-b932c69852bb
TXT-TMP_267c8d01-9d1a-47b1-95f7-c7e4c73429d6,298.523,289.3321,TMP00131370#,0.1353,"rgb(255,255,255)",TXT_TMP00045876,TMP_29a287a4-9ef7-4463-a03f-b932c69852bb
TXT-TMP_8575ef3d-02fa-40a4-9a76-ccb58ee1dac5,294.9053,289.3321,TMP00131371#,0.1353,"rgb(255,255,255)",TXT_TMP00045875,TMP_29a287a4-9ef7-4463-a03f-b932c69852bb
TXT-TMP_ce8545b9-df5a-4538-abeb-a47f1a555bf3,292.279,289.3321,00000#~从地支46#,0.1353,"rgb(255,255,255)",TXT_TMP00045874,TMP_29a287a4-9ef7-4463-a03f-b932c69852bb
TXT-TMP_461305e5-57ee-4171-91e0-1265cb7a97a4,426.6002,247.2891,TMP00315114白2#,0.1353,"rgb(255,255,255)",TXT_TMP00045868,TMP_c5dc9be5-510f-4d53-bc23-c2eb8613991c
TXT-TMP_20e7b931-50d9-4584-aecf-25339e5dd236,426.6002,238.5216,TMP00131368白4#-LINE216_争106采5#数线,0.1353,"rgb(255,255,255)",TXT_TMP00045866,TMP_c5dc9be5-510f-4d53-bc23-c2eb8613991c
TXT-TMP_929855c4-e090-4de1-a9c7-b6555f45e509,467.0257,251.499,00000#-LINE216_争86照2#数线,0.1353,"rgb(255,255,255)",TXT_TMP00045863,TMP_850e70ee-85c4-4693-871d-61c50c6d5147
TXT-TMP_41cfec4a-fc2b-47e2-abb0-3591654a94ae,519.7045,246.0596,00000~便败分7#,0.1353,"rgb(255,255,255)",TXT_TMP00045862,TMP_77c7da7a-c14b-440e-91ca-e5127888d959
TXT-TMP_7044982d-e6cb-4472-ba3c-ee2330dad83e,519.7045,244.9074,TMP00131599便败分8#数线,0.1353,"rgb(255,255,255)",TXT_TMP00045861,TMP_77c7da7a-c14b-440e-91ca-e5127888d959
TXT-TMP_18805a7a-dcf1-4961-b7bd-5af021bd2dc4,519.7045,243.7551,00000~便败分9#,0.1353,"rgb(255,255,255)",TXT_TMP00045860,TMP_77c7da7a-c14b-440e-91ca-e5127888d959
TXT-TMP_18ffd8b4-6196-4609-a011-1443d1a6c64d,519.7045,242.6028,00000~便败分10#,0.1353,"rgb(255,255,255)",TXT_TMP00045859,TMP_77c7da7a-c14b-440e-91ca-e5127888d959
TXT-TMP_d0cb8e9c-c7eb-42c3-b141-2dc530ebbc3c,519.7045,241.4506,00000#~便败分11#,0.1353,"rgb(255,255,255)",TXT_TMP00045858,TMP_77c7da7a-c14b-440e-91ca-e5127888d959
TXT-TMP_f72e737a-0a0a-4502-948a-580ec86d72d8,519.7045,240.2983,00000#~便败分12#,0.1353,"rgb(255,255,255)",TXT_TMP00045857,TMP_77c7da7a-c14b-440e-91ca-e5127888d959
TXT-TMP_a59cdc75-85cc-4f30-b527-8c677d68e451,519.7045,239.146,00000#~便败分13#,0.1353,"rgb(255,255,255)",TXT_TMP00045856,TMP_77c7da7a-c14b-440e-91ca-e5127888d959
TXT-TMP_b1aa8091-6c95-4a3c-af6a-a2dd399f3a88,519.7045,237.9938,TMP00131599便败分14#数线,0.1353,"rgb(255,255,255)",TXT_TMP00045855,TMP_77c7da7a-c14b-440e-91ca-e5127888d959
TXT-TMP_5bf40d75-52fa-408a-80e5-acf922a564d2,518.8617,237.4938,00000#-便败分14-1#数线,0.1353,"rgb(255,255,255)",TXT_TMP00045854,TMP_77c7da7a-c14b-440e-91ca-e5127888d959
TXT-TMP_1fdd84ea-2816-4c16-9280-906cc13a2c27,536.1183,122.9157,00000#,0.1353,"rgb(255,255,255)",TXT_TMP00045853,TMP_57c390ef-a8e5-4412-b608-28a7202b72b9
TXT-TMP_5452056a-1ffa-4cf2-afad-1e94933f5f2a,536.1183,118.3067,TMP00131599奇广分6#数线,0.1353,"rgb(255,255,255)",TXT_TMP00045852,TMP_57c390ef-a8e5-4412-b608-28a7202b72b9
TXT-TMP_d3a13244-82db-46a8-af29-5b09589de4e0,536.4278,117.8067,00000白1#,0.1353,"rgb(255,255,255)",TXT_TMP00045850,TMP_57c390ef-a8e5-4412-b608-28a7202b72b9
TXT-TMP_5c214c67-784e-4e28-adf5-9a925d19c2b8,536.1183,113.0539,TMP00131599奇广分9照1#数线,0.1353,"rgb(255,255,255)",TXT_TMP00045849,TMP_57c390ef-a8e5-4412-b608-28a7202b72b9
TXT-TMP_8f6441da-655c-41be-9757-6f51d82a9550,538.8932,117.8067,TMP00131374#~奇广分6白3#,0.1353,"rgb(255,255,255)",TXT_TMP00045844,TMP_57c390ef-a8e5-4412-b608-28a7202b72b9
TXT-TMP_8bb59a3a-ce1d-4be5-8fa9-db24092db178,488.0069,135.3009,TMP00131373#,0.1353,"rgb(255,255,255)",TXT_TMP00045843,TMP_7441e77b-7efe-43da-bad0-3b502452bd7f
TXT-TMP_3f8ab5e6-087d-4795-8363-ba0a51e1517a,488.0069,155.1596,TMP00315158#,0.1353,"rgb(255,255,255)",TXT_TMP00045842,TMP_7441e77b-7efe-43da-bad0-3b502452bd7f
TXT-TMP_4c37a2d7-d151-495b-963e-c4b16bc520ee,488.0069,164.4614,TMP00131374#-约叫败分22白1#数线,0.1353,"rgb(255,255,255)",TXT_TMP00045840,TMP_7441e77b-7efe-43da-bad0-3b502452bd7f
TXT-TMP_58940c76-0b00-480a-b544-853ee7b8ac28,488.3163,163.6395,TMP00131374#-约叫败分23#数线,0.1353,"rgb(255,255,255)",TXT_TMP00045839,TMP_7441e77b-7efe-43da-bad0-3b502452bd7f
TXT-TMP_b4ab5920-d9e7-47d0-9e5e-8664996a3b4f,489.7904,163.6395,TMP00131373#-约叫败分24#数线,0.1353,"rgb(255,255,255)",TXT_TMP00045838,TMP_7441e77b-7efe-43da-bad0-3b502452bd7f
TXT-TMP_8f663943-cb6c-48db-9445-169cb6faf259,471.4055,123.9365,00000#~LINE216_争25白1#,0.1353,"rgb(255,255,255)",TXT_TMP00045828,TMP_a8a6ae37-b998-43d1-8dab-709c00793f09
TXT-TMP_29f409ea-de21-4fa8-b445-34371937759c,470.5626,121.1508,00000白3#-LINE216_争25白4#数线,0.1353,"rgb(255,255,255)",TXT_TMP00045826,TMP_a8a6ae37-b998-43d1-8dab-709c00793f09
TXT-TMP_fa13df86-135d-4eb7-b37d-8b0174f45802,453.3148,128.2864,00000#-LINE216_争17#,0.1353,"rgb(255,255,255)",TXT_TMP00045825,TMP_a8a6ae37-b998-43d1-8dab-709c00793f09
TXT-TMP_48d26a52-ac72-4fdd-a34a-5baff87ff30d,454.4671,128.2864,00000#-LINE216_争18#,0.1353,"rgb(255,255,255)",TXT_TMP00045824,TMP_a8a6ae37-b998-43d1-8dab-709c00793f09
TXT-TMP_a7355e0f-dc15-47e4-b8b9-5d3ccda24c6d,455.6194,128.2864,00000#-LINE216_争19#,0.1353,"rgb(255,255,255)",TXT_TMP00045823,TMP_a8a6ae37-b998-43d1-8dab-709c00793f09
TXT-TMP_b24eaab3-d843-4aed-93e8-d77c8eb5dbdb,530.3447,128.2864,00000#-LINE216_争28#,0.1353,"rgb(255,255,255)",TXT_TMP00045819,TMP_9d8c68fe-5efc-4470-bfdb-922c121f0a89
TXT-TMP_4a567d9b-8861-4fb8-8a36-86685c665a9e,531.4971,128.2864,00000#-LINE216_争29#,0.1353,"rgb(255,255,255)",TXT_TMP00045818,TMP_9d8c68fe-5efc-4470-bfdb-922c121f0a89
TXT-TMP_6317ea57-28d7-44ca-ae73-944fd247f0dc,532.6493,128.2864,00000#-LINE216_争30#,0.1353,"rgb(255,255,255)",TXT_TMP00045817,TMP_9d8c68fe-5efc-4470-bfdb-922c121f0a89
TXT-TMP_608250ad-dd51-4398-9631-eb79a2cb1062,533.8015,128.2864,00000#-LINE216_争31#,0.1353,"rgb(255,255,255)",TXT_TMP00045816,TMP_9d8c68fe-5efc-4470-bfdb-922c121f0a89
TXT-TMP_e175ab18-95ba-4120-82ea-b897a6f48a57,535.1146,128.2864,00000#-LINE216_争32#,0.1353,"rgb(255,255,255)",TXT_TMP00045815,TMP_941fd7b3-8bb6-4fe1-9de9-e50e55472a5e
TXT-TMP_73e65fcd-9d4a-4729-9a05-bb86f2ffd11d,527.5711,298.6277,00000#-饭想分21#,0.1353,"rgb(255,255,255)",TXT_TMP00045792,TMP_84111d19-51e9-4ca0-bc49-4e25cbac2048
TXT-TMP_9a0ffc7b-5edb-4217-96df-206747184f7d,528.7234,298.6277,00000#-饭想分22#,0.1353,"rgb(255,255,255)",TXT_TMP00045791,TMP_84111d19-51e9-4ca0-bc49-4e25cbac2048
TXT-TMP_7773a759-afa3-42b1-9309-3b3ac5b0bff3,529.8758,298.6277,00000#-饭想分23#,0.1353,"rgb(255,255,255)",TXT_TMP00045790,TMP_84111d19-51e9-4ca0-bc49-4e25cbac2048
TXT-TMP_f1198e09-d5ee-4c78-9f04-a03024c3bed0,531.028,298.6277,00000#-饭想分23间1#,0.1353,"rgb(255,255,255)",TXT_TMP00045789,TMP_84111d19-51e9-4ca0-bc49-4e25cbac2048
TXT-TMP_23ac29f6-65c5-42d3-84ec-5c298f2ca31e,532.1802,298.6277,00000间1#-饭想分24#,0.1353,"rgb(255,255,255)",TXT_TMP00045788,TMP_84111d19-51e9-4ca0-bc49-4e25cbac2048
TXT-TMP_155dc1b0-99db-4ab2-b79d-72fed48d62eb,559.1006,298.6277,00000#-饭想分32#,0.1353,"rgb(255,255,255)",TXT_TMP00045787,TMP_c7bfb5a3-e7a4-4226-b153-f35910a79812
TXT-TMP_0080d92c-ed01-4f0c-9c0f-5278c30d9d08,560.2528,298.6277,00000#-饭想分33#,0.1353,"rgb(255,255,255)",TXT_TMP00045786,TMP_c7bfb5a3-e7a4-4226-b153-f35910a79812
TXT-TMP_f2b58a6f-48d3-421c-9d49-5a427ab7e817,561.405,298.6277,00000#-饭想分34#,0.1353,"rgb(255,255,255)",TXT_TMP00045785,TMP_c7bfb5a3-e7a4-4226-b153-f35910a79812
TXT-TMP_65fe77fa-449f-427e-ae01-7e56e3b4f846,562.5573,298.6277,00000#-饭想分35#,0.1353,"rgb(255,255,255)",TXT_TMP00045784,TMP_c7bfb5a3-e7a4-4226-b153-f35910a79812
TXT-TMP_db891a42-9148-4035-ad41-5a9f8e9c84ea,591.75,298.6277,00000#-饭想分50#,0.1353,"rgb(255,255,255)",TXT_TMP00045777,TMP_c7bfb5a3-e7a4-4226-b153-f35910a79812
TXT-TMP_b127088d-9a88-4454-96f1-8644d9b253d7,581.8169,301.4323,00000白2#-饭想分44白3#,0.1353,"rgb(255,255,255)",TXT_TMP00045750,TMP_c7bfb5a3-e7a4-4226-b153-f35910a79812
TXT-TMP_d9b1759d-b444-4cb7-ab41-361526522c0a,581.8169,302.5846,00000白3#-饭想分44白4#,0.1353,"rgb(255,255,255)",TXT_TMP00045749,TMP_c7bfb5a3-e7a4-4226-b153-f35910a79812
TXT-TMP_8c6d14ad-43b8-4c08-ba48-d0ec7d6e3d96,581.8169,303.7368,00000白4#-饭想分44白5#,0.1353,"rgb(255,255,255)",TXT_TMP00045748,TMP_c7bfb5a3-e7a4-4226-b153-f35910a79812
TXT-TMP_1821a689-179d-4f44-a066-866eb87a298e,581.8169,304.889,00000白5#-饭想分44白6#,0.1353,"rgb(255,255,255)",TXT_TMP00045747,TMP_c7bfb5a3-e7a4-4226-b153-f35910a79812
TXT-TMP_8d3b7108-087b-450f-8c66-472d3ad2916a,581.8169,306.0413,00000白6#-饭想分44白7#,0.1353,"rgb(255,255,255)",TXT_TMP00045746,TMP_c7bfb5a3-e7a4-4226-b153-f35910a79812
TXT-TMP_65d58d49-5981-40e7-af59-ee5081c643e2,581.8169,307.1935,00000白7#-饭想分44白8#,0.1353,"rgb(255,255,255)",TXT_TMP00045745,TMP_c7bfb5a3-e7a4-4226-b153-f35910a79812
TXT-TMP_5fa33c44-164a-465d-8e3c-9933f7c4617c,581.8169,308.3458,00000白8#-饭想分44白9#,0.1353,"rgb(255,255,255)",TXT_TMP00045744,TMP_c7bfb5a3-e7a4-4226-b153-f35910a79812
TXT-TMP_bc0d56e6-545b-4b62-9494-f062303697bb,581.8169,309.4981,00000白9#-饭想分44白10#,0.1353,"rgb(255,255,255)",TXT_TMP00045743,TMP_c7bfb5a3-e7a4-4226-b153-f35910a79812
TXT-TMP_2b89ef9a-faa2-4d67-9668-fc5ba4241d8f,581.8169,310.6504,00000白10#-饭想分44白11#,0.1353,"rgb(255,255,255)",TXT_TMP00045742,TMP_c7bfb5a3-e7a4-4226-b153-f35910a79812
TXT-TMP_c7fb7f87-2f5f-4963-9fcc-b38a177bba4c,581.8169,311.8026,00000白11#-饭想分44白12#,0.1353,"rgb(255,255,255)",TXT_TMP00045741,TMP_c7bfb5a3-e7a4-4226-b153-f35910a79812
TXT-TMP_14c94ea4-a429-4774-bb17-89c9e9ed65a7,544.7037,304.7109,TMP00131374#-饭陈支5白3#,0.1353,"rgb(255,255,255)",TXT_TMP00045736,TMP_c5b9d6f9-4346-42cd-b236-3780a11e0443
TXT-TMP_fbcca301-4f9e-4006-9ce4-8e643073dc2d,545.8561,304.7109,TMP00131373#-饭陈支5白4#,0.1353,"rgb(255,255,255)",TXT_TMP00045735,TMP_c5b9d6f9-4346-42cd-b236-3780a11e0443
TXT-TMP_04fa335f-3255-40e9-902b-2d19eccc8853,547.0083,304.7109,TMP00131371#-饭陈支5白5#,0.1353,"rgb(255,255,255)",TXT_TMP00045734,TMP_c5b9d6f9-4346-42cd-b236-3780a11e0443
TXT-TMP_7f4752a5-eec2-40b5-ae89-2fef1a49e4f4,551.1087,304.7109,TMP00131366#-饭陈支5白8#,0.1353,"rgb(255,255,255)",TXT_TMP00045733,TMP_c7bfb5a3-e7a4-4226-b153-f35910a79812
TXT-TMP_4b051eee-1755-40a8-9f6b-701f2924f799,552.2609,304.7109,TMP00132366#-饭陈支5白9#,0.1353,"rgb(255,255,255)",TXT_TMP00045732,TMP_c7bfb5a3-e7a4-4226-b153-f35910a79812
TXT-TMP_b9315068-e824-4f7e-9da2-d883314cd6a0,553.4131,304.7109,TMP00132978#-饭陈支5白10#,0.1353,"rgb(255,255,255)",TXT_TMP00045731,TMP_c7bfb5a3-e7a4-4226-b153-f35910a79812
TXT-TMP_04d5489e-1bf7-41bf-a492-8520779c4825,554.5655,304.7109,TMP00132982#-饭陈支5白11#,0.1353,"rgb(255,255,255)",TXT_TMP00045730,TMP_c7bfb5a3-e7a4-4226-b153-f35910a79812
TXT-TMP_5f56838b-7aea-4277-900b-e62f5dfbee37,555.7178,304.7109,TMP00314786#-饭陈支5白12#,0.1353,"rgb(255,255,255)",TXT_TMP00045729,TMP_c7bfb5a3-e7a4-4226-b153-f35910a79812
TXT-TMP_4d7f617d-897f-4e7c-87b2-64b31c88d656,521.552,292.2142,00000白5#-饭想分18白6#,0.1353,"rgb(255,255,255)",TXT_TMP00045728,TMP_84111d19-51e9-4ca0-bc49-4e25cbac2048
TXT-TMP_b8aabc84-f8c8-4981-9744-c4673102e813,481.1622,253.6253,00000#-LINE216_争74#,0.1353,"rgb(255,255,255)",TXT_TMP00045727,TMP_77c7da7a-c14b-440e-91ca-e5127888d959
TXT-TMP_45429f32-00ca-457a-adf6-9a3aa8e46b5d,480.0099,253.6253,00000#-LINE216_争75#,0.1353,"rgb(255,255,255)",TXT_TMP00045726,TMP_77c7da7a-c14b-440e-91ca-e5127888d959
TXT-TMP_18b92d06-d7cf-48eb-bbed-855e19f03010,478.8577,253.6253,00000#-LINE216_争76#,0.1353,"rgb(255,255,255)",TXT_TMP00045725,TMP_77c7da7a-c14b-440e-91ca-e5127888d959
TXT-TMP_c466af2d-1b38-41bf-8545-d4b0f96e9104,477.7054,253.6253,00000#-LINE216_争77#,0.1353,"rgb(255,255,255)",TXT_TMP00045724,TMP_77c7da7a-c14b-440e-91ca-e5127888d959
TXT-TMP_f16dfed6-631b-4a0c-b4da-3b4b84b5fe14,476.5532,253.6253,00000#-LINE216_争78#,0.1353,"rgb(255,255,255)",TXT_TMP00045723,TMP_a91d404a-96be-4f8a-a965-9fbc7a23a408
TXT-TMP_cfa5f6d2-cad6-44d7-ae39-f7ade6256b79,475.401,253.6253,00000#-LINE216_争79#,0.1353,"rgb(255,255,255)",TXT_TMP00045722,TMP_850e70ee-85c4-4693-871d-61c50c6d5147
TXT-TMP_ddee3e09-f465-4c41-b1ec-80aa9c9f2431,434.6311,251.8209,00000白1#-LINE216_争99白2#,0.1353,"rgb(255,255,255)",TXT_TMP00045716,TMP_c5dc9be5-510f-4d53-bc23-c2eb8613991c
TXT-TMP_d9819aa4-0625-4235-ab31-7294c987d481,432.6708,253.6253,TMP00132954#-LINE216_争101#,0.1353,"rgb(255,255,255)",TXT_TMP00045715,TMP_c5dc9be5-510f-4d53-bc23-c2eb8613991c
TXT-TMP_c2d29333-8476-4ef5-bed6-66318cf62192,431.5186,253.6253,TMP00131370#-LINE216_争102#,0.1353,"rgb(255,255,255)",TXT_TMP00045714,TMP_c5dc9be5-510f-4d53-bc23-c2eb8613991c
TXT-TMP_41b610f7-201f-490c-873b-c0838b0cac65,144.3555,253.6253,TMP00131372#-LINE216_争176#,0.1353,"rgb(255,255,255)",TXT_TMP00045670,TMP_044d1032-5e7c-48e0-83dc-429a03cf42da
TXT-TMP_69cb0abc-076b-473a-8f49-55f37519a8a5,132.7397,253.6253,TMP00131599界著支3#,0.1353,"rgb(255,255,255)",TXT_TMP00045656,TMP_044d1032-5e7c-48e0-83dc-429a03cf42da
TXT-TMP_99b37ff9-ae7d-4dca-95ec-e84c4f9638b8,131.5874,253.6253,TMP00131599界著支4#,0.1353,"rgb(255,255,255)",TXT_TMP00045655,TMP_044d1032-5e7c-48e0-83dc-429a03cf42da
TXT-TMP_6bec6d4e-f50c-43a7-81a2-c023d2fba403,130.4351,253.6253,TMP00131599界著支5#,0.1353,"rgb(255,255,255)",TXT_TMP00045654,TMP_044d1032-5e7c-48e0-83dc-429a03cf42da
TXT-TMP_1dbba03b-4755-4df1-8481-cfe8f70d6a94,129.2828,253.6253,TMP00131599界著列6#,0.1353,"rgb(255,255,255)",TXT_TMP00045653,TMP_044d1032-5e7c-48e0-83dc-429a03cf42da
TXT-TMP_bdeff5a8-d211-40b6-ad0f-5cb087761bfb,125.0214,253.6253,TMP00131599界著列9#,0.1353,"rgb(255,255,255)",TXT_TMP00045652,TMP_43b8faf9-17c4-4d75-85e7-e0e92d381975
TXT-TMP_a502408f-464d-467a-b674-ac1873c82d85,113.2027,253.6253,00000#-界著支18#,0.1353,"rgb(255,255,255)",TXT_TMP00045651,TMP_3a49331b-cc64-4a9f-a9d4-63be01b21437
TXT-TMP_f11f5eb2-b797-41d7-afcc-fce681511c03,112.0505,253.6253,00000#-界著支19#,0.1353,"rgb(255,255,255)",TXT_TMP00045650,TMP_3a49331b-cc64-4a9f-a9d4-63be01b21437
TXT-TMP_2bcf3aec-2e2c-44fc-92b3-3f689ff40022,109.746,253.6253,00000#-界著支21#,0.1353,"rgb(255,255,255)",TXT_TMP00045649,TMP_5b21cf6a-e12f-43da-bf14-e9510fdccc3b
TXT-TMP_d540cd21-a1eb-4b29-9d3e-c1301640c7a8,108.5937,253.6253,00000#-界著支22#,0.1353,"rgb(255,255,255)",TXT_TMP00045648,TMP_5b21cf6a-e12f-43da-bf14-e9510fdccc3b
TXT-TMP_dd925a3b-7930-4f16-b8a8-f85231e0b412,78.6415,253.6253,00000白2#-界著支26白3#,0.1353,"rgb(255,255,255)",TXT_TMP00045647,TMP_5b21cf6a-e12f-43da-bf14-e9510fdccc3b
TXT-TMP_926aa98c-363d-43fc-b699-8b9f33fa03e5,77.4892,253.6253,00000白3#-界著支26白4#,0.1353,"rgb(255,255,255)",TXT_TMP00045646,TMP_5b21cf6a-e12f-43da-bf14-e9510fdccc3b
TXT-TMP_215b4e4f-b773-48d5-8e7a-b82a7aaa1a3e,76.3369,253.6253,00000白4#-界著支26白5#,0.1353,"rgb(255,255,255)",TXT_TMP00045645,TMP_5b21cf6a-e12f-43da-bf14-e9510fdccc3b
TXT-TMP_93ead3f7-7a17-43a0-8392-4b8c025914e2,75.1847,253.6253,00000白5#-界著支26白6#,0.1353,"rgb(255,255,255)",TXT_TMP00045644,TMP_5b21cf6a-e12f-43da-bf14-e9510fdccc3b
TXT-TMP_ae290e61-8322-4a70-9297-7aed3b6c4485,74.0325,253.6253,00000白6#-界著支26白7#,0.1353,"rgb(255,255,255)",TXT_TMP00045643,TMP_5b21cf6a-e12f-43da-bf14-e9510fdccc3b
TXT-TMP_e1dafe6e-01c3-4967-ba9b-4328b14fa148,176.0614,245.3064,TMP00131599清开分4#,0.1353,"rgb(255,255,255)",TXT_TMP00045639,TMP_5971cf03-2278-4d9d-a8da-26cdf23dc35c
TXT-TMP_6f5bcef8-7dbb-4f6d-9957-b57198d778f0,176.0614,243.9932,TMP00131599清开分5#,0.1353,"rgb(255,255,255)",TXT_TMP00045638,TMP_b83a07d5-b380-43ca-bc4b-b975dca5bb93
TXT-TMP_b880078a-cd5b-467b-8f01-82eb1142c340,203.8315,266.8066,TMP00131599五海分5#,0.1353,"rgb(255,255,255)",TXT_TMP00045629,TMP_5971cf03-2278-4d9d-a8da-26cdf23dc35c
TXT-TMP_bab6c061-5dcd-4b23-8124-09710d889e2b,225.8209,245.0071,TMP00131599多列分5#,0.1353,"rgb(255,255,255)",TXT_TMP00045620,TMP_b83a07d5-b380-43ca-bc4b-b975dca5bb93
TXT-TMP_d2ab134c-360e-49c2-b03b-370ccae3201c,225.8209,243.8548,TMP00131599多列分6#,0.1353,"rgb(255,255,255)",TXT_TMP00045619,TMP_b83a07d5-b380-43ca-bc4b-b975dca5bb93
TXT-TMP_eb6e34df-7277-40a8-89e6-cb75f2703ce2,225.8209,242.7026,TMP00131599多列分7#,0.1353,"rgb(255,255,255)",TXT_TMP00045618,TMP_b83a07d5-b380-43ca-bc4b-b975dca5bb93
TXT-TMP_29aff7ac-0359-4f7f-8b35-99ccd6e42f4f,225.8209,241.5503,TMP00131599多列分8#,0.1353,"rgb(255,255,255)",TXT_TMP00045617,TMP_b83a07d5-b380-43ca-bc4b-b975dca5bb93
TXT-TMP_d8a388b2-a6f9-4fe3-beeb-59a18c74310c,225.8209,240.3981,TMP00131599多列分9#,0.1353,"rgb(255,255,255)",TXT_TMP00045616,TMP_b83a07d5-b380-43ca-bc4b-b975dca5bb93
TXT-TMP_88b4d5c0-5b6a-4c04-b44d-b622f7de2f44,225.8209,239.2458,TMP00131599多列分10#,0.1353,"rgb(255,255,255)",TXT_TMP00045615,TMP_b83a07d5-b380-43ca-bc4b-b975dca5bb93
TXT-TMP_3d3c4179-aae6-44e0-88be-c2aff7ec5c1c,225.8209,219.6575,00000#-多列分27#,0.1353,"rgb(255,255,255)",TXT_TMP00045601,TMP_b83a07d5-b380-43ca-bc4b-b975dca5bb93
TXT-TMP_2252f4c8-f402-48f6-933b-6c8db41efb25,225.8209,218.5052,00000#-多列分28#,0.1353,"rgb(255,255,255)",TXT_TMP00045600,TMP_b83a07d5-b380-43ca-bc4b-b975dca5bb93
TXT-TMP_45663392-9664-4396-98c1-53c02173b572,264.515,262.5967,TMP00131599士诉分5#,0.1353,"rgb(255,255,255)",TXT_TMP00045598,TMP_98156dc3-44cd-47f2-b6c3-a41442362d7b
TXT-TMP_e5a9940e-12a0-4245-8754-3024a8d0dc8d,264.4801,263.749,TMP00131599士诉分6#,0.1353,"rgb(255,255,255)",TXT_TMP00045597,TMP_98156dc3-44cd-47f2-b6c3-a41442362d7b
TXT-TMP_da9e50d0-08f5-481b-8958-973101570d3e,264.515,264.9012,TMP00131599士诉分7#,0.1353,"rgb(255,255,255)",TXT_TMP00045596,TMP_f144f1f3-e089-4ffd-a3c8-c820a2f975d5
TXT-TMP_cd58c2c9-c3d8-4f1a-a8d9-e387b70e8783,264.515,266.0535,TMP00131599士诉分8#,0.1353,"rgb(255,255,255)",TXT_TMP00045595,TMP_f144f1f3-e089-4ffd-a3c8-c820a2f975d5
TXT-TMP_d42f5959-1d59-4830-adf0-af74d54d76e9,264.515,267.2058,TMP00131599士诉分9#,0.1353,"rgb(255,255,255)",TXT_TMP00045594,TMP_f144f1f3-e089-4ffd-a3c8-c820a2f975d5
TXT-TMP_9a66a5cd-be9a-4615-8b90-114c56604573,264.515,268.358,TMP00131599士诉分10#,0.1353,"rgb(255,255,255)",TXT_TMP00045593,TMP_f144f1f3-e089-4ffd-a3c8-c820a2f975d5
TXT-TMP_d24f5a8b-307e-4ca3-8158-d3ee057bd8e2,264.515,270.6625,00000照1#-士诉分10照2#,0.1353,"rgb(255,255,255)",TXT_TMP00045592,TMP_f144f1f3-e089-4ffd-a3c8-c820a2f975d5
TXT-TMP_b383132c-8043-4e91-b1e7-9caa4295052b,264.515,271.8148,00000照2#-士诉分10照3#,0.1353,"rgb(255,255,255)",TXT_TMP00045591,TMP_f144f1f3-e089-4ffd-a3c8-c820a2f975d5
TXT-TMP_15eecb05-3002-4658-a174-ff5ece4f794a,372.4698,270.2409,TMP00131599能半分9#,0.1353,"rgb(255,255,255)",TXT_TMP00045585,TMP_cda94a36-64f0-4271-9f9c-6d4ba4b0616c
TXT-TMP_071b3e9e-a59b-4fce-a3ec-b017e3914722,372.4698,271.3931,TMP00131599能半分10#,0.1353,"rgb(255,255,255)",TXT_TMP00045584,TMP_cda94a36-64f0-4271-9f9c-6d4ba4b0616c
TXT-TMP_04291166-91ad-4901-8969-7b88edd9240f,372.4698,272.5454,00000#-能半分11#,0.1353,"rgb(255,255,255)",TXT_TMP00045583,TMP_cda94a36-64f0-4271-9f9c-6d4ba4b0616c
TXT-TMP_87c97b05-e085-4aa6-8011-04d307c57991,372.4698,273.6977,00000#-能半分12#,0.1353,"rgb(255,255,255)",TXT_TMP00045582,TMP_cda94a36-64f0-4271-9f9c-6d4ba4b0616c
TXT-TMP_e99ee91e-cab8-4039-9549-62b0b511a2ac,372.4698,274.8499,00000#-能半分13#,0.1353,"rgb(255,255,255)",TXT_TMP00045581,TMP_cda94a36-64f0-4271-9f9c-6d4ba4b0616c
TXT-TMP_2d313414-7617-46ae-9e0f-23628371feba,372.2954,282.5967,50,0.1353,"rgb(255,255,255)",TMP00317645,TMP_cda94a36-64f0-4271-9f9c-6d4ba4b0616c
TXT-TMP_38f93951-ff24-4186-98aa-78097f03acfc,376.1749,283.2667,50,0.1353,"rgb(255,255,255)",TMP00317646,TMP_a039096d-5b54-4148-8c63-44f9ef9fdc9c
TXT-TMP_070a0ff0-1048-413b-960f-ca6147db00ea,372.4698,295.4904,00000#~能半分26#,0.1353,"rgb(255,255,255)",TXT_TMP00045580,TMP_a039096d-5b54-4148-8c63-44f9ef9fdc9c
TXT-TMP_7ffe3fba-5cf5-4e92-afaa-88ce098281bf,372.4698,312.0082,00000#~能半分30#,0.1353,"rgb(255,255,255)",TXT_TMP00045579,TMP_ffbda263-d2d3-435e-8e43-e58e8933bd4d
TXT-TMP_8bff9805-c7fd-44e7-9700-9ec504f815e5,372.4349,316.2439,00000#~能半分32#,0.1353,"rgb(255,255,255)",TXT_TMP00045578,TMP_ffbda263-d2d3-435e-8e43-e58e8933bd4d
TXT-TMP_28b85695-de77-43de-8e04-90c72f9faeea,372.4588,318.5336,00000#~能半分34#,0.1353,"rgb(255,255,255)",TXT_TMP00045577,TMP_ffbda263-d2d3-435e-8e43-e58e8933bd4d
TXT-TMP_5fdeff16-50d0-438c-9f8f-4e44ee838b56,372.4514,319.6951,00000#~能半分35#,0.1353,"rgb(255,255,255)",TXT_TMP00045576,TMP_ffbda263-d2d3-435e-8e43-e58e8933bd4d
TXT-TMP_d880a4db-79f9-4792-b7fd-3edfb43794c1,372.4294,321.9978,00000#~能半分37#,0.1353,"rgb(255,255,255)",TXT_TMP00045575,TMP_ffbda263-d2d3-435e-8e43-e58e8933bd4d
TXT-TMP_45e16d91-d07d-4010-a6c7-2557550f6bd7,372.4588,328.7246,00000#~能半分40#,0.1353,"rgb(255,255,255)",TXT_TMP00045574,TMP_ffbda263-d2d3-435e-8e43-e58e8933bd4d
TXT-TMP_0ba7b111-1344-43d5-8225-5f12b67a2e0b,372.4514,331.3786,00000#~能半分42#,0.1353,"rgb(255,255,255)",TXT_TMP00045573,TMP_ffbda263-d2d3-435e-8e43-e58e8933bd4d
TXT-TMP_9cf36540-1226-4896-8296-5f30ad6d1417,372.4698,334.1714,00000#-能半分44#,0.1353,"rgb(255,255,255)",TXT_TMP00045572,TMP_ffbda263-d2d3-435e-8e43-e58e8933bd4d
TXT-TMP_732b3298-a1dd-4262-bd50-86eaf3a41d5b,372.4349,335.3237,00000#-能半分45#,0.1353,"rgb(255,255,255)",TXT_TMP00045571,TMP_ffbda263-d2d3-435e-8e43-e58e8933bd4d
TXT-TMP_4abe76fb-59e1-4963-841a-1d982bec09ce,372.4698,336.476,00000#-能半分46#,0.1353,"rgb(255,255,255)",TXT_TMP00045570,TMP_ffbda263-d2d3-435e-8e43-e58e8933bd4d
TXT-TMP_3033b2d3-55de-4a9c-b473-182207807d98,372.4698,337.6282,00000#-能半分47#,0.1353,"rgb(255,255,255)",TXT_TMP00045569,TMP_81a0a55d-ff02-4e58-87db-3de8d253a652
TXT-TMP_94bbe348-559e-45cd-8351-122f7c01c6c8,372.4698,339.9328,00000#-能半分49#,0.1353,"rgb(255,255,255)",TXT_TMP00045568,TMP_81a0a55d-ff02-4e58-87db-3de8d253a652
TXT-TMP_80c21dfc-e4cb-4588-b8ce-d73bae34c4dd,372.4698,341.085,00000#-能半分50#,0.1353,"rgb(255,255,255)",TXT_TMP00045567,TMP_81a0a55d-ff02-4e58-87db-3de8d253a652
TXT-TMP_a377b647-326e-4c3a-8e8d-41ec66080b97,372.4698,342.2373,00000#-能半分51#,0.1353,"rgb(255,255,255)",TXT_TMP00045566,TMP_81a0a55d-ff02-4e58-87db-3de8d253a652
TXT-TMP_dee2f772-e0c9-44db-aaa4-280177444a4a,372.4349,343.3895,00000#-能半分52#,0.1353,"rgb(255,255,255)",TXT_TMP00045565,TMP_14b58733-759c-4892-81b5-72af8a198ec3
TXT-TMP_211fe050-c65c-40f8-8621-d462fd4651c1,372.4698,345.694,00000#-能半分54#,0.1353,"rgb(255,255,255)",TXT_TMP00045564,TMP_14b58733-759c-4892-81b5-72af8a198ec3
TXT-TMP_52f8f957-7a08-47e7-97dd-c6c9b1757a4a,372.4698,346.8463,00000#-能半分55#,0.1353,"rgb(255,255,255)",TXT_TMP00045563,TMP_14b58733-759c-4892-81b5-72af8a198ec3
TXT-TMP_0e1f1102-4a9f-43e9-b7a9-063558920302,372.4698,347.9985,00000#-能半分56#,0.1353,"rgb(255,255,255)",TXT_TMP00045562,TMP_14b58733-759c-4892-81b5-72af8a198ec3
TXT-TMP_e9093524-6a5d-4e4e-8586-6fc3eb65d11f,372.4,349.1508,00000#-能半分57#,0.1353,"rgb(255,255,255)",TXT_TMP00045561,TMP_14b58733-759c-4892-81b5-72af8a198ec3
TXT-TMP_b9c01e78-1698-443e-9219-fba5e6a029e5,372.4698,370.3771,00000#-能半分63#,0.1353,"rgb(255,255,255)",TXT_TMP00045559,TMP_00022728-3a68-4082-9f9d-cb8e629d8c95
TXT-TMP_5dc5fcf3-c876-4ce8-93e6-f1e198ebc5c9,372.4698,372.6816,00000#-能半分65#,0.1353,"rgb(255,255,255)",TXT_TMP00045558,TMP_00022728-3a68-4082-9f9d-cb8e629d8c95
TXT-TMP_5cff3699-0091-40de-ad56-bceb79e64413,372.4698,374.9862,00000#-能半分67#,0.1353,"rgb(255,255,255)",TXT_TMP00045557,TMP_00022728-3a68-4082-9f9d-cb8e629d8c95
TXT-TMP_7ec098dc-a5bc-4274-bff4-1a4762657ea0,419.0337,314.5916,00000#-亮败列17#,0.1353,"rgb(255,255,255)",TXT_TMP00045552,TMP_a2a8700d-3285-4f45-8cd6-5a8da5aee9b3
TXT-TMP_5e7596a4-d105-4d2d-9506-300898bffda3,420.1859,314.5916,00000#-亮败列18#,0.1353,"rgb(255,255,255)",TXT_TMP00045551,TMP_a2a8700d-3285-4f45-8cd6-5a8da5aee9b3
TXT-TMP_2435cc2c-199a-4b94-a6dd-94529ebd1e44,421.3382,314.5916,00000#-亮败列19#,0.1353,"rgb(255,255,255)",TXT_TMP00045550,TMP_a2a8700d-3285-4f45-8cd6-5a8da5aee9b3
TXT-TMP_b8206d17-1651-40a9-8b4f-19cd818316b3,425.4387,314.5916,00000#-亮败列22#,0.1353,"rgb(255,255,255)",TXT_TMP00045549,TMP_a2a8700d-3285-4f45-8cd6-5a8da5aee9b3
TXT-TMP_95f987ae-cd94-4c44-b879-7b9ab8c48fc9,383.4554,297.9386,TMP00131599如败支4#,0.1353,"rgb(255,255,255)",TXT_TMP00045543,TMP_a039096d-5b54-4148-8c63-44f9ef9fdc9c
TXT-TMP_652724b1-4b7d-4506-b6e8-5f3df5d8b9de,384.6076,297.9386,TMP00131599如败支5#,0.1353,"rgb(255,255,255)",TXT_TMP00045542,TMP_a039096d-5b54-4148-8c63-44f9ef9fdc9c
TXT-TMP_eb7237b6-b9cb-44e0-a152-d7bc547ccec9,385.7599,297.9386,TMP00131599如败支6#,0.1353,"rgb(255,255,255)",TXT_TMP00045541,TMP_a039096d-5b54-4148-8c63-44f9ef9fdc9c
TXT-TMP_a3cc01b7-e711-4981-957a-7c77d1d93417,386.9121,297.9386,TMP00131599如败支7#,0.1353,"rgb(255,255,255)",TXT_TMP00045540,TMP_a039096d-5b54-4148-8c63-44f9ef9fdc9c
TXT-TMP_4399223a-2a21-4dd5-94b2-b2e5023fd6c5,388.0644,297.9386,TMP00131599如败支8#,0.1353,"rgb(255,255,255)",TXT_TMP00045539,TMP_a039096d-5b54-4148-8c63-44f9ef9fdc9c
TXT-TMP_c6342b9d-2077-43f3-93f4-467bc5b1aa6c,389.2167,297.9386,TMP00131599如败支9#,0.1353,"rgb(255,255,255)",TXT_TMP00045538,TMP_a039096d-5b54-4148-8c63-44f9ef9fdc9c
TXT-TMP_7d671f49-b9c6-4bf6-bb96-b259cfabe1bd,390.3689,297.9386,TMP00131599如败支10#,0.1353,"rgb(255,255,255)",TXT_TMP00045537,TMP_a039096d-5b54-4148-8c63-44f9ef9fdc9c
TXT-TMP_735a3d7e-46cd-4e91-a1ac-5ad43c956b9d,364.6781,289.3321,TMP00131599从地支3#,0.1353,"rgb(255,255,255)",TXT_TMP00045525,TMP_cda94a36-64f0-4271-9f9c-6d4ba4b0616c
TXT-TMP_d402b6a0-6def-46fe-bbf0-0fa16eefa721,302.4626,289.3321,00000#-从地支38#,0.1353,"rgb(255,255,255)",TXT_TMP00045504,TMP_29a287a4-9ef7-4463-a03f-b932c69852bb
TXT-TMP_634eb1ff-eff6-4276-b2ef-e2807ea57e3a,301.3104,289.3321,00000#-从地支39#,0.1353,"rgb(255,255,255)",TXT_TMP00045503,TMP_29a287a4-9ef7-4463-a03f-b932c69852bb
TXT-TMP_6585367b-1efc-483c-860e-543e268fb30c,299.9972,289.3321,00000#-从地支40#,0.1353,"rgb(255,255,255)",TXT_TMP00045502,TMP_29a287a4-9ef7-4463-a03f-b932c69852bb
TXT-TMP_f84b5603-6410-4f7c-975f-ced8c8099ea9,293.7531,289.3321,00000#-从地支45#,0.1353,"rgb(255,255,255)",TXT_TMP00045501,TMP_29a287a4-9ef7-4463-a03f-b932c69852bb
TXT-TMP_85b86551-9b04-43a5-8a86-8356a07c3dbc,374.2658,251.8209,TMP00131368白1#-LINE216_争126白2#,0.1353,"rgb(255,255,255)",TXT_TMP00045500,TMP_a039096d-5b54-4148-8c63-44f9ef9fdc9c
TXT-TMP_16f4b1fc-d645-4a09-8bea-18014c03cc37,426.6002,246.1369,TMP00131368白2#-LINE216_争106白3#,0.1353,"rgb(255,255,255)",TXT_TMP00045499,TMP_c5dc9be5-510f-4d53-bc23-c2eb8613991c
TXT-TMP_e45b4ddf-88bb-4047-a44f-137aa1bc465d,536.1183,121.7635,TMP00131599奇广分3#,0.1353,"rgb(255,255,255)",TXT_TMP00045485,TMP_57c390ef-a8e5-4412-b608-28a7202b72b9
TXT-TMP_13f6192a-a34b-4a69-b50e-ced0e6c7832b,536.1183,120.6112,TMP00131599奇广分4#,0.1353,"rgb(255,255,255)",TXT_TMP00045484,TMP_57c390ef-a8e5-4412-b608-28a7202b72b9
TXT-TMP_039fd034-5392-432f-9a6a-ccf9c507e3ce,536.1183,119.459,TMP00131599奇广分5#,0.1353,"rgb(255,255,255)",TXT_TMP00045483,TMP_57c390ef-a8e5-4412-b608-28a7202b72b9
TXT-TMP_ee7c7e69-2be5-4195-8bd3-e36b2927d3ee,488.0069,136.4531,00000#-约叫败分4#,0.1353,"rgb(255,255,255)",TXT_TMP00045470,TMP_7441e77b-7efe-43da-bad0-3b502452bd7f
TXT-TMP_dba21379-27af-4b90-b9db-d9833bb7664e,488.0069,137.6054,00000#-约叫败分5#,0.1353,"rgb(255,255,255)",TXT_TMP00045469,TMP_7441e77b-7efe-43da-bad0-3b502452bd7f
TXT-TMP_af1514f9-d6e7-4431-9e44-ce83cc427948,488.0069,138.7577,00000#-约叫败分6#,0.1353,"rgb(255,255,255)",TXT_TMP00045468,TMP_7441e77b-7efe-43da-bad0-3b502452bd7f
TXT-TMP_87dc8bcd-e7ff-436f-95fb-670a8b326e90,488.0069,139.9099,00000#-约叫败分7#,0.1353,"rgb(255,255,255)",TXT_TMP00045467,TMP_7441e77b-7efe-43da-bad0-3b502452bd7f
TXT-TMP_ef6bb1e2-2808-4591-a7fe-e88358b503fc,488.0069,141.0621,00000#-约叫败分8#,0.1353,"rgb(255,255,255)",TXT_TMP00045466,TMP_7441e77b-7efe-43da-bad0-3b502452bd7f
TXT-TMP_e8ce2a24-9e6d-4d9e-9e73-e15448273170,488.0069,142.2144,00000#-约叫败分9#,0.1353,"rgb(255,255,255)",TXT_TMP00045465,TMP_7441e77b-7efe-43da-bad0-3b502452bd7f
TXT-TMP_558978f4-4632-4d46-8b72-5616a11fbfa5,488.0069,143.3667,00000#-约叫败分10#,0.1353,"rgb(255,255,255)",TXT_TMP00045464,TMP_7441e77b-7efe-43da-bad0-3b502452bd7f
TXT-TMP_833df7b7-03eb-4187-8885-fd977a98c0b4,488.0069,144.5189,TMP00132954#-约叫败分11#,0.1353,"rgb(255,255,255)",TXT_TMP00045463,TMP_7441e77b-7efe-43da-bad0-3b502452bd7f
TXT-TMP_6c4d6c87-27e3-4b76-baf7-8f44991d5fc7,488.0069,145.6712,TMP00131370#-约叫败分12#,0.1353,"rgb(255,255,255)",TXT_TMP00045462,TMP_7441e77b-7efe-43da-bad0-3b502452bd7f
TXT-TMP_babb8472-d638-40a6-99d2-8aa3a3a2a25f,488.0069,146.8235,TMP00131374#-约叫败分13#,0.1353,"rgb(255,255,255)",TXT_TMP00045461,TMP_7441e77b-7efe-43da-bad0-3b502452bd7f
TXT-TMP_c1b66093-554a-40c1-bf45-4c362e43751c,488.0069,147.9757,TMP00131373#-约叫败分14#,0.1353,"rgb(255,255,255)",TXT_TMP00045460,TMP_7441e77b-7efe-43da-bad0-3b502452bd7f
TXT-TMP_51151be8-5b88-4e6e-8a69-78e7bef08a3e,487.9372,149.1279,TMP00131371#-约叫败分15#,0.1353,"rgb(255,255,255)",TXT_TMP00045459,TMP_7441e77b-7efe-43da-bad0-3b502452bd7f
TXT-TMP_9770c0f4-1b77-4793-bd32-eebc7626fa40,488.0069,150.2802,TMP00131372#-约叫败分16#,0.1353,"rgb(255,255,255)",TXT_TMP00045458,TMP_7441e77b-7efe-43da-bad0-3b502452bd7f
TXT-TMP_265d204c-2a82-4a0a-a43f-a1b5c2ec6ff2,487.972,151.5934,TMP00131368#-约叫败分17#,0.1353,"rgb(255,255,255)",TXT_TMP00045457,TMP_7441e77b-7efe-43da-bad0-3b502452bd7f
TXT-TMP_40bd538e-2e14-406b-aad9-5bf1558b126a,488.0069,158.5649,TMP00132366#-约叫败分19#,0.1353,"rgb(255,255,255)",TXT_TMP00045456,TMP_7441e77b-7efe-43da-bad0-3b502452bd7f
TXT-TMP_54b596de-665a-45f9-9efd-dfcad4c97108,488.0069,159.7171,TMP00132978#-约叫败分20#,0.1353,"rgb(255,255,255)",TXT_TMP00045455,TMP_7441e77b-7efe-43da-bad0-3b502452bd7f
TXT-TMP_1cc82fac-57ae-4dc5-9d72-caa580915efc,487.972,160.8694,TMP00132954#-约叫败分21#,0.1353,"rgb(255,255,255)",TXT_TMP00045454,TMP_7441e77b-7efe-43da-bad0-3b502452bd7f
TXT-TMP_e7344e97-e238-4a01-b40e-4c80945020bb,521.552,296.8233,00000白1#-饭想分18白2#,0.1353,"rgb(255,255,255)",TXT_TMP00045436,TMP_84111d19-51e9-4ca0-bc49-4e25cbac2048
TXT-TMP_fa9f328b-a0ba-42a7-b851-028d483f4e41,521.552,295.671,00000白2#-饭想分18白3#,0.1353,"rgb(255,255,255)",TXT_TMP00045435,TMP_84111d19-51e9-4ca0-bc49-4e25cbac2048
TXT-TMP_137328a2-8adf-4500-95e6-536adf4dc62e,521.552,294.5188,00000白3#-饭想分18白4#,0.1353,"rgb(255,255,255)",TXT_TMP00045434,TMP_84111d19-51e9-4ca0-bc49-4e25cbac2048
TXT-TMP_4470b100-7198-4de3-8089-0b3654739b8b,555.6438,298.6277,00000#-饭想分29#,0.1353,"rgb(255,255,255)",TXT_TMP00045433,TMP_c7bfb5a3-e7a4-4226-b153-f35910a79812
TXT-TMP_00c55b2f-110d-4873-9c75-2b0c2ec5e287,556.796,298.6277,00000#-饭想分30#,0.1353,"rgb(255,255,255)",TXT_TMP00045432,TMP_c7bfb5a3-e7a4-4226-b153-f35910a79812
TXT-TMP_3ab98ba3-eb3f-4536-ba64-d62903408bc2,583.9223,298.6277,00000#-饭想分46#,0.1353,"rgb(255,255,255)",TXT_TMP00045431,TMP_c7bfb5a3-e7a4-4226-b153-f35910a79812
TXT-TMP_f01d6528-6f2d-4070-b3c2-f00ac5173247,585.0745,298.6277,00000#-饭想分47#,0.1353,"rgb(255,255,255)",TXT_TMP00045430,TMP_c7bfb5a3-e7a4-4226-b153-f35910a79812
TXT-TMP_a0f50c80-53dd-4ba7-bba8-220a92f67d93,538.0891,306.685,TMP00131599饭陈支7#,0.1353,"rgb(255,255,255)",TXT_TMP00045429,TMP_84111d19-51e9-4ca0-bc49-4e25cbac2048
TXT-TMP_ea0668a5-1f35-4917-b772-7625aefef708,538.0891,307.8373,TMP00131599饭陈支8#,0.1353,"rgb(255,255,255)",TXT_TMP00045428,TMP_84111d19-51e9-4ca0-bc49-4e25cbac2048
TXT-TMP_53978e26-e51b-4935-b262-81b11a916ee5,538.0891,308.9895,TMP00131599饭陈支9#,0.1353,"rgb(255,255,255)",TXT_TMP00045427,TMP_84111d19-51e9-4ca0-bc49-4e25cbac2048
TXT-TMP_fd1d9d45-de50-4925-a75e-88e63a665c5a,538.0891,310.1418,TMP00131599饭陈支10#,0.1353,"rgb(255,255,255)",TXT_TMP00045426,TMP_84111d19-51e9-4ca0-bc49-4e25cbac2048
TXT-TMP_13523fc0-2dc0-449d-a1d4-de1793232e7b,538.0891,311.294,00000#-饭陈支11#,0.1353,"rgb(255,255,255)",TXT_TMP00045425,TMP_84111d19-51e9-4ca0-bc49-4e25cbac2048
TXT-TMP_17eabfdf-675c-400a-ac65-a6d60b8096a1,538.0891,312.4463,00000#-饭陈支12#,0.1353,"rgb(255,255,255)",TXT_TMP00045424,TMP_84111d19-51e9-4ca0-bc49-4e25cbac2048
TXT-TMP_10e78c96-d84e-4226-b666-fe032f047991,538.0542,313.5985,00000#-饭陈支13#,0.1353,"rgb(255,255,255)",TXT_TMP00045423,TMP_84111d19-51e9-4ca0-bc49-4e25cbac2048
TXT-TMP_1481612d-59b9-44ea-9428-e54dad5c77b3,538.0891,314.7508,00000#-饭陈支14#,0.1353,"rgb(255,255,255)",TXT_TMP00045422,TMP_84111d19-51e9-4ca0-bc49-4e25cbac2048
TXT-TMP_1de6bdf8-67bb-4d9e-91d3-8dcfc61d5026,538.0891,315.9031,00000#-饭陈支15#,0.1353,"rgb(255,255,255)",TXT_TMP00045421,TMP_84111d19-51e9-4ca0-bc49-4e25cbac2048
TXT-TMP_98a14baa-d783-4a50-a8f1-599c56e6faeb,538.0891,317.0554,00000#-饭陈支16#,0.1353,"rgb(255,255,255)",TXT_TMP00045420,TMP_84111d19-51e9-4ca0-bc49-4e25cbac2048
TXT-TMP_41042c30-e640-43cf-a6a5-2194a545ab5c,538.0891,318.2076,00000#-饭陈支17#,0.1353,"rgb(255,255,255)",TXT_TMP00045419,TMP_84111d19-51e9-4ca0-bc49-4e25cbac2048
TXT-TMP_61a38b26-f65a-47a7-b525-323c0ba21cfa,538.0891,319.3599,00000#-饭陈支18#,0.1353,"rgb(255,255,255)",TXT_TMP00045418,TMP_84111d19-51e9-4ca0-bc49-4e25cbac2048
TXT-TMP_be9c953a-abf1-4a4d-9273-d1223e4e9fc3,538.0891,320.5121,00000#-饭陈支19#,0.1353,"rgb(255,255,255)",TXT_TMP00045417,TMP_84111d19-51e9-4ca0-bc49-4e25cbac2048
TXT-TMP_bbcf1278-3be2-413a-b126-d037f9d31ebc,444.5475,253.6253,00000#-LINE216_争96#,0.1353,"rgb(255,255,255)",TXT_TMP00045410,TMP_c5dc9be5-510f-4d53-bc23-c2eb8613991c
TXT-TMP_120cac1c-86c1-4acd-875d-7d46a8515513,443.3953,253.6253,00000#-LINE216_争97#,0.1353,"rgb(255,255,255)",TXT_TMP00045409,TMP_c5dc9be5-510f-4d53-bc23-c2eb8613991c
TXT-TMP_8b99cf04-3dab-45c8-b17f-be430bc76d52,442.243,253.6253,00000#-LINE216_争98#,0.1353,"rgb(255,255,255)",TXT_TMP00045408,TMP_c5dc9be5-510f-4d53-bc23-c2eb8613991c
TXT-TMP_cef66f0c-ff6c-4310-bac0-bbbeacc64502,438.033,253.6253,00000#-LINE216_争99#,0.1353,"rgb(255,255,255)",TXT_TMP00045407,TMP_c5dc9be5-510f-4d53-bc23-c2eb8613991c
TXT-TMP_c5a14d3d-50d8-4c81-a591-c9ebd241ba2c,118.964,253.6253,00000#-界著支13#,0.1353,"rgb(255,255,255)",TXT_TMP00045400,TMP_43b8faf9-17c4-4d75-85e7-e0e92d381975
TXT-TMP_cb13db06-da13-476c-866a-dba9fa7f35c0,117.8118,253.6253,00000#-界著支14#,0.1353,"rgb(255,255,255)",TXT_TMP00045399,TMP_43b8faf9-17c4-4d75-85e7-e0e92d381975
TXT-TMP_94d0457d-9b06-44e0-83b9-75fba9df1a52,116.6595,253.6253,00000#-界著支15#,0.1353,"rgb(255,255,255)",TXT_TMP00045398,TMP_3a49331b-cc64-4a9f-a9d4-63be01b21437
TXT-TMP_e68293b9-b856-496b-a571-d4ef9464d772,115.5072,253.6253,00000#-界著支16#,0.1353,"rgb(255,255,255)",TXT_TMP00045397,TMP_3a49331b-cc64-4a9f-a9d4-63be01b21437
TXT-TMP_334c9fb3-49c5-4dd2-a4d2-979d91f8ff4d,176.0614,183.445,00000白1#~清开分18白2#,0.1353,"rgb(255,255,255)",TXT_TMP00045396,TMP_49e646cc-0a2c-485e-aa18-4d10a178af42
TXT-TMP_b45069d6-c41d-4a90-8ad1-7fdfad25df23,225.8209,248.4639,TMP00131599多列分2#,0.1353,"rgb(255,255,255)",TXT_TMP00045395,TMP_b83a07d5-b380-43ca-bc4b-b975dca5bb93
TXT-TMP_39d86f3a-5ddb-49ca-bb0c-4b3bae838846,225.8209,247.3116,TMP00131599多列分3#,0.1353,"rgb(255,255,255)",TXT_TMP00045394,TMP_b83a07d5-b380-43ca-bc4b-b975dca5bb93
TXT-TMP_b2f0bd96-b1bd-4978-8d43-71ce86dd0d05,223.8259,238.7458,00000照1#-多列分10照2#,0.1353,"rgb(255,255,255)",TXT_TMP00045393,TMP_b83a07d5-b380-43ca-bc4b-b975dca5bb93
TXT-TMP_c4b09cba-d82a-4ad9-8bb0-f6099ffe0d41,222.6736,238.7458,00000照2#-多列分10照3#,0.1353,"rgb(255,255,255)",TXT_TMP00045392,TMP_b83a07d5-b380-43ca-bc4b-b975dca5bb93
TXT-TMP_02d511be-afdf-4a4d-bd5f-abfa80542328,372.4698,260.9752,TMP00131599能半分3#,0.1353,"rgb(255,255,255)",TXT_TMP00045391,TMP_cda94a36-64f0-4271-9f9c-6d4ba4b0616c
TXT-TMP_919d8eda-0d70-4166-8e85-c0bac4cf513d,372.4698,262.1275,TMP00131599能半分4#,0.1353,"rgb(255,255,255)",TXT_TMP00045390,TMP_cda94a36-64f0-4271-9f9c-6d4ba4b0616c
TXT-TMP_5d0018ad-14f4-481d-8d77-01cf20cc1cd9,372.4698,263.2797,TMP00131599能半分5#,0.1353,"rgb(255,255,255)",TXT_TMP00045389,TMP_cda94a36-64f0-4271-9f9c-6d4ba4b0616c
TXT-TMP_4a71d84d-e1a7-4bcb-bb65-251d4b930074,372.4698,284.9012,00000#~能半分21#,0.1353,"rgb(255,255,255)",TXT_TMP00045388,TMP_cda94a36-64f0-4271-9f9c-6d4ba4b0616c
TXT-TMP_366bc9d1-3f10-47ef-948a-d93374c05180,372.4698,286.0535,00000#~能半分22#,0.1353,"rgb(255,255,255)",TXT_TMP00045387,TMP_cda94a36-64f0-4271-9f9c-6d4ba4b0616c
TXT-TMP_dd66e381-84be-404f-993a-f6a26f4af2d5,372.4698,287.2057,00000#~能半分23#,0.1353,"rgb(255,255,255)",TXT_TMP00045386,TMP_a039096d-5b54-4148-8c63-44f9ef9fdc9c
TXT-TMP_b42f132d-1d96-416d-93c8-006e21c98ed9,372.4698,288.5189,00000#~能半分24#,0.1353,"rgb(255,255,255)",TXT_TMP00045385,TMP_a039096d-5b54-4148-8c63-44f9ef9fdc9c
TXT-TMP_f5f09e97-f300-42ce-a47a-6e5eee7ded3b,409.8157,314.5916,TMP00131599亮败支9#,0.1353,"rgb(255,255,255)",TXT_TMP00045384,TMP_a2a8700d-3285-4f45-8cd6-5a8da5aee9b3
TXT-TMP_8e3bad62-06df-4b92-996b-404ffdb9f84d,410.9679,314.5916,TMP00131599亮败支10#,0.1353,"rgb(255,255,255)",TXT_TMP00045383,TMP_a2a8700d-3285-4f45-8cd6-5a8da5aee9b3
TXT-TMP_699785dc-bd88-411c-955c-a9a750a0871a,412.1201,314.5916,00000#-亮败支11#,0.1353,"rgb(255,255,255)",TXT_TMP00045382,TMP_a2a8700d-3285-4f45-8cd6-5a8da5aee9b3
TXT-TMP_b64016b6-3fd8-463a-8770-574e13fc8ddc,413.2724,314.5916,00000#-亮败支12#,0.1353,"rgb(255,255,255)",TXT_TMP00045381,TMP_a2a8700d-3285-4f45-8cd6-5a8da5aee9b3
TXT-TMP_2dcb982e-96f7-45c7-886f-3cce3b05edbb,414.4247,314.5916,00000#-亮败支13#,0.1353,"rgb(255,255,255)",TXT_TMP00045380,TMP_a2a8700d-3285-4f45-8cd6-5a8da5aee9b3
TXT-TMP_3a4d3db4-b40c-4832-b673-56ffd36ab600,415.577,314.5916,00000#-亮败支14#,0.1353,"rgb(255,255,255)",TXT_TMP00045379,TMP_a2a8700d-3285-4f45-8cd6-5a8da5aee9b3
TXT-TMP_1d04e33a-56c3-4ba1-bd13-14aac059a8b5,416.7292,314.5916,00000#-亮败支15#,0.1353,"rgb(255,255,255)",TXT_TMP00045378,TMP_a2a8700d-3285-4f45-8cd6-5a8da5aee9b3
TXT-TMP_0030982e-03e2-46c8-87bc-7f3841874f5b,362.3736,289.3321,TMP00131599从地支5#,0.1353,"rgb(255,255,255)",TXT_TMP00045377,TMP_cda94a36-64f0-4271-9f9c-6d4ba4b0616c
TXT-TMP_d6ef78a7-2bf6-4905-bc86-637fe16e2a3b,361.2213,289.3321,TMP00131599从地支6#,0.1353,"rgb(255,255,255)",TXT_TMP00045376,TMP_cda94a36-64f0-4271-9f9c-6d4ba4b0616c
TXT-TMP_5dcd2a64-cce9-400a-a209-e2dc5c165df0,360.0691,289.3321,TMP00131599从地支7#,0.1353,"rgb(255,255,255)",TXT_TMP00045375,TMP_cda94a36-64f0-4271-9f9c-6d4ba4b0616c
TXT-TMP_c9855e97-6c7c-455e-9fbe-798d3365533a,358.9168,289.3321,TMP00131599从地支8#,0.1353,"rgb(255,255,255)",TXT_TMP00045374,TMP_cda94a36-64f0-4271-9f9c-6d4ba4b0616c
TXT-TMP_c87a9e03-9681-4f73-95c9-98f61f9d4a40,297.2099,289.3321,00000#-从地支42#,0.1353,"rgb(255,255,255)",TXT_TMP00045373,TMP_29a287a4-9ef7-4463-a03f-b932c69852bb
TXT-TMP_e9ed11d0-6a0b-47e8-b1fb-d28f790008dc,296.0576,289.3321,00000#-从地支43#,0.1353,"rgb(255,255,255)",TXT_TMP00045372,TMP_29a287a4-9ef7-4463-a03f-b932c69852bb
TXT-TMP_26a01e9d-de37-4cad-b845-f6a935b81af5,537.58,117.8067,TMP00131370#-奇广分6白2#,0.1353,"rgb(255,255,255)",TXT_TMP00045369,TMP_57c390ef-a8e5-4412-b608-28a7202b72b9
TXT-TMP_fe0a8745-11a6-478c-a9d4-ed4346c7231b,176.1227,189.19,00000#~清开分18白1#,0.1353,"rgb(255,255,255)",TXT_TMP00045361,TMP_49e646cc-0a2c-485e-aa18-4d10a178af42
TXT-TMP_6a977948-b5c0-4493-abf6-f712a9140ef6,441.8898,100.0316,00000白1#-LINE216_争11白2#数线,0.1353,"rgb(255,255,255)",TXT_TMP00045340,TMP_abc662fa-ee8d-404f-925c-44834c4eeae0
TXT-TMP_399d5c9e-e220-4f32-aeef-8a25584186af,432.9718,99.4135,00000#~清叫支1#,0.1353,"rgb(255,255,255)",TXT_TMP00045338,TMP_26143f4d-fe2b-45c0-8640-2befe3efb7f5
TXT-TMP_77fcf627-8f8c-4224-a736-d108eae07ea4,523.902,253.6253,00000#~LINE216_争57#,0.1353,"rgb(255,255,255)",TXT_TMP00045329,TMP_77c7da7a-c14b-440e-91ca-e5127888d959
TXT-TMP_8eb2e828-70aa-4c27-865c-48411942b244,422.5207,127.8265,刀闸0146,0.1353,"rgb(255,255,255)",TXT_TMP00044448,TMP_8eb2e828-70aa-4c27-865c-48411942b244
TXT-TMP_c171d229-33a8-410b-93a9-8285160a4908,304.0912,253.6253,TMP00131373#~LINE216_争134#,0.1353,"rgb(255,255,255)",TXT_TMP00045328,TMP_087e52b6-9a8c-4255-a181-88c4692dc2f2
TXT-TMP_3a2e185b-28e2-443b-a12a-f2dfb2aafa09,519.8791,263.188,刀闸0015,0.1353,"rgb(255,255,255)",TXT_TMP00044251,TMP_3a2e185b-28e2-443b-a12a-f2dfb2aafa09
TXT-TMP_50d9f5a8-fa42-4fde-bc4b-3bdbbfdba35a,519.7003,254.6223,00000#~LINE216_争58照1#,0.1353,"rgb(255,255,255)",TXT_TMP00045327,TMP_77c7da7a-c14b-440e-91ca-e5127888d959
TXT-TMP_3d64c36e-d0bc-4294-83d2-871133bfaa21,519.7026,256.8824,00000照1#~LINE216_争58照2#,0.1353,"rgb(255,255,255)",TXT_TMP00045326,TMP_77c7da7a-c14b-440e-91ca-e5127888d959
TXT-TMP_ded1b7a6-9898-4262-9aef-d3d5cfce9a37,519.7171,259.3323,00000照2#~LINE216_争58照3#,0.1353,"rgb(255,255,255)",TXT_TMP00045325,TMP_77c7da7a-c14b-440e-91ca-e5127888d959
TXT-TMP_8122557d-2289-48a9-90d2-b6dae42a05d4,242.8014,259.839,刀闸0014,0.1353,"rgb(255,255,255)",TXT_TMP00044250,TMP_8122557d-2289-48a9-90d2-b6dae42a05d4
TXT-TMP_263732b6-c236-45ef-bc80-c8f8c75b6562,244.9652,254.4273,TMP00131366#~LINE216_争137照1#,0.1353,"rgb(255,255,255)",TXT_TMP00045324,TMP_04c676f3-a4ef-44a6-9a79-62494c1f5b2a
TXT-TMP_273283a6-9d8f-401b-8661-8767d0a1dbea,244.9652,256.2627,TMP00131366照1#~LINE216_争137照2#,0.1353,"rgb(255,255,255)",TXT_TMP00045323,TMP_04c676f3-a4ef-44a6-9a79-62494c1f5b2a
TXT-TMP_0d55e928-cd03-4ce7-8067-d5a009ba71e5,244.9652,258.1771,TMP00131366照2#~LINE216_争137照3#,0.1353,"rgb(255,255,255)",TXT_TMP00045322,TMP_04c676f3-a4ef-44a6-9a79-62494c1f5b2a
TXT-TMP_a2ada9a6-3733-48b2-b067-77120ddb1213,244.9652,259.9995,TMP00131366照3#~LINE216_争137照4#,0.1353,"rgb(255,255,255)",TXT_TMP00045321,TMP_04c676f3-a4ef-44a6-9a79-62494c1f5b2a
TXT-TMP_630d2100-f32b-49a0-96e0-90092691a08b,244.9652,261.6562,TMP00131366照4#~LINE216_争137照4-1#,0.1353,"rgb(255,255,255)",TXT_TMP00045320,TMP_04c676f3-a4ef-44a6-9a79-62494c1f5b2a
TXT-TMP_0cc59392-ef3f-4af2-8f7d-0d5ebe5ce281,231.1211,250.3864,TMP00132954照2#~LINE216_争140照2-1#,0.1353,"rgb(255,255,255)",TXT_TMP00045319,TMP_04c676f3-a4ef-44a6-9a79-62494c1f5b2a
TXT-TMP_7dbbd7ce-ef28-455a-a50a-cfd429afbcee,230.2738,252.4903,TMP00314852照1#,0.1353,"rgb(255,255,255)",TXT_TMP00044863,TMP_04c676f3-a4ef-44a6-9a79-62494c1f5b2a
TXT-TMP_98af70f8-fd14-417c-b572-a4ebf98616bc,230.3785,250.8553,TMP00132954照1#-LINE216_争140照2#,0.1353,"rgb(255,255,255)",TXT_TMP00045599,TMP_04c676f3-a4ef-44a6-9a79-62494c1f5b2a
TXT-TMP_53ba3a9f-74b0-4a8f-9472-e3bcea75c982,372.9,257.4045,开关00006,0.1353,"rgb(255,255,255)",TXT_TMP00043894,TMP_53ba3a9f-74b0-4a8f-9472-e3bcea75c982
TXT-TMP_7d418628-4494-4755-be4f-1ef15c3f922e,369.1972,259.1714,刀闸0071,0.1353,"rgb(255,255,255)",TXT_TMP00044307,TMP_7d418628-4494-4755-be4f-1ef15c3f922e
TXT-TMP_72711326-16d8-488a-934b-d51b7bcffaf6,370.2359,287.8965,刀闸0068,0.1353,"rgb(255,255,255)",TXT_TMP00044304,TMP_72711326-16d8-488a-934b-d51b7bcffaf6
TXT-TMP_4b2c119a-db75-4df9-b4a1-1e1b3b9eef76,333.544,284.1826,刀闸0013,0.1353,"rgb(255,255,255)",TXT_TMP00044249,TMP_4b2c119a-db75-4df9-b4a1-1e1b3b9eef76
TXT-TMP_1a18efc6-c86a-4384-b8a8-e09559c8f22e,325.0345,305.9294,刀闸0012,0.1353,"rgb(255,255,255)",TXT_TMP00044248,TMP_1a18efc6-c86a-4384-b8a8-e09559c8f22e
TXT-TMP_dbd89e79-7d36-48f3-97c9-1a71783cbed7,372.9051,303.8858,开关00005,0.1353,"rgb(255,255,255)",TXT_TMP00043893,TMP_dbd89e79-7d36-48f3-97c9-1a71783cbed7
TXT-TMP_25d39e44-f751-46da-9bfc-73c94a525c40,370.4554,314.2419,避雷器023,0.1353,"rgb(255,255,255)",TXT_TMP00046582,TMP_ffbda263-d2d3-435e-8e43-e58e8933bd4d
TXT-TMP_ffed23d8-01b5-43f7-b40b-50f79b84b2da,375.5977,319.8469,刀闸0062,0.1353,"rgb(255,255,255)",TXT_TMP00044298,TMP_ffed23d8-01b5-43f7-b40b-50f79b84b2da
TXT-TMP_80f85232-0827-4c31-9fd6-d933dacbf386,372.4775,259.2566,TMP00131599能半分2#,0.1353,"rgb(255,255,255)",TXT_TMP00045318,TMP_cda94a36-64f0-4271-9f9c-6d4ba4b0616c
TXT-TMP_907146d0-7b2e-4e49-b67f-44ef6c675dc4,372.4698,264.8034,00000~能半分6#,0.1353,"rgb(255,255,255)",TXT_TMP00045317,TMP_cda94a36-64f0-4271-9f9c-6d4ba4b0616c
TXT-TMP_db7e0eea-3927-4431-a6cd-266bb12abb2c,373.3553,276.6579,00000#~能半分14白1#,0.1353,"rgb(255,255,255)",TXT_TMP00045316,TMP_cda94a36-64f0-4271-9f9c-6d4ba4b0616c
TXT-TMP_63205e30-deb9-49c2-be75-6afa94b16711,372.4698,277.3044,00000#~能半分15#,0.1353,"rgb(255,255,255)",TXT_TMP00045315,TMP_cda94a36-64f0-4271-9f9c-6d4ba4b0616c
TXT-TMP_fc344af3-836a-4f8d-a05b-35f0fdec0027,372.4698,281.1027,00000#~能半分18#,0.1353,"rgb(255,255,255)",TXT_TMP00045313,TMP_cda94a36-64f0-4271-9f9c-6d4ba4b0616c
TXT-TMP_77a30184-7a72-438e-96c6-59134a44354c,374.2784,283.2538,00000白1#~能半分19白2#,0.1353,"rgb(255,255,255)",TXT_TMP00045311,TMP_cda94a36-64f0-4271-9f9c-6d4ba4b0616c
TXT-TMP_d16072a3-d2f1-40f5-afb8-73bbfba4b0f6,372.4278,307.0482,00000#~能半分29#,0.1353,"rgb(255,255,255)",TXT_TMP00045302,TMP_95ab0031-774b-4344-84eb-e8eba3e93d60
TXT-TMP_aff61f83-d2c3-4cc0-b1dd-a36afa675579,372.4588,329.9666,00000#~能半分41#,0.1353,"rgb(255,255,255)",TXT_TMP00045301,TMP_ffbda263-d2d3-435e-8e43-e58e8933bd4d
TXT-TMP_11ec0496-71fc-432b-ab79-26bb8795cf8e,331.7342,288.1813,00000#~从地支19白1#,0.1353,"rgb(255,255,255)",TXT_TMP00045309,TMP_cda94a36-64f0-4271-9f9c-6d4ba4b0616c
TXT-TMP_a955198b-8c3b-4d11-a856-4305255b481e,331.7234,285.8463,00000白1#~从地支19白2#,0.1353,"rgb(255,255,255)",TXT_TMP00045308,TMP_cda94a36-64f0-4271-9f9c-6d4ba4b0616c
TXT-TMP_11506739-f75e-4ca9-aa1f-4503685d6441,331.7234,283.5425,00000白2#~从地支19白3#,0.1353,"rgb(255,255,255)",TXT_TMP00045307,TMP_cda94a36-64f0-4271-9f9c-6d4ba4b0616c
TXT-TMP_7f28ac88-ae55-4a4f-a808-9ce0e538de9c,328.2402,290.1271,00000#~从地支22照1#,0.1353,"rgb(255,255,255)",TXT_TMP00045306,TMP_cda94a36-64f0-4271-9f9c-6d4ba4b0616c
TXT-TMP_22dddf21-44f0-4d71-b3f2-f0e451d90431,328.2402,291.9078,00000照1#~从地支22照2#,0.1353,"rgb(255,255,255)",TXT_TMP00045305,TMP_d893756b-948a-47ca-ad32-e5b1bc4bfc96
TXT-TMP_c1b10eff-0369-42f9-b31b-00136511566e,328.2402,293.4235,00000照2#~从地支22照3#,0.1353,"rgb(255,255,255)",TXT_TMP00045304,TMP_d893756b-948a-47ca-ad32-e5b1bc4bfc96
TXT-TMP_9230fe73-5971-48ac-bcaf-98c540880787,381.9731,296.7414,00000~如败支2照1#,0.1353,"rgb(255,255,255)",TXT_TMP00045303,TMP_a039096d-5b54-4148-8c63-44f9ef9fdc9c
TXT-TMP_6f323430-5004-495b-b69c-08782179652d,372.5971,325.0756,00000#-能半分38#,0.1353,"rgb(255,255,255)",TXT_TMP00045300,TMP_ffbda263-d2d3-435e-8e43-e58e8933bd4d
TXT-TMP_11355432-941e-49e9-9c7c-ed46f030341d,588.7572,310.2799,配变2193,0.8046,"rgb(255,255,255)",TXT_TMP00046416,TMP_11355432-941e-49e9-9c7c-ed46f030341d
TXT-TMP_4864ccf3-76e7-4e85-b75e-d0c13bd7aa0d,584.3644,310.232,刀闸0011,0.1353,"rgb(255,255,255)",TXT_TMP00044247,TMP_4864ccf3-76e7-4e85-b75e-d0c13bd7aa0d
TXT-TMP_fb5abf47-4594-4f9d-85dc-4e7a5b928d03,519.2879,268.9333,配变2192,0.8046,"rgb(255,255,255)",TXT_TMP00046415,TMP_fb5abf47-4594-4f9d-85dc-4e7a5b928d03
TXT-TMP_26dfaced-cafd-4310-a405-2a9f0716e101,239.2802,259.8754,配变2191,0.8046,"rgb(255,255,255)",TXT_TMP00046414,TMP_26dfaced-cafd-4310-a405-2a9f0716e101
TXT-TMP_04c0b7f9-7c6c-466b-82e3-e02d042211c3,336.9818,283.5865,配变2190,0.8046,"rgb(255,255,255)",TXT_TMP00046413,TMP_04c0b7f9-7c6c-466b-82e3-e02d042211c3
TXT-TMP_3f761614-22e8-4728-8f13-da84740608f4,321.2617,305.9512,配变2189,0.8046,"rgb(255,255,255)",TXT_TMP00046412,TMP_3f761614-22e8-4728-8f13-da84740608f4
TXT-TMP_96363ad9-1798-4323-bcd0-65e1cf72bf5c,328.2402,294.9057,00000照3#~从地支22照4#,0.1353,"rgb(255,255,255)",TXT_TMP00045299,TMP_d893756b-948a-47ca-ad32-e5b1bc4bfc96
TXT-TMP_a1f2bf61-eaef-4c41-a014-42b491df2aba,328.2402,296.7897,00000照4#~从地支22照5#,0.1353,"rgb(255,255,255)",TXT_TMP00045298,TMP_ffbda263-d2d3-435e-8e43-e58e8933bd4d
TXT-TMP_1c70c528-ad9e-4c01-ab3a-40499a53c7ba,328.2054,298.8956,00000照5#~从地支22照6#,0.1353,"rgb(255,255,255)",TXT_TMP00045297,TMP_ffbda263-d2d3-435e-8e43-e58e8933bd4d
TXT-TMP_d1aa5654-444f-4a62-bab3-e18b3f798cd4,328.2402,300.7326,00000照6#~从地支22照7#,0.1353,"rgb(255,255,255)",TXT_TMP00045296,TMP_ffbda263-d2d3-435e-8e43-e58e8933bd4d
TXT-TMP_62d06d10-c114-43a3-8037-77991481943f,328.2054,302.4128,00000照7#~从地支22照8#,0.1353,"rgb(255,255,255)",TXT_TMP00045295,TMP_ffbda263-d2d3-435e-8e43-e58e8933bd4d
TXT-TMP_eb21023a-c7c0-4dd2-8689-61eae4aa7801,328.2402,304.0707,00000照8#~从地支22照9#,0.1353,"rgb(255,255,255)",TXT_TMP00045294,TMP_ffbda263-d2d3-435e-8e43-e58e8933bd4d
TXT-TMP_d49a06b1-9c3c-4c7d-a526-389872868f65,328.2402,305.8181,00000照9#~从地支22照10#,0.1353,"rgb(255,255,255)",TXT_TMP00045293,TMP_ffbda263-d2d3-435e-8e43-e58e8933bd4d
TXT-TMP_829553c4-4a2a-4911-acee-7adf9818b574,433.3866,96.9236,开关00004,0.1353,"rgb(255,255,255)",TXT_TMP00043892,TMP_829553c4-4a2a-4911-acee-7adf9818b574
TXT-TMP_3d4c67fa-a9ae-4924-98fd-1a92a191f39e,433.016,94.9709,00000~清叫支2#,0.1353,"rgb(255,255,255)",TXT_TMP00045292,TMP_26143f4d-fe2b-45c0-8640-2befe3efb7f5
TXT-TMP_72ed1956-44ff-45dc-977c-1007f7ff668b,164.281,190.2704,配变2188,0.1353,"rgb(255,255,255)",TXT_TMP00046411,TMP_72ed1956-44ff-45dc-977c-1007f7ff668b
TXT-TMP_576b3f88-6a44-4b80-80bd-070ce303a000,158.6846,191.5861,刀闸0010,0.1353,"rgb(255,255,255)",TXT_TMP00044246,TMP_576b3f88-6a44-4b80-80bd-070ce303a000
TXT-TMP_86c089f2-6305-4c24-a8e4-6ef6334192ea,155.3149,189.3941,用户1663,0.1353,"rgb(255,255,255)",TXT_TMP00046001,TMP_86c089f2-6305-4c24-a8e4-6ef6334192ea
TXT-TMP_1bb8fdcf-2931-4248-80d8-e5d272d0dbcb,160.2966,189.534,用户1733,0.1353,"rgb(255,255,255)",TXT_TMP00045931,TMP_1bb8fdcf-2931-4248-80d8-e5d272d0dbcb
TXT-TMP_1e79b332-48b4-4cee-8031-6a3bb349336e,479.4395,128.2864,00000#~LINE216_争26#,0.1353,"rgb(255,255,255)",TXT_TMP00045017,TMP_a8a6ae37-b998-43d1-8dab-709c00793f09
TXT-TMP_9ae1d24b-32d4-47ba-8096-f267b5823c48,535.4309,253.6253,00000#~LINE216_争53#,0.1353,"rgb(255,255,255)",TXT_TMP00045004,TMP_c3f1c2ed-444f-4ad4-a3fa-172004df9768
TXT-TMP_851b8cea-eaeb-4134-8eee-f5db2a439fb5,518.8617,253.6253,TMP00132978#,0.1353,"rgb(255,255,255)",TXT_TMP00045000,TMP_77c7da7a-c14b-440e-91ca-e5127888d959
TXT-TMP_bbf09a4a-b1dc-4d13-8e81-988ebf4964ce,519.7045,252.9731,00000#,0.1353,"rgb(255,255,255)",TXT_TMP00044999,TMP_77c7da7a-c14b-440e-91ca-e5127888d959
TXT-TMP_944e63ce-7d5e-4dbe-9f0c-7fff556ad5a7,512.6433,253.6253,00000#~LINE216_争63#,0.1353,"rgb(255,255,255)",TXT_TMP00044998,TMP_77c7da7a-c14b-440e-91ca-e5127888d959
TXT-TMP_e1fabd95-2114-4421-9ee0-d550124382e6,515.0955,254.1254,00000#~LINE216_争62照1#,0.1353,"rgb(255,255,255)",TXT_TMP00044997,TMP_77c7da7a-c14b-440e-91ca-e5127888d959
TXT-TMP_7cfd07c4-dea9-448c-a11c-86191ebdc44a,509.8817,253.6253,TMP00131371#,0.1353,"rgb(255,255,255)",TXT_TMP00044996,TMP_77c7da7a-c14b-440e-91ca-e5127888d959
TXT-TMP_51ae2943-8709-4267-a113-6b58a20ea24f,510.7246,252.9731,00000#~LINE216_争63照1#,0.1353,"rgb(255,255,255)",TXT_TMP00044995,TMP_77c7da7a-c14b-440e-91ca-e5127888d959
TXT-TMP_c8df9588-a3ec-46e2-a0f6-fc16f9eb3416,506.4193,254.1254,00000#~LINE216_争65白1#,0.1353,"rgb(255,255,255)",TXT_TMP00044994,TMP_77c7da7a-c14b-440e-91ca-e5127888d959
TXT-TMP_b5f015f8-da43-4740-beb3-693613309544,505.6462,253.6253,TMP00131368#,0.1353,"rgb(255,255,255)",TXT_TMP00044993,TMP_77c7da7a-c14b-440e-91ca-e5127888d959
TXT-TMP_bceba1e4-c6cc-4cca-9989-b09d1e9861f3,501.2237,253.6253,TMP00132978#,0.1353,"rgb(255,255,255)",TXT_TMP00044992,TMP_77c7da7a-c14b-440e-91ca-e5127888d959
TXT-TMP_2d67bab8-9c03-40fb-9259-2976f742b6f8,502.0666,252.9731,00000#~LINE216_争68照1#,0.1353,"rgb(255,255,255)",TXT_TMP00044991,TMP_77c7da7a-c14b-440e-91ca-e5127888d959
TXT-TMP_7fc6d1fe-61d3-42f3-a69f-8b9df8e29401,501.5456,298.6277,00000#,0.1353,"rgb(255,255,255)",TXT_TMP00044987,TMP_7633b82e-1c80-4b02-8c57-523fd1fe5f76
TXT-TMP_5fab130e-d611-44cf-a6b4-57353809f544,503.8502,298.6277,00000#,0.1353,"rgb(255,255,255)",TXT_TMP00044986,TMP_6c3648f9-647b-4352-8815-33cabc5ba69a
TXT-TMP_d2daa811-fe67-4982-b3e8-fc55d356410c,518.778,298.6277,00000#~饭想分18#,0.1353,"rgb(255,255,255)",TXT_TMP00044985,TMP_84111d19-51e9-4ca0-bc49-4e25cbac2048
TXT-TMP_42817a81-698f-4c71-84bc-b76fe139c8c9,522.3442,298.6277,00000#~饭想分18间1#,0.1353,"rgb(255,255,255)",TXT_TMP00044984,TMP_84111d19-51e9-4ca0-bc49-4e25cbac2048
TXT-TMP_ffa6fc9b-74af-4794-8170-0122186e2e97,538.0891,297.9755,00000#,0.1353,"rgb(255,255,255)",TXT_TMP00044975,TMP_9c7a930b-f80d-4ae8-8d81-514de2e47969
TXT-TMP_49da20ec-6c81-4444-85e1-c5e8acdabb01,538.0891,299.1277,00000#,0.1353,"rgb(255,255,255)",TXT_TMP00044974,TMP_9c7a930b-f80d-4ae8-8d81-514de2e47969
TXT-TMP_4f6c42ac-6f4a-41fc-8df4-97c5238fa66f,566.7672,298.6277,00000#~饭想分36#,0.1353,"rgb(255,255,255)",TXT_TMP00044972,TMP_c7bfb5a3-e7a4-4226-b153-f35910a79812
TXT-TMP_94b98732-4c9e-4664-a664-29ca2e80b685,563.4002,297.9755,00000#~饭想分35照1#,0.1353,"rgb(255,255,255)",TXT_TMP00044971,TMP_c7bfb5a3-e7a4-4226-b153-f35910a79812
TXT-TMP_5dd37d9f-d972-437f-8cd0-ef8b9fb65ba4,571.9428,298.6277,TMP00131366#,0.1353,"rgb(255,255,255)",TXT_TMP00044970,TMP_c7bfb5a3-e7a4-4226-b153-f35910a79812
TXT-TMP_df8d3d47-3bb7-4639-990a-89cfaa1d9aaf,574.9034,297.9755,00000#~饭想分38白1#,0.1353,"rgb(255,255,255)",TXT_TMP00044969,TMP_c7bfb5a3-e7a4-4226-b153-f35910a79812
TXT-TMP_de0971f7-86bd-4bee-b754-b53cacb67925,575.2128,298.6277,TMP00132978#,0.1353,"rgb(255,255,255)",TXT_TMP00044968,TMP_c7bfb5a3-e7a4-4226-b153-f35910a79812
TXT-TMP_271ef297-e7ea-47d2-bfdf-52111fcdd971,590.2884,299.1277,00000#~饭想分48白1#,0.1353,"rgb(255,255,255)",TXT_TMP00044963,TMP_c7bfb5a3-e7a4-4226-b153-f35910a79812
TXT-TMP_2bac8c0f-40db-4678-b206-c6877e07cd2b,598.7472,298.6277,TMP00131373#,0.1353,"rgb(255,255,255)",TXT_TMP00044958,TMP_c7bfb5a3-e7a4-4226-b153-f35910a79812
TXT-TMP_e4f15b29-5c0e-4f1e-8e71-351c5ce3ff46,613.218,298.6277,00000#~著败支1#,0.1353,"rgb(255,255,255)",TXT_TMP00044957,TMP_60e30710-1f02-462a-b775-fb018ccde95a
TXT-TMP_f1c0a5d2-d102-484c-ba26-b88600463ecc,612.265,299.1277,TMP00131372#,0.1353,"rgb(255,255,255)",TXT_TMP00044956,TMP_60e30710-1f02-462a-b775-fb018ccde95a
TXT-TMP_5ee4dfc5-b85d-4d15-9502-559882456f75,615.6576,298.6277,00000#,0.1353,"rgb(255,255,255)",TXT_TMP00044955,TMP_60e30710-1f02-462a-b775-fb018ccde95a
TXT-TMP_864f2b08-7da3-401c-8205-0028f9187d2d,619.4487,299.1277,00000~著败支4照1#,0.1353,"rgb(255,255,255)",TXT_TMP00044954,TMP_60e30710-1f02-462a-b775-fb018ccde95a
TXT-TMP_9c1e44ab-01d0-4afb-85c0-8729c110c82d,619.758,298.6277,00000~著败支05#,0.1353,"rgb(255,255,255)",TXT_TMP00044953,TMP_d9bfab0b-905b-4a47-bacc-f45921ea8c61
TXT-TMP_2bd66b4c-ab48-42a5-accf-bd0524ece02d,612.265,310.6504,TMP00131372#,0.1353,"rgb(255,255,255)",TXT_TMP00044944,TMP_60e30710-1f02-462a-b775-fb018ccde95a
TXT-TMP_92e420de-db05-46df-88ea-6526f20d6674,612.265,312.9549,TMP00131366#,0.1353,"rgb(255,255,255)",TXT_TMP00044943,TMP_60e30710-1f02-462a-b775-fb018ccde95a
TXT-TMP_6102c9ed-9d51-4e8b-9a66-00e226ecb067,538.0891,303.8977,00000~饭陈支5#,0.1353,"rgb(255,255,255)",TXT_TMP00044935,TMP_9c7a930b-f80d-4ae8-8d81-514de2e47969
TXT-TMP_d7b72cfd-e8ad-468d-895f-d7e77f4ebd12,536.9243,321.1643,00000#-饭陈支19照1#数线,0.1353,"rgb(255,255,255)",TXT_TMP00044932,TMP_84111d19-51e9-4ca0-bc49-4e25cbac2048
TXT-TMP_5b2df038-9aa2-4231-bb17-23d4db1eb7b6,538.0891,325.0696,00000#~饭陈支21#.,0.1353,"rgb(255,255,255)",TXT_TMP00044931,TMP_e06d16f5-8bc7-4435-a7d1-52ceff84b239
TXT-TMP_a6fd7fe9-3dd0-483c-8c3d-b8f1f9acc23e,475.0915,254.1254,TMP00132978照1#,0.1353,"rgb(255,255,255)",TXT_TMP00044913,TMP_850e70ee-85c4-4693-871d-61c50c6d5147
TXT-TMP_da908356-87d9-44c0-ac6d-9d95accc143d,458.4194,254.2863,00000#~LINE216_争89白1#,0.1353,"rgb(255,255,255)",TXT_TMP00044910,TMP_c5dc9be5-510f-4d53-bc23-c2eb8613991c
TXT-TMP_76a4c151-0718-494f-ab24-4c215b561aec,457.5764,253.6253,TMP00132954#,0.1353,"rgb(255,255,255)",TXT_TMP00044909,TMP_c5dc9be5-510f-4d53-bc23-c2eb8613991c
TXT-TMP_5a9ed847-6dc2-4dfc-8db5-36ec78fa79d5,458.4194,258.5981,00000白1#~LINE216_争89白2#,0.1353,"rgb(255,255,255)",TXT_TMP00044908,TMP_c5dc9be5-510f-4d53-bc23-c2eb8613991c
TXT-TMP_9b57cb3c-77fd-4462-9222-70f849f6f1bc,452.8322,253.6253,TMP00131373#,0.1353,"rgb(255,255,255)",TXT_TMP00044907,TMP_c5dc9be5-510f-4d53-bc23-c2eb8613991c
TXT-TMP_038e6155-f95e-45b0-8597-97f8869b9877,453.675,252.9731,00000#~LINE216_争92白1#,0.1353,"rgb(255,255,255)",TXT_TMP00044906,TMP_c5dc9be5-510f-4d53-bc23-c2eb8613991c
TXT-TMP_e2e13460-0d7b-435b-a931-1827aee11b22,446.5426,254.4472,00000#~民厂分1#,0.1353,"rgb(255,255,255)",TXT_TMP00044904,TMP_c5dc9be5-510f-4d53-bc23-c2eb8613991c
TXT-TMP_5119465e-74b0-4336-95db-a8c2f93fe557,430.3664,253.6253,TMP00132958#,0.1353,"rgb(255,255,255)",TXT_TMP00044901,TMP_c5dc9be5-510f-4d53-bc23-c2eb8613991c
TXT-TMP_be23f674-9052-4899-b8d0-32c33293c234,431.2093,254.1254,TMP00132957照1#,0.1353,"rgb(255,255,255)",TXT_TMP00044900,TMP_c5dc9be5-510f-4d53-bc23-c2eb8613991c
TXT-TMP_279075db-bd96-4a2e-ac86-0a767b2e91be,405.6991,253.6253,TMP00314786#,0.1353,"rgb(255,255,255)",TXT_TMP00044897,TMP_c5dc9be5-510f-4d53-bc23-c2eb8613991c
TXT-TMP_e6af1be5-c219-4333-974f-23aa38440482,406.542,254.6082,TMP00132954#~LINE216_争110照1#,0.1353,"rgb(255,255,255)",TXT_TMP00044896,TMP_c5dc9be5-510f-4d53-bc23-c2eb8613991c
TXT-TMP_1f5780b2-ac1e-447f-977c-d84b570b6f31,406.542,252.6512,TMP00132954#~LINE216_争110白1#,0.1353,"rgb(255,255,255)",TXT_TMP00044895,TMP_c5dc9be5-510f-4d53-bc23-c2eb8613991c
TXT-TMP_c85d1c8a-7fd6-44e5-9d4a-cb5b8055a76d,400.4721,253.6253,TMP00314791#,0.1353,"rgb(255,255,255)",TXT_TMP00044894,TMP_065be228-2e33-400e-841f-f4c56e86668f
TXT-TMP_6f9037bf-f00c-46ac-b50e-ea80337bc6a4,387.9062,254.1254,TMP00131372#~LINE216_争115照1#,0.1353,"rgb(255,255,255)",TXT_TMP00044892,TMP_a039096d-5b54-4148-8c63-44f9ef9fdc9c
TXT-TMP_857bd049-377d-493b-8065-c66c0d615978,381.4888,253.6253,TMP00314800#,0.1353,"rgb(255,255,255)",TXT_TMP00044890,TMP_a039096d-5b54-4148-8c63-44f9ef9fdc9c
TXT-TMP_28a27585-e0c0-44a2-92f4-f191d7f3304f,373.1011,253.6253,TMP00131368#~LINE216_争127#,0.1353,"rgb(255,255,255)",TXT_TMP00044889,TMP_cda94a36-64f0-4271-9f9c-6d4ba4b0616c
TXT-TMP_ce27912c-20e7-4df0-893b-6710b9de3333,372.4698,254.5038,TMP00131366#~能半分1#,0.1353,"rgb(255,255,255)",TXT_TMP00044886,TMP_cda94a36-64f0-4271-9f9c-6d4ba4b0616c
TXT-TMP_7690388e-c4c3-4753-9fb6-4d81178a7248,348.81,254.1254,TMP00314812白1#,0.1353,"rgb(255,255,255)",TXT_TMP00044885,TMP_cda94a36-64f0-4271-9f9c-6d4ba4b0616c
TXT-TMP_3446f19a-704a-495e-be76-9b22f12f8f42,347.9671,253.6253,TMP00314815#,0.1353,"rgb(255,255,255)",TXT_TMP00044884,TMP_cda94a36-64f0-4271-9f9c-6d4ba4b0616c
TXT-TMP_a734c7f2-642d-4a77-ad72-adf2188f579f,348.7751,257.5821,TMP00132978白3#-LINE216_争134白4#数线,0.1353,"rgb(255,255,255)",TXT_TMP00044882,TMP_cda94a36-64f0-4271-9f9c-6d4ba4b0616c
TXT-TMP_077cbf0e-9d64-4e54-a9ab-53e66391847b,348.81,258.7344,TMP00132978白4#-LINE216_争132白5#数线,0.1353,"rgb(255,255,255)",TXT_TMP00044881,TMP_cda94a36-64f0-4271-9f9c-6d4ba4b0616c
TXT-TMP_59c2eef0-11de-4cbb-b466-cb5076dae812,344.2009,254.1254,TMP00131373#~LINE216_争133白1#,0.1353,"rgb(255,255,255)",TXT_TMP00044875,TMP_cda94a36-64f0-4271-9f9c-6d4ba4b0616c
TXT-TMP_c104197f-8e98-447a-ac84-adbca5d33e12,344.166,252.9731,TMP00131373#~LINE216_争133照1#,0.1353,"rgb(255,255,255)",TXT_TMP00044874,TMP_cda94a36-64f0-4271-9f9c-6d4ba4b0616c
TXT-TMP_0c8f54c8-744b-4133-9b16-7bb6b236c3cd,261.741,253.6253,TMP00131371#~LINE216_争135#,0.1353,"rgb(255,255,255)",TXT_TMP00044873,TMP_98156dc3-44cd-47f2-b6c3-a41442362d7b
TXT-TMP_84225503-421e-4ec9-af7a-6d28271527b3,249.6197,253.6253,TMP00131368#~LINE216_争137#,0.1353,"rgb(255,255,255)",TXT_TMP00044868,TMP_81dd722d-beea-4e3e-9d89-83e97d729885
TXT-TMP_33d835e0-fc15-470b-8d15-9ae215adc365,254.8076,254.1254,TMP00131368#~LINE216_争136照1#,0.1353,"rgb(255,255,255)",TXT_TMP00044867,TMP_81dd722d-beea-4e3e-9d89-83e97d729885
TXT-TMP_4a51d54f-ca56-4af4-a6db-5f71aaa2e7cc,244.1223,253.6253,TMP00314844间1#,0.1353,"rgb(255,255,255)",TXT_TMP00044866,TMP_04c676f3-a4ef-44a6-9a79-62494c1f5b2a
TXT-TMP_e88a4b0c-6c35-4953-bf60-78a37bef6d11,244.9652,252.9731,TMP00131366#~LINE216_争137白1#,0.1353,"rgb(255,255,255)",TXT_TMP00044865,TMP_04c676f3-a4ef-44a6-9a79-62494c1f5b2a
TXT-TMP_8669dff3-1b5a-4c4e-a4e9-79dda3c2a43c,229.5356,253.6253,TMP00314848#,0.1353,"rgb(255,255,255)",TXT_TMP00044864,TMP_04c676f3-a4ef-44a6-9a79-62494c1f5b2a
TXT-TMP_9f669cae-7a9f-4311-858b-0083785d8af1,203.8315,252.9731,TMP00314859照1#,0.1353,"rgb(255,255,255)",TXT_TMP00044859,TMP_b83a07d5-b380-43ca-bc4b-b975dca5bb93
TXT-TMP_44c8c7c4-3cc2-41b2-9a12-002e0e427b36,203.8315,250.6932,TMP00314859照3#,0.1353,"rgb(255,255,255)",TXT_TMP00044857,TMP_b83a07d5-b380-43ca-bc4b-b975dca5bb93
TXT-TMP_8fbdcf55-e3a7-4149-bb2c-33b7ef829e96,157.8093,253.6253,TMP00314875#,0.1353,"rgb(255,255,255)",TXT_TMP00044852,TMP_a9760907-db65-469d-aab0-145177fdbd6e
TXT-TMP_2a07a71a-4e28-479e-ab68-83f6aa708e61,158.6521,252.9731,TMP00314878白1#,0.1353,"rgb(255,255,255)",TXT_TMP00044851,TMP_a9760907-db65-469d-aab0-145177fdbd6e
TXT-TMP_77b554a8-5c30-4d10-adb7-a1f7e16d167f,143.4024,251.042,TMP00314885#,0.1353,"rgb(255,255,255)",TXT_TMP00044848,TMP_044d1032-5e7c-48e0-83dc-429a03cf42da
TXT-TMP_1027e810-7eff-4709-ac01-c415f3b252c1,143.4024,232.9792,TMP00132954#~LINE216_争191#,0.1353,"rgb(255,255,255)",TXT_TMP00044847,TMP_044d1032-5e7c-48e0-83dc-429a03cf42da
TXT-TMP_e98bdfa7-6b06-407c-87e3-f89be5466baa,143.4024,231.666,TMP00131370#~LINE216_争192#,0.1353,"rgb(255,255,255)",TXT_TMP00044846,TMP_044d1032-5e7c-48e0-83dc-429a03cf42da
TXT-TMP_90e27c62-ca37-40d6-a9b8-21af09f4e480,123.3864,253.6253,00000~界著列10#,0.1353,"rgb(255,255,255)",TXT_TMP00044842,TMP_43b8faf9-17c4-4d75-85e7-e0e92d381975
TXT-TMP_d5a3eff8-f909-4f9c-9b6e-a610ea967a52,121.5905,253.6253,TMP00131599界著支11#,0.1353,"rgb(255,255,255)",TXT_TMP00044841,TMP_43b8faf9-17c4-4d75-85e7-e0e92d381975
TXT-TMP_6f3267d7-af8e-4068-bad3-eeaf6311db1f,100.3348,253.6253,00000#-界著支24#,0.1353,"rgb(255,255,255)",TXT_TMP00044836,TMP_5b21cf6a-e12f-43da-bf14-e9510fdccc3b
TXT-TMP_76bc9b9b-6e13-46c8-9fed-a88a8d2cd05f,91.6189,253.6253,00000#-界著支25#,0.1353,"rgb(255,255,255)",TXT_TMP00044835,TMP_5b21cf6a-e12f-43da-bf14-e9510fdccc3b
TXT-TMP_34821a76-3bcb-4a56-b860-6969e08f7be5,85.3168,253.6253,00000#-界著支26#,0.1353,"rgb(255,255,255)",TXT_TMP00044834,TMP_5b21cf6a-e12f-43da-bf14-e9510fdccc3b
TXT-TMP_4ed4384a-3a2d-4f3f-80d0-604ed908571d,88.056,254.1254,00000#~界著支25照1#,0.1353,"rgb(255,255,255)",TXT_TMP00044833,TMP_5b21cf6a-e12f-43da-bf14-e9510fdccc3b
TXT-TMP_2018644f-05d9-4c65-95b3-e6fadd4efa76,88.0909,252.9731,TMP00131372白1#,0.1353,"rgb(255,255,255)",TXT_TMP00044832,TMP_5b21cf6a-e12f-43da-bf14-e9510fdccc3b
TXT-TMP_22cc09fc-e91d-4810-a7df-2eb47459ac8f,83.0762,254.1254,00000#-界著支27#,0.1353,"rgb(255,255,255)",TXT_TMP00044830,TMP_5b21cf6a-e12f-43da-bf14-e9510fdccc3b
TXT-TMP_a9f2d8cf-f9bc-4135-907f-5ffa437c8e35,176.0614,242.3582,00000~清开分6#,0.1353,"rgb(255,255,255)",TXT_TMP00044827,TMP_b83a07d5-b380-43ca-bc4b-b975dca5bb93
TXT-TMP_37e8c89c-0631-4d31-9ddc-e2207b752e4b,176.0614,240.7231,00000#,0.1353,"rgb(255,255,255)",TXT_TMP00044826,TMP_b83a07d5-b380-43ca-bc4b-b975dca5bb93
TXT-TMP_c4ad67c6-0bdf-4576-947d-6d6f8d2abc73,176.0614,237.7749,00000#,0.1353,"rgb(255,255,255)",TXT_TMP00044825,TMP_b83a07d5-b380-43ca-bc4b-b975dca5bb93
TXT-TMP_56d64fee-6fdb-4fe0-9f6b-c342e131bd7a,176.0614,234.6658,00000#~清开分11#,0.1353,"rgb(255,255,255)",TXT_TMP00044824,TMP_b83a07d5-b380-43ca-bc4b-b975dca5bb93
TXT-TMP_89358b72-0d05-4fb7-bcaf-170e9653e1ef,176.0614,226.2717,00000#~清开分12#,0.1353,"rgb(255,255,255)",TXT_TMP00044823,TMP_b83a07d5-b380-43ca-bc4b-b975dca5bb93
TXT-TMP_bb254a26-9023-43f6-8ffb-d0c02afd41fd,176.0614,214.9809,TMP00131373#,0.1353,"rgb(255,255,255)",TXT_TMP00044822,TMP_49e646cc-0a2c-485e-aa18-4d10a178af42
TXT-TMP_66efdce6-2e46-4f92-b181-917b9f8f4094,176.1227,207.2047,TMP00131372#,0.1353,"rgb(255,255,255)",TXT_TMP00044821,TMP_49e646cc-0a2c-485e-aa18-4d10a178af42
TXT-TMP_07eb2852-e5e5-4c72-9b8c-b2d63a779f62,177.6583,210.11,00000#~清开分14照1#,0.1353,"rgb(255,255,255)",TXT_TMP00044820,TMP_49e646cc-0a2c-485e-aa18-4d10a178af42
TXT-TMP_31d36de3-5c6c-4cfb-ac04-b3edb42aacbc,161.6573,195.8091,TMP00131366照2#,0.1353,"rgb(255,255,255)",TXT_TMP00044819,TMP_49e646cc-0a2c-485e-aa18-4d10a178af42
TXT-TMP_ff7f6ad6-d1db-404d-a3d7-92e14b740a28,164.7352,196.3092,TMP00131366照1照1#,0.1353,"rgb(255,255,255)",TXT_TMP00044818,TMP_49e646cc-0a2c-485e-aa18-4d10a178af42
TXT-TMP_599f6049-e5f5-44f6-846a-9c395d06ecdb,157.9606,195.1569,00000照3#~清开分17照4#,0.1353,"rgb(255,255,255)",TXT_TMP00044817,TMP_22325510-a50b-4605-bc60-7ccb3b2d227c
TXT-TMP_303c9bfe-1de2-4866-a7cf-c524224cc0c3,157.1177,195.8091,TMP00131366照3照1#,0.1353,"rgb(255,255,255)",TXT_TMP00044816,TMP_22325510-a50b-4605-bc60-7ccb3b2d227c
TXT-TMP_f39941da-2365-49cb-b61f-062186851806,203.7967,267.9589,00000#,0.1353,"rgb(255,255,255)",TXT_TMP00044811,TMP_5971cf03-2278-4d9d-a8da-26cdf23dc35c
TXT-TMP_75d7e003-8bcb-4ca1-a8d3-9c886d9cbf2c,203.8315,274.8725,TMP00131374#,0.1353,"rgb(255,255,255)",TXT_TMP00044810,TMP_5478e210-319e-4fd3-966e-bd733e554ac7
TXT-TMP_ceb15a25-0864-45cb-99c0-1d53f99c003e,225.8209,238.0936,TMP00131370#,0.1353,"rgb(255,255,255)",TXT_TMP00044806,TMP_b83a07d5-b380-43ca-bc4b-b975dca5bb93
TXT-TMP_6672150b-b344-4ce4-b2a5-a5d74d3ed2c3,263.6721,269.0103,TMP00131370#,0.1353,"rgb(255,255,255)",TXT_TMP00044789,TMP_f144f1f3-e089-4ffd-a3c8-c820a2f975d5
TXT-TMP_686713bb-f3bc-4190-8f22-aedef4a35822,260.2153,269.0103,TMP00131371#,0.1353,"rgb(255,255,255)",TXT_TMP00044787,TMP_f144f1f3-e089-4ffd-a3c8-c820a2f975d5
TXT-TMP_a2a44865-9cb8-4797-b9c6-f89b29a46e4b,396.4392,314.5916,00000#,0.1353,"rgb(255,255,255)",TXT_TMP00045904,TMP_abe6ca7d-928a-46aa-860c-d611e872401f
TXT-TMP_89f75b1b-f8cd-49b3-9d9a-22322cc3984a,390.819,313.9393,00000照1#,0.1353,"rgb(255,255,255)",TXT_TMP00045903,TMP_abe6ca7d-928a-46aa-860c-d611e872401f
TXT-TMP_8ed0e341-51b7-40d8-bca9-024399d83131,404.0544,314.5916,00000#,0.1353,"rgb(255,255,255)",TXT_TMP00045902,TMP_faafb46e-d9cf-419f-b318-7f196f280c46
TXT-TMP_428c4b11-6e01-4bfb-b1c7-1be51b0f97b5,428.5478,314.5916,TMP00131371#,0.1353,"rgb(255,255,255)",TXT_TMP00045896,TMP_0850141f-78c7-4626-a591-1816d72c4499
TXT-TMP_182c62f6-5053-4cfa-89b1-dc7e9ff2ec09,448.4868,314.5916,TMP00131370#,0.1353,"rgb(255,255,255)",TXT_TMP00045893,TMP_0850141f-78c7-4626-a591-1816d72c4499
TXT-TMP_03eda5f2-6e02-40bc-845e-b051035e87fc,391.5211,297.9386,TMP00131370#,0.1353,"rgb(255,255,255)",TXT_TMP00045891,TMP_a039096d-5b54-4148-8c63-44f9ef9fdc9c
TXT-TMP_e5421ef8-5980-452f-af4b-69a56f95d6b2,404.196,297.9386,TMP00131374#,0.1353,"rgb(255,255,255)",TXT_TMP00045890,TMP_95ab0031-774b-4344-84eb-e8eba3e93d60
TXT-TMP_0325842a-9962-40a5-87b0-2ef892c6315d,350.4969,289.3321,00000~从地支10#,0.1353,"rgb(255,255,255)",TXT_TMP00045886,TMP_cda94a36-64f0-4271-9f9c-6d4ba4b0616c
TXT-TMP_3826628c-bc43-4865-a360-52a3333ad4d7,342.9074,289.3321,TMP00131370#,0.1353,"rgb(255,255,255)",TXT_TMP00045885,TMP_cda94a36-64f0-4271-9f9c-6d4ba4b0616c
TXT-TMP_cc502fa9-4418-461b-8f1f-53efd6c59f9e,344.7158,286.8208,00000#~从地支10白1#,0.1353,"rgb(255,255,255)",TXT_TMP00045884,TMP_cda94a36-64f0-4271-9f9c-6d4ba4b0616c
TXT-TMP_484b65f2-ea65-4b19-996f-8bd7fa941f2b,339.3155,289.3321,00000#~从地支13#,0.1353,"rgb(255,255,255)",TXT_TMP00045883,TMP_cda94a36-64f0-4271-9f9c-6d4ba4b0616c
TXT-TMP_5a06a822-9088-437a-9b52-33530ed140b0,337.8414,289.3321,TMP00131371#,0.1353,"rgb(255,255,255)",TXT_TMP00045882,TMP_cda94a36-64f0-4271-9f9c-6d4ba4b0616c
TXT-TMP_3ee3480e-1b83-401e-a7b2-b9b8dd72f973,338.6445,290.7764,00000#~从地支13照1#,0.1353,"rgb(255,255,255)",TXT_TMP00045881,TMP_cda94a36-64f0-4271-9f9c-6d4ba4b0616c
TXT-TMP_3353e4e7-894e-4f3d-9908-024309331d91,324.8447,289.3321,00000#~从地支25#,0.1353,"rgb(255,255,255)",TXT_TMP00045880,TMP_d893756b-948a-47ca-ad32-e5b1bc4bfc96
TXT-TMP_7b123a02-6a3f-45db-b7b5-0438b3dae897,323.3706,289.3321,TMP00131368#,0.1353,"rgb(255,255,255)",TXT_TMP00045879,TMP_d893756b-948a-47ca-ad32-e5b1bc4bfc96
TXT-TMP_6fe3732b-f3c7-447a-b0e4-706d12a6e889,299.5268,293.5297,00000#~从地支40照1#,0.1353,"rgb(255,255,255)",TXT_TMP00045872,TMP_29a287a4-9ef7-4463-a03f-b932c69852bb
TXT-TMP_b2be260e-46e4-471a-80ae-77daa327fcc3,406.542,256.4042,TMP00132954照1#~LINE216_争110照2#,0.1353,"rgb(255,255,255)",TXT_TMP00045871,TMP_c5dc9be5-510f-4d53-bc23-c2eb8613991c
TXT-TMP_23bba2b7-865c-4ca9-8a15-cd9c23947b9c,406.542,257.8783,TMP00132954照2#~LINE216_争110照3#,0.1353,"rgb(255,255,255)",TXT_TMP00045870,TMP_285f1153-ff25-47cf-90b8-adfa00f32178
TXT-TMP_ffcd6deb-d9c0-4947-b008-41d65ee0b700,406.542,259.3524,TMP00132954照3#~LINE216_争110照4#,0.1353,"rgb(255,255,255)",TXT_TMP00045869,TMP_285f1153-ff25-47cf-90b8-adfa00f32178
TXT-TMP_651a385d-b401-4d13-bdaa-3e93824abaca,426.6002,242.4097,TMP00131368白3#~LINE216_争106白4#,0.1353,"rgb(255,255,255)",TXT_TMP00045867,TMP_c5dc9be5-510f-4d53-bc23-c2eb8613991c
TXT-TMP_81dec56c-7a58-41da-8acf-c53401fcd2a1,446.5426,256.0823,00000#,0.1353,"rgb(255,255,255)",TXT_TMP00045865,TMP_c5dc9be5-510f-4d53-bc23-c2eb8613991c
TXT-TMP_626b9b6e-3c4d-41e6-bff6-2ef8b1ef0387,453.675,248.2525,00000白1#~LINE216_争92白2#,0.1353,"rgb(255,255,255)",TXT_TMP00045864,TMP_c5dc9be5-510f-4d53-bc23-c2eb8613991c
TXT-TMP_a0571ae2-ab07-4a8c-9dbf-ea10f8a848db,536.1183,117.1544,00000#,0.1353,"rgb(255,255,255)",TXT_TMP00045851,TMP_57c390ef-a8e5-4412-b608-28a7202b72b9
TXT-TMP_678810cc-3998-47b9-8557-46bb9af751de,535.2755,114.3499,00000~奇广分10#,0.1353,"rgb(255,255,255)",TXT_TMP00045848,TMP_57c390ef-a8e5-4412-b608-28a7202b72b9
TXT-TMP_00c5f332-dc6e-43a3-83a9-131986364e41,534.1233,114.3499,TMP00131370#,0.1353,"rgb(255,255,255)",TXT_TMP00045847,TMP_57c390ef-a8e5-4412-b608-28a7202b72b9
TXT-TMP_a794d51e-a3ef-4c5f-829f-870ad28e4aae,522.6008,114.3499,TMP00131370#,0.1353,"rgb(255,255,255)",TXT_TMP00045846,TMP_57c390ef-a8e5-4412-b608-28a7202b72b9
TXT-TMP_1e4b59ce-b734-481c-9e1d-2ea06971605d,521.1393,113.6977,TMP00131373#,0.1353,"rgb(255,255,255)",TXT_TMP00045845,TMP_57c390ef-a8e5-4412-b608-28a7202b72b9
TXT-TMP_0587b285-28a6-4044-a4b8-139484173f6d,493.0347,163.6395,TMP00131371#~约叫败分25#,0.1353,"rgb(255,255,255)",TXT_TMP00045837,TMP_7441e77b-7efe-43da-bad0-3b502452bd7f
TXT-TMP_b6713356-8a36-46ef-b723-38989cbb3fa2,496.2791,163.6395,TMP00131372#~约叫败分26#,0.1353,"rgb(255,255,255)",TXT_TMP00045836,TMP_7441e77b-7efe-43da-bad0-3b502452bd7f
TXT-TMP_31d06376-499a-4092-936e-c8c1cdefc537,495.6477,162.9873,TMP00131372#~约叫败分25白1#,0.1353,"rgb(255,255,255)",TXT_TMP00045835,TMP_7441e77b-7efe-43da-bad0-3b502452bd7f
TXT-TMP_0d05b5ab-a065-480e-9a33-9e6b0d093e7a,502.7324,163.6395,TMP00131366#~约叫败分28#,0.1353,"rgb(255,255,255)",TXT_TMP00045834,TMP_7441e77b-7efe-43da-bad0-3b502452bd7f
TXT-TMP_88db2632-2a92-472f-980d-a2cb12c7a559,504.5284,163.6395,TMP00132366#~约叫败分29#,0.1353,"rgb(255,255,255)",TXT_TMP00045833,TMP_7441e77b-7efe-43da-bad0-3b502452bd7f
TXT-TMP_5187d170-10ec-42ca-bedc-94b5075383ef,503.8971,164.1395,TMP00132366#~约叫败分28白1#,0.1353,"rgb(255,255,255)",TXT_TMP00045832,TMP_7441e77b-7efe-43da-bad0-3b502452bd7f
TXT-TMP_8a3133af-6728-4645-8ea7-a82ffb2a09a5,506.0025,163.6395,TMP00314815#,0.1353,"rgb(255,255,255)",TXT_TMP00045831,TMP_7441e77b-7efe-43da-bad0-3b502452bd7f
TXT-TMP_32436c7d-4122-490a-ad99-ef57b7547159,508.7899,163.6395,TMP00315181#,0.1353,"rgb(255,255,255)",TXT_TMP00045830,TMP_501a3070-48b9-42dc-813b-b38161718ed7
TXT-TMP_9a94e08c-e361-47d3-8a41-6db28c6fc01d,511.2552,163.6395,TMP00315185#,0.1353,"rgb(255,255,255)",TXT_TMP00045829,TMP_501a3070-48b9-42dc-813b-b38161718ed7
TXT-TMP_29ec3ee1-6374-4aa1-b7ec-2c084980f001,471.3357,122.8031,TMP00131372白2#,0.1353,"rgb(255,255,255)",TXT_TMP00045827,TMP_a8a6ae37-b998-43d1-8dab-709c00793f09
TXT-TMP_62e8bfbd-f802-4417-b0d0-9187648f6c6d,517.7095,253.6253,00000#-LINE216_争60#,0.1353,"rgb(255,255,255)",TXT_TMP00045809,TMP_77c7da7a-c14b-440e-91ca-e5127888d959
TXT-TMP_15f5ae6b-13a2-4b7b-8487-693697c1b1f0,516.5572,253.6253,00000#-LINE216_争61#,0.1353,"rgb(255,255,255)",TXT_TMP00045808,TMP_77c7da7a-c14b-440e-91ca-e5127888d959
TXT-TMP_35fb38a0-0341-4694-b973-b2c1205f6945,515.4049,253.6253,00000#-LINE216_争62#,0.1353,"rgb(255,255,255)",TXT_TMP00045807,TMP_77c7da7a-c14b-440e-91ca-e5127888d959
TXT-TMP_adbc0baa-ca4e-4cb0-91e6-07df74306469,507.764,253.6253,00000#-LINE216_争65#,0.1353,"rgb(255,255,255)",TXT_TMP00045806,TMP_77c7da7a-c14b-440e-91ca-e5127888d959
TXT-TMP_e5d0c01b-a23d-4db0-8cd3-c53894c62e2a,504.4938,253.6253,00000#-LINE216_争67#,0.1353,"rgb(255,255,255)",TXT_TMP00045805,TMP_77c7da7a-c14b-440e-91ca-e5127888d959
TXT-TMP_4a3d6f10-4260-4b97-bde0-2aeb07ae2899,502.8588,253.6253,00000#-LINE216_争68#,0.1353,"rgb(255,255,255)",TXT_TMP00045804,TMP_77c7da7a-c14b-440e-91ca-e5127888d959
TXT-TMP_57ac94b3-869f-4f47-993a-29380035c18d,502.698,298.6277,TMP00131599饭想分6#,0.1353,"rgb(255,255,255)",TXT_TMP00045803,TMP_7633b82e-1c80-4b02-8c57-523fd1fe5f76
TXT-TMP_1515bdd8-e64c-4d95-b2b6-f8ac30310931,505.0023,298.6277,TMP00131599饭想分8#,0.1353,"rgb(255,255,255)",TXT_TMP00045802,TMP_6c3648f9-647b-4352-8815-33cabc5ba69a
TXT-TMP_4ba34ac7-b74c-4ba6-b3e6-27f3dcc70444,506.1546,298.6277,TMP00131599饭想分9#,0.1353,"rgb(255,255,255)",TXT_TMP00045801,TMP_6c3648f9-647b-4352-8815-33cabc5ba69a
TXT-TMP_ba9a108b-430c-4bb7-8368-730baee2da37,507.3069,298.6277,TMP00131599饭想分10#,0.1353,"rgb(255,255,255)",TXT_TMP00045800,TMP_6c3648f9-647b-4352-8815-33cabc5ba69a
TXT-TMP_17bab89a-f6df-4960-9041-a4a5f94e3b05,508.4591,298.6277,00000#-饭想分11#,0.1353,"rgb(255,255,255)",TXT_TMP00045799,TMP_6c3648f9-647b-4352-8815-33cabc5ba69a
TXT-TMP_892aecea-9c85-40cb-894e-b022ecd0d3e9,509.6114,298.6277,00000#-饭想分12#,0.1353,"rgb(255,255,255)",TXT_TMP00045798,TMP_84111d19-51e9-4ca0-bc49-4e25cbac2048
TXT-TMP_583cb937-98e1-4339-bfe5-300aa44b0802,510.7636,298.6277,00000#-饭想分13#,0.1353,"rgb(255,255,255)",TXT_TMP00045797,TMP_84111d19-51e9-4ca0-bc49-4e25cbac2048
TXT-TMP_6ffb1a4c-c917-4f61-801a-e19fc67a1e85,511.9159,298.6277,00000#-饭想分14#,0.1353,"rgb(255,255,255)",TXT_TMP00045796,TMP_84111d19-51e9-4ca0-bc49-4e25cbac2048
TXT-TMP_d51d7b45-34e6-4655-ba3f-a792a64d839d,513.0682,298.6277,00000#-饭想分15#,0.1353,"rgb(255,255,255)",TXT_TMP00045795,TMP_84111d19-51e9-4ca0-bc49-4e25cbac2048
TXT-TMP_5276e920-fae3-4a10-aa7c-86952efe112c,514.2205,298.6277,00000#-饭想分16#,0.1353,"rgb(255,255,255)",TXT_TMP00045794,TMP_84111d19-51e9-4ca0-bc49-4e25cbac2048
TXT-TMP_4beb5c5e-1c32-4b48-94e7-d94955a6d8bc,515.5337,298.6277,00000#-饭想分17#,0.1353,"rgb(255,255,255)",TXT_TMP00045793,TMP_84111d19-51e9-4ca0-bc49-4e25cbac2048
TXT-TMP_30cf1a64-9297-4cf6-8d9f-d34c9f9ad3e8,574.0606,298.6277,00000#-饭想分38#,0.1353,"rgb(255,255,255)",TXT_TMP00045783,TMP_c7bfb5a3-e7a4-4226-b153-f35910a79812
TXT-TMP_57927147-be93-41bc-8eaf-29854b0b108d,576.3651,298.6277,00000#-饭想分40#,0.1353,"rgb(255,255,255)",TXT_TMP00045782,TMP_c7bfb5a3-e7a4-4226-b153-f35910a79812
TXT-TMP_e2d25f61-389e-4f05-a31a-67ee4a3b0428,577.5173,298.6277,00000#-饭想分41#,0.1353,"rgb(255,255,255)",TXT_TMP00045781,TMP_c7bfb5a3-e7a4-4226-b153-f35910a79812
TXT-TMP_251c5d37-4c70-4928-ba0e-e3a4a1e01abb,578.6696,298.6277,00000#-饭想分42#,0.1353,"rgb(255,255,255)",TXT_TMP00045780,TMP_c7bfb5a3-e7a4-4226-b153-f35910a79812
TXT-TMP_7ccca98b-8a24-4833-9743-71ac585dfb5b,579.8219,298.6277,00000#-饭想分43#,0.1353,"rgb(255,255,255)",TXT_TMP00045779,TMP_c7bfb5a3-e7a4-4226-b153-f35910a79812
TXT-TMP_4a9f4b8d-48fa-4af1-b733-a3ab209b176a,580.9741,298.6277,00000#-饭想分44#,0.1353,"rgb(255,255,255)",TXT_TMP00045778,TMP_c7bfb5a3-e7a4-4226-b153-f35910a79812
TXT-TMP_8602501c-5714-431e-b638-f6526a4f02c1,599.8994,298.6277,00000#-饭想分54#,0.1353,"rgb(255,255,255)",TXT_TMP00045776,TMP_c7bfb5a3-e7a4-4226-b153-f35910a79812
TXT-TMP_aaf633bd-d257-443c-9beb-3a343e937754,601.0516,298.6277,00000#-饭想分55#,0.1353,"rgb(255,255,255)",TXT_TMP00045775,TMP_c7bfb5a3-e7a4-4226-b153-f35910a79812
TXT-TMP_e30e79e6-6731-4fd6-b577-d6b3698dfec7,602.2039,298.6277,00000#-饭想分56#,0.1353,"rgb(255,255,255)",TXT_TMP00045774,TMP_c7bfb5a3-e7a4-4226-b153-f35910a79812
TXT-TMP_1185dae3-f238-4183-b727-1ba56f82bf12,603.3562,298.6277,00000#-饭想分57#,0.1353,"rgb(255,255,255)",TXT_TMP00045773,TMP_60e30710-1f02-462a-b775-fb018ccde95a
TXT-TMP_4914f273-944f-4a40-a1c8-28f18748d4b1,604.5084,298.6277,00000#-饭想分58#,0.1353,"rgb(255,255,255)",TXT_TMP00045772,TMP_60e30710-1f02-462a-b775-fb018ccde95a
TXT-TMP_723053e1-cbfb-4e0f-b382-cf42128a85c7,605.6607,298.6277,00000#-饭想分59#,0.1353,"rgb(255,255,255)",TXT_TMP00045771,TMP_60e30710-1f02-462a-b775-fb018ccde95a
TXT-TMP_5677201d-e241-4279-b98a-cac8c964a71e,606.813,298.6277,00000#-饭想分60#,0.1353,"rgb(255,255,255)",TXT_TMP00045770,TMP_60e30710-1f02-462a-b775-fb018ccde95a
TXT-TMP_81fb8e51-91ef-4cf8-acc5-bb388a74017f,607.9653,298.6277,00000#-饭想分61#,0.1353,"rgb(255,255,255)",TXT_TMP00045769,TMP_60e30710-1f02-462a-b775-fb018ccde95a
TXT-TMP_d0160f3b-e14c-4736-88ea-e9ea5e40029b,609.1175,298.6277,00000#-饭想分62#,0.1353,"rgb(255,255,255)",TXT_TMP00045768,TMP_60e30710-1f02-462a-b775-fb018ccde95a
TXT-TMP_37275a03-3b65-4502-bcc2-03063364caf0,610.2697,298.6277,00000#-饭想分63#,0.1353,"rgb(255,255,255)",TXT_TMP00045767,TMP_60e30710-1f02-462a-b775-fb018ccde95a
TXT-TMP_75844b82-20b9-477b-9ecc-0b89f8a5b635,611.422,298.6277,00000#-饭想分64#,0.1353,"rgb(255,255,255)",TXT_TMP00045766,TMP_60e30710-1f02-462a-b775-fb018ccde95a
TXT-TMP_d6ba3f52-b79c-4a88-9b59-dff8c6fc1784,617.4536,298.6277,TMP00131599著败支3#,0.1353,"rgb(255,255,255)",TXT_TMP00045765,TMP_60e30710-1f02-462a-b775-fb018ccde95a
TXT-TMP_47e60a4d-bfc0-43ad-812a-f17ea43687e8,618.6058,298.6277,TMP00131599著败支4#,0.1353,"rgb(255,255,255)",TXT_TMP00045764,TMP_60e30710-1f02-462a-b775-fb018ccde95a
TXT-TMP_748a4bcf-8f2f-42b6-86a2-467e9aae25da,620.9104,298.6277,00000#~著败支6#,0.1353,"rgb(255,255,255)",TXT_TMP00045763,TMP_d9bfab0b-905b-4a47-bacc-f45921ea8c61
TXT-TMP_24791846-743b-4fbc-aabd-690a3b3e0b59,622.2236,298.6277,TMP00131599著败支7#,0.1353,"rgb(255,255,255)",TXT_TMP00045762,TMP_d9bfab0b-905b-4a47-bacc-f45921ea8c61
TXT-TMP_5918229d-ff8c-4989-8876-cf55f2a4695d,612.265,300.28,00000#-饭想分66#,0.1353,"rgb(255,255,255)",TXT_TMP00045761,TMP_60e30710-1f02-462a-b775-fb018ccde95a
TXT-TMP_3c9a8404-6806-4566-9ed8-436a318d574d,612.2301,301.4323,00000#-饭想分67#,0.1353,"rgb(255,255,255)",TXT_TMP00045760,TMP_60e30710-1f02-462a-b775-fb018ccde95a
TXT-TMP_9244dfb2-d9c2-4d6d-a8fa-835abe218a56,612.265,302.5846,00000#-饭想分68#,0.1353,"rgb(255,255,255)",TXT_TMP00045759,TMP_60e30710-1f02-462a-b775-fb018ccde95a
TXT-TMP_8f137077-5e44-49f8-9822-b38c3f016b38,612.265,303.7368,00000#-饭想分69#,0.1353,"rgb(255,255,255)",TXT_TMP00045758,TMP_60e30710-1f02-462a-b775-fb018ccde95a
TXT-TMP_a52b1701-2a4a-4497-8c7f-7b33213f81b7,612.265,304.889,00000#-饭想分70#,0.1353,"rgb(255,255,255)",TXT_TMP00045757,TMP_60e30710-1f02-462a-b775-fb018ccde95a
TXT-TMP_a9563b63-0405-4697-b2fe-49a8b2069ff6,612.265,306.0413,00000#-饭想分71#,0.1353,"rgb(255,255,255)",TXT_TMP00045756,TMP_60e30710-1f02-462a-b775-fb018ccde95a
TXT-TMP_126cad11-708c-40d4-bcb9-4badaf184b48,612.265,307.1935,00000#-饭想分72#,0.1353,"rgb(255,255,255)",TXT_TMP00045755,TMP_60e30710-1f02-462a-b775-fb018ccde95a
TXT-TMP_6d33cd12-66e8-4b0e-bbf1-fe4bf75ca0ce,612.265,308.3458,00000#-饭想分73#,0.1353,"rgb(255,255,255)",TXT_TMP00045754,TMP_60e30710-1f02-462a-b775-fb018ccde95a
TXT-TMP_a030419b-5447-432d-b7f4-b83dbb3c6a61,612.265,309.4981,00000#-饭想分74#,0.1353,"rgb(255,255,255)",TXT_TMP00045753,TMP_60e30710-1f02-462a-b775-fb018ccde95a
TXT-TMP_ccb282a0-e980-47be-8ee5-2b8c0e4c8400,612.265,311.8026,00000#-饭想分76#,0.1353,"rgb(255,255,255)",TXT_TMP00045752,TMP_60e30710-1f02-462a-b775-fb018ccde95a
TXT-TMP_3bce4566-39f0-480a-9d24-7a3ac42ed79b,612.265,314.1071,00000#-饭想分78#,0.1353,"rgb(255,255,255)",TXT_TMP00045751,TMP_60e30710-1f02-462a-b775-fb018ccde95a
TXT-TMP_1d528174-2d5a-4bc7-a5dc-7670f97c8873,538.0891,296.8233,TMP00131599采列支2#,0.1353,"rgb(255,255,255)",TXT_TMP00045740,TMP_9c7a930b-f80d-4ae8-8d81-514de2e47969
TXT-TMP_8b3b5b7b-d1c4-468b-99cc-4e26a3837de7,538.0542,300.28,TMP00131599饭陈支2#,0.1353,"rgb(255,255,255)",TXT_TMP00045739,TMP_9c7a930b-f80d-4ae8-8d81-514de2e47969
TXT-TMP_cc00ca76-0d3b-4fad-acb2-b357f424a9cd,538.0891,301.4323,TMP00131599饭陈支3#,0.1353,"rgb(255,255,255)",TXT_TMP00045738,TMP_9c7a930b-f80d-4ae8-8d81-514de2e47969
TXT-TMP_a31921e6-197a-4127-aa3a-f33ffed0185a,538.0891,302.5846,TMP00131599饭陈支4#,0.1353,"rgb(255,255,255)",TXT_TMP00045737,TMP_9c7a930b-f80d-4ae8-8d81-514de2e47969
TXT-TMP_e9994cec-a6c7-40da-ac05-d8d8c1d5b6ab,456.4241,253.6253,00000#-LINE216_争91#,0.1353,"rgb(255,255,255)",TXT_TMP00045719,TMP_c5dc9be5-510f-4d53-bc23-c2eb8613991c
TXT-TMP_30fc2faf-b433-4426-b8a9-7bf10f8ba203,454.6282,253.6253,00000#-LINE216_争92#,0.1353,"rgb(255,255,255)",TXT_TMP00045718,TMP_c5dc9be5-510f-4d53-bc23-c2eb8613991c
TXT-TMP_f6403c8b-112e-4918-bc1e-94bcd30b3509,449.266,253.6253,00000#-LINE216_争94#,0.1353,"rgb(255,255,255)",TXT_TMP00045717,TMP_c5dc9be5-510f-4d53-bc23-c2eb8613991c
TXT-TMP_31d53518-6c7a-4df1-889c-b578637132f7,429.2141,253.6253,TMP00131373#-LINE216_争104#,0.1353,"rgb(255,255,255)",TXT_TMP00045713,TMP_c5dc9be5-510f-4d53-bc23-c2eb8613991c
TXT-TMP_9824d435-871f-47f3-9c76-649da117ef0c,428.0619,253.6253,TMP00131371#-LINE216_争105#,0.1353,"rgb(255,255,255)",TXT_TMP00045712,TMP_c5dc9be5-510f-4d53-bc23-c2eb8613991c
TXT-TMP_c0842e94-1d49-4e3f-88df-80317d4ef60d,426.9096,253.6253,TMP00131372#-LINE216_争106#,0.1353,"rgb(255,255,255)",TXT_TMP00045711,TMP_c5dc9be5-510f-4d53-bc23-c2eb8613991c
TXT-TMP_70abdec8-c09a-4e40-9f56-483f79491752,404.5467,253.6253,TMP00131370#-LINE216_争112#,0.1353,"rgb(255,255,255)",TXT_TMP00045710,TMP_285f1153-ff25-47cf-90b8-adfa00f32178
TXT-TMP_79d65e66-3197-4667-b2cc-de08408e8271,402.5898,253.6253,TMP00131374#-LINE216_争113#,0.1353,"rgb(255,255,255)",TXT_TMP00045709,TMP_065be228-2e33-400e-841f-f4c56e86668f
TXT-TMP_f082579f-5af3-4452-8365-4cbbe08ffa6c,393.6873,253.6253,TMP00131371#-LINE216_争115#,0.1353,"rgb(255,255,255)",TXT_TMP00045708,TMP_a039096d-5b54-4148-8c63-44f9ef9fdc9c
TXT-TMP_e3f53c77-d413-481b-830e-f529c01e5863,380.3365,253.6253,TMP00132954#-LINE216_争121#,0.1353,"rgb(255,255,255)",TXT_TMP00045705,TMP_a039096d-5b54-4148-8c63-44f9ef9fdc9c
TXT-TMP_175022e9-5d62-4e60-ab66-a847225b06b9,379.1843,253.6253,TMP00131370#-LINE216_争122#,0.1353,"rgb(255,255,255)",TXT_TMP00045704,TMP_a039096d-5b54-4148-8c63-44f9ef9fdc9c
TXT-TMP_4390e6af-96c0-40c7-872b-b2e27a04270a,378.032,253.6253,TMP00131374#-LINE216_争123#,0.1353,"rgb(255,255,255)",TXT_TMP00045703,TMP_a039096d-5b54-4148-8c63-44f9ef9fdc9c
TXT-TMP_04bd175c-ff9c-4676-88e0-1d71fc921eb4,376.8797,253.6253,TMP00131373#-LINE216_争124#,0.1353,"rgb(255,255,255)",TXT_TMP00045702,TMP_a039096d-5b54-4148-8c63-44f9ef9fdc9c
TXT-TMP_2f0a3252-1ef0-4ffe-a7ba-e8dc0e1d3aaf,375.7274,253.6253,TMP00131371#-LINE216_争125#,0.1353,"rgb(255,255,255)",TXT_TMP00045701,TMP_a039096d-5b54-4148-8c63-44f9ef9fdc9c
TXT-TMP_54ca9c0e-7626-4d2a-8e92-5b30c58c7fa2,374.5752,253.6253,TMP00131372#-LINE216_争126#,0.1353,"rgb(255,255,255)",TXT_TMP00045700,TMP_cda94a36-64f0-4271-9f9c-6d4ba4b0616c
TXT-TMP_1fb8b4c1-905d-464d-838b-552d5a4b0846,348.81,255.2776,TMP00132978白1#-LINE216_争129白2#,0.1353,"rgb(255,255,255)",TXT_TMP00045699,TMP_cda94a36-64f0-4271-9f9c-6d4ba4b0616c
TXT-TMP_988281f0-70f5-4776-a309-6c1b61e273bb,346.8148,253.6253,TMP00132954#-LINE216_争131#,0.1353,"rgb(255,255,255)",TXT_TMP00045698,TMP_cda94a36-64f0-4271-9f9c-6d4ba4b0616c
TXT-TMP_1ca5977f-6aec-4f05-8492-f350f010d0ab,345.6626,253.6253,TMP00131370#-LINE216_争132#,0.1353,"rgb(255,255,255)",TXT_TMP00045697,TMP_cda94a36-64f0-4271-9f9c-6d4ba4b0616c
TXT-TMP_b9f2fa7e-5056-4593-aeb7-46b3522e5cc2,344.5103,253.6253,TMP00131374#-LINE216_争133#,0.1353,"rgb(255,255,255)",TXT_TMP00045696,TMP_cda94a36-64f0-4271-9f9c-6d4ba4b0616c
TXT-TMP_41ee3fd5-ffbf-4946-ab01-358c9d1045d8,242.9701,253.6253,TMP00131366间1#-LINE216_争138#,0.1353,"rgb(255,255,255)",TXT_TMP00045695,TMP_04c676f3-a4ef-44a6-9a79-62494c1f5b2a
TXT-TMP_a67a3bb7-d277-4900-ae45-03d3f151f0f9,241.8179,253.6253,TMP00132366#-LINE216_争139#,0.1353,"rgb(255,255,255)",TXT_TMP00045694,TMP_04c676f3-a4ef-44a6-9a79-62494c1f5b2a
TXT-TMP_9006a140-39f5-4fa9-a0e9-cbd19fa3984d,235.6768,253.6253,TMP00132978#-LINE216_争140#,0.1353,"rgb(255,255,255)",TXT_TMP00045693,TMP_04c676f3-a4ef-44a6-9a79-62494c1f5b2a
TXT-TMP_2fff030b-88db-4c72-b948-543e01105704,227.2569,253.6253,TMP00131370#-LINE216_争142#,0.1353,"rgb(255,255,255)",TXT_TMP00045692,TMP_04c676f3-a4ef-44a6-9a79-62494c1f5b2a
TXT-TMP_cf11647a-e61d-457c-add6-a9cbba5daabd,203.8315,249.541,TMP00131368照3#-LINE216_争146照4#,0.1353,"rgb(255,255,255)",TXT_TMP00045691,TMP_b83a07d5-b380-43ca-bc4b-b975dca5bb93
TXT-TMP_3bd34fdb-ab51-4b85-a40d-96f61b63889b,156.657,253.6253,TMP00131368#-LINE216_争167#,0.1353,"rgb(255,255,255)",TXT_TMP00045677,TMP_43b8faf9-17c4-4d75-85e7-e0e92d381975
TXT-TMP_b37ea2de-679f-4494-ac94-648ec9f2ab2b,155.5048,253.6253,TMP00131366#-LINE216_争168#,0.1353,"rgb(255,255,255)",TXT_TMP00045676,TMP_43b8faf9-17c4-4d75-85e7-e0e92d381975
TXT-TMP_20fa013f-5e6b-43df-8bce-5745ce3b4403,154.3525,253.6253,TMP00132366#-LINE216_争169#,0.1353,"rgb(255,255,255)",TXT_TMP00045675,TMP_43b8faf9-17c4-4d75-85e7-e0e92d381975
TXT-TMP_eecdbd3e-53fe-4eea-af8c-d4d40f169ad4,153.2002,253.6253,TMP00132978#-LINE216_争170#,0.1353,"rgb(255,255,255)",TXT_TMP00045674,TMP_43b8faf9-17c4-4d75-85e7-e0e92d381975
TXT-TMP_7f7e37e4-2ca5-4f93-8bde-24776fd648ce,152.0479,253.6253,TMP00132954#-LINE216_争171#,0.1353,"rgb(255,255,255)",TXT_TMP00045673,TMP_43b8faf9-17c4-4d75-85e7-e0e92d381975
TXT-TMP_5fded002-c758-4159-a310-a4409f657226,150.8957,253.6253,TMP00131370#-LINE216_争172#,0.1353,"rgb(255,255,255)",TXT_TMP00045672,TMP_43b8faf9-17c4-4d75-85e7-e0e92d381975
TXT-TMP_5432035f-63bb-4839-b487-382108e791d8,149.5825,253.6253,TMP00131374#-LINE216_争173#,0.1353,"rgb(255,255,255)",TXT_TMP00045671,TMP_044d1032-5e7c-48e0-83dc-429a03cf42da
TXT-TMP_2a55eac3-553f-4d06-aba3-dd37c987b37c,143.4024,247.9586,TMP00131366#-LINE216_争178#,0.1353,"rgb(255,255,255)",TXT_TMP00045669,TMP_044d1032-5e7c-48e0-83dc-429a03cf42da
TXT-TMP_61ba6230-8a03-4bf1-b200-8a3ce44913c6,143.4024,246.8063,TMP00132366#-LINE216_争179#,0.1353,"rgb(255,255,255)",TXT_TMP00045668,TMP_044d1032-5e7c-48e0-83dc-429a03cf42da
TXT-TMP_fe7dcb9a-2253-4f4d-a3f8-9aecc49b5f77,143.4024,245.6541,TMP00132978#-LINE216_争180#,0.1353,"rgb(255,255,255)",TXT_TMP00045667,TMP_044d1032-5e7c-48e0-83dc-429a03cf42da
TXT-TMP_b19b98ad-c1f4-4017-82c9-e08a7da1ac1a,143.3675,244.5018,TMP00132954#-LINE216_争181#,0.1353,"rgb(255,255,255)",TXT_TMP00045666,TMP_044d1032-5e7c-48e0-83dc-429a03cf42da
TXT-TMP_74f6a556-3651-4b50-8b4c-699acf61d381,143.4024,243.3495,TMP00131370#-LINE216_争182#,0.1353,"rgb(255,255,255)",TXT_TMP00045665,TMP_044d1032-5e7c-48e0-83dc-429a03cf42da
TXT-TMP_3d6f1400-22a4-434e-8546-5e18028de7ec,143.4024,242.1973,TMP00131374#-LINE216_争183#,0.1353,"rgb(255,255,255)",TXT_TMP00045664,TMP_044d1032-5e7c-48e0-83dc-429a03cf42da
TXT-TMP_587014b3-be6e-415f-b549-2eac7f02020b,143.4024,241.045,TMP00131373#-LINE216_争184#,0.1353,"rgb(255,255,255)",TXT_TMP00045663,TMP_044d1032-5e7c-48e0-83dc-429a03cf42da
TXT-TMP_6f6a62b3-6ccd-4b28-aa88-187e1e191e8f,143.3675,239.8928,TMP00131371#-LINE216_争185#,0.1353,"rgb(255,255,255)",TXT_TMP00045662,TMP_044d1032-5e7c-48e0-83dc-429a03cf42da
TXT-TMP_329b788b-3c2a-49a0-8df6-6e33164d40ea,143.4024,238.7405,TMP00131372#-LINE216_争186#,0.1353,"rgb(255,255,255)",TXT_TMP00045661,TMP_044d1032-5e7c-48e0-83dc-429a03cf42da
TXT-TMP_38d54642-42f2-46ba-b861-658df2902315,143.4024,237.5882,TMP00131368#-LINE216_争187#,0.1353,"rgb(255,255,255)",TXT_TMP00045660,TMP_044d1032-5e7c-48e0-83dc-429a03cf42da
TXT-TMP_6f162fcd-6879-4de5-88b7-0ec2989fc1d3,143.4024,236.436,TMP00131366#-LINE216_争188#,0.1353,"rgb(255,255,255)",TXT_TMP00045659,TMP_044d1032-5e7c-48e0-83dc-429a03cf42da
TXT-TMP_1c71b4ba-6d08-42a7-8756-77ca3e4dc958,143.4024,235.2837,TMP00132366#-LINE216_争189#,0.1353,"rgb(255,255,255)",TXT_TMP00045658,TMP_044d1032-5e7c-48e0-83dc-429a03cf42da
TXT-TMP_d75f6093-bcfa-40d9-a786-ff1221c42161,143.4024,234.1315,TMP00132978#-LINE216_争190#,0.1353,"rgb(255,255,255)",TXT_TMP00045657,TMP_044d1032-5e7c-48e0-83dc-429a03cf42da
TXT-TMP_929a29b7-3121-4ec5-b117-47741ca339d7,88.0909,251.8209,00000白1#-界著支25白2#,0.1353,"rgb(255,255,255)",TXT_TMP00045642,TMP_5b21cf6a-e12f-43da-bf14-e9510fdccc3b
TXT-TMP_117820be-26f6-4010-9590-ef21ef3da12b,158.6521,251.8209,TMP00131372白1#-LINE216_争165白2#,0.1353,"rgb(255,255,255)",TXT_TMP00045641,TMP_43b8faf9-17c4-4d75-85e7-e0e92d381975
TXT-TMP_8570b7ea-d404-4863-9aab-a9421fc5c30d,158.6173,250.6686,TMP00131372白2#-LINE216_争165白3#,0.1353,"rgb(255,255,255)",TXT_TMP00045640,TMP_43b8faf9-17c4-4d75-85e7-e0e92d381975
TXT-TMP_307e3906-750b-43ee-924a-38fae8999056,176.0614,239.249,TMP00131599清开分8#,0.1353,"rgb(255,255,255)",TXT_TMP00045637,TMP_b83a07d5-b380-43ca-bc4b-b975dca5bb93
TXT-TMP_eef19191-5dcf-449b-b00d-abc4adc5f8da,176.0614,236.3008,TMP00131599清开分10#,0.1353,"rgb(255,255,255)",TXT_TMP00045636,TMP_b83a07d5-b380-43ca-bc4b-b975dca5bb93
TXT-TMP_c59f2d2d-dc26-4cb2-ac51-9d03f6635818,176.0614,210.61,00000#-清开分14#,0.1353,"rgb(255,255,255)",TXT_TMP00045635,TMP_49e646cc-0a2c-485e-aa18-4d10a178af42
TXT-TMP_bf548c01-a65d-472f-9498-8fb2505f16a7,176.1839,203.7994,00000#-清开分16#,0.1353,"rgb(255,255,255)",TXT_TMP00045634,TMP_49e646cc-0a2c-485e-aa18-4d10a178af42
TXT-TMP_f8ebe8db-d81e-4409-9f02-78066e8f424e,158.27,195.8091,00000照2#-清开分17照3#,0.1353,"rgb(255,255,255)",TXT_TMP00045633,TMP_22325510-a50b-4605-bc60-7ccb3b2d227c
TXT-TMP_8b133e39-e811-4c72-8263-c7add48bd2d1,155.9654,195.8091,00000照3照1#-清开分17照3照2#,0.1353,"rgb(255,255,255)",TXT_TMP00045632,TMP_22325510-a50b-4605-bc60-7ccb3b2d227c
TXT-TMP_78d51402-033f-446d-b127-36b1f2dff878,154.8132,195.8091,00000照3照2#-清开分17照3照3#,0.1353,"rgb(255,255,255)",TXT_TMP00045631,TMP_22325510-a50b-4605-bc60-7ccb3b2d227c
TXT-TMP_fef0b67a-24fa-4ee4-b2e1-2c25fc749119,164.7352,197.4614,00000照1照1#-清开分17照1照2#,0.1353,"rgb(255,255,255)",TXT_TMP00045630,TMP_49e646cc-0a2c-485e-aa18-4d10a178af42
TXT-TMP_8cfec6bb-ba9b-4dd9-9ce6-b41cfa24334e,203.7967,269.1112,TMP00131599五海分7#,0.1353,"rgb(255,255,255)",TXT_TMP00045628,TMP_5971cf03-2278-4d9d-a8da-26cdf23dc35c
TXT-TMP_ba34bde7-c7eb-411e-bc81-69af095999ae,203.8315,270.2634,TMP00131599五海分8#,0.1353,"rgb(255,255,255)",TXT_TMP00045627,TMP_5971cf03-2278-4d9d-a8da-26cdf23dc35c
TXT-TMP_3b544210-2779-4a40-aa16-c8f73ea92449,203.8315,271.4157,TMP00131599五海分9#,0.1353,"rgb(255,255,255)",TXT_TMP00045626,TMP_5478e210-319e-4fd3-966e-bd733e554ac7
TXT-TMP_973e14c2-ada4-4e49-b8a5-c87bcb1c0cbf,203.8315,272.5679,TMP00131599五海分10#,0.1353,"rgb(255,255,255)",TXT_TMP00045625,TMP_5478e210-319e-4fd3-966e-bd733e554ac7
TXT-TMP_a74f320b-20d0-40e9-b534-767aafedf4b0,203.8315,273.7202,00000#-五海分11#,0.1353,"rgb(255,255,255)",TXT_TMP00045624,TMP_5478e210-319e-4fd3-966e-bd733e554ac7
TXT-TMP_de71c60d-260d-449e-a3b4-9fb025561691,203.8315,276.0247,00000#-五海分13#,0.1353,"rgb(255,255,255)",TXT_TMP00045623,TMP_5478e210-319e-4fd3-966e-bd733e554ac7
TXT-TMP_9f682ed2-8de9-4627-ac86-30e7520b70d4,203.8315,277.177,00000#-五海分14#,0.1353,"rgb(255,255,255)",TXT_TMP00045622,TMP_5478e210-319e-4fd3-966e-bd733e554ac7
TXT-TMP_dd41f6f2-34c1-4877-990e-e3cc1eb4e95b,203.8315,278.3292,00000#-五海分15#,0.1353,"rgb(255,255,255)",TXT_TMP00045621,TMP_5478e210-319e-4fd3-966e-bd733e554ac7
TXT-TMP_01651045-c423-43cf-ac3b-046a55893f4a,225.8209,236.9413,00000#-多列分12#,0.1353,"rgb(255,255,255)",TXT_TMP00045614,TMP_b83a07d5-b380-43ca-bc4b-b975dca5bb93
TXT-TMP_caa9e00c-eba4-4216-968b-56845d85dedc,225.8209,235.7891,00000#-多列分13#,0.1353,"rgb(255,255,255)",TXT_TMP00045613,TMP_b83a07d5-b380-43ca-bc4b-b975dca5bb93
TXT-TMP_904e241b-46b7-416f-bac2-8c13075af876,225.8209,234.6368,00000#-多列分14#,0.1353,"rgb(255,255,255)",TXT_TMP00045612,TMP_b83a07d5-b380-43ca-bc4b-b975dca5bb93
TXT-TMP_c22f1c73-cd97-4651-b1ff-3d1110ea59f6,225.8209,233.4845,00000#-多列分15#,0.1353,"rgb(255,255,255)",TXT_TMP00045611,TMP_b83a07d5-b380-43ca-bc4b-b975dca5bb93
TXT-TMP_2594904f-0907-499e-bd45-7e8102ce9ab9,225.8209,232.3323,00000#-多列分16#,0.1353,"rgb(255,255,255)",TXT_TMP00045610,TMP_b83a07d5-b380-43ca-bc4b-b975dca5bb93
TXT-TMP_29a7b137-2fb4-433d-b273-3057351e343b,225.8209,231.18,00000#-多列分17#,0.1353,"rgb(255,255,255)",TXT_TMP00045609,TMP_b83a07d5-b380-43ca-bc4b-b975dca5bb93
TXT-TMP_4cb14770-135d-40fa-9dff-c09781d8ecd8,225.8209,230.0277,00000#-多列分18#,0.1353,"rgb(255,255,255)",TXT_TMP00045608,TMP_b83a07d5-b380-43ca-bc4b-b975dca5bb93
TXT-TMP_5b9dff19-f2e8-4ca7-8c44-46ec6e1ad293,225.8209,228.8755,00000#-多列分19#,0.1353,"rgb(255,255,255)",TXT_TMP00045607,TMP_b83a07d5-b380-43ca-bc4b-b975dca5bb93
TXT-TMP_51722e16-5985-49ac-a07a-e73399e56976,225.8209,227.7233,00000#-多列分20#,0.1353,"rgb(255,255,255)",TXT_TMP00045606,TMP_b83a07d5-b380-43ca-bc4b-b975dca5bb93
TXT-TMP_5b2e0f37-0475-46b9-97b3-9b00aec803cf,225.8209,226.571,00000#-多列分21#,0.1353,"rgb(255,255,255)",TXT_TMP00045605,TMP_b83a07d5-b380-43ca-bc4b-b975dca5bb93
TXT-TMP_986deadf-7a69-44c1-9f99-4109335cca68,225.8209,224.2665,00000#-多列分23#,0.1353,"rgb(255,255,255)",TXT_TMP00045603,TMP_b83a07d5-b380-43ca-bc4b-b975dca5bb93
TXT-TMP_5dc91a7b-c1a7-4ff5-a35e-69973bf201f9,225.8209,223.1142,00000#~多列分24#.,0.1353,"rgb(255,255,255)",TXT_TMP00045602,TMP_b83a07d5-b380-43ca-bc4b-b975dca5bb93
TXT-TMP_6038d9dd-05a9-4901-a651-d23703a94adb,262.5199,269.0103,00000#-士诉分12#,0.1353,"rgb(255,255,255)",TXT_TMP00045590,TMP_f144f1f3-e089-4ffd-a3c8-c820a2f975d5
TXT-TMP_466f8a80-28d2-4ce0-8b79-0fee36649026,261.3676,269.0103,00000#-士诉分13#,0.1353,"rgb(255,255,255)",TXT_TMP00045589,TMP_f144f1f3-e089-4ffd-a3c8-c820a2f975d5
TXT-TMP_1a1c3f3a-02e9-4c2f-bd3d-89b63b0e80f4,259.063,269.0103,00000#-士诉分15#,0.1353,"rgb(255,255,255)",TXT_TMP00045588,TMP_7b55bb22-58df-43ce-aa8d-e9fe39d7da7a
TXT-TMP_9353b4a2-4721-46a3-b71e-423406108098,257.9107,269.0103,00000#-士诉分16#,0.1353,"rgb(255,255,255)",TXT_TMP00045587,TMP_7b55bb22-58df-43ce-aa8d-e9fe39d7da7a
TXT-TMP_37899351-15e1-47ce-9dfc-ddfd34f90c20,256.7585,269.0103,00000#-士诉分17#,0.1353,"rgb(255,255,255)",TXT_TMP00045586,TMP_7b55bb22-58df-43ce-aa8d-e9fe39d7da7a
TXT-TMP_841aa576-d1c2-4bb8-ab0c-5bc56068e08f,402.9022,314.5916,TMP00131599亮败支3#,0.1353,"rgb(255,255,255)",TXT_TMP00045556,TMP_faafb46e-d9cf-419f-b318-7f196f280c46
TXT-TMP_544d2b1c-282e-4d02-b2ee-3a937e6efccd,405.2066,314.5916,TMP00131599亮败支5#,0.1353,"rgb(255,255,255)",TXT_TMP00045555,TMP_faafb46e-d9cf-419f-b318-7f196f280c46
TXT-TMP_745adb28-5418-4cc9-8830-3d84d060089e,406.3588,314.5916,TMP00131599亮败支6#,0.1353,"rgb(255,255,255)",TXT_TMP00045554,TMP_faafb46e-d9cf-419f-b318-7f196f280c46
TXT-TMP_5d7cea43-be1b-4001-b99d-dce93f166bdd,407.5111,314.5916,TMP00131599亮败支7#,0.1353,"rgb(255,255,255)",TXT_TMP00045553,TMP_faafb46e-d9cf-419f-b318-7f196f280c46
TXT-TMP_16e1cc25-c484-4298-a356-c2c62caa0e04,429.861,314.5916,00000#-亮败支25#,0.1353,"rgb(255,255,255)",TXT_TMP00045548,TMP_0850141f-78c7-4626-a591-1816d72c4499
TXT-TMP_4311c854-54fd-4dff-bf98-175b9ba96533,431.0134,314.5916,00000#-亮败支26#,0.1353,"rgb(255,255,255)",TXT_TMP00045547,TMP_0850141f-78c7-4626-a591-1816d72c4499
TXT-TMP_3f63fb9d-353b-48e3-9651-1d0533ef537b,432.1656,314.5916,00000#-亮败支27#,0.1353,"rgb(255,255,255)",TXT_TMP00045546,TMP_0850141f-78c7-4626-a591-1816d72c4499
TXT-TMP_9610cf7e-945a-4d00-985f-58bb83ba8efc,449.639,314.5916,00000#-亮败支32#,0.1353,"rgb(255,255,255)",TXT_TMP00045545,TMP_0850141f-78c7-4626-a591-1816d72c4499
TXT-TMP_ec7eebb8-d0db-4312-b807-45d42a2ed97e,450.7912,314.5916,00000#-亮败支33#,0.1353,"rgb(255,255,255)",TXT_TMP00045544,TMP_0850141f-78c7-4626-a591-1816d72c4499
TXT-TMP_d2c067e4-8288-4d65-a195-50c42eb832f9,392.6733,297.9386,00000#-如败支12#,0.1353,"rgb(255,255,255)",TXT_TMP00045536,TMP_a039096d-5b54-4148-8c63-44f9ef9fdc9c
TXT-TMP_da426764-0e4e-452a-a606-a8a6f09ed63c,393.8256,297.9386,00000#-如败支13#,0.1353,"rgb(255,255,255)",TXT_TMP00045535,TMP_a039096d-5b54-4148-8c63-44f9ef9fdc9c
TXT-TMP_d6f25acd-9457-43d2-b0e6-612ea8a1a96a,394.9779,297.9386,00000#-如败支14#,0.1353,"rgb(255,255,255)",TXT_TMP00045534,TMP_a039096d-5b54-4148-8c63-44f9ef9fdc9c
TXT-TMP_47b74321-c1a2-4d7a-beef-937411f9c6f9,396.1302,297.9386,00000#-如败支15#,0.1353,"rgb(255,255,255)",TXT_TMP00045533,TMP_a039096d-5b54-4148-8c63-44f9ef9fdc9c
TXT-TMP_7db39247-95b8-4d25-81f2-f233d217480b,397.2824,297.9386,00000#-如败支16#,0.1353,"rgb(255,255,255)",TXT_TMP00045532,TMP_a039096d-5b54-4148-8c63-44f9ef9fdc9c
TXT-TMP_a9716cc1-d6bc-468d-b60d-e2e3526a5257,398.4346,297.9386,00000#-如败支17#,0.1353,"rgb(255,255,255)",TXT_TMP00045531,TMP_a039096d-5b54-4148-8c63-44f9ef9fdc9c
TXT-TMP_886c682d-6edd-4769-8ee0-066e176313f5,399.5869,297.9386,00000#-如败支18#,0.1353,"rgb(255,255,255)",TXT_TMP00045530,TMP_a039096d-5b54-4148-8c63-44f9ef9fdc9c
TXT-TMP_273bc6a9-9003-4393-ab1e-381d1ddfe5a9,400.7392,297.9386,00000#-如败支19#,0.1353,"rgb(255,255,255)",TXT_TMP00045529,TMP_95ab0031-774b-4344-84eb-e8eba3e93d60
TXT-TMP_1bf581a8-652f-4563-9950-9b73bef86f78,401.8915,297.9386,00000#-如败支20#,0.1353,"rgb(255,255,255)",TXT_TMP00045528,TMP_95ab0031-774b-4344-84eb-e8eba3e93d60
TXT-TMP_ec53262f-5d39-4c89-9e56-ca4b7504fa59,403.0437,297.9386,00000#-如败支21#,0.1353,"rgb(255,255,255)",TXT_TMP00045527,TMP_95ab0031-774b-4344-84eb-e8eba3e93d60
TXT-TMP_b7bb3470-d7b4-4a1f-9969-d2f238b039a1,405.3482,297.9386,00000#-如败支23#,0.1353,"rgb(255,255,255)",TXT_TMP00045526,TMP_95ab0031-774b-4344-84eb-e8eba3e93d60
TXT-TMP_7c3af810-1b06-46b0-a195-3527aa3ed0d2,340.7896,289.3321,00000#-从地支12#,0.1353,"rgb(255,255,255)",TXT_TMP00045524,TMP_cda94a36-64f0-4271-9f9c-6d4ba4b0616c
TXT-TMP_c89bfe28-c94c-4d53-9914-3ec3395dbf68,336.6891,289.3321,00000#-从地支15#,0.1353,"rgb(255,255,255)",TXT_TMP00045523,TMP_cda94a36-64f0-4271-9f9c-6d4ba4b0616c
TXT-TMP_68d58ff2-c473-488c-97c1-13d98cc63055,335.5369,289.3321,00000#-从地支16#,0.1353,"rgb(255,255,255)",TXT_TMP00045522,TMP_cda94a36-64f0-4271-9f9c-6d4ba4b0616c
TXT-TMP_d45145bc-0bac-4998-9fbe-564f74c4c374,334.3846,289.3321,00000#-从地支17#,0.1353,"rgb(255,255,255)",TXT_TMP00045521,TMP_cda94a36-64f0-4271-9f9c-6d4ba4b0616c
TXT-TMP_3afc1703-9586-42c1-97b2-42cea8f45967,333.2324,289.3321,00000#-从地支18#,0.1353,"rgb(255,255,255)",TXT_TMP00045520,TMP_cda94a36-64f0-4271-9f9c-6d4ba4b0616c
TXT-TMP_9f3ff246-1530-47fa-b098-e80ff5409912,332.0672,289.3339,00000#-从地支19#,0.1353,"rgb(255,255,255)",TXT_TMP00045519,TMP_cda94a36-64f0-4271-9f9c-6d4ba4b0616c
TXT-TMP_7426ba5a-3f2c-443c-9229-dd6d1995bf61,330.915,289.3339,00000#-从地支20#,0.1353,"rgb(255,255,255)",TXT_TMP00045518,TMP_cda94a36-64f0-4271-9f9c-6d4ba4b0616c
TXT-TMP_4fef83f0-b3a2-445d-9654-d5c66ec8d3a5,329.7756,289.3321,00000#-从地支21#,0.1353,"rgb(255,255,255)",TXT_TMP00045517,TMP_cda94a36-64f0-4271-9f9c-6d4ba4b0616c
TXT-TMP_d6e9ca37-4d7e-4084-a9dd-9f7087ee851f,328.5865,289.3321,00000#~从地支22#,0.1353,"rgb(255,255,255)",TXT_TMP00045516,TMP_cda94a36-64f0-4271-9f9c-6d4ba4b0616c
TXT-TMP_0d34faa8-2e37-4eec-ab2f-ae8fbb57ed43,327.4188,289.3321,00000#~从地支23#,0.1353,"rgb(255,255,255)",TXT_TMP00045515,TMP_cda94a36-64f0-4271-9f9c-6d4ba4b0616c
TXT-TMP_1eb34bc9-496c-4b27-b80b-83c7e5e22153,326.3035,289.3321,00000#~从地支24#,0.1353,"rgb(255,255,255)",TXT_TMP00045514,TMP_d893756b-948a-47ca-ad32-e5b1bc4bfc96
TXT-TMP_b807d503-7f37-486f-af9e-c32ab39e2817,322.2184,289.3321,00000#-从地支27#,0.1353,"rgb(255,255,255)",TXT_TMP00045513,TMP_d893756b-948a-47ca-ad32-e5b1bc4bfc96
TXT-TMP_4d8de384-c907-4478-b831-bbdbf552af3b,321.066,289.3321,00000#-从地支28#,0.1353,"rgb(255,255,255)",TXT_TMP00045512,TMP_d893756b-948a-47ca-ad32-e5b1bc4bfc96
TXT-TMP_fd698c79-72d9-4138-9c91-cd5e62618eec,319.9138,289.3321,00000#-从地支29#,0.1353,"rgb(255,255,255)",TXT_TMP00045511,TMP_d893756b-948a-47ca-ad32-e5b1bc4bfc96
TXT-TMP_a21c14be-f975-40d4-8efd-3f401a29b735,318.7616,289.3321,00000#-从地支30#,0.1353,"rgb(255,255,255)",TXT_TMP00045510,TMP_d893756b-948a-47ca-ad32-e5b1bc4bfc96
TXT-TMP_f2f1348b-235b-43b7-979e-cc5146f06ac0,317.6093,289.3321,00000#-从地支31#,0.1353,"rgb(255,255,255)",TXT_TMP00045509,TMP_d893756b-948a-47ca-ad32-e5b1bc4bfc96
TXT-TMP_55610aa2-cadb-40e4-b011-34b30fffbd52,316.457,289.3321,00000#-从地支32#,0.1353,"rgb(255,255,255)",TXT_TMP00045508,TMP_d893756b-948a-47ca-ad32-e5b1bc4bfc96
TXT-TMP_08393850-230a-4930-9eb1-3debd3bf5fe2,315.3047,289.3321,00000#-从地支33#,0.1353,"rgb(255,255,255)",TXT_TMP00045507,TMP_d893756b-948a-47ca-ad32-e5b1bc4bfc96
TXT-TMP_90bb6f9b-5df4-48e3-9577-730dfcbb16c5,314.1525,289.3321,00000#-从地支34#,0.1353,"rgb(255,255,255)",TXT_TMP00045506,TMP_29a287a4-9ef7-4463-a03f-b932c69852bb
TXT-TMP_d7f91a90-6b18-45b9-82c9-41992b0fbc05,313.0003,289.3321,00000#-从地支35#,0.1353,"rgb(255,255,255)",TXT_TMP00045505,TMP_29a287a4-9ef7-4463-a03f-b932c69852bb
TXT-TMP_73f8fc8b-e8f2-46b1-871b-a23d040b6f56,431.2093,255.2776,TMP00131374照1#-LINE216_争102照2#,0.1353,"rgb(255,255,255)",TXT_TMP00045498,TMP_c5dc9be5-510f-4d53-bc23-c2eb8613991c
TXT-TMP_308856b0-f991-48c7-b0d0-1a1f84f9f46d,431.2093,256.4299,TMP00131374照2#-LINE216_争102照3#,0.1353,"rgb(255,255,255)",TXT_TMP00045497,TMP_c5dc9be5-510f-4d53-bc23-c2eb8613991c
TXT-TMP_544387e9-bcfe-45e6-974e-a3f8b093e76b,446.5426,257.3955,TMP00131599民厂分3#,0.1353,"rgb(255,255,255)",TXT_TMP00045496,TMP_c5dc9be5-510f-4d53-bc23-c2eb8613991c
TXT-TMP_d99e9ea8-39d8-4f52-8b21-db18b8e731f2,446.5426,258.5477,TMP00131599民厂分4#,0.1353,"rgb(255,255,255)",TXT_TMP00045495,TMP_c5dc9be5-510f-4d53-bc23-c2eb8613991c
TXT-TMP_fe54cfe2-b1f6-4a9c-8ff4-1405d4a101db,446.5426,259.7,TMP00131599民厂分5#,0.1353,"rgb(255,255,255)",TXT_TMP00045494,TMP_c5dc9be5-510f-4d53-bc23-c2eb8613991c
TXT-TMP_809ded49-5ea1-48de-bb2c-1fb87b45e9fe,446.5426,260.8523,TMP00131599民厂分6#,0.1353,"rgb(255,255,255)",TXT_TMP00045493,TMP_c5dc9be5-510f-4d53-bc23-c2eb8613991c
TXT-TMP_ebf05ec5-9ab9-40db-8f5b-7acf097b8b82,446.5426,262.0045,TMP00131599民厂分7#,0.1353,"rgb(255,255,255)",TXT_TMP00045492,TMP_c5dc9be5-510f-4d53-bc23-c2eb8613991c
TXT-TMP_2be7dd5c-235a-494e-96b1-f8b5d628dbcd,446.5426,263.1568,TMP00131599民厂分8#,0.1353,"rgb(255,255,255)",TXT_TMP00045491,TMP_c5dc9be5-510f-4d53-bc23-c2eb8613991c
TXT-TMP_5e32356f-dea1-435d-94f6-ec383318b1df,446.5426,264.309,TMP00131599民厂分9#,0.1353,"rgb(255,255,255)",TXT_TMP00045490,TMP_c5dc9be5-510f-4d53-bc23-c2eb8613991c
TXT-TMP_44fd32bf-f5bd-4013-81d0-7ed94204d913,446.5426,265.4612,TMP00131599民厂分10#,0.1353,"rgb(255,255,255)",TXT_TMP00045489,TMP_c5dc9be5-510f-4d53-bc23-c2eb8613991c
TXT-TMP_961e08a2-330f-4209-9be3-9603f8de551c,446.5426,266.6135,00000#-民厂分11#,0.1353,"rgb(255,255,255)",TXT_TMP00045488,TMP_c5dc9be5-510f-4d53-bc23-c2eb8613991c
TXT-TMP_808f0f0e-b374-4fc2-a636-14899ff4e5d7,475.0915,255.2776,00000照1#-LINE216_争79照2#,0.1353,"rgb(255,255,255)",TXT_TMP00045487,TMP_850e70ee-85c4-4693-871d-61c50c6d5147
TXT-TMP_e270206c-12f7-42ca-a007-f8b334d721d7,475.0915,256.4299,00000照2#-LINE216_争79照3#,0.1353,"rgb(255,255,255)",TXT_TMP00045486,TMP_850e70ee-85c4-4693-871d-61c50c6d5147
TXT-TMP_653300e2-62d5-4589-bddf-4bfc9ae9d45a,532.9711,114.3499,00000#-奇广分12#,0.1353,"rgb(255,255,255)",TXT_TMP00045482,TMP_57c390ef-a8e5-4412-b608-28a7202b72b9
TXT-TMP_52fbf97d-14bb-412f-9524-55adfcfba3f2,531.8188,114.3499,00000#-奇广分13#,0.1353,"rgb(255,255,255)",TXT_TMP00045481,TMP_57c390ef-a8e5-4412-b608-28a7202b72b9
TXT-TMP_932f6871-ad65-4775-ae58-33bc7ea92ade,530.6666,114.3499,00000#-奇广分14#,0.1353,"rgb(255,255,255)",TXT_TMP00045480,TMP_57c390ef-a8e5-4412-b608-28a7202b72b9
TXT-TMP_420b89a0-bf9e-44cd-af90-83bf02df3b08,529.5143,114.3499,00000#-奇广分15#,0.1353,"rgb(255,255,255)",TXT_TMP00045479,TMP_57c390ef-a8e5-4412-b608-28a7202b72b9
TXT-TMP_413a0032-f7ab-4efc-a6b9-c3b0de21fd2b,528.362,114.3499,00000#-奇广分16#,0.1353,"rgb(255,255,255)",TXT_TMP00045478,TMP_57c390ef-a8e5-4412-b608-28a7202b72b9
TXT-TMP_9112c6f7-35e4-4db3-8eb8-52e0137ef0fb,527.2097,114.3499,00000#-奇广分17#,0.1353,"rgb(255,255,255)",TXT_TMP00045477,TMP_57c390ef-a8e5-4412-b608-28a7202b72b9
TXT-TMP_7bbb3272-0060-4de9-b994-79fbc415d445,526.0575,114.3499,00000#-奇广分18#,0.1353,"rgb(255,255,255)",TXT_TMP00045476,TMP_57c390ef-a8e5-4412-b608-28a7202b72b9
TXT-TMP_1f2a8f45-a8f7-4ec8-8484-086be1a79592,524.9053,114.3499,00000#-奇广分19#,0.1353,"rgb(255,255,255)",TXT_TMP00045475,TMP_57c390ef-a8e5-4412-b608-28a7202b72b9
TXT-TMP_6c63770b-c7d3-49e4-96ec-95af31bbd3d2,523.7531,114.3499,00000#-奇广分20#,0.1353,"rgb(255,255,255)",TXT_TMP00045474,TMP_57c390ef-a8e5-4412-b608-28a7202b72b9
TXT-TMP_dab91d4a-ce36-4e62-a599-e78a43098054,521.1044,112.5454,00000#-奇广分24#,0.1353,"rgb(255,255,255)",TXT_TMP00045473,TMP_57c390ef-a8e5-4412-b608-28a7202b72b9
TXT-TMP_e02e5d49-adef-4adb-b0f6-ecc87f2d9578,521.1393,111.3931,00000#-奇广分25#,0.1353,"rgb(255,255,255)",TXT_TMP00045472,TMP_57c390ef-a8e5-4412-b608-28a7202b72b9
TXT-TMP_ba9cb38c-7627-4453-b71d-9b2846484d77,521.1393,110.2409,00000#-奇广分26#,0.1353,"rgb(255,255,255)",TXT_TMP00045471,TMP_57c390ef-a8e5-4412-b608-28a7202b72b9
TXT-TMP_05574204-3308-4de9-b814-4d0f8fadfcc2,507.3157,163.6395,TMP00132954#-约叫败分31#,0.1353,"rgb(255,255,255)",TXT_TMP00045453,TMP_7441e77b-7efe-43da-bad0-3b502452bd7f
TXT-TMP_ef899bdf-4ac7-407d-9713-da84ee7e4f3f,510.1031,163.6395,TMP00131374#-约叫败分33#,0.1353,"rgb(255,255,255)",TXT_TMP00045452,TMP_501a3070-48b9-42dc-813b-b38161718ed7
TXT-TMP_e6959f2e-31bd-4866-a4fb-8a998c2bf768,512.4074,163.6395,TMP00131371#-约叫败分35#,0.1353,"rgb(255,255,255)",TXT_TMP00045451,TMP_501a3070-48b9-42dc-813b-b38161718ed7
TXT-TMP_8a5cc979-ec69-492a-bb06-1763e31377ef,513.5597,163.6395,TMP00131372#-约叫败分36#,0.1353,"rgb(255,255,255)",TXT_TMP00045450,TMP_501a3070-48b9-42dc-813b-b38161718ed7
TXT-TMP_b934d381-d822-4779-b30d-ab32dde5697f,514.7119,163.6395,TMP00131368#-约叫败分37#,0.1353,"rgb(255,255,255)",TXT_TMP00045449,TMP_501a3070-48b9-42dc-813b-b38161718ed7
TXT-TMP_002f509d-66b6-4475-8897-f687638d45ca,471.3706,121.6508,00000白2#-LINE216_争25白3#,0.1353,"rgb(255,255,255)",TXT_TMP00045448,TMP_a8a6ae37-b998-43d1-8dab-709c00793f09
TXT-TMP_d565330e-84a2-4919-aa66-49ef1f213b37,519.7045,251.8209,TMP00131599便败分2#,0.1353,"rgb(255,255,255)",TXT_TMP00045442,TMP_77c7da7a-c14b-440e-91ca-e5127888d959
TXT-TMP_032cbffb-6358-4946-a107-7118dcc727f1,519.7045,250.6686,TMP00131599便败分3#,0.1353,"rgb(255,255,255)",TXT_TMP00045441,TMP_77c7da7a-c14b-440e-91ca-e5127888d959
TXT-TMP_69e9a46a-879c-4877-ac29-43124826e2a9,519.7045,249.5164,TMP00131599便败分4#,0.1353,"rgb(255,255,255)",TXT_TMP00045440,TMP_77c7da7a-c14b-440e-91ca-e5127888d959
TXT-TMP_103fca26-4a1b-40bc-9301-f798220de96e,519.6696,248.3641,TMP00131599便败分5#,0.1353,"rgb(255,255,255)",TXT_TMP00045439,TMP_77c7da7a-c14b-440e-91ca-e5127888d959
TXT-TMP_fca079af-f369-4c58-b758-9756575d714e,519.7045,247.2119,TMP00131599便败分6#,0.1353,"rgb(255,255,255)",TXT_TMP00045438,TMP_77c7da7a-c14b-440e-91ca-e5127888d959
TXT-TMP_ea98b9e5-c632-44dd-b2f9-6ac515104b02,499.1059,253.6253,00000#-LINE216_争70#,0.1353,"rgb(255,255,255)",TXT_TMP00045437,TMP_77c7da7a-c14b-440e-91ca-e5127888d959
TXT-TMP_8c61fb47-efda-404e-a936-b966f09db332,203.8315,251.8209,TMP00131368照1#-LINE216_争146照2#,0.1353,"rgb(255,255,255)",TXT_TMP00045402,TMP_b83a07d5-b380-43ca-bc4b-b975dca5bb93
TXT-TMP_2a1bab9e-4bc4-4c3e-8ea7-8adf6917ba85,536.1183,116.0022,TMP00131599奇广分8#,0.1353,"rgb(255,255,255)",TXT_TMP00045371,TMP_57c390ef-a8e5-4412-b608-28a7202b72b9
TXT-TMP_8b566e3e-c8ad-4bfa-8143-3c83705d5190,536.1183,114.8499,TMP00131599奇广分9#,0.1353,"rgb(255,255,255)",TXT_TMP00045370,TMP_57c390ef-a8e5-4412-b608-28a7202b72b9
TXT-TMP_bc0a1124-a73e-4c1f-997c-8083dc631413,521.4486,114.3499,00000#-奇广分22#,0.1353,"rgb(255,255,255)",TXT_TMP00045368,TMP_57c390ef-a8e5-4412-b608-28a7202b72b9
TXT-TMP_b74ff910-9a56-48a5-b41b-efffeb056d75,177.0432,194.2851,00000#~清开分19#,0.1353,"rgb(255,255,255)",TXT_TMP00045360,TMP_49e646cc-0a2c-485e-aa18-4d10a178af42
TXT-TMP_f665873f-070e-45ef-a6f5-9130175ff92d,429.7612,100.1314,TMP00131370#~LINE216_争10#,0.1353,"rgb(255,255,255)",TXT_TMP00045330,TMP_26143f4d-fe2b-45c0-8640-2befe3efb7f5
TXT-TMP_d6444778-ef03-4539-8104-4a420dc02778,372.4698,278.6852,00000#~能半分16#,0.1353,"rgb(255,255,255)",TXT_TMP00045314,TMP_cda94a36-64f0-4271-9f9c-6d4ba4b0616c
TXT-TMP_7cfbc807-a9d1-4b44-91e1-9e148a41ab78,372.4698,282.4431,00000#~能半分19#,0.1353,"rgb(255,255,255)",TXT_TMP00045312,TMP_cda94a36-64f0-4271-9f9c-6d4ba4b0616c
TXT-TMP_70ba6c61-e19e-428f-baf3-1aeb9e6579e9,375.9763,283.2626,00000白2#~能半分19白3#,0.1353,"rgb(255,255,255)",TXT_TMP00045310,TMP_a039096d-5b54-4148-8c63-44f9ef9fdc9c
TXT-TMP_9d2a130b-3776-44e9-a84b-ef2b6913cf8d,637.1193,298.7599,00000#-著败支16#,0.1353,"rgb(255,255,255)",TXT_TMP00045291,TMP_d9bfab0b-905b-4a47-bacc-f45921ea8c61
TXT-TMP_812cbe02-6a03-4158-8e93-9f64f6a72cfc,141.5369,229.5695,刀闸0103,0.1353,"rgb(255,255,255)",TXT_TMP00044339,TMP_812cbe02-6a03-4158-8e93-9f64f6a72cfc
TXT-TMP_f1e384c3-6418-445a-acf1-8c4905de4c6f,489.3387,151.9007,刀闸0027,0.1353,"rgb(255,255,255)",TXT_TMP00044263,TMP_f1e384c3-6418-445a-acf1-8c4905de4c6f
TXT-TMP_c90f73b1-edf5-492f-ade7-0b5140d1dacc,177.1513,179.7113,刀闸0088,0.1353,"rgb(255,255,255)",TXT_TMP00044324,TMP_c90f73b1-edf5-492f-ade7-0b5140d1dacc
TXT-TMP_48a4fe7f-051a-4e65-959b-5052dc59fee8,299.7218,290.9308,刀闸0055,0.1353,"rgb(255,255,255)",TXT_TMP00044291,TMP_48a4fe7f-051a-4e65-959b-5052dc59fee8
TXT-TMP_b65e46fb-98b0-4522-b400-316f1a069414,416.9451,99.1299,刀闸0145,0.1353,"rgb(255,255,255)",TXT_TMP00044381,TMP_b65e46fb-98b0-4522-b400-316f1a069414
TXT-TMP_d6b05d2a-c880-401e-aa0e-a118c87bc063,498.7758,163.1336,刀闸0026,0.1353,"rgb(255,255,255)",TXT_TMP00044262,TMP_d6b05d2a-c880-401e-aa0e-a118c87bc063
TXT-TMP_b7564617-a4ec-47e4-9eb0-3e085482635a,539.4211,304.205,刀闸0120,0.1353,"rgb(255,255,255)",TXT_TMP00044356,TMP_b7564617-a4ec-47e4-9eb0-3e085482635a
TXT-TMP_ee73ebb6-94a7-4649-9868-0a45f43f5ab7,537.243,126.6877,刀闸0140,0.1353,"rgb(255,255,255)",TXT_TMP00044376,TMP_ee73ebb6-94a7-4649-9868-0a45f43f5ab7
TXT-TMP_651467bf-b203-49ad-9a6e-350cf6f0f5c2,372.6648,351.4017,刀闸0064,0.1353,"rgb(255,255,255)",TXT_TMP00044300,TMP_651467bf-b203-49ad-9a6e-350cf6f0f5c2
TXT-TMP_20bea5eb-b7d7-48d0-a8eb-0e774bcedf45,472.4953,119.5521,刀闸0024,0.1353,"rgb(255,255,255)",TXT_TMP00044260,TMP_20bea5eb-b7d7-48d0-a8eb-0e774bcedf45
TXT-TMP_ee7ded70-c232-40c1-87f0-a8c9e96b39f7,399.8311,127.7228,开关03301,0.1353,"rgb(255,255,255)",TXT_TMP00314477,TMP_ee7ded70-c232-40c1-87f0-a8c9e96b39f7
TXT-TMP_28d01e6b-48e6-48f5-ac1f-79b2d785a00d,398.7488,128.874,00000 变 101 著 五 线,0.073,"rgb(255,255,255)",TXT_TMP00314475,TMP_95943bb2-82be-4d24-a956-971b9c11f139
TXT-TMP_aa0c23de-df2c-4abc-a164-6c49718a0202,401.88,128.2023,00000争129#（57503）SUB011_断路器~LINE367_争129-1#,0.1353,"rgb(255,255,255)",TXT_TMP00045290,TMP_95943bb2-82be-4d24-a956-971b9c11f139
TXT-TMP_d6b5d676-0115-4ba2-8f60-5df84b05a6d1,418.2778,104.5258,SUB009_变212LINE366_线 LINE216_争3#1,0.1353,"rgb(255,255,255)",TMP00318199,TMP_26143f4d-fe2b-45c0-8640-2befe3efb7f5
TXT-TMP_1fc211a6-19d7-4009-82ae-599d8d665ffe,418.3003,100.1788,LINE216_争4#1,0.1353,"rgb(255,255,255)",TMP00318200,TMP_26143f4d-fe2b-45c0-8640-2befe3efb7f5
TXT-TMP_37c4c7fd-9e77-450d-a7b8-1803856de97e,418.9248,100.1657,LINE216_争5#1,0.1353,"rgb(255,255,255)",TMP00318201,TMP_26143f4d-fe2b-45c0-8640-2befe3efb7f5
TXT-TMP_47a6225d-2886-4c0a-b63d-640be3ea51b3,419.9506,100.1846,LINE216_争6#1,0.1353,"rgb(255,255,255)",TMP00318202,TMP_26143f4d-fe2b-45c0-8640-2befe3efb7f5
TXT-TMP_c37da425-35ef-4f26-89c9-9d845d40ac7f,420.8838,100.1846,LINE216_争7#1,0.1353,"rgb(255,255,255)",TMP00318203,TMP_26143f4d-fe2b-45c0-8640-2befe3efb7f5
TXT-TMP_49c9ca07-a3b0-45c1-90e9-c223c09d9a6e,421.6886,100.2036,LINE216_争8#1,0.1353,"rgb(255,255,255)",TMP00318204,TMP_26143f4d-fe2b-45c0-8640-2befe3efb7f5
TXT-TMP_f264b804-4cf2-4d58-8f7b-e4a36e52b39f,422.6375,100.6137,SUB009_变212LINE366_线 LINE216_争9#1,0.1353,"rgb(255,255,255)",TMP00318205,TMP_26143f4d-fe2b-45c0-8640-2befe3efb7f5
TXT-TMP_1b0400f6-7910-491b-bc8d-397629fefada,430.8428,100.1311,LINE216_争10#1,0.1084,"rgb(255,255,255)",TMP00318206,TMP_26143f4d-fe2b-45c0-8640-2befe3efb7f5
TXT-TMP_5ce2c8b1-2a9e-4732-9760-fd46558d6c6b,436.0536,100.117,LINE216_争11白1#1,0.1084,"rgb(255,255,255)",TMP00318207,TMP_abc662fa-ee8d-404f-925c-44834c4eeae0
TXT-TMP_450c75dc-59ee-4cf7-83de-1de46dd70458,444.4366,99.9995,SUB009_变212LINE366_线 LINE216_争11白2#1,0.1084,"rgb(255,255,255)",TMP00318208,TMP_abc662fa-ee8d-404f-925c-44834c4eeae0
TXT-TMP_15464d62-7615-45e1-af67-759768e63e2e,428.6914,100.1244,SUB009_变212LINE366_线 LINE216_争9间1#1,0.1084,"rgb(255,255,255)",TMP00318209,TMP_26143f4d-fe2b-45c0-8640-2befe3efb7f5
TXT-TMP_792ffc14-c49d-4c63-ab56-2a8c3d776e2d,403.1745,128.1997,SUB009_变212LINE366_线 LINE368_线LINE367_争129-1#,0.1084,"rgb(255,255,255)",TMP00318210,TMP_95943bb2-82be-4d24-a956-971b9c11f139
TXT-TMP_6765f46f-90f3-4d98-ad79-23c82f64ab18,405.9414,128.078,LINE368_线LINE367_争130#,0.1084,"rgb(255,255,255)",TMP00318211,TMP_95943bb2-82be-4d24-a956-971b9c11f139
TXT-TMP_1a681e89-f15e-415c-b42b-faf1eb043c47,408.8741,128.078,LINE368_线LINE367_争131#,0.1084,"rgb(255,255,255)",TMP00318212,TMP_95943bb2-82be-4d24-a956-971b9c11f139
TXT-TMP_dc913420-608f-4bed-85d6-dc90930700fb,410.7012,128.078,LINE368_线LINE367_争132#,0.1084,"rgb(255,255,255)",TMP00318213,TMP_c4eb779c-fbad-4ba9-8480-25f8b7d865b5
TXT-TMP_c4df4141-f4b5-4742-9214-08089ebf5794,414.1631,128.078,LINE368_线LINE367_争133#,0.1084,"rgb(255,255,255)",TMP00318214,TMP_c4eb779c-fbad-4ba9-8480-25f8b7d865b5
TXT-TMP_d9f0fde1-a140-4853-8f52-8ac3ec687a18,420.5277,128.1303,LINE368_线LINE367_争134#,0.1084,"rgb(255,255,255)",TMP00318215,TMP_c4eb779c-fbad-4ba9-8480-25f8b7d865b5
TXT-TMP_89507e6e-a449-41ea-ab24-253bfc330798,432.96,128.137,LINE368_线LINE216_争13#,0.1084,"rgb(255,255,255)",TMP00318216,TMP_387ab684-1286-4133-9d0f-bb7f8d5f71f8
TXT-TMP_e7f7eb7f-4c1a-420d-9f1f-e596ec082fc1,432.7269,100.117,LINE216_争11#1,0.1084,"rgb(255,255,255)",TMP00318217,TMP_26143f4d-fe2b-45c0-8640-2befe3efb7f5
TXT-TMP_f5c59b32-4456-454e-b283-74fc59861a6f,433.5477,114.8041,SUB009_变212LINE366_线 LINE216_争12#1,0.1084,"rgb(255,255,255)",TMP00318218,TMP_218c7d23-4cc3-49e7-ada8-86a6528b4edb
TXT-TMP_3a138860-8e2f-4e9f-a2ac-514217d9afd9,381.2184,106.0783,TMP00318364次母线,0.1095,"rgb(255,255,255)",TXT_TMP00313539,TMP_26143f4d-fe2b-45c0-8640-2befe3efb7f5
