line_id,line_type,line_type_cn,inferred_type,inferred_type_cn,line_color,line_stroke_width,from_element_id,from_element_type,from_element_name,from_terminal,to_element_id,to_element_type,to_element_name,to_terminal
TMP_30b99c0b-3635-4886-906a-f1cc2d0c2d20,Trunk,主干,spare_line,备用线,"rgb(128,128,128)",0.5811011837029015,TMP_0bdf9aee-cee8-4837-bf06-5d15f92f4e9a,Junction,00000败支1#,1,TMP_111aff70-e9bd-4f5e-aad1-c9fadbfd82ec,Breaker,开关00028,1
TMP_4a1a5d07-5f7b-42ce-bef3-800487dfd742,Trunk,主干,spare_line,备用线,"rgb(128,128,128)",0.5811011837029015,TMP_111aff70-e9bd-4f5e-aad1-c9fadbfd82ec,Breaker,开关00028,2,TMP_5f97bda1-6e6f-4087-a5b4-8658104a48d9,Fuse,刀闸0064,1
TMP_f52ddb9b-42ee-49bc-8837-5293eecd0c56,Trunk,主干,spare_line,备用线,"rgb(128,128,128)",0.5811011837029015,TMP_574c2c5c-cd10-4b37-a5da-6a5bd2925325,Fuse,刀闸0065,2,TMP_50c54722-5c03-44cc-9ee1-7a12b0e76353,Junction,TMP00131373#,1
TMP_e46838f8-5624-44ab-bb51-d75a483d15c3,Trunk,主干,spare_line,备用线,"rgb(128,128,128)",0.5811011837029015,TMP_50c54722-5c03-44cc-9ee1-7a12b0e76353,Junction,TMP00131373#,1,TMP_574c2c5c-cd10-4b37-a5da-6a5bd2925325,Fuse,刀闸0065,2
TMP_999db954-0c3a-4f63-9e06-a9d8ca59753f,Trunk,主干,spare_line,备用线,"rgb(128,128,128)",0.5811011837029015,TMP_a9a74a29-89b3-435b-bdfb-08c6dd45aa5a,Junction,00000争1#,1,TMP_8adfa8eb-64e4-4821-943a-0fbc337734a0,Substation,站房000017,1
TMP_744e0d30-a23b-4f70-a34e-2256ed9715e5,Trunk,主干,spare_line,备用线,"rgb(128,128,128)",0.5811011837029015,TMP_cd02dc31-331b-4dda-90e5-34df4ee6036f,Breaker,开关00026,1,TMP_8adfa8eb-64e4-4821-943a-0fbc337734a0,Substation,站房000017,1
TMP_49c7cd79-30f7-4852-8405-30a5b01cf982,Trunk,主干,spare_line,备用线,"rgb(128,128,128)",0.5811011837029015,TMP_fbd386d0-e8f1-4b3c-80f0-6157152109bf,RemoteUnit,故障指示器004,1,TMP_ad0b5fb3-9db9-4a1b-8fcb-6d89dd5f41da,Breaker,开关00017,1
TMP_5702f450-def1-408b-b333-f63da7791c81,Trunk,主干,spare_line,备用线,"rgb(128,128,128)",0.5811011837029015,TMP_16516ff2-fcbe-4c5c-abf0-0540e448097c,Junction,00000示分4#,1,TMP_7215aa34-9a3a-4b61-b156-89c22b204a0f,Junction,00000示1#环网箱102,1
TMP_74a8f4c8-b149-4626-a52b-b96d23890914,Trunk,主干,spare_line,备用线,"rgb(128,128,128)",0.5811011837029015,TMP_4774de0a-2a82-4132-a4f0-702d09d4b572,Breaker,开关00025,2,TMP_a7f9be80-1f47-46af-83c4-2bffa1859df8,Breaker,开关00005,2
TMP_72926750-aa2b-4cff-90cd-8f2eaa065e53,Trunk,主干,spare_line,备用线,"rgb(128,128,128)",0.5811011837029015,TMP_47bd9f70-e15c-4a13-935a-035caca6957f,Junction,00000SUB020_开关站102,1,TMP_708912dc-9ff0-4fae-914c-8eb19868b3a2,Breaker,开关00002,2
TMP_fb447c31-dea0-4f5a-9342-598f0454b882,Trunk,主干,spare_line,备用线,"rgb(128,128,128)",0.5811011837029015,TMP_8e679920-5f81-44b6-ad3c-c4002a4afdc1,Breaker,开关00024,1,TMP_043ff4ce-2345-46ac-9dc6-bc93303d4fde,Fuse,刀闸0035,1
TMP_742f7293-fc53-4fe4-864d-05473ca4efc8,Trunk,主干,spare_line,备用线,"rgb(128,128,128)",0.5811011837029015,TMP_edefaa4d-7ef2-4ae2-b187-cfe1ec4a41c7,Fuse,刀闸0038,1,TMP_fd651cda-26fe-4cba-bdbe-79f6561d0cbb,Breaker,开关00023,1
TMP_fdb9090e-4b8b-49d5-bff8-4bd9152d2d07,Trunk,主干,spare_line,备用线,"rgb(128,128,128)",0.5811011837029015,TMP_c0b5edb0-f348-4eb0-bc11-155bb6121de0,Breaker,开关00020,2,TMP_4e72c582-f5fd-42c0-a841-e9160d6bc0d9,Junction,00000终端头506051,1
TMP_b72f66aa-62f6-476b-8f94-9c83caedbfb3,Trunk,主干,spare_line,备用线,"rgb(128,128,128)",0.5811011837029015,TMP_8ab26649-bf3e-4a4a-8b9c-21a2669c2c73,Breaker,开关00021,2,TMP_564ed854-4c61-4c2d-b456-de3c3bb1e9c0,Breaker,开关00022,1
TMP_991a6146-0c53-4384-983b-22a276d2f50b,Trunk,主干,spare_line,备用线,"rgb(128,128,128)",0.5811011837029015,TMP_caadc436-b608-421c-b87a-f04cf6e07c23,Fuse,刀闸0049,2,TMP_38397503-08e6-4cae-987f-dfbbe9740efb,PowerTransformer,配变2177,1
TMP_fc2c2ce6-e9c9-4834-b7ac-b2e50dc8d418,Trunk,主干,spare_line,备用线,"rgb(128,128,128)",0.5811011837029015,TMP_564ed854-4c61-4c2d-b456-de3c3bb1e9c0,Breaker,开关00022,2,TMP_b452eaee-b5a3-4793-996d-238086f17973,Junction,TMP00312852,1
TMP_50b0d4f8-7528-449b-9592-23a9e138982d,Trunk,主干,spare_line,备用线,"rgb(128,128,128)",0.5811011837029015,TMP_7dbe008e-4c5e-451c-ab17-594c8165d7de,PowerTransformer,配变2173,1,TMP_e21c7ba7-9b74-4010-98cd-207642818f01,Fuse,刀闸0052,2
TMP_8a11c276-084d-441f-9275-84102ef3e197,Trunk,主干,spare_line,备用线,"rgb(128,128,128)",0.5811011837029015,TMP_f4a9a745-baff-4063-89b3-5bd9195dff36,Fuse,刀闸0053,2,TMP_12fde5d1-6205-4fd5-84d6-19539235a1e6,PowerTransformer,配变2172,1
TMP_97b98373-b021-4b93-aa28-04debceff70e,Trunk,主干,spare_line,备用线,"rgb(128,128,128)",0.5811011837029015,TMP_12fde5d1-6205-4fd5-84d6-19539235a1e6,PowerTransformer,配变2172,1,TMP_f4a9a745-baff-4063-89b3-5bd9195dff36,Fuse,刀闸0053,2
TMP_45f734f4-a960-4ca0-9975-2ba23f9d9f79,Trunk,主干,spare_line,备用线,"rgb(128,128,128)",0.5811011837029015,TMP_043ff4ce-2345-46ac-9dc6-bc93303d4fde,Fuse,刀闸0035,2,TMP_a9f9d0d9-e478-4883-bcf0-3cc73aa3003f,PowerTransformer,配变2165,1
TMP_318e2df9-2e0e-4c83-8630-50bdd6c29c65,Trunk,主干,spare_line,备用线,"rgb(128,128,128)",0.5811011837029015,TMP_6413b3ea-0f1a-4ce2-abab-acdb2b1cccd6,Breaker,开关00018,1,TMP_c6a856cc-1efa-43b4-a734-fb0efbb35ced,Junction,00000终端头573744,1
TMP_82e93b82-3cdf-4a0a-a40e-76e8c3243a9c,Trunk,主干,spare_line,备用线,"rgb(128,128,128)",0.5811011837029015,TMP_ad0b5fb3-9db9-4a1b-8fcb-6d89dd5f41da,Breaker,开关00017,1,TMP_fbd386d0-e8f1-4b3c-80f0-6157152109bf,RemoteUnit,故障指示器004,1
TMP_66319d03-7158-454e-bda8-6f8da6990147,Trunk,主干,spare_line,备用线,"rgb(128,128,128)",0.5811011837029015,TMP_ad0b5fb3-9db9-4a1b-8fcb-6d89dd5f41da,Breaker,开关00017,2,TMP_103d2841-92d2-43b8-81b7-70908b3a4e89,PowerTransformer,配变2158,2
TMP_d806f53e-12d2-4449-b8e4-9bb9d542d3cd,Trunk,主干,spare_line,备用线,"rgb(128,128,128)",0.5811011837029015,TMP_7230622d-b1d6-489f-b6f4-c4ddcd353abf,Fuse,刀闸0031,2,TMP_6be30fab-37eb-4979-901c-a5f5417840d9,Fuse,刀闸0033,1
TMP_6afd83a6-1a05-493a-aa56-85b6b60e1eaa,Trunk,主干,spare_line,备用线,"rgb(128,128,128)",0.5811011837029015,TMP_ed30fcb5-e999-4dd0-b462-53d94c6f1a49,Fuse,刀闸0030,1,TMP_a97a18eb-a863-431c-a805-bcd62e6e44fe,Breaker,开关00013,1
TMP_79681dca-f48c-4ca8-bae2-dd2e030792dc,Trunk,主干,spare_line,备用线,"rgb(128,128,128)",0.5811011837029015,TMP_a97a18eb-a863-431c-a805-bcd62e6e44fe,Breaker,开关00013,1,TMP_92bae3df-18ad-45ef-bb31-513c737794b2,Junction,00000终端头584557,1
TMP_a5d44efc-69bb-43eb-93a6-c113332b6bd8,Trunk,主干,spare_line,备用线,"rgb(128,128,128)",0.5811011837029015,TMP_06dc0bf4-c9fe-4278-9f12-b1cf2f8aac10,Fuse,刀闸0025,1,TMP_52796213-55f2-4fdd-aa8a-8a708c467d4e,Breaker,开关00012,1
TMP_7d4af278-895e-443b-9b89-06da944bae9f,Trunk,主干,spare_line,备用线,"rgb(128,128,128)",0.5811011837029015,TMP_049d2a12-bd0b-4a7d-b06a-cc7ffde27ac8,Breaker,开关00011,1,TMP_b72078c3-0d86-4ecc-a83f-9dd7a5e14ede,Fuse,刀闸0022,2
TMP_955829f1-ebce-407c-bcca-f8c133530dd9,Trunk,主干,spare_line,备用线,"rgb(128,128,128)",0.5811011837029015,TMP_049d2a12-bd0b-4a7d-b06a-cc7ffde27ac8,Breaker,开关00011,2,TMP_9f10d5fc-4b10-4d0a-a729-8aea6a0e7146,Junction,00000支8#,1
TMP_943a4487-18df-4b89-ae04-714a389b7204,Trunk,主干,spare_line,备用线,"rgb(128,128,128)",0.5811011837029015,TMP_7fa95212-8617-4cdb-b7e0-b009a98636d6,Fuse,刀闸0020,2,TMP_f8805e4d-446f-4171-9a9c-76f48088db3e,Junction,TMP00312874,1
TMP_0b7cf277-c7d7-4f81-981e-550920ce7402,Trunk,主干,spare_line,备用线,"rgb(0,128,0)",0.5811011837029015,TMP_cd02dc31-331b-4dda-90e5-34df4ee6036f,Breaker,开关00026,1,TMP_7139321e-9c53-40d3-99e0-56dbcb7a64a3,Fuse,刀闸0063,1
TMP_ec3206ce-be7b-4353-9f0b-6e02970e60f1,Trunk,主干,spare_line,备用线,"rgb(0,128,0)",0.5811011837029015,TMP_ad0a227a-5549-4ae4-bae9-badeba24679b,Substation,站房000062,1,TMP_926a9e2d-ace6-4af4-af01-ed0447b7e967,Breaker,开关00014,1
TMP_74a8fe9a-0288-4086-a2af-3413964d357c,Trunk,主干,spare_line,备用线,"rgb(128,128,128)",0.5811011837029015,TMP_528ee088-547b-4b9d-908e-d7ee54650e73,Substation,,1,TMP_f474f80d-a3a9-48b0-9577-e597e162d99f,Breaker,开关02442,1
TMP_263b36e4-631a-4d63-8345-741f460e2ce2,Trunk,主干,spare_line,备用线,"rgb(128,128,128)",0.5811011837029015,TMP_f474f80d-a3a9-48b0-9577-e597e162d99f,Breaker,开关02442,2,TMP_37a41089-99dc-4e34-bf53-1b0265786f4c,Junction,,1
TMP_325640ca-484b-49fc-a962-dfc56ed72e4c,Trunk,主干,spare_line,备用线,"rgb(0,0,0)",0.5811011837029015,TMP_37a41089-99dc-4e34-bf53-1b0265786f4c,Junction,,1,TMP_f474f80d-a3a9-48b0-9577-e597e162d99f,Breaker,开关02442,2
TMP_46ef5dcd-3f6e-40f0-ba2a-4bf744dfde64,Trunk,主干,spare_line,备用线,"rgb(0,0,0)",0.5811011837029015,TMP_ece26176-1d95-4f5b-aba7-41f8924a7cd0,Junction,TMP00131370#环网箱101,1,TMP_87606f5d-b12a-4b9c-885d-83e048e16b36,Junction,,1
TMP_6e3982ed-af44-4c22-9e63-80fa42c074cf,Trunk,主干,spare_line,备用线,"rgb(0,0,0)",0.5811011837029015,TMP_9b9d06b6-e458-4950-b39f-2449d637f7f6,Junction,00000网箱104,1,TMP_b63ad123-1a14-407b-a3b7-2b1c98f67311,Junction,,1
TMP_638397c7-2bf6-4917-82b8-4a3484f92a37,Trunk,主干,spare_line,备用线,"rgb(0,0,0)",0.5811011837029015,TMP_dabd074f-101f-49a0-a641-3950f7262605,Junction,TMP00131370#箱变,1,TMP_2ba48d26-3914-4c50-a4e7-a52f5defd5a2,Junction,,1
TMP_2e5b83ac-4898-4833-86bd-2ae881f4f9fe,Trunk,主干,spare_line,备用线,"rgb(0,0,0)",0.5811011837029015,TMP_0912e4b2-ba06-4767-abcc-ba2a5c516895,Junction,,1,TMP_e9b2783f-de79-4d96-88c1-94e26cdacf3d,LoadBreakSwitch,开关00104,2
TMP_9ba4c949-bb7e-4f25-b6fe-b97f316c3447,Trunk,主干,spare_line,备用线,"rgb(0,0,0)",0.5811011837029015,TMP_902b2cfe-6b77-4e20-9119-9cb269eb05ed,Junction,,1,TMP_6eed23b1-a3cb-4368-9191-12d2a8352c23,LoadBreakSwitch,开关00102,2
TMP_290129de-485d-4b41-8810-76a2e325c6e4,Trunk,主干,spare_line,备用线,"rgb(0,0,0)",0.5811011837029015,TMP_3b02edb7-6adb-45a3-b073-c498319cdc0a,Junction,TMP00131373#环网箱103,1,TMP_3f555caa-41e3-42d2-93f7-4a0f7f72c219,Junction,,1
TMP_434a1cb3-cea4-4532-a74f-89f7831450a4,Trunk,主干,spare_line,备用线,"rgb(0,0,0)",0.5811011837029015,TMP_eb62f0cd-c9a8-47d8-80c6-08e3be2a6aeb,Junction,TMP00131374#箱变,1,TMP_3cd40b8f-1acd-473a-abcd-26e5015f2fb0,Junction,,1
TMP_c804fb59-0616-4449-8a04-d0c3474c7a0f,Trunk,主干,spare_line,备用线,"rgb(0,0,0)",0.5811011837029015,TMP_54a227e6-7205-4e48-9d33-4fc8cba61462,Junction,TMP00131373#环网箱102,1,TMP_fb9e4ed0-f818-4f12-9300-00ac21f783b7,Junction,,1
TMP_8a68c92d-e708-4c6f-8b3b-805c431fecd7,Trunk,主干,spare_line,备用线,"rgb(0,0,0)",0.5811011837029015,TMP_4dfed0f1-870e-4843-ad8a-fa1a7d2389cf,Junction,TMP00131371#环网箱101,1,TMP_4c85b4d8-e15c-4276-b897-76eb07886961,Junction,,1
TMP_c7e00525-8c3a-4506-940e-85118e7f0c4e,Trunk,主干,spare_line,备用线,"rgb(0,0,0)",0.5811011837029015,TMP_0cefd9b8-cce9-4f21-83f5-e94563d220ae,Junction,TMP00131371#环网箱103,1,TMP_d7eee3e2-705a-4628-815c-3b606f8e5093,Junction,,1
TMP_384d53e2-c119-4424-bd8b-cf4de9627d3c,Trunk,主干,spare_line,备用线,"rgb(0,0,0)",0.5811011837029015,TMP_967b9139-9070-48c9-bbe4-7e88c81568a6,Junction,00000饭开关站101,1,TMP_1312bb69-4f5f-4326-8c81-d26819573a32,Junction,,1
TMP_8f91f319-7e45-4caf-bafb-fa26a778b9b1,Trunk,主干,spare_line,备用线,"rgb(0,0,0)",0.5811011837029015,TMP_5bb6d030-15ea-454c-9fa1-9e8822788e51,Junction,00000终端头511028,1,TMP_6debfbc8-bd84-4526-bf8d-d718c834cc5a,Junction,,1
TMP_9f7e8e0f-e2fc-4d45-89bd-66faeab2e1ea,Trunk,主干,spare_line,备用线,"rgb(0,0,0)",0.5811011837029015,TMP_8a3c8b3b-7b16-40f6-afa3-6736bdf4d695,Junction,,1,TMP_9ea67cc3-efb9-4142-bac5-80adcbf72136,Junction,00000终端头584386,1
TMP_6006b4aa-6961-47f1-b211-85446023041d,Trunk,主干,spare_line,备用线,"rgb(0,0,0)",0.5811011837029015,TMP_b1ffd6c6-5bf8-4175-9686-b7d101c7e2c5,Junction,00000终端头584387,1,TMP_8acbe389-4425-4199-a813-f294962b343a,Junction,,1
TMP_0f401856-bfcd-49d1-b7d2-b6f1c8ea9e2f,Trunk,主干,spare_line,备用线,"rgb(0,0,0)",0.5811011837029015,TMP_d64247e0-9d62-486e-b800-dfe99f12bb10,Junction,00000饭开关站104,1,TMP_6b08f7ce-5ae3-4b66-8f37-31f5e4d5c73c,Junction,,1
TMP_96110b8a-8e59-4e08-ac5d-67ed804d3460,Trunk,主干,spare_line,备用线,"rgb(0,0,0)",0.5811011837029015,TMP_9ef5aa34-d7ed-4ade-863e-53258527e4ed,Junction,TMP00131371#环网箱102,1,TMP_ee5dffd6-18c6-4417-9aea-02508cfa66f7,Junction,,1
TMP_c9c361d5-ed33-491c-84c4-79789b7c2d3a,Trunk,主干,spare_line,备用线,"rgb(0,0,0)",0.5811011837029015,TMP_1dad56a5-005e-4d36-99de-12c8211260b6,Junction,TMP00131372#环网箱101,1,TMP_ad977ae3-28fb-422e-922b-84ea17b46358,Junction,,1
TMP_e0d6e201-aceb-434b-9879-df3e73ef223c,Trunk,主干,spare_line,备用线,"rgb(0,0,0)",0.5811011837029015,TMP_104d6c2d-4a3a-4fa0-aa84-51a88610e265,Junction,,1,TMP_7c5fd4f9-00d6-47a2-bd18-b04e434bd80d,LoadBreakSwitch,开关00089,2
TMP_a8b46244-d209-4985-94b3-fd49d456b0b1,Trunk,主干,spare_line,备用线,"rgb(0,0,0)",0.5811011837029015,TMP_fe67f0d1-bf1c-4901-8f12-a276233969c9,Junction,,1,TMP_e4bc90bf-f095-4460-a31c-72253a3cf818,LoadBreakSwitch,开关00083,2
TMP_8b38da3c-217b-43ea-bf17-231cae4ad3bf,Trunk,主干,spare_line,备用线,"rgb(0,0,0)",0.5811011837029015,TMP_a4ffe7b6-5dc5-4405-b9a4-6707d3c899ff,Junction,TMP00131366#环网箱103,1,TMP_a4a73f97-226e-438e-84d7-c935955bed7b,Junction,,1
TMP_401aa512-bd8d-4942-9325-9da0776cb409,Trunk,主干,spare_line,备用线,"rgb(0,0,0)",0.5811011837029015,TMP_ec2cf340-5406-4c76-a626-dcc7396e8413,Junction,00000明1#争101,1,TMP_3a5da49f-5aee-4a30-a192-b0e4425b86f1,Junction,,1
TMP_ecaa4ecb-296f-4edd-8b3b-c14a6ce2e6c7,Trunk,主干,spare_line,备用线,"rgb(0,0,0)",0.5811011837029015,TMP_6488b850-60d8-4020-8af4-e05f902347f5,Junction,00000明1#争102,1,TMP_0c6c7704-dfc5-46d6-be82-2dbadf6e22a8,Junction,,1
TMP_2da55900-2e6a-4978-88a9-168e53765f98,Trunk,主干,spare_line,备用线,"rgb(0,0,0)",0.5811011837029015,TMP_c2196482-e4e7-45bb-b4f7-9f328fd3cb92,Junction,00000明2#争101,1,TMP_1afa0b8c-7294-493c-bad1-e29b9c16a0b4,Junction,,1
TMP_45f01c42-e40a-4cd6-bf95-06159ad14040,Trunk,主干,spare_line,备用线,"rgb(0,0,0)",0.5811011837029015,TMP_ed6da5cb-65ce-476c-a06b-bba21e12ceed,Junction,TMP00131366#环网箱102,1,TMP_5c960660-81b8-42ec-b35c-2f4049e32c66,Junction,,1
TMP_1b75ae5f-606d-4499-b885-bd2949195cfc,Trunk,主干,spare_line,备用线,"rgb(0,0,0)",0.5811011837029015,TMP_973c5e89-1a50-498c-9472-3c0e8540dc42,Junction,00000终端头,1,TMP_52c43a8b-c698-4025-ab8e-976e67e2327c,Junction,,1
TMP_dfa8ebb6-97c3-44b8-8060-6e9a36038a8a,Trunk,主干,spare_line,备用线,"rgb(0,0,0)",0.5811011837029015,TMP_13de7f06-54f8-409f-81fd-2047c3369796,Junction,00000终端头203162,1,TMP_5f20d6a9-6fb1-4765-ada1-0f58511679d0,Junction,,1
TMP_93382766-5e5f-48bb-8bd9-28ca68b9b3cd,Trunk,主干,spare_line,备用线,"rgb(0,0,0)",0.5811011837029015,TMP_172b355d-81a4-4197-a144-33fe09fe2d69,Junction,00000SUB020_开关站101,1,TMP_0e8d6bce-7ba5-4ddf-997b-b279fc5727dd,Junction,,1
TMP_4f2a189c-1385-4414-b126-e6b501f0413c,Trunk,主干,spare_line,备用线,"rgb(0,0,0)",0.5811011837029015,TMP_96e37972-69c8-491e-ac63-e5c4534d06aa,Junction,,1,TMP_5bdee9c2-9e63-47ce-8f9a-d9e1e1abd2fc,Substation,站房000024,1
TMP_3f893314-fa3c-48c5-8d68-ae7dc325e024,Trunk,主干,spare_line,备用线,"rgb(0,0,0)",0.5811011837029015,TMP_5bdee9c2-9e63-47ce-8f9a-d9e1e1abd2fc,Substation,站房000024,1,TMP_58562c7e-a65a-490b-8bd4-474b55756101,Substation,站房000071,1
TMP_bd6f70d0-c294-4c4b-82a8-e41080705ed3,Trunk,主干,spare_line,备用线,"rgb(0,0,0)",0.5811011837029015,TMP_e22b908c-05ac-443c-a28a-5f082a4e3d1c,Junction,TMP00312846,1,TMP_98134756-4f70-4349-ab22-5575448f2ac4,Junction,,1
TMP_4e23f30b-7157-488e-96a3-6ea214305cbb,Trunk,主干,spare_line,备用线,"rgb(0,0,0)",0.5811011837029015,TMP_01553009-bde7-4823-9a09-932a542a7a47,Junction,,1,TMP_47bd9f70-e15c-4a13-935a-035caca6957f,Junction,00000SUB020_开关站102,1
TMP_507002de-c1bd-4b60-866e-d5dcf298406e,Trunk,主干,spare_line,备用线,"rgb(0,0,0)",0.5811011837029015,TMP_7d2993f2-0616-4818-9efa-7f60eca7275c,Junction,00000终端头463511,1,TMP_55c4f9ca-b282-4515-9823-87673769cc5d,Junction,,1
TMP_085fd9c0-6860-42f6-a332-e5a0bbd5f619,Trunk,主干,spare_line,备用线,"rgb(0,0,0)",0.5811011837029015,TMP_194ca69d-324e-4d00-a4e6-4f9aa373460e,Junction,00000终端头506352,1,TMP_d35cebca-9d1e-463d-bdad-0c0af8ed0581,Junction,,1
TMP_211e5a34-c0d0-423f-a156-e1638965f10b,Trunk,主干,spare_line,备用线,"rgb(0,0,0)",0.5811011837029015,TMP_b452eaee-b5a3-4793-996d-238086f17973,Junction,TMP00312852,1,TMP_12f87dbe-dc8f-48fa-b70d-2ff730e0b5ee,Junction,TMP00312854,1
TMP_a9bf835c-c7e8-4aec-a638-acad997dfeca,Trunk,主干,spare_line,备用线,"rgb(0,0,0)",0.5811011837029015,TMP_12f87dbe-dc8f-48fa-b70d-2ff730e0b5ee,Junction,TMP00312854,1,TMP_f5ae91b5-8da4-4815-a16c-9cf40cf365e5,Junction,,1
TMP_60621bdf-b023-4082-abca-2b76ff2e9f1e,Trunk,主干,spare_line,备用线,"rgb(0,0,0)",0.5811011837029015,TMP_084e029b-d2cd-49a3-98ee-1e2d66e03e87,Junction,00000终端头463831,1,TMP_b793dcaf-75d0-441a-85b4-1657223af28f,Junction,,1
TMP_8485d06e-b565-4a05-8cf1-2c46b0919802,Trunk,主干,spare_line,备用线,"rgb(0,0,0)",0.5811011837029015,TMP_8e8fd85c-ce43-41e6-9404-115829574ad8,Junction,00000终端头506383,1,TMP_d4a921b7-0780-4409-879c-6ad69d7ef965,Junction,,1
TMP_37f331e4-9eee-4109-b477-597e2baefe85,Trunk,主干,spare_line,备用线,"rgb(0,0,0)",0.5811011837029015,TMP_bfef7664-60c3-4104-a42e-b25989d7a95b,Junction,00000终端头477979,1,TMP_30c5bbcb-18ad-47a4-97a7-beb92f100d8d,Junction,,1
TMP_c42a1e34-76d7-43c3-9646-0ab6a9726305,Trunk,主干,spare_line,备用线,"rgb(0,0,0)",0.5811011837029015,TMP_e21c7ba7-9b74-4010-98cd-207642818f01,Fuse,刀闸0052,2,TMP_7dbe008e-4c5e-451c-ab17-594c8165d7de,PowerTransformer,配变2173,1
TMP_16a3a0d5-e5ad-4172-92d1-a7a285b33bf3,Trunk,主干,spare_line,备用线,"rgb(0,0,0)",0.5811011837029015,TMP_96a47f90-30e3-4d38-9f3c-f1a5316a9a00,Junction,00000终端头586715,1,TMP_1b4b3ef9-40cc-4b29-91df-f0c8aff00b62,Junction,,1
TMP_c34d8475-d47f-4328-9db5-cff2f82e12ac,Trunk,主干,spare_line,备用线,"rgb(0,0,0)",0.5811011837029015,TMP_ad4fd153-25f6-437d-a302-7699c271be69,Junction,00000终端头506645,1,TMP_2283eb2c-9999-49a5-b967-1cadcb4a601d,Junction,,1
TMP_79dcedd2-c18a-4784-9d5e-221688ddcff2,Trunk,主干,spare_line,备用线,"rgb(0,0,0)",0.5811011837029015,TMP_d1c333b8-5c86-4905-b03c-8f7df4f46238,Junction,00000终端头463711,1,TMP_7768336e-6797-4e06-ad1e-7e0a9e22d6d8,Junction,,1
TMP_f46babe0-22d5-4879-bcce-dd8bf60b2533,Trunk,主干,spare_line,备用线,"rgb(0,0,0)",0.5811011837029015,TMP_d47a31f8-2722-412d-9e9d-77c737b2fe4a,Junction,00000终端头506054,1,TMP_6cfb2257-3beb-4a9c-9665-7c613c76037a,Junction,,1
TMP_cf7f7701-24de-48a5-b889-0f16f27c3448,Trunk,主干,spare_line,备用线,"rgb(0,0,0)",0.5811011837029015,TMP_73397572-3edf-4673-98c4-c8b57a7b20ed,Junction,00000终端头573745,1,TMP_1cf6fb1b-89f8-45d6-8ea0-dc57060f475b,Junction,,1
TMP_15f6be18-3c61-4c75-aff2-905e78f2b47f,Trunk,主干,spare_line,备用线,"rgb(0,0,0)",0.5811011837029015,TMP_58ddd343-7d49-4c8a-a173-471c4888b3b1,Junction,00000终端头506258,1,TMP_60137abc-cc31-4797-9674-83066375596f,Junction,,1
TMP_50da43e7-d8bc-42c8-8e99-afb417be3913,Trunk,主干,spare_line,备用线,"rgb(0,0,0)",0.5811011837029015,TMP_7dfb7017-a9cb-4753-80fc-5b7bcb92aeed,Junction,00000终端头203403,1,TMP_8cac5478-87b7-44e0-8d90-78298a32265b,Junction,,1
TMP_eb92ff0b-3e4e-4d91-86f7-db36814c5b94,Trunk,主干,spare_line,备用线,"rgb(0,0,0)",0.5811011837029015,TMP_10632294-874f-44d3-b7e5-53bdacc7bbeb,Junction,00000终端头463823,1,TMP_38b21792-9832-471e-a8f8-acb8e8566c25,Junction,,1
TMP_d94b555d-df60-49ff-83d6-b5868e63a415,Trunk,主干,spare_line,备用线,"rgb(0,0,0)",0.5811011837029015,TMP_b035d887-4987-48ae-b7a6-f9e48e250bba,Junction,00000终端头506182,1,TMP_d171647e-77fa-479b-994c-bc3fc3ca6a6f,Junction,,1
TMP_05c279c3-79c5-4810-af22-0c24f214f00b,Trunk,主干,spare_line,备用线,"rgb(0,0,0)",0.5811011837029015,TMP_d811704b-8b30-48aa-a442-a75e27050d86,Breaker,开关00016,2,TMP_b5fa302a-959c-470e-beea-84bcfbea5366,Substation,站房000073,1
TMP_2fc8faa4-473f-4ed3-8783-f57f830862b3,Trunk,主干,spare_line,备用线,"rgb(0,0,0)",0.5811011837029015,TMP_b5fa302a-959c-470e-beea-84bcfbea5366,Substation,站房000073,1,TMP_2129b920-b0a6-4c5e-b2ed-b66f92f3a6f4,Junction,火育象,1
TMP_59f7ab3d-f831-4a8d-a27c-1a6c9d1ccab1,Trunk,主干,spare_line,备用线,"rgb(0,0,0)",0.5811011837029015,TMP_2129b920-b0a6-4c5e-b2ed-b66f92f3a6f4,Junction,火育象,1,TMP_cf33033f-e449-4d87-8db2-466b47d67669,Junction,,1
TMP_318b52d8-6079-4bd8-9403-504edcfc6ad9,Trunk,主干,spare_line,备用线,"rgb(0,0,0)",0.5811011837029015,TMP_0ad5d2dd-2e1a-4f87-be6b-f1454dab4f66,Junction,,1,TMP_c74e4ad0-a3d5-424f-9f22-f05ac09e375a,LoadBreakSwitch,开关00174,2
TMP_3c676cb5-df49-4750-b8fb-410f8cd74567,Trunk,主干,spare_line,备用线,"rgb(0,0,0)",0.5811011837029015,TMP_abe5f771-29fb-4f2a-a204-00af9bbc634d,Junction,00000终端头506277,1,TMP_7b075a3e-e678-4190-96ee-1027e1f00ce5,Junction,,1
TMP_f8ba17e1-2c3a-4e11-84d5-20667250bd81,Trunk,主干,spare_line,备用线,"rgb(0,0,0)",0.5811011837029015,TMP_31f60558-c26e-4418-af99-7d382d73dce2,Junction,00000终端头479512,1,TMP_b38bdd5d-b31d-4e2a-9f01-7da18f4794ac,Junction,,1
TMP_ee5eb969-43fa-4cb7-9d4a-1436b805582b,Trunk,主干,spare_line,备用线,"rgb(0,0,0)",0.5811011837029015,TMP_9b263876-c304-496f-af50-a8bf02e2d877,Junction,00000配电站101,1,TMP_d7d95738-e6f0-472b-8599-ac1032ba7a4c,Junction,,1
TMP_e4116bd9-0141-4ace-bdaa-b29757fd1371,Trunk,主干,spare_line,备用线,"rgb(0,0,0)",0.5811011837029015,TMP_ed9821ec-f88d-419b-92d9-b35c1212855a,Junction,00000终端头506070,1,TMP_f33196e1-24d2-478e-bf57-94efd9c571aa,Junction,,1
TMP_0a3ebe0e-5077-4b8c-8784-6358822932e7,Trunk,主干,spare_line,备用线,"rgb(0,0,0)",0.5811011837029015,TMP_a0d97603-bea9-4579-bf07-5a74dead56ce,Junction,00000终端头573485,1,TMP_ad7b1ab5-deae-44c9-8f1b-e6146deb0503,Junction,,1
TMP_8803adaa-a20c-4a42-86a7-0cf0d1e27468,Trunk,主干,spare_line,备用线,"rgb(0,0,0)",0.5811011837029015,TMP_f8805e4d-446f-4171-9a9c-76f48088db3e,Junction,TMP00312874,1,TMP_7fa95212-8617-4cdb-b7e0-b009a98636d6,Fuse,刀闸0020,2
TMP_102e0f3a-5701-4910-8574-2b366f5076e8,Trunk,主干,spare_line,备用线,"rgb(0,0,0)",0.5811011837029015,TMP_29dbba9e-8a1b-4c18-93a0-a319fe2f99c9,Junction,TMP00312876,1,TMP_078980e9-4af5-4d74-bccb-5cdf7af2a392,Junction,,1
TMP_9047d1c9-031b-4ba5-9e33-7ca8327b5fed,Trunk,主干,spare_line,备用线,"rgb(0,0,0)",0.5811011837029015,TMP_e7d8e1ca-584a-4d49-b5c0-0e29ce554ac7,Junction,TMP00131372#环网箱103,1,TMP_3f18addb-8b2a-4d7e-8f2b-ae5ba4c5b137,Junction,,1
TMP_d3f6ba6a-1fa2-48fe-b202-aa42db6adc0b,Trunk,主干,spare_line,备用线,"rgb(0,0,0)",0.5811011837029015,TMP_4f6d06fa-5cd0-4207-bd1a-b290afde60b9,Junction,00000员教争101,1,TMP_f29ed89d-0295-46aa-b148-e58dbed8d316,Junction,,1
TMP_f809ed8b-62b1-4e02-a244-407feea8d39d,Trunk,主干,spare_line,备用线,"rgb(0,0,0)",0.5811011837029015,TMP_18b8be61-7b36-4ab2-8029-351be541586d,Junction,00000电站102,1,TMP_b71cc72b-31aa-4f3b-8f5c-f657c438c801,Junction,,1
TMP_46563169-0b53-4981-a861-26bceb26d6b3,Trunk,主干,spare_line,备用线,"rgb(0,0,0)",0.5811011837029015,TMP_c1c2ee68-5b28-4e2a-bb60-814e9661303a,Junction,00000饭开关站101,1,TMP_df973d19-c6e6-4474-8e6d-a4d2773715bd,Junction,,1
TMP_09bae261-b0b1-4011-bf35-7edb1620cdf0,Trunk,主干,spare_line,备用线,"rgb(0,0,0)",0.5811011837029015,TMP_264fc4c4-075f-42b0-b727-59c1df0d74e0,Junction,00000饭开关站104,1,TMP_31666d17-8ecb-4e52-bac0-063a42fef042,Junction,,1
TMP_6cbc21b0-154c-47f1-9e03-7aced229d1a0,Trunk,主干,spare_line,备用线,"rgb(0,0,0)",0.5811011837029015,TMP_a3dedf02-6d9e-41c7-a07d-328e0d857fa9,Junction,00000关站101,1,TMP_d1384210-346f-42f4-93cc-10bb7b2a6b49,Junction,,1
TMP_9252e577-1979-4366-ae20-255f8bc57e6c,Trunk,主干,spare_line,备用线,"rgb(0,128,0)",0.5811011837029015,TMP_ea961d93-0414-4922-86d0-e411fd498c10,Junction,,1,TMP_fe6b08a7-6702-4fb3-b3a9-a8f63e47894c,Substation,站房000085,1
TMP_94b2e551-3109-4af4-aed9-d18e981476f2,Trunk,主干,spare_line,备用线,"rgb(128,128,128)",0.020753614366359946,TMP_7fa95212-8617-4cdb-b7e0-b009a98636d6,Fuse,刀闸0020,1,TMP_f8805e4d-446f-4171-9a9c-76f48088db3e,Junction,TMP00312874,1
TMP_d8b1e9f5-e472-4d33-9a8e-7d933c59cf17,Trunk,主干,spare_line,备用线,"rgb(128,128,128)",0.020753614366359946,TMP_dca1ef09-5061-4dcc-88fa-58fb6dc1e366,Fuse,刀闸0021,1,TMP_c62693a6-4dd7-47af-af18-2b5f3e8e5928,Fuse,刀闸0005,1
TMP_a7ce005b-4010-45d0-88c8-a933613ceea6,Trunk,主干,spare_line,备用线,"rgb(128,128,128)",0.020753614366359946,TMP_5f7b3199-32ba-4dfe-a531-07169d64c00d,Fuse,刀闸0024,1,TMP_52796213-55f2-4fdd-aa8a-8a708c467d4e,Breaker,开关00012,2
TMP_285798fa-2711-4dd3-b6ca-a1c13e013990,Trunk,主干,spare_line,备用线,"rgb(128,128,128)",0.020753614366359946,TMP_06dc0bf4-c9fe-4278-9f12-b1cf2f8aac10,Fuse,刀闸0025,1,TMP_103d2841-92d2-43b8-81b7-70908b3a4e89,PowerTransformer,配变2158,1
TMP_a84dddfd-9332-4e15-8511-b949465824bd,Trunk,主干,spare_line,备用线,"rgb(128,128,128)",0.020753614366359946,TMP_7bef4abd-f429-41d9-8290-5d69d118f58d,Fuse,刀闸0026,1,TMP_2d815458-a26a-4bf2-8b31-8e098092b975,Junction,00000终端头506276,1
TMP_1f1c0c03-5027-4566-8a4a-cd731b03e2a9,Trunk,主干,spare_line,备用线,"rgb(128,128,128)",0.020753614366359946,TMP_547b0d1d-15d4-42c4-9b2b-7a5932fc45a9,Fuse,刀闸0029,1,TMP_ed30fcb5-e999-4dd0-b462-53d94c6f1a49,Fuse,刀闸0030,2
TMP_726eb167-7a55-4698-a0f1-6c0a7679634e,Trunk,主干,spare_line,备用线,"rgb(128,128,128)",0.020753614366359946,TMP_ed30fcb5-e999-4dd0-b462-53d94c6f1a49,Fuse,刀闸0030,1,TMP_547b0d1d-15d4-42c4-9b2b-7a5932fc45a9,Fuse,刀闸0029,1
TMP_1b5dc29c-2abf-4a9d-85ae-7d8206eb461b,Trunk,主干,spare_line,备用线,"rgb(128,128,128)",0.020753614366359946,TMP_60988303-315c-44f6-a86f-75fa84ae8880,Fuse,刀闸0032,1,TMP_b4d4bed1-d70d-4a4d-87a9-9f8c944498da,Breaker,开关00015,1
TMP_e655a913-8829-4e31-a5fd-3f5675e0f051,Trunk,主干,spare_line,备用线,"rgb(128,128,128)",0.020753614366359946,TMP_6be30fab-37eb-4979-901c-a5f5417840d9,Fuse,刀闸0033,1,TMP_ef116697-ea0d-435c-b186-d343cef2c99a,Junction,00000终端头463822,1
TMP_07617336-0fa3-4c11-af25-8585d0143599,Trunk,主干,spare_line,备用线,"rgb(128,128,128)",0.020753614366359946,TMP_043ff4ce-2345-46ac-9dc6-bc93303d4fde,Fuse,刀闸0035,1,TMP_8e679920-5f81-44b6-ad3c-c4002a4afdc1,Breaker,开关00024,1
TMP_c29695a4-974e-4153-ac4f-5a9971beb38e,Trunk,主干,spare_line,备用线,"rgb(128,128,128)",0.020753614366359946,TMP_d16a2843-e391-4d89-b221-edeb4cbfffdc,Fuse,刀闸0040,1,TMP_fffdb241-d2ce-4a03-ac4a-1ba0750e0f18,Breaker,开关00003,1
TMP_569cc592-b41a-452c-b0ad-9072c4c6034f,Trunk,主干,spare_line,备用线,"rgb(128,128,128)",0.020753614366359946,TMP_7e24e90f-f15d-4bd1-9ac5-33bb08eee591,Fuse,刀闸0041,1,TMP_62e2aac9-71d9-410c-b3dc-4b009cd9123b,Fuse,刀闸0042,1
TMP_29b6d879-ec99-4080-9b10-f76aecdb8429,Trunk,主干,spare_line,备用线,"rgb(128,128,128)",0.020753614366359946,TMP_2033882a-e541-4287-8576-84980eef2296,Fuse,刀闸0046,1,TMP_7e4cd85d-6e10-4e48-8d12-d4ec403acc53,Fuse,刀闸0045,1
TMP_5f2da7f2-b6de-45e1-949d-9bc73575b49d,Trunk,主干,spare_line,备用线,"rgb(128,128,128)",0.020753614366359946,TMP_caadc436-b608-421c-b87a-f04cf6e07c23,Fuse,刀闸0049,1,TMP_38397503-08e6-4cae-987f-dfbbe9740efb,PowerTransformer,配变2177,1
TMP_8e5959f3-de08-4d41-8f03-479313b4ad58,Trunk,主干,spare_line,备用线,"rgb(128,128,128)",0.020753614366359946,TMP_e21c7ba7-9b74-4010-98cd-207642818f01,Fuse,刀闸0052,1,TMP_ff2d39d2-56fd-43f6-9d37-9cd57b23d348,Fuse,刀闸0018,1
TMP_5d2e150d-0e2d-4c42-8f45-e4a465479d44,Trunk,主干,spare_line,备用线,"rgb(128,128,128)",0.020753614366359946,TMP_f4a9a745-baff-4063-89b3-5bd9195dff36,Fuse,刀闸0053,1,TMP_ce6e85f0-02c3-4018-9a68-71f1756104b2,Fuse,刀闸0054,1
TMP_11304b8e-0070-4b0d-ae01-f5b1630bf921,Trunk,主干,spare_line,备用线,"rgb(128,128,128)",0.020753614366359946,TMP_ce6e85f0-02c3-4018-9a68-71f1756104b2,Fuse,刀闸0054,1,TMP_b8a0cb67-c3cc-4778-ac22-8aeeaa47afca,Fuse,刀闸0055,1
TMP_ce29af7e-1e5b-422d-9c7c-ab3a02e02379,Trunk,主干,spare_line,备用线,"rgb(128,128,128)",0.020753614366359946,TMP_b8a0cb67-c3cc-4778-ac22-8aeeaa47afca,Fuse,刀闸0055,1,TMP_ce6e85f0-02c3-4018-9a68-71f1756104b2,Fuse,刀闸0054,1
TMP_cc188c9d-3c06-4ac0-9fe4-d431a0a9bd97,Trunk,主干,spare_line,备用线,"rgb(128,128,128)",0.020753614366359946,TMP_92968a04-3b90-4261-9e9b-7322aaf57534,Fuse,刀闸0056,1,TMP_c344c05a-4cba-4e51-8c76-19dce1e5c304,Fuse,刀闸0057,1
TMP_cbe1b373-8d7b-43ef-a818-b851b13f42c5,Trunk,主干,spare_line,备用线,"rgb(128,128,128)",0.020753614366359946,TMP_c344c05a-4cba-4e51-8c76-19dce1e5c304,Fuse,刀闸0057,1,TMP_92968a04-3b90-4261-9e9b-7322aaf57534,Fuse,刀闸0056,1
TMP_6cb5626c-e2d3-4484-a191-440c293c6a26,Trunk,主干,spare_line,备用线,"rgb(128,128,128)",0.020753614366359946,TMP_368f8a19-176b-4345-9bed-1af72ecb78bc,Fuse,刀闸0060,1,TMP_b03210b4-1b71-4b84-b3dc-865183ad7682,Fuse,刀闸0061,1
TMP_6da21219-2232-4ecf-9fd6-4771dac13ea2,Trunk,主干,spare_line,备用线,"rgb(128,128,128)",0.020753614366359946,TMP_7139321e-9c53-40d3-99e0-56dbcb7a64a3,Fuse,刀闸0063,1,TMP_c91df0dd-ff75-4b0b-8697-8287ddf99f76,PowerTransformer,配变2155,1
TMP_b0aadf77-87c0-4391-a505-06cc3e94f61c,Trunk,主干,spare_line,备用线,"rgb(128,128,128)",0.020753614366359946,TMP_5f97bda1-6e6f-4087-a5b4-8658104a48d9,Fuse,刀闸0064,1,TMP_111aff70-e9bd-4f5e-aad1-c9fadbfd82ec,Breaker,开关00028,2
TMP_b027151a-865b-4470-a1f4-8b273fe13ba6,Trunk,主干,spare_line,备用线,"rgb(128,128,128)",0.020753614366359946,TMP_22b9735f-01d1-40bd-953c-f417d14bd6f6,Fuse,刀闸0066,1,TMP_5f97bda1-6e6f-4087-a5b4-8658104a48d9,Fuse,刀闸0064,1
TMP_50746799-29be-4f79-a6b8-5a231f7b770f,Trunk,主干,spare_line,备用线,"rgb(128,128,128)",0.020753614366359946,TMP_926a9e2d-ace6-4af4-af01-ed0447b7e967,Breaker,开关00014,1,TMP_16ca72ac-6fa7-4a01-a3a3-6e70deb24b9b,PowerTransformer,配变2162,1
TMP_1b432163-0e8b-48a9-8221-faa1934f8132,Trunk,主干,spare_line,备用线,"rgb(128,128,128)",0.020753614366359946,TMP_b4d4bed1-d70d-4a4d-87a9-9f8c944498da,Breaker,开关00015,1,TMP_60988303-315c-44f6-a86f-75fa84ae8880,Fuse,刀闸0032,1
TMP_e62f9da2-b616-4af7-addd-106f3a94b4fe,Trunk,主干,spare_line,备用线,"rgb(128,128,128)",0.020753614366359946,TMP_d811704b-8b30-48aa-a442-a75e27050d86,Breaker,开关00016,1,TMP_7230622d-b1d6-489f-b6f4-c4ddcd353abf,Fuse,刀闸0031,2
TMP_7829ca40-578f-40de-ad9f-f26c3d295dd2,Trunk,主干,spare_line,备用线,"rgb(128,128,128)",0.020753614366359946,TMP_73536e48-7b02-4f4f-a759-e54ee3d0f66e,Breaker,开关00019,1,TMP_70689ceb-79e8-416f-9c8b-998354981fb6,Fuse,刀闸0034,1
TMP_20983066-290e-45c8-ac19-3a085ca0907f,Trunk,主干,spare_line,备用线,"rgb(128,128,128)",0.020753614366359946,TMP_564ed854-4c61-4c2d-b456-de3c3bb1e9c0,Breaker,开关00022,1,TMP_8ab26649-bf3e-4a4a-8b9c-21a2669c2c73,Breaker,开关00021,2
TMP_84ef6f42-c5b9-4608-a880-800dd586d4e6,Trunk,主干,spare_line,备用线,"rgb(128,128,128)",0.020753614366359946,TMP_fd651cda-26fe-4cba-bdbe-79f6561d0cbb,Breaker,开关00023,1,TMP_edefaa4d-7ef2-4ae2-b187-cfe1ec4a41c7,Fuse,刀闸0038,1
TMP_a5a12024-01ed-40c6-9933-f32be158d2be,Trunk,主干,spare_line,备用线,"rgb(128,128,128)",0.020753614366359946,TMP_4774de0a-2a82-4132-a4f0-702d09d4b572,Breaker,开关00025,1,TMP_a7f9be80-1f47-46af-83c4-2bffa1859df8,Breaker,开关00005,2
TMP_091c0ffe-cb3e-4f07-b880-aa0485f71037,Trunk,主干,spare_line,备用线,"rgb(128,128,128)",0.020753614366359946,TMP_ad30a2da-b7b6-41b0-9d2c-c62b8963a029,Fuse,刀闸0062,2,TMP_94f5fd92-3eef-4301-8436-ceda13a43e4b,PowerTransformer,配变2157,1
TMP_8ec4d108-5a5b-4d1d-abe8-9e434cf99293,Trunk,主干,spare_line,备用线,"rgb(128,128,128)",0.020753614366359946,TMP_06dc0bf4-c9fe-4278-9f12-b1cf2f8aac10,Fuse,刀闸0025,2,TMP_103d2841-92d2-43b8-81b7-70908b3a4e89,PowerTransformer,配变2158,1
TMP_22ca27c1-2c5c-453a-b151-3ff225cb9601,Trunk,主干,spare_line,备用线,"rgb(128,128,128)",0.020753614366359946,TMP_09c2fd3c-5323-401d-9a5b-e89a422d8490,Fuse,刀闸0023,2,TMP_31495cfe-45fa-4882-bca2-af3458289b98,PowerTransformer,配变2159,1
TMP_5efd4760-4703-463a-bb67-866b5751fc61,Trunk,主干,spare_line,备用线,"rgb(128,128,128)",0.020753614366359946,TMP_b72078c3-0d86-4ecc-a83f-9dd7a5e14ede,Fuse,刀闸0022,2,TMP_2c9f04bc-b1f1-4ca0-bac9-a4882ba70a47,PowerTransformer,配变2160,1
TMP_253d9776-11e2-4075-9109-38486675a43b,Trunk,主干,spare_line,备用线,"rgb(128,128,128)",0.020753614366359946,TMP_232d24d0-bf1d-4271-8ac4-97a1a3ee3959,Fuse,刀闸0027,2,TMP_f1b1304f-b3c9-452c-9614-55f7b6dceee6,PowerTransformer,配变2161,1
TMP_ab200a7b-a017-4343-9782-9e369fdf3ada,Trunk,主干,spare_line,备用线,"rgb(128,128,128)",0.020753614366359946,TMP_3c8c65fb-ec76-4ada-9451-84e3669094ad,Fuse,刀闸0028,2,TMP_16ca72ac-6fa7-4a01-a3a3-6e70deb24b9b,PowerTransformer,配变2162,1
TMP_68ae4ebe-fcb6-4655-9f59-2e8fd25b05a3,Trunk,主干,spare_line,备用线,"rgb(128,128,128)",0.020753614366359946,TMP_70689ceb-79e8-416f-9c8b-998354981fb6,Fuse,刀闸0034,2,TMP_e09c3838-c3a2-4410-95ba-d655e9d5865a,PowerTransformer,配变2164,1
TMP_3f5ad24b-5d50-48da-9852-fea3eb09c191,Trunk,主干,spare_line,备用线,"rgb(128,128,128)",0.020753614366359946,TMP_1d8be608-fd98-4fed-93c5-f18e1129a566,Fuse,刀闸0058,2,TMP_899f83b3-b228-4bf3-9e2b-b8a22722cf29,PowerTransformer,配变2166,1
TMP_74240a3e-e8d4-441d-94d6-0046b241cb9a,Trunk,主干,spare_line,备用线,"rgb(128,128,128)",0.020753614366359946,TMP_a58d4bdf-1435-45f7-baa3-80fd8e4691ea,Fuse,刀闸0059,2,TMP_8344d23a-f2c6-4083-9219-7bf4ac0ad096,PowerTransformer,配变2167,1
TMP_9d03ba40-4307-45dd-b9c3-53e50be09510,Trunk,主干,spare_line,备用线,"rgb(128,128,128)",0.020753614366359946,TMP_a7e91332-1036-4b47-92d8-56286ef19af4,Fuse,刀闸0036,2,TMP_c9e3eafe-d1d6-4517-9c86-35e47412d6ca,PowerTransformer,配变2168,1
TMP_e44b6c6f-4468-4fe2-a137-a64f7856e973,Trunk,主干,spare_line,备用线,"rgb(128,128,128)",0.020753614366359946,TMP_de4875bd-be9f-43c1-a80d-09a384a9823c,Fuse,刀闸0037,2,TMP_b09e0182-1906-46f7-9e70-e33ab0f77dce,PowerTransformer,配变2169,1
TMP_e0173b3c-3fe5-4d23-be4b-378f64ef833f,Trunk,主干,spare_line,备用线,"rgb(128,128,128)",0.020753614366359946,TMP_c344c05a-4cba-4e51-8c76-19dce1e5c304,Fuse,刀闸0057,2,TMP_474e39b7-096b-4982-9b98-4d845af69b90,PowerTransformer,配变2170,1
TMP_933435ed-e30b-42ca-9917-08404be231aa,Trunk,主干,spare_line,备用线,"rgb(128,128,128)",0.020753614366359946,TMP_ce6e85f0-02c3-4018-9a68-71f1756104b2,Fuse,刀闸0054,2,TMP_8ff074d3-c9c3-4ff7-86a6-ffb5419c50f6,PowerTransformer,配变2171,1
TMP_c55e7c90-6d7e-4899-887f-399a9de796f8,Trunk,主干,spare_line,备用线,"rgb(128,128,128)",0.020753614366359946,TMP_56e46d23-7358-4745-88db-7af2bffe3c85,Fuse,刀闸0051,2,TMP_a0397e37-6b92-4454-8c94-0bd3ed72ec41,PowerTransformer,配变2174,1
TMP_32a2f86b-f081-48bc-ae96-f4ff07b6ae39,Trunk,主干,spare_line,备用线,"rgb(128,128,128)",0.020753614366359946,TMP_22ad048a-8688-474a-bfad-6c3719c697a3,Fuse,刀闸0050,2,TMP_f83e9222-6f3e-407b-abb5-5eb9ea7a50e2,PowerTransformer,配变2175,1
TMP_e2d9081d-f434-4ad6-9ef3-59de6641a542,Trunk,主干,spare_line,备用线,"rgb(128,128,128)",0.020753614366359946,TMP_2c0b9082-7a26-4848-936e-3078ab7658aa,Fuse,刀闸0039,2,TMP_5928efab-579f-4f37-9f48-44dd34bb54e5,PowerTransformer,配变2176,1
TMP_ee789fa8-3030-43ba-8426-e4176f190ad1,Trunk,主干,spare_line,备用线,"rgb(128,128,128)",0.020753614366359946,TMP_79a82459-4ce3-409b-a9d3-a118849160fe,Fuse,刀闸0047,2,TMP_232b2880-4663-4c2c-826c-070e46eb341f,PowerTransformer,配变2178,1
TMP_b409e0f6-85f5-4605-80b5-fc000f3b2b8b,Trunk,主干,spare_line,备用线,"rgb(128,128,128)",0.020753614366359946,TMP_899c0aee-8448-46ee-942c-c2793c1157c4,Fuse,刀闸0048,2,TMP_d661ceea-765b-4ab9-8d47-0671ec5952ec,PowerTransformer,配变2179,1
TMP_2d32a14b-fff6-4c8b-b9bd-4052fb6f3e77,Trunk,主干,spare_line,备用线,"rgb(128,128,128)",0.020753614366359946,TMP_62e2aac9-71d9-410c-b3dc-4b009cd9123b,Fuse,刀闸0042,2,TMP_86ac3251-e57f-4d0e-bb86-ece5d8090cf9,PowerTransformer,配变2180,1
TMP_1331f78e-4a29-415b-9ca6-f806057965d1,Trunk,主干,spare_line,备用线,"rgb(128,128,128)",0.020753614366359946,TMP_7e4cd85d-6e10-4e48-8d12-d4ec403acc53,Fuse,刀闸0045,2,TMP_a4219c75-f7bc-4084-afd7-8e1fb5e2d84e,PowerTransformer,配变2181,1
TMP_9cf8cb5d-5bc6-4410-90c3-229b334d66d0,Trunk,主干,spare_line,备用线,"rgb(128,128,128)",0.020753614366359946,TMP_eddc5e9c-22b6-4671-aabd-62af1b4e4f22,Fuse,刀闸0044,2,TMP_fdf1fe95-526a-42bf-99d7-d754c762342e,PowerTransformer,配变2182,1
TMP_d74971a2-1144-487d-8195-0dc889ae9059,Trunk,主干,spare_line,备用线,"rgb(128,128,128)",0.020753614366359946,TMP_141195c3-ee12-46cf-9493-5b0ed33eaea9,Fuse,刀闸0043,2,TMP_25db8967-5f75-4178-94b2-9b17b1b186b7,PowerTransformer,配变2183,1
TMP_5cf24b1c-71a6-4d20-a82c-b32770cb9ae5,Trunk,主干,spare_line,备用线,"rgb(128,128,128)",0.020753614366359946,TMP_368f8a19-176b-4345-9bed-1af72ecb78bc,Fuse,刀闸0060,2,TMP_ec7d30da-e604-48e5-adca-732c46349b0d,PowerTransformer,配变2184,1
TMP_f80e23f6-3a75-445d-a8f4-8d339a22305a,Trunk,主干,spare_line,备用线,"rgb(128,128,128)",0.020753614366359946,TMP_b03210b4-1b71-4b84-b3dc-865183ad7682,Fuse,刀闸0061,2,TMP_80a88d68-ef80-4658-b1d9-44bdcdd12cea,PowerTransformer,配变2185,1
TMP_1d6319cc-2a80-4df0-9133-4b13715b725c,Trunk,主干,spare_line,备用线,"rgb(128,128,128)",0.020753614366359946,TMP_22b9735f-01d1-40bd-953c-f417d14bd6f6,Fuse,刀闸0066,2,TMP_350d4db8-81f5-428e-8058-388cebbce60d,PowerTransformer,配变2186,1
TMP_9d54aefa-b0e6-4dd0-80d9-9cf66986d265,Trunk,主干,spare_line,备用线,"rgb(128,128,128)",0.6810293714589687,TMP_1a1fd734-384c-4983-9948-206843d84d6e,LoadBreakSwitch,开关00106,1,TMP_fe6b08a7-6702-4fb3-b3a9-a8f63e47894c,Substation,站房000085,1
TMP_d5da5987-ff6c-44c9-9bf2-3c7a375af482,Trunk,主干,spare_line,备用线,"rgb(128,128,128)",0.6810293714589687,TMP_1a1fd734-384c-4983-9948-206843d84d6e,LoadBreakSwitch,开关00106,2,TMP_ea961d93-0414-4922-86d0-e411fd498c10,Junction,,1
TMP_72f1f301-e2c4-420f-b69f-87d8d5437bd3,Trunk,主干,spare_line,备用线,"rgb(128,128,128)",0.6810293714589687,TMP_014bb136-2504-4cfe-9f8c-d90a93c28e3d,LoadBreakSwitch,开关00105,1,TMP_fe6b08a7-6702-4fb3-b3a9-a8f63e47894c,Substation,站房000085,1
TMP_469d8226-2918-416a-a29e-29ccf070a788,Trunk,主干,spare_line,备用线,"rgb(128,128,128)",0.6810293714589687,TMP_014bb136-2504-4cfe-9f8c-d90a93c28e3d,LoadBreakSwitch,开关00105,2,TMP_b63ad123-1a14-407b-a3b7-2b1c98f67311,Junction,,1
TMP_5136b7da-2dcd-42d1-845c-c8a6fd7d0686,Trunk,主干,spare_line,备用线,"rgb(128,128,128)",0.6810293714589687,TMP_014bb136-2504-4cfe-9f8c-d90a93c28e3d,LoadBreakSwitch,开关00105,2,TMP_b63ad123-1a14-407b-a3b7-2b1c98f67311,Junction,,1
TMP_cf62c5dd-2c2e-46c2-980f-4880a92af44a,Trunk,主干,spare_line,备用线,"rgb(128,128,128)",0.6810293714589687,TMP_e9b2783f-de79-4d96-88c1-94e26cdacf3d,LoadBreakSwitch,开关00104,1,TMP_0912e4b2-ba06-4767-abcc-ba2a5c516895,Junction,,1
TMP_89c45a84-6ebc-4bf6-afc3-1e776011cf39,Trunk,主干,spare_line,备用线,"rgb(128,128,128)",0.6810293714589687,TMP_e9b2783f-de79-4d96-88c1-94e26cdacf3d,LoadBreakSwitch,开关00104,2,TMP_0912e4b2-ba06-4767-abcc-ba2a5c516895,Junction,,1
TMP_b1ff5ff3-ab8f-497c-bac1-fba29b9896f3,Trunk,主干,spare_line,备用线,"rgb(128,128,128)",0.6810293714589687,TMP_e9b2783f-de79-4d96-88c1-94e26cdacf3d,LoadBreakSwitch,开关00104,2,TMP_0912e4b2-ba06-4767-abcc-ba2a5c516895,Junction,,1
TMP_3cbf07c1-2f78-405f-b390-c732fa66bed1,Trunk,主干,spare_line,备用线,"rgb(128,128,128)",0.6810293714589687,TMP_da9538e1-cd34-4423-81e0-cbc2f178bde3,LoadBreakSwitch,开关00103,1,TMP_87606f5d-b12a-4b9c-885d-83e048e16b36,Junction,,1
TMP_349a0357-ee53-4508-9464-e18dd6ac83e5,Trunk,主干,spare_line,备用线,"rgb(128,128,128)",0.6810293714589687,TMP_da9538e1-cd34-4423-81e0-cbc2f178bde3,LoadBreakSwitch,开关00103,2,TMP_87606f5d-b12a-4b9c-885d-83e048e16b36,Junction,,1
TMP_14a672f3-82eb-468c-81d2-609f0e4b6d4d,Trunk,主干,spare_line,备用线,"rgb(128,128,128)",0.6810293714589687,TMP_da9538e1-cd34-4423-81e0-cbc2f178bde3,LoadBreakSwitch,开关00103,2,TMP_87606f5d-b12a-4b9c-885d-83e048e16b36,Junction,,1
TMP_2f129bb4-f97e-43d7-b7af-7dd9805f52e1,Trunk,主干,spare_line,备用线,"rgb(128,128,128)",0.6810294209394403,TMP_6eed23b1-a3cb-4368-9191-12d2a8352c23,LoadBreakSwitch,开关00102,1,TMP_902b2cfe-6b77-4e20-9119-9cb269eb05ed,Junction,,1
TMP_bd155509-d1bc-4110-a082-2e19be0e6890,Trunk,主干,spare_line,备用线,"rgb(128,128,128)",0.6810294209394403,TMP_6eed23b1-a3cb-4368-9191-12d2a8352c23,LoadBreakSwitch,开关00102,2,TMP_902b2cfe-6b77-4e20-9119-9cb269eb05ed,Junction,,1
TMP_d18cb8c5-c38b-4764-ac13-bd114387f08c,Trunk,主干,spare_line,备用线,"rgb(128,128,128)",0.6810294209394403,TMP_6eed23b1-a3cb-4368-9191-12d2a8352c23,LoadBreakSwitch,开关00102,2,TMP_902b2cfe-6b77-4e20-9119-9cb269eb05ed,Junction,,1
TMP_2a85f993-3a45-4d45-9e43-b24abe94630a,Trunk,主干,spare_line,备用线,"rgb(128,128,128)",0.6810294209394403,TMP_45d4bdef-5137-49e2-b286-b6e23fe1b951,LoadBreakSwitch,开关00101,1,TMP_f5b05c60-f575-4be6-8774-2039c1aa7e2a,Substation,站房000080,1
TMP_2318fe15-dd18-4667-996d-fa5a5a8f7849,Trunk,主干,spare_line,备用线,"rgb(128,128,128)",0.6810294209394403,TMP_45d4bdef-5137-49e2-b286-b6e23fe1b951,LoadBreakSwitch,开关00101,2,TMP_3b5c0dd7-1dfb-4178-8b2d-0f1421c6c93d,Junction,,1
TMP_da3d79c8-fe70-4093-a3ff-6ad871ee21af,Trunk,主干,spare_line,备用线,"rgb(128,128,128)",0.6810294209394403,TMP_45d4bdef-5137-49e2-b286-b6e23fe1b951,LoadBreakSwitch,开关00101,2,TMP_3b5c0dd7-1dfb-4178-8b2d-0f1421c6c93d,Junction,,1
TMP_bdbd2caa-a97c-43d4-bbda-bb857076b72c,Trunk,主干,spare_line,备用线,"rgb(128,128,128)",0.6810294209394403,TMP_066c0c08-4b3c-4877-926b-7bf53fc94035,LoadBreakSwitch,开关00100,1,TMP_fb9e4ed0-f818-4f12-9300-00ac21f783b7,Junction,,1
TMP_ec8aa0b4-1958-437c-87f4-4360c8211f77,Trunk,主干,spare_line,备用线,"rgb(128,128,128)",0.6810294209394403,TMP_066c0c08-4b3c-4877-926b-7bf53fc94035,LoadBreakSwitch,开关00100,2,TMP_fb9e4ed0-f818-4f12-9300-00ac21f783b7,Junction,,1
TMP_e3cb6f3e-7350-4232-8233-541740c810ea,Trunk,主干,spare_line,备用线,"rgb(128,128,128)",0.6810294209394403,TMP_066c0c08-4b3c-4877-926b-7bf53fc94035,LoadBreakSwitch,开关00100,2,TMP_fb9e4ed0-f818-4f12-9300-00ac21f783b7,Junction,,1
TMP_d9adca3d-9cfa-435c-bb85-20529b45609a,Trunk,主干,spare_line,备用线,"rgb(128,128,128)",0.6810294209394403,TMP_beec4241-aecd-4d16-95d1-37d3564f85dd,LoadBreakSwitch,开关00099,1,TMP_f5b05c60-f575-4be6-8774-2039c1aa7e2a,Substation,站房000080,1
TMP_9c2e71c8-c844-4d27-b3b1-9c5abb536fc9,Trunk,主干,spare_line,备用线,"rgb(128,128,128)",0.6810294209394403,TMP_beec4241-aecd-4d16-95d1-37d3564f85dd,LoadBreakSwitch,开关00099,2,TMP_3f555caa-41e3-42d2-93f7-4a0f7f72c219,Junction,,1
TMP_f558bfb0-d9a9-45cd-96ff-4398f22a4cf7,Trunk,主干,spare_line,备用线,"rgb(128,128,128)",0.6810294209394403,TMP_beec4241-aecd-4d16-95d1-37d3564f85dd,LoadBreakSwitch,开关00099,2,TMP_3f555caa-41e3-42d2-93f7-4a0f7f72c219,Junction,,1
TMP_9521eadb-125c-4cd9-8efa-fd81cd41164d,Trunk,主干,spare_line,备用线,"rgb(128,128,128)",0.6810276891229293,TMP_3fca99eb-6f01-4570-b455-3bef1894a8c5,LoadBreakSwitch,开关00098,1,TMP_4c85b4d8-e15c-4276-b897-76eb07886961,Junction,,1
TMP_c648a345-c4b5-47bb-aba4-8e3804ecaa4f,Trunk,主干,spare_line,备用线,"rgb(128,128,128)",0.6810276891229293,TMP_3fca99eb-6f01-4570-b455-3bef1894a8c5,LoadBreakSwitch,开关00098,2,TMP_4c85b4d8-e15c-4276-b897-76eb07886961,Junction,,1
TMP_10679166-5a9c-4a7d-b55a-4761a868374a,Trunk,主干,spare_line,备用线,"rgb(128,128,128)",0.6810276891229293,TMP_3fca99eb-6f01-4570-b455-3bef1894a8c5,LoadBreakSwitch,开关00098,2,TMP_4c85b4d8-e15c-4276-b897-76eb07886961,Junction,,1
TMP_103bc6f3-e14f-44b8-8671-080b0cbf9643,Trunk,主干,spare_line,备用线,"rgb(128,128,128)",0.6810276891229293,TMP_e82ea56e-ac44-4d6d-8c37-04827cd0f6a2,LoadBreakSwitch,开关00097,1,TMP_6105153e-8f50-481e-bf72-70e594d0228b,Substation,站房000079,1
TMP_58ca6def-3ad0-4ca5-8e47-ebe645cb1ca3,Trunk,主干,spare_line,备用线,"rgb(128,128,128)",0.6810276891229293,TMP_e82ea56e-ac44-4d6d-8c37-04827cd0f6a2,LoadBreakSwitch,开关00097,2,TMP_6b08f7ce-5ae3-4b66-8f37-31f5e4d5c73c,Junction,,1
TMP_313dd037-d4ac-47db-96cd-96cd73ef0b32,Trunk,主干,spare_line,备用线,"rgb(128,128,128)",0.6810276891229293,TMP_e82ea56e-ac44-4d6d-8c37-04827cd0f6a2,LoadBreakSwitch,开关00097,2,TMP_6b08f7ce-5ae3-4b66-8f37-31f5e4d5c73c,Junction,,1
TMP_b38c60dd-fad7-4dfa-9e58-204ebc969c1f,Trunk,主干,spare_line,备用线,"rgb(128,128,128)",0.6810276891229293,TMP_c2ef5891-7091-4fbd-9a5d-6adac248911b,LoadBreakSwitch,开关00096,1,TMP_6105153e-8f50-481e-bf72-70e594d0228b,Substation,站房000079,1
TMP_145bb717-e21b-4e82-b0f2-e780a1e09a4d,Trunk,主干,spare_line,备用线,"rgb(128,128,128)",0.6810276891229293,TMP_c2ef5891-7091-4fbd-9a5d-6adac248911b,LoadBreakSwitch,开关00096,2,TMP_d7eee3e2-705a-4628-815c-3b606f8e5093,Junction,,1
TMP_9bdf6300-1696-49e0-ac32-8b536d3ff694,Trunk,主干,spare_line,备用线,"rgb(128,128,128)",0.6810276891229293,TMP_c2ef5891-7091-4fbd-9a5d-6adac248911b,LoadBreakSwitch,开关00096,2,TMP_d7eee3e2-705a-4628-815c-3b606f8e5093,Junction,,1
TMP_5cc53a0d-4cc8-439b-b2f0-cd7f1d0082c8,Trunk,主干,spare_line,备用线,"rgb(128,128,128)",0.6810276891229293,TMP_1757ace6-6e00-4206-9d89-c1205b2e5e34,LoadBreakSwitch,开关00095,1,TMP_ee5dffd6-18c6-4417-9aea-02508cfa66f7,Junction,,1
TMP_a3d205fc-ef38-4dbb-ba7c-1e3cf56133e2,Trunk,主干,spare_line,备用线,"rgb(128,128,128)",0.6810276891229293,TMP_1757ace6-6e00-4206-9d89-c1205b2e5e34,LoadBreakSwitch,开关00095,2,TMP_ee5dffd6-18c6-4417-9aea-02508cfa66f7,Junction,,1
TMP_5eb10648-ed03-4138-a1df-5bbb19ede89c,Trunk,主干,spare_line,备用线,"rgb(128,128,128)",0.6810276891229293,TMP_1757ace6-6e00-4206-9d89-c1205b2e5e34,LoadBreakSwitch,开关00095,2,TMP_ee5dffd6-18c6-4417-9aea-02508cfa66f7,Junction,,1
TMP_57bb42c7-376b-4c40-83a1-f668f97b56aa,Trunk,主干,spare_line,备用线,"rgb(128,128,128)",0.6810275901619857,TMP_51ae254a-73e2-4ca9-a2fa-688354215ad4,LoadBreakSwitch,开关00094,1,TMP_1312bb69-4f5f-4326-8c81-d26819573a32,Junction,,1
TMP_848f3833-d71b-45a9-959b-515414774b32,Trunk,主干,spare_line,备用线,"rgb(128,128,128)",0.6810275901619857,TMP_51ae254a-73e2-4ca9-a2fa-688354215ad4,LoadBreakSwitch,开关00094,2,TMP_1312bb69-4f5f-4326-8c81-d26819573a32,Junction,,1
TMP_8eed5a3f-576a-4138-b159-88e5d872f894,Trunk,主干,spare_line,备用线,"rgb(128,128,128)",0.6810275901619857,TMP_e7edf612-253a-40b4-b2f7-ad34daefdb3a,LoadBreakSwitch,开关00093,1,TMP_4bc0bdab-94e7-4bf0-a610-4346b5968173,Substation,站房000083,1
TMP_60aaa1e4-dc1b-4a97-8d20-41f9e2c364c5,Trunk,主干,spare_line,备用线,"rgb(128,128,128)",0.6810275901619857,TMP_e7edf612-253a-40b4-b2f7-ad34daefdb3a,LoadBreakSwitch,开关00093,2,TMP_4a469ca7-5af3-481c-b9ac-bc01ea4add09,Junction,,1
TMP_8a5dd95a-d19a-4166-a33b-c4f5217825f8,Trunk,主干,spare_line,备用线,"rgb(128,128,128)",0.6810275901619857,TMP_b26a0fb0-c23b-44df-99e2-eb3e9dbf7549,LoadBreakSwitch,开关00092,1,TMP_4bc0bdab-94e7-4bf0-a610-4346b5968173,Substation,站房000083,1
TMP_c1459e7e-0167-40bc-b697-634d0404702f,Trunk,主干,spare_line,备用线,"rgb(128,128,128)",0.6810275901619857,TMP_b26a0fb0-c23b-44df-99e2-eb3e9dbf7549,LoadBreakSwitch,开关00092,2,TMP_8fba0ecb-a907-43f5-a67b-2baa2ca8b3a5,Junction,,1
TMP_18f77e9e-0e75-4df3-a09e-39753fca2855,Trunk,主干,spare_line,备用线,"rgb(128,128,128)",0.6810275901619857,TMP_8fd3c105-ec3a-4523-a88b-8cd51634a209,LoadBreakSwitch,开关00091,1,TMP_11ac764b-061c-4905-bca8-2ac14433b441,Junction,,1
TMP_5fe5090a-5683-40f4-a75b-7e53bac31eb1,Trunk,主干,spare_line,备用线,"rgb(128,128,128)",0.6810275901619857,TMP_8fd3c105-ec3a-4523-a88b-8cd51634a209,LoadBreakSwitch,开关00091,2,TMP_11ac764b-061c-4905-bca8-2ac14433b441,Junction,,1
TMP_4d6e37fb-77db-4ed4-aee0-5012d5b35ac1,Trunk,主干,spare_line,备用线,"rgb(128,128,128)",0.6810275901619857,TMP_b07f1c61-63f4-4906-ab4f-1a8ce8467e03,LoadBreakSwitch,开关00090,1,TMP_e43556b0-1d3e-4814-a8b5-e56c37641bb3,Substation,站房000077,1
TMP_be16f9cb-eca7-466b-a0d9-1221f6bea525,Trunk,主干,spare_line,备用线,"rgb(128,128,128)",0.6810275901619857,TMP_b07f1c61-63f4-4906-ab4f-1a8ce8467e03,LoadBreakSwitch,开关00090,2,TMP_31666d17-8ecb-4e52-bac0-063a42fef042,Junction,,1
TMP_2fdcd8b3-b3f5-47dc-a896-509432330518,Trunk,主干,spare_line,备用线,"rgb(128,128,128)",0.6810275901619857,TMP_b07f1c61-63f4-4906-ab4f-1a8ce8467e03,LoadBreakSwitch,开关00090,2,TMP_31666d17-8ecb-4e52-bac0-063a42fef042,Junction,,1
TMP_7364aa34-b775-48e2-9bb4-693262f35967,Trunk,主干,spare_line,备用线,"rgb(128,128,128)",0.6810275901619857,TMP_7c5fd4f9-00d6-47a2-bd18-b04e434bd80d,LoadBreakSwitch,开关00089,1,TMP_104d6c2d-4a3a-4fa0-aa84-51a88610e265,Junction,,1
TMP_74592dd9-80bc-4ea3-8cb6-74304aafb742,Trunk,主干,spare_line,备用线,"rgb(128,128,128)",0.6810275901619857,TMP_7c5fd4f9-00d6-47a2-bd18-b04e434bd80d,LoadBreakSwitch,开关00089,2,TMP_104d6c2d-4a3a-4fa0-aa84-51a88610e265,Junction,,1
TMP_43a69824-b54d-474c-b593-d46f52d4283c,Trunk,主干,spare_line,备用线,"rgb(128,128,128)",0.6810275901619857,TMP_7c5fd4f9-00d6-47a2-bd18-b04e434bd80d,LoadBreakSwitch,开关00089,2,TMP_104d6c2d-4a3a-4fa0-aa84-51a88610e265,Junction,,1
TMP_b87a214c-e63c-48f4-adae-d12c68af17b8,Trunk,主干,spare_line,备用线,"rgb(128,128,128)",0.6810275901619857,TMP_1b2aab21-7ab6-4b3e-a6f9-6d7943d0cc15,LoadBreakSwitch,开关00088,1,TMP_e43556b0-1d3e-4814-a8b5-e56c37641bb3,Substation,站房000077,1
TMP_885a8209-f79c-41b9-a8be-39e0cf5cf06e,Trunk,主干,spare_line,备用线,"rgb(128,128,128)",0.6810275901619857,TMP_1b2aab21-7ab6-4b3e-a6f9-6d7943d0cc15,LoadBreakSwitch,开关00088,2,TMP_3f18addb-8b2a-4d7e-8f2b-ae5ba4c5b137,Junction,,1
TMP_24ca357f-751b-4629-9b60-a5402b054fb6,Trunk,主干,spare_line,备用线,"rgb(128,128,128)",0.6810275901619857,TMP_1b2aab21-7ab6-4b3e-a6f9-6d7943d0cc15,LoadBreakSwitch,开关00088,2,TMP_3f18addb-8b2a-4d7e-8f2b-ae5ba4c5b137,Junction,,1
TMP_9903822a-1af0-411d-9de2-d91ed020a68c,Trunk,主干,spare_line,备用线,"rgb(128,128,128)",0.6810275901619857,TMP_8195d938-6eb8-41fe-9082-6fde72e4f888,LoadBreakSwitch,开关00087,1,TMP_ad977ae3-28fb-422e-922b-84ea17b46358,Junction,,1
TMP_1209288a-efd9-4bef-9b84-e4ab369da690,Trunk,主干,spare_line,备用线,"rgb(128,128,128)",0.6810275901619857,TMP_8195d938-6eb8-41fe-9082-6fde72e4f888,LoadBreakSwitch,开关00087,2,TMP_ad977ae3-28fb-422e-922b-84ea17b46358,Junction,,1
TMP_01cb82c3-12b3-4832-80e7-6fb5233e4434,Trunk,主干,spare_line,备用线,"rgb(128,128,128)",0.6810275901619857,TMP_8195d938-6eb8-41fe-9082-6fde72e4f888,LoadBreakSwitch,开关00087,2,TMP_ad977ae3-28fb-422e-922b-84ea17b46358,Junction,,1
TMP_9ed3adc2-615f-46a4-bee2-ae417c14deab,Trunk,主干,spare_line,备用线,"rgb(128,128,128)",0.6810276891229293,TMP_eb0649c6-30d5-46ae-a841-89e4fb1802b2,LoadBreakSwitch,开关00086,1,TMP_291e4c0b-0c6c-41e2-bb08-ae99c9f20ce6,Substation,站房000076,1
TMP_f83cca0c-c57d-4105-bf66-ce95ba282317,Trunk,主干,spare_line,备用线,"rgb(128,128,128)",0.6810276891229293,TMP_eb0649c6-30d5-46ae-a841-89e4fb1802b2,LoadBreakSwitch,开关00086,2,TMP_ef214d5f-efa1-4c38-b54d-79e8fbc7a54a,Junction,,1
TMP_0e24e380-500b-4650-bb0b-15f837903aa6,Trunk,主干,spare_line,备用线,"rgb(128,128,128)",0.6810276891229293,TMP_eb0649c6-30d5-46ae-a841-89e4fb1802b2,LoadBreakSwitch,开关00086,2,TMP_ef214d5f-efa1-4c38-b54d-79e8fbc7a54a,Junction,,1
TMP_461f0092-ce9a-41c1-a8bd-2619c5a35792,Trunk,主干,spare_line,备用线,"rgb(128,128,128)",0.6810276891229293,TMP_d8c83b3a-2f69-4538-aa9b-99677b7f30ec,LoadBreakSwitch,开关00085,1,TMP_7a055ddc-ac68-40a7-a030-fc039de31d59,Junction,,1
TMP_48c5d626-c6a7-485e-a3a9-06440dcf5669,Trunk,主干,spare_line,备用线,"rgb(128,128,128)",0.6810276891229293,TMP_d8c83b3a-2f69-4538-aa9b-99677b7f30ec,LoadBreakSwitch,开关00085,2,TMP_7a055ddc-ac68-40a7-a030-fc039de31d59,Junction,,1
TMP_4a8a7cf4-02b1-454a-acb4-19b30f58b072,Trunk,主干,spare_line,备用线,"rgb(128,128,128)",0.6810276891229293,TMP_d8c83b3a-2f69-4538-aa9b-99677b7f30ec,LoadBreakSwitch,开关00085,2,TMP_7a055ddc-ac68-40a7-a030-fc039de31d59,Junction,,1
TMP_ed2e709e-63db-48c7-83d2-8778bf163626,Trunk,主干,spare_line,备用线,"rgb(128,128,128)",0.6810276891229293,TMP_9d3ce58b-2719-4c07-9f81-ba9cf2d01ee4,LoadBreakSwitch,开关00084,1,TMP_291e4c0b-0c6c-41e2-bb08-ae99c9f20ce6,Substation,站房000076,1
TMP_19dd8652-c5ba-45e4-be5c-216c7c5d9113,Trunk,主干,spare_line,备用线,"rgb(128,128,128)",0.6810276891229293,TMP_9d3ce58b-2719-4c07-9f81-ba9cf2d01ee4,LoadBreakSwitch,开关00084,2,TMP_f7848c2e-5a6a-4415-8144-a093e36a5361,Junction,,1
TMP_0c6719ba-66ea-4ef3-a966-5c2f6f72ea7b,Trunk,主干,spare_line,备用线,"rgb(128,128,128)",0.6810276891229293,TMP_9d3ce58b-2719-4c07-9f81-ba9cf2d01ee4,LoadBreakSwitch,开关00084,2,TMP_f7848c2e-5a6a-4415-8144-a093e36a5361,Junction,,1
TMP_22216785-8714-4478-afa8-5d86bf7c32d7,Trunk,主干,spare_line,备用线,"rgb(128,128,128)",0.6810276891229293,TMP_e4bc90bf-f095-4460-a31c-72253a3cf818,LoadBreakSwitch,开关00083,1,TMP_fe67f0d1-bf1c-4901-8f12-a276233969c9,Junction,,1
TMP_1fb52bc4-7cdf-48bc-a9a3-528d87e5bf0d,Trunk,主干,spare_line,备用线,"rgb(128,128,128)",0.6810276891229293,TMP_e4bc90bf-f095-4460-a31c-72253a3cf818,LoadBreakSwitch,开关00083,2,TMP_fe67f0d1-bf1c-4901-8f12-a276233969c9,Junction,,1
TMP_bd212cee-8370-4681-b58c-091e7c5fa14c,Trunk,主干,spare_line,备用线,"rgb(128,128,128)",0.6810276891229293,TMP_e4bc90bf-f095-4460-a31c-72253a3cf818,LoadBreakSwitch,开关00083,2,TMP_fe67f0d1-bf1c-4901-8f12-a276233969c9,Junction,,1
TMP_c5c954d8-ad9b-497c-9687-e741f4adf437,Trunk,主干,spare_line,备用线,"rgb(128,128,128)",0.6615474253179527,TMP_a28c9ba9-8793-4c48-9f0c-2e8dd1e08958,LoadBreakSwitch,开关00082,1,TMP_dd93446b-407f-4cc5-9214-45a0c91b8598,LoadBreakSwitch,开关00080,1
TMP_8ce72263-fcf0-4474-ae1c-1698c78d5684,Trunk,主干,spare_line,备用线,"rgb(128,128,128)",0.6615474253179527,TMP_a28c9ba9-8793-4c48-9f0c-2e8dd1e08958,LoadBreakSwitch,开关00082,2,TMP_10d9f44e-f2b3-4ff3-8183-7b461371b867,Junction,,1
TMP_17b8bd7e-ef97-48cb-b3a7-b53144789eed,Trunk,主干,spare_line,备用线,"rgb(128,128,128)",0.6615474253179527,TMP_a28c9ba9-8793-4c48-9f0c-2e8dd1e08958,LoadBreakSwitch,开关00082,2,TMP_10d9f44e-f2b3-4ff3-8183-7b461371b867,Junction,,1
TMP_7ec9a5aa-1190-4f2d-afec-a3183407c37f,Trunk,主干,spare_line,备用线,"rgb(128,128,128)",0.6615474253179527,TMP_10d9f44e-f2b3-4ff3-8183-7b461371b867,Junction,,1,TMP_6fad8ce0-dfbf-4ed9-83f7-f5b67e824e26,GroundDisconnector,地刀0006,1
TMP_b6762c5a-ab42-4b03-9d4b-db454e230f77,Trunk,主干,spare_line,备用线,"rgb(128,128,128)",0.6615474253179527,TMP_10d9f44e-f2b3-4ff3-8183-7b461371b867,Junction,,1,TMP_6fad8ce0-dfbf-4ed9-83f7-f5b67e824e26,GroundDisconnector,地刀0006,1
TMP_cb24108b-78d8-484d-bfd2-3532795753f9,Trunk,主干,spare_line,备用线,"rgb(128,128,128)",0.6615474253179527,TMP_bf93dcc7-5f35-453d-b048-f161da0465c3,Breaker,开关00031,1,TMP_c799cb7d-cee6-475c-8707-9ed2c4c60b39,Disconnector,刀闸0073,1
TMP_bd7fccf4-ecec-4473-978f-92c8e4d9cd44,Trunk,主干,spare_line,备用线,"rgb(128,128,128)",0.6615474253179527,TMP_bf93dcc7-5f35-453d-b048-f161da0465c3,Breaker,开关00031,2,TMP_c799cb7d-cee6-475c-8707-9ed2c4c60b39,Disconnector,刀闸0073,1
TMP_cd0d6c74-ba1f-4708-9ea9-f76555e46169,Trunk,主干,spare_line,备用线,"rgb(128,128,128)",0.6615474253179527,TMP_c799cb7d-cee6-475c-8707-9ed2c4c60b39,Disconnector,刀闸0073,2,TMP_f6ca09b8-6622-4bfa-9305-a11bfebe7107,Junction,,1
TMP_971074ff-a5e9-4b18-843d-06b257be1d49,Trunk,主干,spare_line,备用线,"rgb(128,128,128)",0.6615474253179527,TMP_c799cb7d-cee6-475c-8707-9ed2c4c60b39,Disconnector,刀闸0073,2,TMP_f6ca09b8-6622-4bfa-9305-a11bfebe7107,Junction,,1
TMP_aec79833-aa47-4e1c-84ab-85f6e12b0f9f,Trunk,主干,spare_line,备用线,"rgb(128,128,128)",0.6615474253179527,TMP_f6ca09b8-6622-4bfa-9305-a11bfebe7107,Junction,,1,TMP_f8ea0bdf-bb89-48e4-88a4-f87e1ece49e0,GroundDisconnector,地刀0007,1
TMP_1b9dd866-fb30-446f-a224-b6977bd2d0aa,Trunk,主干,spare_line,备用线,"rgb(128,128,128)",0.6615474253179527,TMP_f6ca09b8-6622-4bfa-9305-a11bfebe7107,Junction,,1,TMP_f8ea0bdf-bb89-48e4-88a4-f87e1ece49e0,GroundDisconnector,地刀0007,1
TMP_eed7051c-af53-4105-8c32-518674175390,Trunk,主干,spare_line,备用线,"rgb(128,128,128)",0.6615474253179527,TMP_635ebbaa-e5f3-4570-9587-c202d5fd5154,LoadBreakSwitch,开关00081,1,TMP_bf93dcc7-5f35-453d-b048-f161da0465c3,Breaker,开关00031,1
TMP_a53bfdbc-4e55-4ea2-a113-6b62c069bbbe,Trunk,主干,spare_line,备用线,"rgb(128,128,128)",0.6615474253179527,TMP_635ebbaa-e5f3-4570-9587-c202d5fd5154,LoadBreakSwitch,开关00081,2,TMP_5c960660-81b8-42ec-b35c-2f4049e32c66,Junction,,1
TMP_3dcf13fb-7bfe-414e-8c30-689cc1228676,Trunk,主干,spare_line,备用线,"rgb(128,128,128)",0.6615474253179527,TMP_635ebbaa-e5f3-4570-9587-c202d5fd5154,LoadBreakSwitch,开关00081,2,TMP_5c960660-81b8-42ec-b35c-2f4049e32c66,Junction,,1
TMP_fa53b0d4-0abc-46f2-ba4c-5ae8b7cdf543,Trunk,主干,spare_line,备用线,"rgb(128,128,128)",0.6615474253179527,TMP_5c960660-81b8-42ec-b35c-2f4049e32c66,Junction,,1,TMP_c4267ff0-faf6-46d3-a03e-8e1ae6256762,GroundDisconnector,地刀0008,1
TMP_14b68afe-684f-4de6-b69d-eb2922f56766,Trunk,主干,spare_line,备用线,"rgb(128,128,128)",0.6615474253179527,TMP_5c960660-81b8-42ec-b35c-2f4049e32c66,Junction,,1,TMP_c4267ff0-faf6-46d3-a03e-8e1ae6256762,GroundDisconnector,地刀0008,1
TMP_9d1a8c06-59e7-44ce-840b-5b801a904593,Trunk,主干,spare_line,备用线,"rgb(128,128,128)",0.6615474253179527,TMP_dd93446b-407f-4cc5-9214-45a0c91b8598,LoadBreakSwitch,开关00080,1,TMP_a28c9ba9-8793-4c48-9f0c-2e8dd1e08958,LoadBreakSwitch,开关00082,1
TMP_abd78ba4-9e6a-46fd-88df-224b42aaab92,Trunk,主干,spare_line,备用线,"rgb(128,128,128)",0.6615474253179527,TMP_dd93446b-407f-4cc5-9214-45a0c91b8598,LoadBreakSwitch,开关00080,2,TMP_eb45b949-ddc7-4487-b9a0-e5584716cf8b,GroundDisconnector,地刀0009,1
TMP_53401c69-62fd-44f2-ba49-36a93565490a,Trunk,主干,spare_line,备用线,"rgb(128,128,128)",0.6615474253179527,TMP_dd93446b-407f-4cc5-9214-45a0c91b8598,LoadBreakSwitch,开关00080,2,TMP_bceb8470-46f8-4b77-be7e-1b75e68e0c2b,Fuse,刀闸0068,1
TMP_158633cf-4ab6-473f-87f4-d64d9bed359d,Trunk,主干,spare_line,备用线,"rgb(128,128,128)",0.6615474253179527,TMP_dd93446b-407f-4cc5-9214-45a0c91b8598,LoadBreakSwitch,开关00080,2,TMP_eb45b949-ddc7-4487-b9a0-e5584716cf8b,GroundDisconnector,地刀0009,1
TMP_7badad92-111d-447f-b154-b1b393bbc4f1,Trunk,主干,spare_line,备用线,"rgb(128,128,128)",0.6615474253179527,TMP_bceb8470-46f8-4b77-be7e-1b75e68e0c2b,Fuse,刀闸0068,2,TMP_ec57b1ec-d654-46c2-850f-629620ce947c,PotentialTransformer,PT001,1
TMP_08fccdc5-b704-4160-ad9d-c438353736f6,Trunk,主干,spare_line,备用线,"rgb(128,128,128)",0.6615474253179527,TMP_7c03fb25-d5f6-48b1-a889-0f25062c62b0,Breaker,开关00032,1,TMP_ba305a8d-877c-4c4c-badc-821eee1ee68e,Disconnector,刀闸0074,1
TMP_523449b0-5b5a-47c9-aa32-05158f04d4ad,Trunk,主干,spare_line,备用线,"rgb(128,128,128)",0.6615474253179527,TMP_7c03fb25-d5f6-48b1-a889-0f25062c62b0,Breaker,开关00032,2,TMP_ba305a8d-877c-4c4c-badc-821eee1ee68e,Disconnector,刀闸0074,1
TMP_bf862063-15fa-4e9b-98f6-6a91cf1e91fd,Trunk,主干,spare_line,备用线,"rgb(128,128,128)",0.6615474253179527,TMP_ba305a8d-877c-4c4c-badc-821eee1ee68e,Disconnector,刀闸0074,2,TMP_a4a73f97-226e-438e-84d7-c935955bed7b,Junction,,1
TMP_c4b67eeb-6279-4642-9fba-51a6c6968d4f,Trunk,主干,spare_line,备用线,"rgb(128,128,128)",0.6615474253179527,TMP_ba305a8d-877c-4c4c-badc-821eee1ee68e,Disconnector,刀闸0074,2,TMP_a4a73f97-226e-438e-84d7-c935955bed7b,Junction,,1
TMP_c2121665-062a-4a93-905a-32150d437b8d,Trunk,主干,spare_line,备用线,"rgb(128,128,128)",0.6615474253179527,TMP_a4a73f97-226e-438e-84d7-c935955bed7b,Junction,,1,TMP_f4bb0b80-cca9-4123-9656-d8020ea98117,GroundDisconnector,地刀0010,1
TMP_28e0f21f-0286-4e8d-b2f9-1e86ea74b397,Trunk,主干,spare_line,备用线,"rgb(128,128,128)",0.6615474253179527,TMP_a4a73f97-226e-438e-84d7-c935955bed7b,Junction,,1,TMP_f4bb0b80-cca9-4123-9656-d8020ea98117,GroundDisconnector,地刀0010,1
TMP_38d20605-affa-48bb-bf18-df08b7e7cd61,Trunk,主干,spare_line,备用线,"rgb(128,128,128)",0.6614537093044637,TMP_37c33488-1abf-4505-b10d-5e168c2c6a93,LoadBreakSwitch,开关00079,1,TMP_8ea45ee6-be12-446c-9610-d3980db0bdbf,GroundDisconnector,地刀0001,1
TMP_50ada494-1147-4577-92bd-712a7056d69e,Trunk,主干,spare_line,备用线,"rgb(128,128,128)",0.6614537093044637,TMP_37c33488-1abf-4505-b10d-5e168c2c6a93,LoadBreakSwitch,开关00079,2,TMP_8ea45ee6-be12-446c-9610-d3980db0bdbf,GroundDisconnector,地刀0001,1
TMP_8d2990f1-2af4-4761-9ee4-3192c1d6b32e,Trunk,主干,spare_line,备用线,"rgb(128,128,128)",0.6614537093044637,TMP_37c33488-1abf-4505-b10d-5e168c2c6a93,LoadBreakSwitch,开关00079,2,TMP_c78400d6-54e7-48c5-a2cd-a559ec165464,Fuse,刀闸0067,1
TMP_3c8e720c-08de-498b-972e-a9043db484be,Trunk,主干,spare_line,备用线,"rgb(128,128,128)",0.6614537093044637,TMP_c78400d6-54e7-48c5-a2cd-a559ec165464,Fuse,刀闸0067,2,TMP_8c682e6c-8160-4113-8eeb-1c659d342e93,PotentialTransformer,PT002,1
TMP_fe2ca6a9-55e9-453c-85e1-a76686d8a9b8,Trunk,主干,spare_line,备用线,"rgb(128,128,128)",0.6614537093044637,TMP_6469ef55-e37b-4ad8-9d8a-2dbfb6bbf806,LoadBreakSwitch,开关00078,1,TMP_b9e05d0f-e4c9-4fa7-8918-13bc7d5d95bd,GroundDisconnector,地刀0002,1
TMP_71837862-c813-4bb2-80a3-f3807053ae3b,Trunk,主干,spare_line,备用线,"rgb(128,128,128)",0.6614537093044637,TMP_6469ef55-e37b-4ad8-9d8a-2dbfb6bbf806,LoadBreakSwitch,开关00078,2,TMP_52c43a8b-c698-4025-ab8e-976e67e2327c,Junction,,1
TMP_a5102f13-c52e-4d63-9817-4032a59646b6,Trunk,主干,spare_line,备用线,"rgb(128,128,128)",0.6614537093044637,TMP_6469ef55-e37b-4ad8-9d8a-2dbfb6bbf806,LoadBreakSwitch,开关00078,2,TMP_b9e05d0f-e4c9-4fa7-8918-13bc7d5d95bd,GroundDisconnector,地刀0002,1
TMP_6b2e7f73-fec1-4497-bb42-227b204dbb19,Trunk,主干,spare_line,备用线,"rgb(128,128,128)",0.6614537093044637,TMP_52c43a8b-c698-4025-ab8e-976e67e2327c,Junction,,1,TMP_b9e05d0f-e4c9-4fa7-8918-13bc7d5d95bd,GroundDisconnector,地刀0002,1
TMP_2e3afa54-5cac-4dbb-af63-1716d4ffb389,Trunk,主干,spare_line,备用线,"rgb(128,128,128)",0.6614537093044637,TMP_83ddbc9b-82ce-462e-a08c-24c6b73691a8,LoadBreakSwitch,开关00077,1,TMP_064a9a33-3012-4a13-9eed-bac2e63abc20,GroundDisconnector,地刀0003,1
TMP_0686794b-a67a-4b1a-b4b5-3613f78d7260,Trunk,主干,spare_line,备用线,"rgb(128,128,128)",0.6614537093044637,TMP_83ddbc9b-82ce-462e-a08c-24c6b73691a8,LoadBreakSwitch,开关00077,2,TMP_064a9a33-3012-4a13-9eed-bac2e63abc20,GroundDisconnector,地刀0003,1
TMP_c5cacda9-0efb-475e-b389-7af87ed2389f,Trunk,主干,spare_line,备用线,"rgb(128,128,128)",0.6614537093044637,TMP_83ddbc9b-82ce-462e-a08c-24c6b73691a8,LoadBreakSwitch,开关00077,2,TMP_5f144896-ab33-4a24-8a3d-b2b152ecc460,Substation,站房000082,1
TMP_ccd71b0e-a4a2-4fd0-85ee-90668797fa38,Trunk,主干,spare_line,备用线,"rgb(128,128,128)",0.6614537093044637,TMP_5f144896-ab33-4a24-8a3d-b2b152ecc460,Substation,站房000082,1,TMP_a9e7be2a-5476-4d14-a77d-695f1a5713d0,Junction,,1
TMP_e78bc25a-c6dd-41c4-b59f-cff9752653f5,Trunk,主干,spare_line,备用线,"rgb(128,128,128)",0.6614537093044637,TMP_664b4bfa-cf5c-4fb0-b457-bc06cf8c8182,Breaker,开关00029,1,TMP_d28e2a9d-4566-4369-a179-13b8cba3b5e8,Disconnector,刀闸0071,1
TMP_192696d6-98ad-4b74-8d64-929f87bcca63,Trunk,主干,spare_line,备用线,"rgb(128,128,128)",0.6614537093044637,TMP_664b4bfa-cf5c-4fb0-b457-bc06cf8c8182,Breaker,开关00029,2,TMP_d28e2a9d-4566-4369-a179-13b8cba3b5e8,Disconnector,刀闸0071,1
TMP_cbe6f53d-68f2-4985-b7b6-8ad2c68fa40f,Trunk,主干,spare_line,备用线,"rgb(128,128,128)",0.6614537093044637,TMP_d28e2a9d-4566-4369-a179-13b8cba3b5e8,Disconnector,刀闸0071,2,TMP_4564a546-b0f1-4f01-928c-159ccb82a033,Junction,,1
TMP_242d1186-cee4-4d80-8385-fe6a546f6322,Trunk,主干,spare_line,备用线,"rgb(128,128,128)",0.6614537093044637,TMP_d28e2a9d-4566-4369-a179-13b8cba3b5e8,Disconnector,刀闸0071,2,TMP_7566b348-b1b5-4274-8254-76c08e383baf,GroundDisconnector,地刀0004,1
TMP_dca0675f-288a-4e51-acf2-87509f730360,Trunk,主干,spare_line,备用线,"rgb(128,128,128)",0.6614537093044637,TMP_4564a546-b0f1-4f01-928c-159ccb82a033,Junction,,1,TMP_7566b348-b1b5-4274-8254-76c08e383baf,GroundDisconnector,地刀0004,1
TMP_5558e713-d933-45e9-96ad-f973b43c2f75,Trunk,主干,spare_line,备用线,"rgb(128,128,128)",0.6614537093044637,TMP_15318d5e-5bfe-447a-ac3a-b4988be3d6b2,Breaker,开关00030,1,TMP_05bf76aa-5035-45a2-a4f2-ac54df5d41f6,Disconnector,刀闸0072,1
TMP_7c7d4929-03fd-44a9-868a-6be61d552a30,Trunk,主干,spare_line,备用线,"rgb(128,128,128)",0.6614537093044637,TMP_15318d5e-5bfe-447a-ac3a-b4988be3d6b2,Breaker,开关00030,2,TMP_05bf76aa-5035-45a2-a4f2-ac54df5d41f6,Disconnector,刀闸0072,1
TMP_38378a0f-a770-4385-9aca-749ac3d94ced,Trunk,主干,spare_line,备用线,"rgb(128,128,128)",0.6614537093044637,TMP_05bf76aa-5035-45a2-a4f2-ac54df5d41f6,Disconnector,刀闸0072,2,TMP_bc7d8a42-8396-4f57-a824-faf0d738a134,Junction,,1
TMP_fae9de32-0ec5-44e4-b187-2417cae86b9a,Trunk,主干,spare_line,备用线,"rgb(128,128,128)",0.6614537093044637,TMP_05bf76aa-5035-45a2-a4f2-ac54df5d41f6,Disconnector,刀闸0072,2,TMP_6a35721b-3a87-42fb-837e-357bc4370d45,GroundDisconnector,地刀0005,1
TMP_54387dbd-8381-4e32-bfef-183b6d6e0f0e,Trunk,主干,spare_line,备用线,"rgb(128,128,128)",0.6614537093044637,TMP_bc7d8a42-8396-4f57-a824-faf0d738a134,Junction,,1,TMP_6a35721b-3a87-42fb-837e-357bc4370d45,GroundDisconnector,地刀0005,1
TMP_37e677af-901d-4d31-a7e4-7b9e9d0c1ae4,Trunk,主干,spare_line,备用线,"rgb(128,128,128)",0.6614537093044637,TMP_c280420f-a812-45b3-9ea8-86f1e584fccc,Breaker,开关00049,1,TMP_192d9425-8d26-4158-b1cd-386be3576680,GroundDisconnector,地刀0031,1
TMP_bd0be90f-9ccd-484d-9b89-973a3cb2ef8b,Trunk,主干,spare_line,备用线,"rgb(128,128,128)",0.6614537093044637,TMP_c280420f-a812-45b3-9ea8-86f1e584fccc,Breaker,开关00049,2,TMP_192d9425-8d26-4158-b1cd-386be3576680,GroundDisconnector,地刀0031,1
TMP_b5a43a45-dfae-4528-adbe-8954850ecf19,Trunk,主干,spare_line,备用线,"rgb(128,128,128)",0.6614537093044637,TMP_c280420f-a812-45b3-9ea8-86f1e584fccc,Breaker,开关00049,2,TMP_f427508f-0d1e-4b76-9146-fddb242ac465,Disconnector,刀闸0091,1
TMP_d312efa6-89d7-41c2-827e-3b732ac5b595,Trunk,主干,spare_line,备用线,"rgb(128,128,128)",0.6614537093044637,TMP_f427508f-0d1e-4b76-9146-fddb242ac465,Disconnector,刀闸0091,2,TMP_96e37972-69c8-491e-ac63-e5c4534d06aa,Junction,,1
TMP_c1be78b5-0733-4d7f-b18c-64dd67114f1e,Trunk,主干,spare_line,备用线,"rgb(128,128,128)",0.6614537093044637,TMP_96e37972-69c8-491e-ac63-e5c4534d06aa,Junction,,1,TMP_f427508f-0d1e-4b76-9146-fddb242ac465,Disconnector,刀闸0091,2
TMP_ce11add2-9ecd-48d7-960b-fdd6f3a7f8a6,Trunk,主干,spare_line,备用线,"rgb(128,128,128)",0.6614537093044637,TMP_c06e4ff4-059f-455f-b6b6-7a0f9cafcd48,Breaker,开关00050,1,TMP_bede2999-5857-4816-889a-0bc97203fd56,GroundDisconnector,地刀0032,1
TMP_43759a71-3710-49f3-abd8-7906334738a8,Trunk,主干,spare_line,备用线,"rgb(128,128,128)",0.6614537093044637,TMP_c06e4ff4-059f-455f-b6b6-7a0f9cafcd48,Breaker,开关00050,2,TMP_bede2999-5857-4816-889a-0bc97203fd56,GroundDisconnector,地刀0032,1
TMP_13b22561-0491-4f74-8087-a8948daedac5,Trunk,主干,spare_line,备用线,"rgb(128,128,128)",0.6614537093044637,TMP_c06e4ff4-059f-455f-b6b6-7a0f9cafcd48,Breaker,开关00050,2,TMP_62b0d608-8b52-4e12-835a-871d1a1d9069,Disconnector,刀闸0092,1
TMP_07697e37-7ee8-4346-b8aa-3903011061ab,Trunk,主干,spare_line,备用线,"rgb(128,128,128)",0.6614537093044637,TMP_62b0d608-8b52-4e12-835a-871d1a1d9069,Disconnector,刀闸0092,2,TMP_035c1a2b-c189-46d7-8779-2b59c4cdadb8,Junction,,1
TMP_0ca0b87b-a9f3-4191-9669-bf5190dcb60c,Trunk,主干,spare_line,备用线,"rgb(128,128,128)",0.6614537093044637,TMP_035c1a2b-c189-46d7-8779-2b59c4cdadb8,Junction,,1,TMP_62b0d608-8b52-4e12-835a-871d1a1d9069,Disconnector,刀闸0092,2
TMP_a185808c-0c92-462d-8727-342db1485ea4,Trunk,主干,spare_line,备用线,"rgb(128,128,128)",0.6614537093044637,TMP_5fdb8258-58a1-4e52-b1d0-9f1141378ed4,LoadBreakSwitch,开关00064,1,TMP_f4745c4f-0cfa-42e1-9d91-c4f3ef90930a,GroundDisconnector,地刀0033,1
TMP_c74c8be6-4f1a-4aff-b71f-438a7f076174,Trunk,主干,spare_line,备用线,"rgb(128,128,128)",0.6614537093044637,TMP_5fdb8258-58a1-4e52-b1d0-9f1141378ed4,LoadBreakSwitch,开关00064,2,TMP_f4745c4f-0cfa-42e1-9d91-c4f3ef90930a,GroundDisconnector,地刀0033,1
TMP_4ea78861-416b-409d-b4a3-6ed6cdee2378,Trunk,主干,spare_line,备用线,"rgb(128,128,128)",0.6614537093044637,TMP_5fdb8258-58a1-4e52-b1d0-9f1141378ed4,LoadBreakSwitch,开关00064,2,TMP_2d92aaae-b6b4-4969-a049-7748fdb2ce1a,Fuse,刀闸0070,1
TMP_e04f7908-9b0c-4d2f-89fd-20ab51aa3cee,Trunk,主干,spare_line,备用线,"rgb(128,128,128)",0.6614537093044637,TMP_2d92aaae-b6b4-4969-a049-7748fdb2ce1a,Fuse,刀闸0070,2,TMP_965ae9dd-013f-4b1b-97e2-975f816de1a0,PotentialTransformer,PT003,1
TMP_3443eb1b-1187-4453-8497-d56157a55ae1,Trunk,主干,spare_line,备用线,"rgb(128,128,128)",0.6614537093044637,TMP_29561fa1-fdbe-4020-955b-de15b380f0ed,LoadBreakSwitch,开关00063,1,TMP_d78e7474-a7cc-4d6f-9dde-74af9d4f0aaa,GroundDisconnector,地刀0034,1
TMP_9d296edd-4642-456a-ae47-84d4d6b46b99,Trunk,主干,spare_line,备用线,"rgb(128,128,128)",0.6614537093044637,TMP_29561fa1-fdbe-4020-955b-de15b380f0ed,LoadBreakSwitch,开关00063,2,TMP_d78e7474-a7cc-4d6f-9dde-74af9d4f0aaa,GroundDisconnector,地刀0034,1
TMP_ceea5df6-0903-4d88-a33f-75f1c2d507cd,Trunk,主干,spare_line,备用线,"rgb(128,128,128)",0.6614537093044637,TMP_29561fa1-fdbe-4020-955b-de15b380f0ed,LoadBreakSwitch,开关00063,2,TMP_0e8d6bce-7ba5-4ddf-997b-b279fc5727dd,Junction,,1
TMP_c10b31b7-e753-4e34-aaa2-363d17c31256,Trunk,主干,spare_line,备用线,"rgb(128,128,128)",0.6614537093044637,TMP_0e8d6bce-7ba5-4ddf-997b-b279fc5727dd,Junction,,1,TMP_d78e7474-a7cc-4d6f-9dde-74af9d4f0aaa,GroundDisconnector,地刀0034,1
TMP_93b9dde9-776f-4b4f-ad05-337fe0639566,Trunk,主干,spare_line,备用线,"rgb(128,128,128)",0.6614537093044637,TMP_2db5d7b1-0bc0-412e-8144-3aff027ad862,LoadBreakSwitch,开关00062,1,TMP_d4ffc021-8747-4286-90c2-84f17dd70c65,GroundDisconnector,地刀0035,1
TMP_4b405d71-9833-463a-bb8b-c240e4f1ba6a,Trunk,主干,spare_line,备用线,"rgb(128,128,128)",0.6614537093044637,TMP_2db5d7b1-0bc0-412e-8144-3aff027ad862,LoadBreakSwitch,开关00062,2,TMP_d4ffc021-8747-4286-90c2-84f17dd70c65,GroundDisconnector,地刀0035,1
TMP_6952c9d8-6ab9-4b22-9c7f-67021a143c82,Trunk,主干,spare_line,备用线,"rgb(128,128,128)",0.6614537093044637,TMP_2db5d7b1-0bc0-412e-8144-3aff027ad862,LoadBreakSwitch,开关00062,2,TMP_f8dad5fe-c222-4569-9244-3f568b6020d9,Substation,站房000086,1
TMP_9de02d13-5f7f-41fe-bbbd-b362e76c2790,Trunk,主干,spare_line,备用线,"rgb(128,128,128)",0.6614537093044637,TMP_f8dad5fe-c222-4569-9244-3f568b6020d9,Substation,站房000086,1,TMP_01553009-bde7-4823-9a09-932a542a7a47,Junction,,1
TMP_f7e1d603-1afc-475e-ac9d-a1c3be8ffc1f,Trunk,主干,spare_line,备用线,"rgb(128,128,128)",0.6810276396424575,TMP_6b6bcc31-8d4f-4c01-88c5-87fb4c9d0d30,LoadBreakSwitch,开关00076,1,TMP_df973d19-c6e6-4474-8e6d-a4d2773715bd,Junction,,1
TMP_b866c446-e1ce-4d65-899b-13027e878981,Trunk,主干,spare_line,备用线,"rgb(128,128,128)",0.6810276396424575,TMP_6b6bcc31-8d4f-4c01-88c5-87fb4c9d0d30,LoadBreakSwitch,开关00076,2,TMP_df973d19-c6e6-4474-8e6d-a4d2773715bd,Junction,,1
TMP_cb12f120-0313-4280-a6ef-7ff8be01d9a2,Trunk,主干,spare_line,备用线,"rgb(128,128,128)",0.6810276396424575,TMP_6491298b-cbc7-46e0-b892-0cb0728b3892,LoadBreakSwitch,开关00075,1,TMP_a3dc8756-f534-421e-b8ff-08879223eea4,Substation,站房000084,1
TMP_7d12ebbd-29c3-4f27-a28d-68581ffeb3be,Trunk,主干,spare_line,备用线,"rgb(128,128,128)",0.6810276396424575,TMP_6491298b-cbc7-46e0-b892-0cb0728b3892,LoadBreakSwitch,开关00075,2,TMP_cabc20f3-636a-4691-9f73-a5376e06ae3a,Junction,,1
TMP_831318c8-3f1a-4733-9690-157334d7839c,Trunk,主干,spare_line,备用线,"rgb(128,128,128)",0.6810276396424575,TMP_aac58e69-10b1-4295-bcf1-457298b65b72,LoadBreakSwitch,开关00074,1,TMP_a3dc8756-f534-421e-b8ff-08879223eea4,Substation,站房000084,1
TMP_5d594dff-6a75-4111-a615-dd84c0d8aef6,Trunk,主干,spare_line,备用线,"rgb(128,128,128)",0.6810276396424575,TMP_aac58e69-10b1-4295-bcf1-457298b65b72,LoadBreakSwitch,开关00074,2,TMP_529c6157-ab78-4e90-82fa-f335dbc89b59,Junction,,1
TMP_8f23fbc6-a33c-462d-a72c-aacdabb2b0a1,Trunk,主干,spare_line,备用线,"rgb(128,128,128)",0.6810276396424575,TMP_6ac70eec-e940-4ca9-ad75-64690fd40483,LoadBreakSwitch,开关00073,1,TMP_6b555f4b-137c-4941-8ecf-89af32d52901,Junction,,1
TMP_c271f3d2-5fc3-4b66-89c7-80d48ba00387,Trunk,主干,spare_line,备用线,"rgb(128,128,128)",0.6810276396424575,TMP_6ac70eec-e940-4ca9-ad75-64690fd40483,LoadBreakSwitch,开关00073,2,TMP_6b555f4b-137c-4941-8ecf-89af32d52901,Junction,,1
TMP_c184168e-3144-4acc-b214-0d5d098ea9c1,Trunk,主干,spare_line,备用线,"rgb(128,128,128)",0.6810276396424575,TMP_fa28c80b-8e8e-4977-aead-bf34cf1beb95,LoadBreakSwitch,开关00072,1,TMP_cd6a6c22-7bed-474a-9753-6b1c23b6f507,Substation,站房000078,1
TMP_1927cbea-1086-4e86-a064-00a1b4b0caf7,Trunk,主干,spare_line,备用线,"rgb(128,128,128)",0.6810276396424575,TMP_fa28c80b-8e8e-4977-aead-bf34cf1beb95,LoadBreakSwitch,开关00072,2,TMP_4bef753b-63d4-4040-82e1-2d84e32111fd,Junction,,1
TMP_a9d45b3e-8095-4329-8fe7-40a519183bae,Trunk,主干,spare_line,备用线,"rgb(128,128,128)",0.6810276396424575,TMP_2c743110-ffe5-4a14-824e-cdf655c53eda,LoadBreakSwitch,开关00071,1,TMP_d1384210-346f-42f4-93cc-10bb7b2a6b49,Junction,,1
TMP_18ab30e2-df2e-4d6c-8e9d-351f417340af,Trunk,主干,spare_line,备用线,"rgb(128,128,128)",0.6810276396424575,TMP_2c743110-ffe5-4a14-824e-cdf655c53eda,LoadBreakSwitch,开关00071,2,TMP_d1384210-346f-42f4-93cc-10bb7b2a6b49,Junction,,1
TMP_d89f4ea7-5bc5-4f10-8526-640a60193842,Trunk,主干,spare_line,备用线,"rgb(128,128,128)",0.6810276396424575,TMP_a841b5a7-aea9-4fd1-9607-36191a4fd501,LoadBreakSwitch,开关00070,1,TMP_cd6a6c22-7bed-474a-9753-6b1c23b6f507,Substation,站房000078,1
TMP_6cbb28a8-2661-42aa-9f10-d5ca379cfb8b,Trunk,主干,spare_line,备用线,"rgb(128,128,128)",0.6810276396424575,TMP_a841b5a7-aea9-4fd1-9607-36191a4fd501,LoadBreakSwitch,开关00070,2,TMP_414c7dc5-9ab0-4fe4-b61b-8aff4429aeb2,Junction,,1
TMP_149c701d-8d85-4b60-aafb-9369b213fc0b,Trunk,主干,spare_line,备用线,"rgb(128,128,128)",0.6810276396424575,TMP_d996ab29-e841-4fdc-9be4-9b0d1e2b9216,LoadBreakSwitch,开关00069,1,TMP_59a569a5-d351-499c-8f93-666212f94c19,Junction,,1
TMP_3c300766-88da-4304-b8ed-ed294063e37e,Trunk,主干,spare_line,备用线,"rgb(128,128,128)",0.6810276396424575,TMP_d996ab29-e841-4fdc-9be4-9b0d1e2b9216,LoadBreakSwitch,开关00069,2,TMP_59a569a5-d351-499c-8f93-666212f94c19,Junction,,1
TMP_c2a8fa46-e03d-4f4f-ae09-33005b277d7a,Trunk,主干,spare_line,备用线,"rgb(128,128,128)",0.7153484328971493,TMP_8703b48e-845b-4bba-80f2-96b143bfb24e,LoadBreakSwitch,开关00127,1,TMP_2ba48d26-3914-4c50-a4e7-a52f5defd5a2,Junction,,1
TMP_ba6c6080-f725-43eb-ac76-3b0bc40fa65a,Trunk,主干,spare_line,备用线,"rgb(128,128,128)",0.7153484328971493,TMP_8703b48e-845b-4bba-80f2-96b143bfb24e,LoadBreakSwitch,开关00127,2,TMP_2ba48d26-3914-4c50-a4e7-a52f5defd5a2,Junction,,1
TMP_1fc95b1a-1b89-4214-b274-c1b1cd0ddad4,Trunk,主干,spare_line,备用线,"rgb(128,128,128)",0.7153484328971493,TMP_1a2c4f72-3a89-4d57-aa27-b2519ad407be,LoadBreakSwitch,开关00126,1,TMP_5b9d9e06-7de2-4c5b-a79d-71683ea41d2e,Junction,,1
TMP_0822516e-dbf9-4f4e-ad63-0087ef565be8,Trunk,主干,spare_line,备用线,"rgb(128,128,128)",0.7153484328971493,TMP_1a2c4f72-3a89-4d57-aa27-b2519ad407be,LoadBreakSwitch,开关00126,2,TMP_5b9d9e06-7de2-4c5b-a79d-71683ea41d2e,Junction,,1
TMP_3e4ebec3-db92-4ce7-995a-76b85846a4fe,Trunk,主干,spare_line,备用线,"rgb(128,128,128)",0.7153484328971493,TMP_c9828ed2-2ae9-4da3-a678-4db30b7e7dd5,LoadBreakSwitch,开关00125,1,TMP_72ca2832-e56f-4cfa-b245-949d89cd464d,Substation,站房000028,1
TMP_704104d1-5918-452c-9f28-f7f2f0c1a4af,Trunk,主干,spare_line,备用线,"rgb(128,128,128)",0.7153484328971493,TMP_c9828ed2-2ae9-4da3-a678-4db30b7e7dd5,LoadBreakSwitch,开关00125,2,TMP_d3550a56-3c87-4a54-8352-16acd8eae89f,PowerTransformer,配变2291,2
TMP_6ee28020-0222-4903-9cd2-78833d792496,Trunk,主干,spare_line,备用线,"rgb(128,128,128)",0.7153483834166776,TMP_19b9c9a6-9833-4daf-bbf7-67e978b8bff7,LoadBreakSwitch,开关00124,1,TMP_3cd40b8f-1acd-473a-abcd-26e5015f2fb0,Junction,,1
TMP_649f4796-fddf-4d1f-a6a9-f7933c36d40c,Trunk,主干,spare_line,备用线,"rgb(128,128,128)",0.7153483834166776,TMP_19b9c9a6-9833-4daf-bbf7-67e978b8bff7,LoadBreakSwitch,开关00124,2,TMP_3cd40b8f-1acd-473a-abcd-26e5015f2fb0,Junction,,1
TMP_7362761f-9c98-4035-92eb-11484fd97f45,Trunk,主干,spare_line,备用线,"rgb(128,128,128)",0.7153483834166776,TMP_7f0f090b-9817-4c43-a0a5-9ccf7752a82f,LoadBreakSwitch,开关00123,1,TMP_2d9e7969-1595-4413-8e80-bfaf6bb04019,Substation,站房000029,1
TMP_ab75168a-7e77-4ff4-b2be-60682c493874,Trunk,主干,spare_line,备用线,"rgb(128,128,128)",0.7153483834166776,TMP_7f0f090b-9817-4c43-a0a5-9ccf7752a82f,LoadBreakSwitch,开关00123,2,TMP_72ea014f-8d74-4d74-a635-d3d719e0e238,PowerTransformer,配变2290,2
TMP_72224f1b-4b6e-45b4-8339-bb3e54511f7a,Trunk,主干,spare_line,备用线,"rgb(128,128,128)",0.7153483834166776,TMP_d0dae0ab-4f99-4464-bbd6-ef8f4dea80a8,LoadBreakSwitch,开关00122,1,TMP_12de1de4-356d-43b6-b52d-dd42a0c15f34,Junction,,1
TMP_2dc83e30-79bf-4884-b7b3-6046d6bd326f,Trunk,主干,spare_line,备用线,"rgb(128,128,128)",0.7153483834166776,TMP_d0dae0ab-4f99-4464-bbd6-ef8f4dea80a8,LoadBreakSwitch,开关00122,2,TMP_12de1de4-356d-43b6-b52d-dd42a0c15f34,Junction,,1
TMP_a6a55ca3-3e83-4abf-b013-c38627bba02d,Trunk,主干,spare_line,备用线,"rgb(128,128,128)",0.7153484328971493,TMP_06a351db-0783-47c5-b757-4b7e5eba7863,LoadBreakSwitch,开关00193,1,TMP_b6bb9d9c-4759-43ff-a095-5a3de5a9d0b6,LoadBreakSwitch,开关00191,1
TMP_fbf19f20-2870-4cc0-a825-d0ac6655f721,Trunk,主干,spare_line,备用线,"rgb(128,128,128)",0.7153484328971493,TMP_06a351db-0783-47c5-b757-4b7e5eba7863,LoadBreakSwitch,开关00193,2,TMP_6debfbc8-bd84-4526-bf8d-d718c834cc5a,Junction,,1
TMP_423c1034-8d98-4871-83b4-73e7eb94d3d5,Trunk,主干,spare_line,备用线,"rgb(128,128,128)",0.7153484328971493,TMP_6debfbc8-bd84-4526-bf8d-d718c834cc5a,Junction,,1,TMP_06a351db-0783-47c5-b757-4b7e5eba7863,LoadBreakSwitch,开关00193,2
TMP_8e99b673-61e8-4d50-83e8-69e4c519fbf3,Trunk,主干,spare_line,备用线,"rgb(128,128,128)",0.7153484328971493,TMP_45327c74-d6b2-4ee2-b55a-3919ff60cac7,LoadBreakSwitch,开关00192,1,TMP_b6bb9d9c-4759-43ff-a095-5a3de5a9d0b6,LoadBreakSwitch,开关00191,1
TMP_abf026ea-4a82-4761-b4c7-de536fc70313,Trunk,主干,spare_line,备用线,"rgb(128,128,128)",0.7153484328971493,TMP_45327c74-d6b2-4ee2-b55a-3919ff60cac7,LoadBreakSwitch,开关00192,2,TMP_8a3c8b3b-7b16-40f6-afa3-6736bdf4d695,Junction,,1
TMP_153b3b4d-48e9-439b-9bf9-ce42043c1b19,Trunk,主干,spare_line,备用线,"rgb(128,128,128)",0.7153484328971493,TMP_8a3c8b3b-7b16-40f6-afa3-6736bdf4d695,Junction,,1,TMP_45327c74-d6b2-4ee2-b55a-3919ff60cac7,LoadBreakSwitch,开关00192,2
TMP_12789488-f173-472e-a8d8-e2cbaf5e492d,Trunk,主干,spare_line,备用线,"rgb(128,128,128)",0.7153484328971493,TMP_b6bb9d9c-4759-43ff-a095-5a3de5a9d0b6,LoadBreakSwitch,开关00191,1,TMP_bfdc3d57-40b3-4aa7-9598-104994f6deae,Substation,站房000063,1
TMP_f47d7cc9-43f1-4c19-8ee7-b5c1baf70c45,Trunk,主干,spare_line,备用线,"rgb(128,128,128)",0.7153484328971493,TMP_b6bb9d9c-4759-43ff-a095-5a3de5a9d0b6,LoadBreakSwitch,开关00191,2,TMP_6fe07dbe-43c6-40d7-b4a8-f681d26cda27,PowerTransformer,配变2305,2
TMP_a41102a3-5ed0-4e1b-9c4c-c9a7987350f8,Trunk,主干,spare_line,备用线,"rgb(128,128,128)",0.7153484328971493,TMP_36eb2ceb-5b72-4670-b532-505eba8af875,LoadBreakSwitch,开关00190,1,TMP_59e6a01f-082f-412f-9d58-34e62ee4482d,LoadBreakSwitch,开关00188,1
TMP_1390a718-2c71-4ea1-8701-4a6561022f01,Trunk,主干,spare_line,备用线,"rgb(128,128,128)",0.7153484328971493,TMP_36eb2ceb-5b72-4670-b532-505eba8af875,LoadBreakSwitch,开关00190,2,TMP_50ad1b83-9e0d-4fa9-86f6-f6bb10c7f0e6,Junction,,1
TMP_c334b587-18de-403b-9185-bbf3578613d8,Trunk,主干,spare_line,备用线,"rgb(128,128,128)",0.7153484328971493,TMP_50ad1b83-9e0d-4fa9-86f6-f6bb10c7f0e6,Junction,,1,TMP_36eb2ceb-5b72-4670-b532-505eba8af875,LoadBreakSwitch,开关00190,2
TMP_67700967-724f-4259-b984-a33068a0d37a,Trunk,主干,spare_line,备用线,"rgb(128,128,128)",0.7153484328971493,TMP_b8a7ffbe-3627-46e3-97e7-0c665309c8b3,LoadBreakSwitch,开关00189,1,TMP_59e6a01f-082f-412f-9d58-34e62ee4482d,LoadBreakSwitch,开关00188,1
TMP_6b78c5d1-d2b2-4e56-9ab5-aafe32a86734,Trunk,主干,spare_line,备用线,"rgb(128,128,128)",0.7153484328971493,TMP_b8a7ffbe-3627-46e3-97e7-0c665309c8b3,LoadBreakSwitch,开关00189,2,TMP_8acbe389-4425-4199-a813-f294962b343a,Junction,,1
TMP_da0372c7-73a8-4cd7-a378-653e8aec969f,Trunk,主干,spare_line,备用线,"rgb(128,128,128)",0.7153484328971493,TMP_8acbe389-4425-4199-a813-f294962b343a,Junction,,1,TMP_b8a7ffbe-3627-46e3-97e7-0c665309c8b3,LoadBreakSwitch,开关00189,2
TMP_f712456e-b1e4-4379-b22d-7d2b55cee90e,Trunk,主干,spare_line,备用线,"rgb(128,128,128)",0.7153484328971493,TMP_59e6a01f-082f-412f-9d58-34e62ee4482d,LoadBreakSwitch,开关00188,1,TMP_0e6e3cd7-f837-4701-a1df-60e26f56bc20,Substation,站房000064,1
TMP_782e9010-3196-4163-a61f-37ec7d6471e4,Trunk,主干,spare_line,备用线,"rgb(128,128,128)",0.7153484328971493,TMP_59e6a01f-082f-412f-9d58-34e62ee4482d,LoadBreakSwitch,开关00188,2,TMP_8b2a7759-a4dc-4ef8-93c6-959a1f2ac861,PowerTransformer,配变2304,2
TMP_21d68acb-e777-4d6f-a074-9ca20be492ec,Trunk,主干,spare_line,备用线,"rgb(128,128,128)",0.7153483834166776,TMP_1f6cfdd2-3d1e-48ec-9e24-944e5336cb47,LoadBreakSwitch,开关00115,1,TMP_f18f1f15-7560-4879-a59f-573665feef40,LoadBreakSwitch,开关00114,1
TMP_5bb58b37-caca-4168-98ca-114c8c737681,Trunk,主干,spare_line,备用线,"rgb(128,128,128)",0.7153483834166776,TMP_1f6cfdd2-3d1e-48ec-9e24-944e5336cb47,LoadBreakSwitch,开关00115,2,TMP_5f20d6a9-6fb1-4765-ada1-0f58511679d0,Junction,,1
TMP_3e2be87e-5d20-4ad8-8bdb-23118f37a147,Trunk,主干,spare_line,备用线,"rgb(128,128,128)",0.7153483834166776,TMP_5f20d6a9-6fb1-4765-ada1-0f58511679d0,Junction,,1,TMP_1f6cfdd2-3d1e-48ec-9e24-944e5336cb47,LoadBreakSwitch,开关00115,2
TMP_1204e4da-66d8-421f-baf5-3bbc9d93f320,Trunk,主干,spare_line,备用线,"rgb(128,128,128)",0.7153483834166776,TMP_f18f1f15-7560-4879-a59f-573665feef40,LoadBreakSwitch,开关00114,1,TMP_cb1de145-d8ca-4272-88c5-24fbaccc0472,Substation,站房000032,1
TMP_f338bcb8-b1bd-4340-ab51-5898bc9b0a3c,Trunk,主干,spare_line,备用线,"rgb(128,128,128)",0.7153483834166776,TMP_f18f1f15-7560-4879-a59f-573665feef40,LoadBreakSwitch,开关00114,2,TMP_8b81771f-d12f-4b58-95d8-7015a13c09c4,PowerTransformer,配变2287,2
TMP_443269fb-8e9a-4026-93a6-d6173472c62e,Trunk,主干,spare_line,备用线,"rgb(128,128,128)",0.7153483834166776,TMP_d6189086-30c7-436a-9d22-527f2d3df490,LoadBreakSwitch,开关00113,1,TMP_f18f1f15-7560-4879-a59f-573665feef40,LoadBreakSwitch,开关00114,1
TMP_ddb68c42-f89d-409f-bcc1-a45591c7257f,Trunk,主干,spare_line,备用线,"rgb(128,128,128)",0.7153483834166776,TMP_d6189086-30c7-436a-9d22-527f2d3df490,LoadBreakSwitch,开关00113,2,TMP_57465e0f-61e3-4534-8cc1-c0cfc54ba643,Junction,,1
TMP_ed65fead-0716-42ef-9f46-955846380bda,Trunk,主干,spare_line,备用线,"rgb(128,128,128)",0.7153483834166776,TMP_57465e0f-61e3-4534-8cc1-c0cfc54ba643,Junction,,1,TMP_d6189086-30c7-436a-9d22-527f2d3df490,LoadBreakSwitch,开关00113,2
TMP_d200494e-df65-407a-b971-447ff6342ca3,Trunk,主干,spare_line,备用线,"rgb(128,128,128)",0.7153483834166776,TMP_8ea12fc6-f792-4115-aa5f-572636213477,LoadBreakSwitch,开关00205,1,TMP_98134756-4f70-4349-ab22-5575448f2ac4,Junction,,1
TMP_6c70a82f-801b-4c32-86a2-c348de0d4464,Trunk,主干,spare_line,备用线,"rgb(128,128,128)",0.7153483834166776,TMP_8ea12fc6-f792-4115-aa5f-572636213477,LoadBreakSwitch,开关00205,2,TMP_98134756-4f70-4349-ab22-5575448f2ac4,Junction,,1
TMP_81dc8cc0-b5d7-40a8-b363-b5b56b0359bd,Trunk,主干,spare_line,备用线,"rgb(128,128,128)",0.7153483834166776,TMP_b1ff4cd6-dc72-4448-b476-41ce74d4de9d,LoadBreakSwitch,开关00204,1,TMP_58562c7e-a65a-490b-8bd4-474b55756101,Substation,站房000071,1
TMP_20a11a04-c0f2-4f3d-9771-b28a7071d78b,Trunk,主干,spare_line,备用线,"rgb(128,128,128)",0.7153483834166776,TMP_b1ff4cd6-dc72-4448-b476-41ce74d4de9d,LoadBreakSwitch,开关00204,2,TMP_24da824f-0936-4a47-8c02-f26427a85a94,PowerTransformer,配变2297,2
TMP_23e28c7b-456d-4ffb-b1c8-cb94e2d00da7,Trunk,主干,spare_line,备用线,"rgb(128,128,128)",0.7153483834166776,TMP_8dc1622a-b7ee-4f98-a646-caafe3f80181,LoadBreakSwitch,开关00203,1,TMP_1951fac4-3120-4968-9276-90540b941a70,Junction,,1
TMP_cc4a7a00-455e-4048-b65f-0609adf41d87,Trunk,主干,spare_line,备用线,"rgb(128,128,128)",0.7153483834166776,TMP_8dc1622a-b7ee-4f98-a646-caafe3f80181,LoadBreakSwitch,开关00203,2,TMP_1951fac4-3120-4968-9276-90540b941a70,Junction,,1
TMP_8b9093e9-9223-4d70-96c5-34adbdc32a3c,Trunk,主干,spare_line,备用线,"rgb(128,128,128)",0.7153484328971493,TMP_7e9788da-ae3e-4df6-9a9f-4e5de1e2a9a2,LoadBreakSwitch,开关00144,1,TMP_dcdc635f-61aa-4eb8-b9da-d5b6d72e508e,LoadBreakSwitch,开关00143,1
TMP_00316fef-8707-459c-8907-5d79a5730727,Trunk,主干,spare_line,备用线,"rgb(128,128,128)",0.7153484328971493,TMP_7e9788da-ae3e-4df6-9a9f-4e5de1e2a9a2,LoadBreakSwitch,开关00144,2,TMP_d35cebca-9d1e-463d-bdad-0c0af8ed0581,Junction,,1
TMP_5307f368-2e76-4145-823f-c852c8c49d62,Trunk,主干,spare_line,备用线,"rgb(128,128,128)",0.7153484328971493,TMP_d35cebca-9d1e-463d-bdad-0c0af8ed0581,Junction,,1,TMP_7e9788da-ae3e-4df6-9a9f-4e5de1e2a9a2,LoadBreakSwitch,开关00144,2
TMP_c9ed1724-3300-4f55-bc7a-a9c2e5cbfce2,Trunk,主干,spare_line,备用线,"rgb(128,128,128)",0.7153484328971493,TMP_dcdc635f-61aa-4eb8-b9da-d5b6d72e508e,LoadBreakSwitch,开关00143,1,TMP_81ea0271-ca9b-46bb-a3df-9188df4924d6,Substation,站房000051,1
TMP_d0e8bdc2-a64e-452c-b326-0feb746920c0,Trunk,主干,spare_line,备用线,"rgb(128,128,128)",0.7153484328971493,TMP_dcdc635f-61aa-4eb8-b9da-d5b6d72e508e,LoadBreakSwitch,开关00143,2,TMP_2e8a0652-6b0b-4c91-b1c4-56c52a662cec,PowerTransformer,配变2265,2
TMP_6061eb6d-3818-4f78-8389-7bb7268bb0d6,Trunk,主干,spare_line,备用线,"rgb(128,128,128)",0.7153484328971493,TMP_b193eb4b-1e60-4444-8a68-6eb5c3a0d51a,LoadBreakSwitch,开关00142,1,TMP_dcdc635f-61aa-4eb8-b9da-d5b6d72e508e,LoadBreakSwitch,开关00143,1
TMP_d4eaa673-1799-4485-a992-e151f0efb663,Trunk,主干,spare_line,备用线,"rgb(128,128,128)",0.7153484328971493,TMP_b193eb4b-1e60-4444-8a68-6eb5c3a0d51a,LoadBreakSwitch,开关00142,2,TMP_9a775d1e-0ddb-48ef-9880-463e07146854,Junction,,1
TMP_680d1a82-4c76-442c-a0d8-6f9a38900328,Trunk,主干,spare_line,备用线,"rgb(128,128,128)",0.7153484328971493,TMP_9a775d1e-0ddb-48ef-9880-463e07146854,Junction,,1,TMP_b193eb4b-1e60-4444-8a68-6eb5c3a0d51a,LoadBreakSwitch,开关00142,2
TMP_b0ea8e23-a749-433d-8c43-78d564a356f9,Trunk,主干,spare_line,备用线,"rgb(128,128,128)",0.7153483834166776,TMP_f2eb6d5a-c0c6-40dd-b319-10e373ae3273,LoadBreakSwitch,开关00169,1,TMP_5ae23487-9ac7-4fe1-b4aa-614dd607b47d,LoadBreakSwitch,开关00168,1
TMP_bb26474f-f4cf-458d-9e41-2078fa8b4e25,Trunk,主干,spare_line,备用线,"rgb(128,128,128)",0.7153483834166776,TMP_f2eb6d5a-c0c6-40dd-b319-10e373ae3273,LoadBreakSwitch,开关00169,2,TMP_30c5bbcb-18ad-47a4-97a7-beb92f100d8d,Junction,,1
TMP_5819b195-6243-4a08-9e54-ddab9bdb489a,Trunk,主干,spare_line,备用线,"rgb(128,128,128)",0.7153483834166776,TMP_30c5bbcb-18ad-47a4-97a7-beb92f100d8d,Junction,,1,TMP_f2eb6d5a-c0c6-40dd-b319-10e373ae3273,LoadBreakSwitch,开关00169,2
TMP_9df40e48-e3e5-4fad-b237-de36c9fb35d0,Trunk,主干,spare_line,备用线,"rgb(128,128,128)",0.7153483834166776,TMP_5ae23487-9ac7-4fe1-b4aa-614dd607b47d,LoadBreakSwitch,开关00168,1,TMP_03356dae-b557-479f-8567-a20915dab6f7,LoadBreakSwitch,开关00166,1
TMP_ee990aab-2b9a-4381-af40-ae44ea4902d3,Trunk,主干,spare_line,备用线,"rgb(128,128,128)",0.7153483834166776,TMP_5ae23487-9ac7-4fe1-b4aa-614dd607b47d,LoadBreakSwitch,开关00168,2,TMP_17abe6a9-0329-424b-967c-c50db0d01225,PowerTransformer,配变2277,2
TMP_89077c56-df21-4b37-95b3-51a1d568b7c4,Trunk,主干,spare_line,备用线,"rgb(128,128,128)",0.7153483834166776,TMP_cc6e48d0-8cc1-4fa0-8ecd-a564768d753f,LoadBreakSwitch,开关00167,1,TMP_03356dae-b557-479f-8567-a20915dab6f7,LoadBreakSwitch,开关00166,1
TMP_c86174a2-3fc3-4cd7-b1c4-7ee67c98c9de,Trunk,主干,spare_line,备用线,"rgb(128,128,128)",0.7153483834166776,TMP_cc6e48d0-8cc1-4fa0-8ecd-a564768d753f,LoadBreakSwitch,开关00167,2,TMP_27e6a565-01f5-45d8-a447-e4708fd2ab97,Junction,,1
TMP_fa79ba95-0fa1-455a-83d2-592edfe7a94c,Trunk,主干,spare_line,备用线,"rgb(128,128,128)",0.7153483834166776,TMP_27e6a565-01f5-45d8-a447-e4708fd2ab97,Junction,,1,TMP_a76351f5-c592-4d56-a694-8df38e07cafd,PowerTransformer,配变2278,2
TMP_b999de85-9fc1-48d0-a03d-3ec5b3b675d2,Trunk,主干,spare_line,备用线,"rgb(128,128,128)",0.292336218375627,TMP_03356dae-b557-479f-8567-a20915dab6f7,LoadBreakSwitch,开关00166,1,TMP_cc6e48d0-8cc1-4fa0-8ecd-a564768d753f,LoadBreakSwitch,开关00167,1
TMP_c3f61d70-2108-441f-88cb-9f3b8cc9594f,Trunk,主干,spare_line,备用线,"rgb(128,128,128)",0.292336218375627,TMP_03356dae-b557-479f-8567-a20915dab6f7,LoadBreakSwitch,开关00166,2,TMP_a76351f5-c592-4d56-a694-8df38e07cafd,PowerTransformer,配变2278,2
TMP_ddd3a84c-6733-4243-891e-90b6b22fe001,Trunk,主干,spare_line,备用线,"rgb(128,128,128)",0.7153483834166776,TMP_65b05358-9ec4-455f-a0d0-91c202fcee83,LoadBreakSwitch,开关00187,1,TMP_d01310d8-a7b8-48e7-ae5f-95de1b7cde2c,LoadBreakSwitch,开关00186,1
TMP_543465c0-de7c-4879-bcaa-bb4f1a73b324,Trunk,主干,spare_line,备用线,"rgb(128,128,128)",0.7153483834166776,TMP_65b05358-9ec4-455f-a0d0-91c202fcee83,LoadBreakSwitch,开关00187,2,TMP_1b4b3ef9-40cc-4b29-91df-f0c8aff00b62,Junction,,1
TMP_a2b9860b-433c-490d-a2db-49a8e715b29e,Trunk,主干,spare_line,备用线,"rgb(128,128,128)",0.7153483834166776,TMP_1b4b3ef9-40cc-4b29-91df-f0c8aff00b62,Junction,,1,TMP_65b05358-9ec4-455f-a0d0-91c202fcee83,LoadBreakSwitch,开关00187,2
TMP_e963e7ca-64fd-46ee-a5f4-ada3ac917b89,Trunk,主干,spare_line,备用线,"rgb(128,128,128)",0.7153483834166776,TMP_d01310d8-a7b8-48e7-ae5f-95de1b7cde2c,LoadBreakSwitch,开关00186,1,TMP_b7badb3c-0aed-48fc-b064-9dbcc8ee78a8,Substation,站房000065,1
TMP_dc837ac5-ebe8-4ee2-b0c9-a0d790e04a87,Trunk,主干,spare_line,备用线,"rgb(128,128,128)",0.7153483834166776,TMP_d01310d8-a7b8-48e7-ae5f-95de1b7cde2c,LoadBreakSwitch,开关00186,2,TMP_84cf56e0-a36f-48e9-8221-746087a812d2,PowerTransformer,配变2303,2
TMP_7d71bf62-10b2-4e13-9e4b-ad2acc1b28d7,Trunk,主干,spare_line,备用线,"rgb(128,128,128)",0.7153483834166776,TMP_5eae67f7-18ca-4083-a405-888fc95eb0da,LoadBreakSwitch,开关00185,1,TMP_d01310d8-a7b8-48e7-ae5f-95de1b7cde2c,LoadBreakSwitch,开关00186,1
TMP_2b196250-9c5f-48da-8c47-70ad219fe1f3,Trunk,主干,spare_line,备用线,"rgb(128,128,128)",0.7153483834166776,TMP_5eae67f7-18ca-4083-a405-888fc95eb0da,LoadBreakSwitch,开关00185,2,TMP_e7aa002b-1764-4109-bb9e-e98fa313aafc,Junction,,1
TMP_871bafbb-154d-4606-9397-6b4a9437d2a0,Trunk,主干,spare_line,备用线,"rgb(128,128,128)",0.7153483834166776,TMP_e7aa002b-1764-4109-bb9e-e98fa313aafc,Junction,,1,TMP_5eae67f7-18ca-4083-a405-888fc95eb0da,LoadBreakSwitch,开关00185,2
TMP_3bd49c03-b085-491d-aff8-8570b3799d94,Trunk,主干,spare_line,备用线,"rgb(128,128,128)",0.7153483834166776,TMP_df1d7e01-91ff-4cf2-91a3-ff01dcb1f41c,LoadBreakSwitch,开关00141,1,TMP_dd03349e-be51-4073-8a51-e019a7071e7c,LoadBreakSwitch,开关00140,1
TMP_56441dab-3844-46c5-bb86-ba63e752d13f,Trunk,主干,spare_line,备用线,"rgb(128,128,128)",0.7153483834166776,TMP_df1d7e01-91ff-4cf2-91a3-ff01dcb1f41c,LoadBreakSwitch,开关00141,2,TMP_2283eb2c-9999-49a5-b967-1cadcb4a601d,Junction,,1
TMP_3b6aaa76-6b71-4940-bfb5-850555b4b7ed,Trunk,主干,spare_line,备用线,"rgb(128,128,128)",0.7153483834166776,TMP_2283eb2c-9999-49a5-b967-1cadcb4a601d,Junction,,1,TMP_df1d7e01-91ff-4cf2-91a3-ff01dcb1f41c,LoadBreakSwitch,开关00141,2
TMP_2bf46ee7-1d4f-440f-be1e-9f08efa29684,Trunk,主干,spare_line,备用线,"rgb(128,128,128)",0.7153483834166776,TMP_dd03349e-be51-4073-8a51-e019a7071e7c,LoadBreakSwitch,开关00140,1,TMP_bf659fed-4c37-4dbd-9b9a-a3462bea2fee,Substation,站房000052,1
TMP_b4eadf40-d144-401d-8826-66fdd858a342,Trunk,主干,spare_line,备用线,"rgb(128,128,128)",0.7153483834166776,TMP_dd03349e-be51-4073-8a51-e019a7071e7c,LoadBreakSwitch,开关00140,2,TMP_5c9d1618-e440-4e88-94b7-31fb477df038,PowerTransformer,配变2264,2
TMP_e292afaa-f79c-4865-81d4-7628a756653f,Trunk,主干,spare_line,备用线,"rgb(128,128,128)",0.7153483834166776,TMP_86dffa68-689b-45fa-80b0-37b3167cd963,LoadBreakSwitch,开关00139,1,TMP_dd03349e-be51-4073-8a51-e019a7071e7c,LoadBreakSwitch,开关00140,1
TMP_f2d8a9ad-d556-44ba-a9d2-8d87540bce4b,Trunk,主干,spare_line,备用线,"rgb(128,128,128)",0.7153483834166776,TMP_86dffa68-689b-45fa-80b0-37b3167cd963,LoadBreakSwitch,开关00139,2,TMP_8d571921-4f5f-4bb0-8fd5-f93d998baea9,Junction,,1
TMP_d1029aac-4bcc-4772-a8dc-68dffec77143,Trunk,主干,spare_line,备用线,"rgb(128,128,128)",0.7153483834166776,TMP_8d571921-4f5f-4bb0-8fd5-f93d998baea9,Junction,,1,TMP_86dffa68-689b-45fa-80b0-37b3167cd963,LoadBreakSwitch,开关00139,2
TMP_b0a31f4f-d878-49b8-8cd5-57ceb014bab8,Trunk,主干,spare_line,备用线,"rgb(128,128,128)",0.7153484328971493,TMP_8641141f-88ec-45e8-bbab-cb720d8d5855,LoadBreakSwitch,开关00138,1,TMP_87772ef3-13d6-4947-ab48-57f4b8a485fe,LoadBreakSwitch,开关00136,1
TMP_bdf10685-4ae1-4d27-9571-8d66ab668cb0,Trunk,主干,spare_line,备用线,"rgb(128,128,128)",0.7153484328971493,TMP_8641141f-88ec-45e8-bbab-cb720d8d5855,LoadBreakSwitch,开关00138,2,TMP_7768336e-6797-4e06-ad1e-7e0a9e22d6d8,Junction,,1
TMP_971be040-5a13-4af0-a13c-787ce113dea6,Trunk,主干,spare_line,备用线,"rgb(128,128,128)",0.7153484328971493,TMP_7768336e-6797-4e06-ad1e-7e0a9e22d6d8,Junction,,1,TMP_8641141f-88ec-45e8-bbab-cb720d8d5855,LoadBreakSwitch,开关00138,2
TMP_3b341228-768d-453f-aed4-64b14cf30a8c,Trunk,主干,spare_line,备用线,"rgb(128,128,128)",0.7153484328971493,TMP_8d144c4b-b4ff-40b5-954c-d4f3f5fb96a9,LoadBreakSwitch,开关00137,1,TMP_87772ef3-13d6-4947-ab48-57f4b8a485fe,LoadBreakSwitch,开关00136,1
TMP_4042d93b-d37a-4fd0-976c-38ac20ef1b57,Trunk,主干,spare_line,备用线,"rgb(128,128,128)",0.7153484328971493,TMP_8d144c4b-b4ff-40b5-954c-d4f3f5fb96a9,LoadBreakSwitch,开关00137,2,TMP_01d0180b-46de-41dd-b3cd-fe6f8e47f7cf,Junction,,1
TMP_5c70de23-cab1-4e14-90f8-75db4204fc41,Trunk,主干,spare_line,备用线,"rgb(128,128,128)",0.7153484328971493,TMP_01d0180b-46de-41dd-b3cd-fe6f8e47f7cf,Junction,,1,TMP_8d144c4b-b4ff-40b5-954c-d4f3f5fb96a9,LoadBreakSwitch,开关00137,2
TMP_c01861ab-a62c-43bd-ad52-d90b0ffcd0d2,Trunk,主干,spare_line,备用线,"rgb(128,128,128)",0.7153484328971493,TMP_87772ef3-13d6-4947-ab48-57f4b8a485fe,LoadBreakSwitch,开关00136,1,TMP_86653cd5-7bae-4a47-bc99-8aa4c5e3917e,Substation,站房000036,1
TMP_0bb56f81-c5bc-4f43-9873-f6c398c959d2,Trunk,主干,spare_line,备用线,"rgb(128,128,128)",0.7153484328971493,TMP_87772ef3-13d6-4947-ab48-57f4b8a485fe,LoadBreakSwitch,开关00136,2,TMP_740c85c8-bbb0-4790-b488-d283d15a10bd,PowerTransformer,配变2283,2
TMP_93fbd672-a6d1-4239-9bcf-6505fe885969,Trunk,主干,spare_line,备用线,"rgb(128,128,128)",0.7153484823776212,TMP_5c3aa745-e5d4-421b-af35-43fa8ae5d32a,LoadBreakSwitch,开关00109,1,TMP_8cf29974-582d-49d2-b56b-ebd565204159,LoadBreakSwitch,开关00108,1
TMP_e7313a69-0042-4d72-b878-c5e4a02befd3,Trunk,主干,spare_line,备用线,"rgb(128,128,128)",0.7153484823776212,TMP_5c3aa745-e5d4-421b-af35-43fa8ae5d32a,LoadBreakSwitch,开关00109,2,TMP_6cfb2257-3beb-4a9c-9665-7c613c76037a,Junction,,1
TMP_b04eb35f-cb99-45a4-b1fd-c0d40543d8d9,Trunk,主干,spare_line,备用线,"rgb(128,128,128)",0.7153484823776212,TMP_6cfb2257-3beb-4a9c-9665-7c613c76037a,Junction,,1,TMP_5c3aa745-e5d4-421b-af35-43fa8ae5d32a,LoadBreakSwitch,开关00109,2
TMP_0abe1b1c-e7f1-4673-bb24-b5d5f5d9ddaf,Trunk,主干,spare_line,备用线,"rgb(128,128,128)",0.7153484823776212,TMP_8cf29974-582d-49d2-b56b-ebd565204159,LoadBreakSwitch,开关00108,1,TMP_bf22b8eb-3457-457f-81ae-c27dde0eec9b,Substation,站房000034,1
TMP_b5846fac-58e3-468a-a611-6c23b358ea10,Trunk,主干,spare_line,备用线,"rgb(128,128,128)",0.7153484823776212,TMP_8cf29974-582d-49d2-b56b-ebd565204159,LoadBreakSwitch,开关00108,2,TMP_bebc3aa6-27b7-4ab9-b044-5b08ee838b8e,PowerTransformer,配变2285,2
TMP_816aa669-d91b-4bc2-bf82-13bbeb02d82f,Trunk,主干,spare_line,备用线,"rgb(128,128,128)",0.7153484823776212,TMP_3c3fd26b-1488-4de7-9600-d4e4b20a5e7a,LoadBreakSwitch,开关00107,1,TMP_8cf29974-582d-49d2-b56b-ebd565204159,LoadBreakSwitch,开关00108,1
TMP_18b8d0b4-7fd6-4386-bcc5-488cae2e71e9,Trunk,主干,spare_line,备用线,"rgb(128,128,128)",0.7153484823776212,TMP_3c3fd26b-1488-4de7-9600-d4e4b20a5e7a,LoadBreakSwitch,开关00107,2,TMP_f9b3f39c-380c-487c-be45-2a716147d8de,Junction,,1
TMP_af58958c-dece-4b47-af2b-01eef6087892,Trunk,主干,spare_line,备用线,"rgb(128,128,128)",0.7153484823776212,TMP_f9b3f39c-380c-487c-be45-2a716147d8de,Junction,,1,TMP_3c3fd26b-1488-4de7-9600-d4e4b20a5e7a,LoadBreakSwitch,开关00107,2
TMP_3c1aca26-495a-403e-823c-f80ac94e5391,Trunk,主干,spare_line,备用线,"rgb(128,128,128)",0.7153498678308301,TMP_93ea3b9f-43b7-4da1-9359-e1a93fcad58c,LoadBreakSwitch,开关00153,1,TMP_ecced7c9-a5c0-4de8-87e0-22f9d3cabf1d,LoadBreakSwitch,开关00152,1
TMP_2db0c41e-2da4-489d-874a-8d3eca4b1c0e,Trunk,主干,spare_line,备用线,"rgb(128,128,128)",0.7153498678308301,TMP_93ea3b9f-43b7-4da1-9359-e1a93fcad58c,LoadBreakSwitch,开关00153,2,TMP_60137abc-cc31-4797-9674-83066375596f,Junction,,1
TMP_8c039763-461e-4007-ab63-ac4f4c3b154b,Trunk,主干,spare_line,备用线,"rgb(128,128,128)",0.7153498678308301,TMP_60137abc-cc31-4797-9674-83066375596f,Junction,,1,TMP_93ea3b9f-43b7-4da1-9359-e1a93fcad58c,LoadBreakSwitch,开关00153,2
TMP_1f4bcc29-7418-4086-8937-e18ce2375981,Trunk,主干,spare_line,备用线,"rgb(128,128,128)",0.7153498678308301,TMP_ecced7c9-a5c0-4de8-87e0-22f9d3cabf1d,LoadBreakSwitch,开关00152,1,TMP_837dd140-61f8-42c7-ad40-328dd777bddb,Substation,站房000048,1
TMP_5a90ba88-7aef-4104-8877-a150cf750a40,Trunk,主干,spare_line,备用线,"rgb(128,128,128)",0.7153498678308301,TMP_ecced7c9-a5c0-4de8-87e0-22f9d3cabf1d,LoadBreakSwitch,开关00152,2,TMP_eeda7995-66b8-469e-a30e-7e2b02121dfa,PowerTransformer,配变2268,2
TMP_c3dd5b69-5377-44a7-8f37-2a7c14aee012,Trunk,主干,spare_line,备用线,"rgb(128,128,128)",0.7153498678308301,TMP_ebabf0ee-b04f-4bdf-9e81-ca0736fcb61c,LoadBreakSwitch,开关00151,1,TMP_ecced7c9-a5c0-4de8-87e0-22f9d3cabf1d,LoadBreakSwitch,开关00152,1
TMP_0164faba-be25-4abd-a5a4-a869abcc818b,Trunk,主干,spare_line,备用线,"rgb(128,128,128)",0.7153498678308301,TMP_ebabf0ee-b04f-4bdf-9e81-ca0736fcb61c,LoadBreakSwitch,开关00151,2,TMP_b181696b-fc6d-45c4-aaba-14cfbc55fb0b,Junction,,1
TMP_2c2a7bb4-7594-477d-8b15-b57f0769f96b,Trunk,主干,spare_line,备用线,"rgb(128,128,128)",0.7153498678308301,TMP_b181696b-fc6d-45c4-aaba-14cfbc55fb0b,Junction,,1,TMP_ebabf0ee-b04f-4bdf-9e81-ca0736fcb61c,LoadBreakSwitch,开关00151,2
TMP_dc7f89d3-2ad6-40b0-ba67-038952697fa0,Trunk,主干,spare_line,备用线,"rgb(128,128,128)",0.7153484823776212,TMP_c322bc3d-76ff-4e4e-adc5-1c4d1e6279db,LoadBreakSwitch,开关00112,1,TMP_a75adf7d-2907-44d9-9864-b7ee2b6f7649,LoadBreakSwitch,开关00110,1
TMP_053fc353-4429-4f3c-a395-f13e7335c913,Trunk,主干,spare_line,备用线,"rgb(128,128,128)",0.7153484823776212,TMP_c322bc3d-76ff-4e4e-adc5-1c4d1e6279db,LoadBreakSwitch,开关00112,2,TMP_8cac5478-87b7-44e0-8d90-78298a32265b,Junction,,1
TMP_4db9a155-9ae5-482f-9449-42ac2195aedb,Trunk,主干,spare_line,备用线,"rgb(128,128,128)",0.7153484823776212,TMP_8cac5478-87b7-44e0-8d90-78298a32265b,Junction,,1,TMP_c322bc3d-76ff-4e4e-adc5-1c4d1e6279db,LoadBreakSwitch,开关00112,2
TMP_779dddb6-cc83-40a1-a3b3-df96bb7230b0,Trunk,主干,spare_line,备用线,"rgb(128,128,128)",0.7153484823776212,TMP_43e6122b-fa68-4d76-a880-3845aae61562,LoadBreakSwitch,开关00111,1,TMP_a75adf7d-2907-44d9-9864-b7ee2b6f7649,LoadBreakSwitch,开关00110,1
TMP_41b2f54b-7273-43ba-b2cb-04876fe8f80a,Trunk,主干,spare_line,备用线,"rgb(128,128,128)",0.7153484823776212,TMP_43e6122b-fa68-4d76-a880-3845aae61562,LoadBreakSwitch,开关00111,2,TMP_afbdbe00-b7d3-4943-b6be-2342e3e68fb4,Junction,,1
TMP_bf168f4b-c432-44f9-b979-3a36c41a1ab6,Trunk,主干,spare_line,备用线,"rgb(128,128,128)",0.7153484823776212,TMP_afbdbe00-b7d3-4943-b6be-2342e3e68fb4,Junction,,1,TMP_43e6122b-fa68-4d76-a880-3845aae61562,LoadBreakSwitch,开关00111,2
TMP_2344d105-91d0-4125-b8a8-8671ea427d1c,Trunk,主干,spare_line,备用线,"rgb(128,128,128)",0.7153484823776212,TMP_a75adf7d-2907-44d9-9864-b7ee2b6f7649,LoadBreakSwitch,开关00110,1,TMP_249131ad-759a-4cb6-a04e-070f067de83a,Substation,站房000033,1
TMP_fcdcbde6-ddd5-48b1-aef1-488aeb310473,Trunk,主干,spare_line,备用线,"rgb(128,128,128)",0.7153484823776212,TMP_a75adf7d-2907-44d9-9864-b7ee2b6f7649,LoadBreakSwitch,开关00110,2,TMP_c78acb43-6864-437e-a59e-b951c2a36d67,PowerTransformer,配变2286,2
TMP_fcbfa5d0-53ac-46ba-a3ea-053ada34f15f,Trunk,主干,spare_line,备用线,"rgb(128,128,128)",0.6610593499446387,TMP_ef251518-cffd-4ad9-9571-56f6559e06d4,LoadBreakSwitch,开关00135,1,TMP_743a1c67-b25f-40e6-a992-9005c1509ec9,LoadBreakSwitch,开关00134,1
TMP_fa96ec79-d3ea-4447-a820-5046815b33eb,Trunk,主干,spare_line,备用线,"rgb(128,128,128)",0.6610593499446387,TMP_ef251518-cffd-4ad9-9571-56f6559e06d4,LoadBreakSwitch,开关00135,2,TMP_38b21792-9832-471e-a8f8-acb8e8566c25,Junction,,1
TMP_79a4f3f2-d993-4d66-a5da-8e834b044240,Trunk,主干,spare_line,备用线,"rgb(128,128,128)",0.6610593499446387,TMP_38b21792-9832-471e-a8f8-acb8e8566c25,Junction,,1,TMP_ef251518-cffd-4ad9-9571-56f6559e06d4,LoadBreakSwitch,开关00135,2
TMP_670ff541-acdd-4bc8-a679-f843346164db,Trunk,主干,spare_line,备用线,"rgb(128,128,128)",0.6610593499446387,TMP_743a1c67-b25f-40e6-a992-9005c1509ec9,LoadBreakSwitch,开关00134,1,TMP_e7744cc3-74a2-4c1f-8b20-c26f5c224ae9,PowerTransformer,配变2280,2
TMP_eeceacc6-f1e4-4325-a171-26b5f4bf56de,Trunk,主干,spare_line,备用线,"rgb(128,128,128)",0.6610593499446387,TMP_743a1c67-b25f-40e6-a992-9005c1509ec9,LoadBreakSwitch,开关00134,2,TMP_e7744cc3-74a2-4c1f-8b20-c26f5c224ae9,PowerTransformer,配变2280,2
TMP_3f7089b6-4272-4062-8a9b-248777146d35,Trunk,主干,spare_line,备用线,"rgb(128,128,128)",0.6610593499446387,TMP_ce5cb94b-37a0-4da5-8184-2482abb1cba6,LoadBreakSwitch,开关00133,1,TMP_0c8c87b5-bbda-4ce2-a159-6481459377bb,PowerTransformer,配变2281,2
TMP_ee21e376-7106-4815-8a49-a5fffa2eb100,Trunk,主干,spare_line,备用线,"rgb(128,128,128)",0.6610593499446387,TMP_ce5cb94b-37a0-4da5-8184-2482abb1cba6,LoadBreakSwitch,开关00133,2,TMP_0c8c87b5-bbda-4ce2-a159-6481459377bb,PowerTransformer,配变2281,2
TMP_1be6576b-ca54-438e-8a68-5edeefc08701,Trunk,主干,spare_line,备用线,"rgb(128,128,128)",0.6610593499446387,TMP_bdd25b74-093e-4326-ab17-bab73b62ba4e,LoadBreakSwitch,开关00132,1,TMP_e9b954e0-0fbe-4229-a8e8-1d42d789425a,Substation,站房000037,1
TMP_7bd906dd-eea4-41d3-b2a3-5564d20eb34b,Trunk,主干,spare_line,备用线,"rgb(128,128,128)",0.6610593499446387,TMP_bdd25b74-093e-4326-ab17-bab73b62ba4e,LoadBreakSwitch,开关00132,2,TMP_d27c9b53-3b51-4fae-bb9c-ddd675db19a8,PowerTransformer,配变2282,2
TMP_d4fffff2-1eca-4d63-a130-07355dfbbe10,Trunk,主干,spare_line,备用线,"rgb(128,128,128)",0.6610593499446387,TMP_50eb1e40-ec07-4185-bfad-eccc530e2e7c,LoadBreakSwitch,开关00131,1,TMP_ce5cb94b-37a0-4da5-8184-2482abb1cba6,LoadBreakSwitch,开关00133,1
TMP_e160e1ec-085b-4d5f-96ce-3f4bcb413531,Trunk,主干,spare_line,备用线,"rgb(128,128,128)",0.6610593499446387,TMP_50eb1e40-ec07-4185-bfad-eccc530e2e7c,LoadBreakSwitch,开关00131,2,TMP_f2b62033-1b50-43d0-87f6-05797959ff13,Junction,,1
TMP_87f13f13-1936-4fd9-8797-464acdfd6973,Trunk,主干,spare_line,备用线,"rgb(128,128,128)",0.6610593499446387,TMP_f2b62033-1b50-43d0-87f6-05797959ff13,Junction,,1,TMP_50eb1e40-ec07-4185-bfad-eccc530e2e7c,LoadBreakSwitch,开关00131,2
TMP_015d9f27-f733-48e7-b437-33163ce4c3ab,Trunk,主干,spare_line,备用线,"rgb(128,128,128)",0.7153484328971493,TMP_b0cd86a4-8bcd-4fb6-97b2-8f209321ecc5,LoadBreakSwitch,开关00156,1,TMP_2f7c4b76-e3c8-4e6b-9fb9-89ac6d19ce0d,LoadBreakSwitch,开关00154,1
TMP_788d9b6c-5a18-4504-b2ca-394573f90879,Trunk,主干,spare_line,备用线,"rgb(128,128,128)",0.7153484328971493,TMP_b0cd86a4-8bcd-4fb6-97b2-8f209321ecc5,LoadBreakSwitch,开关00156,2,TMP_d171647e-77fa-479b-994c-bc3fc3ca6a6f,Junction,,1
TMP_6956b706-6c89-4f4a-bac6-c10b4cbb3b0a,Trunk,主干,spare_line,备用线,"rgb(128,128,128)",0.7153484328971493,TMP_d171647e-77fa-479b-994c-bc3fc3ca6a6f,Junction,,1,TMP_b0cd86a4-8bcd-4fb6-97b2-8f209321ecc5,LoadBreakSwitch,开关00156,2
TMP_495e4c48-a5b2-46f8-bcb9-a5aa454f26f8,Trunk,主干,spare_line,备用线,"rgb(128,128,128)",0.7153484328971493,TMP_9599388f-5df5-4f0f-b7e0-5bb138867609,LoadBreakSwitch,开关00155,1,TMP_2f7c4b76-e3c8-4e6b-9fb9-89ac6d19ce0d,LoadBreakSwitch,开关00154,1
TMP_467e7156-d0fc-4c9b-9424-31893cdba9da,Trunk,主干,spare_line,备用线,"rgb(128,128,128)",0.7153484328971493,TMP_9599388f-5df5-4f0f-b7e0-5bb138867609,LoadBreakSwitch,开关00155,2,TMP_8e10dfdc-f15a-4aea-b839-4d32264d447f,Junction,,1
TMP_db1534f2-be23-47b3-adcd-cd4c8dc6b433,Trunk,主干,spare_line,备用线,"rgb(128,128,128)",0.7153484328971493,TMP_8e10dfdc-f15a-4aea-b839-4d32264d447f,Junction,,1,TMP_9599388f-5df5-4f0f-b7e0-5bb138867609,LoadBreakSwitch,开关00155,2
TMP_0fb43397-cd1d-4133-9cd0-4205008f4612,Trunk,主干,spare_line,备用线,"rgb(128,128,128)",0.7153484328971493,TMP_2f7c4b76-e3c8-4e6b-9fb9-89ac6d19ce0d,LoadBreakSwitch,开关00154,1,TMP_b0619b64-6327-45ac-a52d-25f2cfd86b08,Substation,站房000047,1
TMP_485438a9-77ac-43f4-a4c6-0219f57f877b,Trunk,主干,spare_line,备用线,"rgb(128,128,128)",0.7153484328971493,TMP_2f7c4b76-e3c8-4e6b-9fb9-89ac6d19ce0d,LoadBreakSwitch,开关00154,2,TMP_19cfa81e-c96a-43e8-bdfc-47eef5bee44a,PowerTransformer,配变2269,2
TMP_626f5025-eb0a-4ad6-b998-3f7d95af6343,Trunk,主干,spare_line,备用线,"rgb(128,128,128)",0.7818903155879418,TMP_160e2a34-32fc-4a9d-aa91-798e4097149f,LoadBreakSwitch,开关00202,1,TMP_b5fa302a-959c-470e-beea-84bcfbea5366,Substation,站房000073,1
TMP_d91ce5a8-bc5a-4b5a-9d60-a58a02f325d2,Trunk,主干,spare_line,备用线,"rgb(128,128,128)",0.7818903155879418,TMP_160e2a34-32fc-4a9d-aa91-798e4097149f,LoadBreakSwitch,开关00202,2,TMP_cf33033f-e449-4d87-8db2-466b47d67669,Junction,,1
TMP_520dfdf2-d2bc-439b-9c5d-1af64819d7e4,Trunk,主干,spare_line,备用线,"rgb(128,128,128)",0.7818903155879418,TMP_f5cee699-d76f-48f8-8b72-e00f828550a9,LoadBreakSwitch,开关00201,1,TMP_b5fa302a-959c-470e-beea-84bcfbea5366,Substation,站房000073,1
TMP_f28da49a-df12-456e-a9b3-f7194e70e9f2,Trunk,主干,spare_line,备用线,"rgb(128,128,128)",0.7818903155879418,TMP_f5cee699-d76f-48f8-8b72-e00f828550a9,LoadBreakSwitch,开关00201,2,TMP_84079f71-1be0-4122-ac2c-664c810fc37c,PowerTransformer,配变2295,2
TMP_42c757a5-8f0f-4015-8ff9-b297cd1d469d,Trunk,主干,spare_line,备用线,"rgb(128,128,128)",0.7153483834166776,TMP_f9fdf489-d181-49ef-9c2e-d8e934a334e0,LoadBreakSwitch,开关00175,1,TMP_734ea3cc-4578-48c5-99e5-5f28206207ce,Substation,站房000061,1
TMP_855179a5-4007-4618-8a87-ae11d43d42ac,Trunk,主干,spare_line,备用线,"rgb(128,128,128)",0.7153483834166776,TMP_f9fdf489-d181-49ef-9c2e-d8e934a334e0,LoadBreakSwitch,开关00175,2,TMP_bb17432e-9e21-450b-897d-eedfa7726b77,PowerTransformer,配变2307,2
TMP_8faf0910-3adc-4bca-8845-7f306f0c7f7a,Trunk,主干,spare_line,备用线,"rgb(128,128,128)",0.7153483834166776,TMP_c74e4ad0-a3d5-424f-9f22-f05ac09e375a,LoadBreakSwitch,开关00174,1,TMP_f9fdf489-d181-49ef-9c2e-d8e934a334e0,LoadBreakSwitch,开关00175,1
TMP_97c90977-95b5-4754-9174-5926bbec4514,Trunk,主干,spare_line,备用线,"rgb(128,128,128)",0.7153483834166776,TMP_c74e4ad0-a3d5-424f-9f22-f05ac09e375a,LoadBreakSwitch,开关00174,2,TMP_0ad5d2dd-2e1a-4f87-be6b-f1454dab4f66,Junction,,1
TMP_78f94a35-6b36-4969-949d-ab313909c43c,Trunk,主干,spare_line,备用线,"rgb(128,128,128)",0.7153483834166776,TMP_0ad5d2dd-2e1a-4f87-be6b-f1454dab4f66,Junction,,1,TMP_c74e4ad0-a3d5-424f-9f22-f05ac09e375a,LoadBreakSwitch,开关00174,2
TMP_5a6654bd-2297-40e8-8c3a-1487253c7358,Trunk,主干,spare_line,备用线,"rgb(128,128,128)",0.7153483834166776,TMP_499050c2-ac23-4c5e-9c2f-98e5237d6020,LoadBreakSwitch,开关00173,1,TMP_f9fdf489-d181-49ef-9c2e-d8e934a334e0,LoadBreakSwitch,开关00175,1
TMP_dd9ab9a3-9652-4e65-b363-708e16f9038e,Trunk,主干,spare_line,备用线,"rgb(128,128,128)",0.7153483834166776,TMP_499050c2-ac23-4c5e-9c2f-98e5237d6020,LoadBreakSwitch,开关00173,2,TMP_ab9a9350-724e-4689-bbc9-629d96ac3d21,Junction,,1
TMP_62b1b259-c22a-4ded-93ba-e2df10b6ce1a,Trunk,主干,spare_line,备用线,"rgb(128,128,128)",0.7153483834166776,TMP_ab9a9350-724e-4689-bbc9-629d96ac3d21,Junction,,1,TMP_499050c2-ac23-4c5e-9c2f-98e5237d6020,LoadBreakSwitch,开关00173,2
TMP_16839655-face-497e-8374-28b84cd8df3e,Trunk,主干,spare_line,备用线,"rgb(128,128,128)",0.7153484328971493,TMP_ccb8b541-a799-4517-a85e-eda4953e54ef,LoadBreakSwitch,开关00147,1,TMP_96867497-b7e5-4c54-8bd9-b966813a1739,LoadBreakSwitch,开关00145,1
TMP_3855b766-432e-413e-8480-7a36ac29f11f,Trunk,主干,spare_line,备用线,"rgb(128,128,128)",0.7153484328971493,TMP_ccb8b541-a799-4517-a85e-eda4953e54ef,LoadBreakSwitch,开关00147,2,TMP_7498b871-d40d-4229-abd2-6aa2c24d1673,Junction,,1
TMP_cb50b677-5148-483d-9415-76ad1ae6dd83,Trunk,主干,spare_line,备用线,"rgb(128,128,128)",0.7153484328971493,TMP_7498b871-d40d-4229-abd2-6aa2c24d1673,Junction,,1,TMP_ccb8b541-a799-4517-a85e-eda4953e54ef,LoadBreakSwitch,开关00147,2
TMP_0e5914a8-7b2d-40c7-9548-1e8ed55ac79c,Trunk,主干,spare_line,备用线,"rgb(128,128,128)",0.7153484328971493,TMP_985b39aa-d411-4345-8412-0b7bd5770051,LoadBreakSwitch,开关00146,1,TMP_96867497-b7e5-4c54-8bd9-b966813a1739,LoadBreakSwitch,开关00145,1
TMP_f192db26-e61c-4e88-bd3e-a0b051a6790e,Trunk,主干,spare_line,备用线,"rgb(128,128,128)",0.7153484328971493,TMP_985b39aa-d411-4345-8412-0b7bd5770051,LoadBreakSwitch,开关00146,2,TMP_7b075a3e-e678-4190-96ee-1027e1f00ce5,Junction,,1
TMP_bc227ab7-d1ae-47cd-b684-7ec79e2171b5,Trunk,主干,spare_line,备用线,"rgb(128,128,128)",0.7153484328971493,TMP_7b075a3e-e678-4190-96ee-1027e1f00ce5,Junction,,1,TMP_985b39aa-d411-4345-8412-0b7bd5770051,LoadBreakSwitch,开关00146,2
TMP_b5c1151e-6ad2-4319-a79c-b8e083ef922a,Trunk,主干,spare_line,备用线,"rgb(128,128,128)",0.7153484328971493,TMP_96867497-b7e5-4c54-8bd9-b966813a1739,LoadBreakSwitch,开关00145,1,TMP_cf55d8a2-8876-49e7-ba50-91558008ea5e,Substation,站房000050,1
TMP_ec69c7b3-f25b-4854-95a3-9e745b87a30c,Trunk,主干,spare_line,备用线,"rgb(128,128,128)",0.7153484328971493,TMP_96867497-b7e5-4c54-8bd9-b966813a1739,LoadBreakSwitch,开关00145,2,TMP_4bc0f6cb-360c-4d8a-9c3a-94e2f1446e14,PowerTransformer,配变2266,2
TMP_9248a5f2-24cf-495b-b0ce-484eb03cf55b,Trunk,主干,spare_line,备用线,"rgb(128,128,128)",0.7153484823776212,TMP_12f47bf1-6762-455d-9c65-9615cfe695c0,LoadBreakSwitch,开关00165,1,TMP_95cd1244-1715-4844-98db-dd94ddf9c697,LoadBreakSwitch,开关00163,1
TMP_f7ee3bcf-af60-4926-a760-caa8dba777ef,Trunk,主干,spare_line,备用线,"rgb(128,128,128)",0.7153484823776212,TMP_12f47bf1-6762-455d-9c65-9615cfe695c0,LoadBreakSwitch,开关00165,2,TMP_b38bdd5d-b31d-4e2a-9f01-7da18f4794ac,Junction,,1
TMP_0f5da5e6-a972-4314-8c8f-e2309ef17ff2,Trunk,主干,spare_line,备用线,"rgb(128,128,128)",0.7153484823776212,TMP_b38bdd5d-b31d-4e2a-9f01-7da18f4794ac,Junction,,1,TMP_12f47bf1-6762-455d-9c65-9615cfe695c0,LoadBreakSwitch,开关00165,2
TMP_3d590eba-3c1f-490d-a1fb-c98eca52b0ef,Trunk,主干,spare_line,备用线,"rgb(128,128,128)",0.7153484823776212,TMP_61c76955-4259-42f7-b656-69946a0d7ff3,LoadBreakSwitch,开关00164,1,TMP_95cd1244-1715-4844-98db-dd94ddf9c697,LoadBreakSwitch,开关00163,1
TMP_e1aac1d5-e68c-49f8-9a61-8d9b5b5714b7,Trunk,主干,spare_line,备用线,"rgb(128,128,128)",0.7153484823776212,TMP_61c76955-4259-42f7-b656-69946a0d7ff3,LoadBreakSwitch,开关00164,2,TMP_f9e6b263-8c0b-49ae-99aa-66abe7069b9e,Junction,,1
TMP_7ce9554e-3b49-479a-b332-3fd681f4773c,Trunk,主干,spare_line,备用线,"rgb(128,128,128)",0.7153484823776212,TMP_f9e6b263-8c0b-49ae-99aa-66abe7069b9e,Junction,,1,TMP_61c76955-4259-42f7-b656-69946a0d7ff3,LoadBreakSwitch,开关00164,2
TMP_9a915b7f-451b-4e1f-b288-408da1cd333e,Trunk,主干,spare_line,备用线,"rgb(128,128,128)",0.7153484823776212,TMP_95cd1244-1715-4844-98db-dd94ddf9c697,LoadBreakSwitch,开关00163,1,TMP_96539df1-c385-4ae7-8978-78065406d583,Substation,站房000040,1
TMP_1ddcda66-ce6a-43ab-aa08-097572a939e8,Trunk,主干,spare_line,备用线,"rgb(128,128,128)",0.7153484823776212,TMP_95cd1244-1715-4844-98db-dd94ddf9c697,LoadBreakSwitch,开关00163,2,TMP_42335365-a873-4ab7-b5e3-9ef9259bdb8d,PowerTransformer,配变2276,2
TMP_79e1d52c-bab7-464c-98bf-7f8ef43df368,Trunk,主干,spare_line,备用线,"rgb(128,128,128)",0.7153483834166776,TMP_24c06b66-c64d-41ff-9d50-bcbf4db1face,LoadBreakSwitch,开关00130,1,TMP_d7d95738-e6f0-472b-8599-ac1032ba7a4c,Junction,,1
TMP_85cef2bc-171f-4e67-b0da-0ed76c8344b1,Trunk,主干,spare_line,备用线,"rgb(128,128,128)",0.7153483834166776,TMP_24c06b66-c64d-41ff-9d50-bcbf4db1face,LoadBreakSwitch,开关00130,2,TMP_d7d95738-e6f0-472b-8599-ac1032ba7a4c,Junction,,1
TMP_f96c0c23-e6ad-4b92-9a37-509e75e74205,Trunk,主干,spare_line,备用线,"rgb(128,128,128)",0.7153483834166776,TMP_5aa11a17-ceaf-431f-8529-87f2002b67c4,LoadBreakSwitch,开关00129,1,TMP_59f8c975-e5a5-45f0-86db-a39fae27c87b,Substation,站房000027,1
TMP_155e4c60-1cbe-4461-9158-e5c6d4026417,Trunk,主干,spare_line,备用线,"rgb(128,128,128)",0.7153483834166776,TMP_5aa11a17-ceaf-431f-8529-87f2002b67c4,LoadBreakSwitch,开关00129,2,TMP_2d2f954e-550d-47d8-85f7-dc4ce034629a,PowerTransformer,配变2292,2
TMP_4f20e4fa-f453-4d6c-a3e6-d42c2bda4d38,Trunk,主干,spare_line,备用线,"rgb(128,128,128)",0.7153483834166776,TMP_e21cb9a7-b5bb-4656-a69c-ed332931fe78,LoadBreakSwitch,开关00128,1,TMP_7a04a83e-faaf-4124-8430-211033cb7b49,Junction,,1
TMP_708418a0-1990-4fc5-bee0-3a796a8eb5db,Trunk,主干,spare_line,备用线,"rgb(128,128,128)",0.7153483834166776,TMP_e21cb9a7-b5bb-4656-a69c-ed332931fe78,LoadBreakSwitch,开关00128,2,TMP_7a04a83e-faaf-4124-8430-211033cb7b49,Junction,,1
TMP_5ce7c88d-3668-49b7-930f-92478d876b79,Trunk,主干,spare_line,备用线,"rgb(128,128,128)",0.7153484328971493,TMP_99a0df5d-fcc6-4a23-a1c1-c17a8abb5a74,LoadBreakSwitch,开关00159,1,TMP_1429131d-c95f-4aa1-8fc5-a9ccf6303298,Substation,站房000046,1
TMP_56b87206-f09c-4ed3-a2cd-6b9da2bb661f,Trunk,主干,spare_line,备用线,"rgb(128,128,128)",0.7153484328971493,TMP_99a0df5d-fcc6-4a23-a1c1-c17a8abb5a74,LoadBreakSwitch,开关00159,2,TMP_60aad1f5-b544-44b2-9d9b-f3bb8e7dba92,PowerTransformer,配变2270,2
TMP_dc0b77be-94fa-4b7a-a955-8f178b6bfb52,Trunk,主干,spare_line,备用线,"rgb(128,128,128)",0.7153484328971493,TMP_e7bad61e-6616-44fa-8508-26f91fc64e66,LoadBreakSwitch,开关00158,1,TMP_99a0df5d-fcc6-4a23-a1c1-c17a8abb5a74,LoadBreakSwitch,开关00159,1
TMP_20b91b33-e05a-4452-b286-6740991a2b51,Trunk,主干,spare_line,备用线,"rgb(128,128,128)",0.7153484328971493,TMP_e7bad61e-6616-44fa-8508-26f91fc64e66,LoadBreakSwitch,开关00158,2,TMP_f33196e1-24d2-478e-bf57-94efd9c571aa,Junction,,1
TMP_fb3bf4d3-fd9b-4418-80f1-1313b6e9fac1,Trunk,主干,spare_line,备用线,"rgb(128,128,128)",0.7153484328971493,TMP_f33196e1-24d2-478e-bf57-94efd9c571aa,Junction,,1,TMP_e7bad61e-6616-44fa-8508-26f91fc64e66,LoadBreakSwitch,开关00158,2
TMP_9cf21ef1-e477-4862-b95b-6b843260c90d,Trunk,主干,spare_line,备用线,"rgb(128,128,128)",0.7153484328971493,TMP_3cd40b6b-0f85-4fd8-afb0-157b9c1296f1,LoadBreakSwitch,开关00157,1,TMP_99a0df5d-fcc6-4a23-a1c1-c17a8abb5a74,LoadBreakSwitch,开关00159,1
TMP_fd533516-75fe-4b4e-a30b-d25ab993c752,Trunk,主干,spare_line,备用线,"rgb(128,128,128)",0.7153484328971493,TMP_3cd40b6b-0f85-4fd8-afb0-157b9c1296f1,LoadBreakSwitch,开关00157,2,TMP_09b723d9-2d29-4480-8377-4613187c07eb,Junction,,1
TMP_274da70f-28e3-4f96-9dea-2f683ae66d73,Trunk,主干,spare_line,备用线,"rgb(128,128,128)",0.7153484328971493,TMP_09b723d9-2d29-4480-8377-4613187c07eb,Junction,,1,TMP_3cd40b6b-0f85-4fd8-afb0-157b9c1296f1,LoadBreakSwitch,开关00157,2
TMP_31cfaa8e-dc19-46ca-8b7d-ae76671e9c43,Trunk,主干,spare_line,备用线,"rgb(128,128,128)",0.7774808633481921,TMP_85989403-972e-40d5-83fb-363a7e1fa4eb,LoadBreakSwitch,开关00200,1,TMP_f1c434dc-9234-4dc2-850b-734b06e7a616,Substation,站房000074,1
TMP_0daf280a-c0a9-4e54-85fc-049a76b8ed0f,Trunk,主干,spare_line,备用线,"rgb(128,128,128)",0.7774808633481921,TMP_85989403-972e-40d5-83fb-363a7e1fa4eb,LoadBreakSwitch,开关00200,2,TMP_078980e9-4af5-4d74-bccb-5cdf7af2a392,Junction,,1
TMP_cca311bc-4db6-487d-aa4b-050227b14ea9,Trunk,主干,spare_line,备用线,"rgb(128,128,128)",0.7774808633481921,TMP_92e0190b-2069-420e-8315-2cb7671e8269,LoadBreakSwitch,开关00199,1,TMP_f1c434dc-9234-4dc2-850b-734b06e7a616,Substation,站房000074,1
TMP_baa2f25c-6619-4e6f-98bf-9fe14e645fa2,Trunk,主干,spare_line,备用线,"rgb(128,128,128)",0.7774808633481921,TMP_92e0190b-2069-420e-8315-2cb7671e8269,LoadBreakSwitch,开关00199,2,TMP_12f3543a-51ba-4e65-b80c-63c4286580fd,PowerTransformer,配变2294,2
TMP_ace6115f-0b53-4ddb-86e5-98af8d255cc7,Trunk,主干,spare_line,备用线,"rgb(128,128,128)",0.6610593499446387,TMP_3a08475e-c6a4-4767-b955-3b8f29cb8c22,LoadBreakSwitch,开关00239,1,TMP_0c6c7704-dfc5-46d6-be82-2dbadf6e22a8,Junction,,1
TMP_e1ae3795-4368-4a4e-b762-dbc82184ff6b,Trunk,主干,spare_line,备用线,"rgb(128,128,128)",0.6610593499446387,TMP_3a08475e-c6a4-4767-b955-3b8f29cb8c22,LoadBreakSwitch,开关00239,2,TMP_0c6c7704-dfc5-46d6-be82-2dbadf6e22a8,Junction,,1
TMP_38561420-c2aa-4bee-a049-a868d0b22763,Trunk,主干,spare_line,备用线,"rgb(128,128,128)",0.6610593499446387,TMP_1f6f80ee-d527-45a3-96bb-9ed9c18732bf,LoadBreakSwitch,开关00238,1,TMP_34ad8f92-7f96-431e-ad2d-63e186601565,PowerTransformer,配变2316,2
TMP_ca98bd81-fc44-45f6-8522-12dbe69729c1,Trunk,主干,spare_line,备用线,"rgb(128,128,128)",0.6610593499446387,TMP_1f6f80ee-d527-45a3-96bb-9ed9c18732bf,LoadBreakSwitch,开关00238,2,TMP_34ad8f92-7f96-431e-ad2d-63e186601565,PowerTransformer,配变2316,1
TMP_d0dd9603-946c-4bad-8249-1741cee1909c,Trunk,主干,spare_line,备用线,"rgb(128,128,128)",0.6610593499446387,TMP_b3dd3514-2827-4365-b9c2-a3710c1b1785,LoadBreakSwitch,开关00237,1,TMP_05da798b-2dca-4e52-89ec-e517b70f07b6,Substation,站房000001,1
TMP_cbec10b3-8274-438a-b179-55cecd00368b,Trunk,主干,spare_line,备用线,"rgb(128,128,128)",0.6610593499446387,TMP_b3dd3514-2827-4365-b9c2-a3710c1b1785,LoadBreakSwitch,开关00237,2,TMP_2edc4fde-7b6e-4a15-8770-52b27a1168d9,PowerTransformer,配变2317,1
TMP_24002e02-2885-45c3-8ac6-5d06af329b80,Trunk,主干,spare_line,备用线,"rgb(128,128,128)",0.6610593499446387,TMP_025e0996-703c-41af-b100-81c3c2421060,LoadBreakSwitch,开关00236,1,TMP_108a298f-811c-4061-9a1a-f861f3f33407,PowerTransformer,配变2318,2
TMP_94720acc-b5ee-4127-a8e4-d8cda31c7db3,Trunk,主干,spare_line,备用线,"rgb(128,128,128)",0.6610593499446387,TMP_025e0996-703c-41af-b100-81c3c2421060,LoadBreakSwitch,开关00236,2,TMP_108a298f-811c-4061-9a1a-f861f3f33407,PowerTransformer,配变2318,1
TMP_2724ce44-bf22-446e-9fd0-7ef8ef0ebab8,Trunk,主干,spare_line,备用线,"rgb(128,128,128)",0.6610593499446387,TMP_278f4a89-47ac-4848-93e4-5399161e5c92,LoadBreakSwitch,开关00235,1,TMP_3a5da49f-5aee-4a30-a192-b0e4425b86f1,Junction,,1
TMP_92715765-4b33-47a6-8da9-5f1a2eb072f9,Trunk,主干,spare_line,备用线,"rgb(128,128,128)",0.6610593499446387,TMP_278f4a89-47ac-4848-93e4-5399161e5c92,LoadBreakSwitch,开关00235,2,TMP_3a5da49f-5aee-4a30-a192-b0e4425b86f1,Junction,,1
TMP_def2ea05-dc98-4784-8c11-1f25e7d024b4,Trunk,主干,spare_line,备用线,"rgb(128,128,128)",0.45587323489872905,TMP_6bda14e6-935f-4408-b4df-5bc3c365b907,LoadBreakSwitch,开关00234,1,TMP_65398229-4224-4fad-a4e8-03e581e44eb6,Junction,,1
TMP_cb8cd608-9160-409d-b5e1-8f1e4ef37ba0,Trunk,主干,spare_line,备用线,"rgb(128,128,128)",0.45587323489872905,TMP_6bda14e6-935f-4408-b4df-5bc3c365b907,LoadBreakSwitch,开关00234,2,TMP_65398229-4224-4fad-a4e8-03e581e44eb6,Junction,,1
TMP_dca8e7f0-32dd-4941-a676-5780a26bbfa2,Trunk,主干,spare_line,备用线,"rgb(128,128,128)",0.45587323489872905,TMP_882336e8-49ed-4af0-9c7c-b01917d7c62f,LoadBreakSwitch,开关00233,1,TMP_422837e2-923f-460f-a07f-2d7a32a325f1,PowerTransformer,配变2314,2
TMP_c9afc74c-72bd-4eb6-a9bc-0761fab47031,Trunk,主干,spare_line,备用线,"rgb(128,128,128)",0.45587323489872905,TMP_882336e8-49ed-4af0-9c7c-b01917d7c62f,LoadBreakSwitch,开关00233,2,TMP_422837e2-923f-460f-a07f-2d7a32a325f1,PowerTransformer,配变2314,1
TMP_54d7baae-7a02-45a7-89e0-55f3c16b856c,Trunk,主干,spare_line,备用线,"rgb(128,128,128)",0.45587323489872905,TMP_0761d2a4-933a-41ef-94d0-01b740e0a802,LoadBreakSwitch,开关00232,1,TMP_1afa0b8c-7294-493c-bad1-e29b9c16a0b4,Junction,,1
TMP_aca014fe-e697-45a8-abec-d2348532e33e,Trunk,主干,spare_line,备用线,"rgb(128,128,128)",0.45587323489872905,TMP_0761d2a4-933a-41ef-94d0-01b740e0a802,LoadBreakSwitch,开关00232,2,TMP_1afa0b8c-7294-493c-bad1-e29b9c16a0b4,Junction,,1
TMP_52991ba4-a2cb-40b9-a87a-00400ba439cd,Trunk,主干,spare_line,备用线,"rgb(128,128,128)",0.45587323489872905,TMP_f8ae2c5c-d1ac-4e79-ae96-73e7760d20e5,LoadBreakSwitch,开关00231,1,TMP_9e3b7d51-8ea8-4b02-90b9-f87d34e347cf,PowerTransformer,配变2315,2
TMP_19fada85-cb68-4fcd-9d05-f2d5925b975a,Trunk,主干,spare_line,备用线,"rgb(128,128,128)",0.020753614366359946,TMP_9e3b7d51-8ea8-4b02-90b9-f87d34e347cf,PowerTransformer,配变2315,2,TMP_f8ae2c5c-d1ac-4e79-ae96-73e7760d20e5,LoadBreakSwitch,开关00231,2
TMP_66b4b2f1-5b0d-44f8-b209-47ddf4b900fd,Trunk,主干,spare_line,备用线,"rgb(128,128,128)",0.7153483834166776,TMP_884593c1-a6dc-4eaa-9864-029ed5c6a6de,LoadBreakSwitch,开关00242,1,TMP_3595fd86-8479-4479-a7b6-76e40af025ad,Substation,站房000010,1
TMP_6ed26b24-4d65-4a18-a70c-8f0bfe601edb,Trunk,主干,spare_line,备用线,"rgb(128,128,128)",0.7153483834166776,TMP_884593c1-a6dc-4eaa-9864-029ed5c6a6de,LoadBreakSwitch,开关00242,2,TMP_3905bac1-c76b-4f8a-b57e-91195f52e189,PowerTransformer,配变2330,2
TMP_cec3779e-8b6d-4ac7-ab7f-4453b8d4e723,Trunk,主干,spare_line,备用线,"rgb(128,128,128)",0.7153483834166776,TMP_ff2069b0-059a-4481-86ab-32a3d5ac605b,LoadBreakSwitch,开关00241,1,TMP_884593c1-a6dc-4eaa-9864-029ed5c6a6de,LoadBreakSwitch,开关00242,1
TMP_4e48a928-1c7e-46ae-b7e5-1d100ea0247e,Trunk,主干,spare_line,备用线,"rgb(128,128,128)",0.7153483834166776,TMP_ff2069b0-059a-4481-86ab-32a3d5ac605b,LoadBreakSwitch,开关00241,2,TMP_152f701e-7589-412b-beaa-c612ab83bfee,Junction,,1
TMP_66a68752-3c9e-40e9-a924-1217dd5f6ac4,Trunk,主干,spare_line,备用线,"rgb(128,128,128)",0.7153483834166776,TMP_152f701e-7589-412b-beaa-c612ab83bfee,Junction,,1,TMP_ff2069b0-059a-4481-86ab-32a3d5ac605b,LoadBreakSwitch,开关00241,2
TMP_4d4ca386-2def-4f80-ab3d-1c0344519d5d,Trunk,主干,spare_line,备用线,"rgb(128,128,128)",0.7153483834166776,TMP_057cff41-8101-4aa8-ba02-e29ac49d253f,LoadBreakSwitch,开关00240,1,TMP_884593c1-a6dc-4eaa-9864-029ed5c6a6de,LoadBreakSwitch,开关00242,1
TMP_b98e9ca4-29db-46b1-a214-9215c6a869a6,Trunk,主干,spare_line,备用线,"rgb(128,128,128)",0.7153483834166776,TMP_057cff41-8101-4aa8-ba02-e29ac49d253f,LoadBreakSwitch,开关00240,2,TMP_55c4f9ca-b282-4515-9823-87673769cc5d,Junction,,1
TMP_0c18c10f-d0a4-4d3e-803b-13de28dcede6,Trunk,主干,spare_line,备用线,"rgb(128,128,128)",0.7153483834166776,TMP_55c4f9ca-b282-4515-9823-87673769cc5d,Junction,,1,TMP_057cff41-8101-4aa8-ba02-e29ac49d253f,LoadBreakSwitch,开关00240,2
TMP_2fc71f1b-6bbe-4e76-864b-c9e52eb1dff5,Trunk,主干,spare_line,备用线,"rgb(128,128,128)",0.7153484328971493,TMP_c78df71e-2092-4398-9520-b603c3d78eca,LoadBreakSwitch,开关00262,1,TMP_7f385bf3-ed4b-4f9a-82e3-d5c631e89b33,LoadBreakSwitch,开关00261,1
TMP_35b78b0d-4e2b-48b1-9520-193a37a63fb7,Trunk,主干,spare_line,备用线,"rgb(128,128,128)",0.7153484328971493,TMP_c78df71e-2092-4398-9520-b603c3d78eca,LoadBreakSwitch,开关00262,2,TMP_dc869a3d-73fa-4651-92e4-5e7bfce452dc,Junction,,1
TMP_c33a3a9c-1973-4280-80dc-e60f4a4211b6,Trunk,主干,spare_line,备用线,"rgb(128,128,128)",0.7153484328971493,TMP_dc869a3d-73fa-4651-92e4-5e7bfce452dc,Junction,,1,TMP_c78df71e-2092-4398-9520-b603c3d78eca,LoadBreakSwitch,开关00262,2
TMP_6e969736-f802-41e3-8f2b-f0ae8bcd560e,Trunk,主干,spare_line,备用线,"rgb(128,128,128)",0.7153484328971493,TMP_7f385bf3-ed4b-4f9a-82e3-d5c631e89b33,LoadBreakSwitch,开关00261,1,TMP_10259e18-9e9e-4f4f-a0aa-9371211e11f5,Substation,站房000013,1
TMP_9b699613-6351-4258-99da-d8fb3425d057,Trunk,主干,spare_line,备用线,"rgb(128,128,128)",0.7153484328971493,TMP_7f385bf3-ed4b-4f9a-82e3-d5c631e89b33,LoadBreakSwitch,开关00261,2,TMP_562874be-6e41-4fc3-a957-c4b41582fa7f,PowerTransformer,配变2327,2
TMP_4b10dfb8-8888-444c-b198-1acf36ec5608,Trunk,主干,spare_line,备用线,"rgb(128,128,128)",0.7153484328971493,TMP_778f1db5-c67b-4d31-a970-99d903a9a3b8,LoadBreakSwitch,开关00260,1,TMP_7f385bf3-ed4b-4f9a-82e3-d5c631e89b33,LoadBreakSwitch,开关00261,1
TMP_3045e4ea-b2c6-40ce-9aca-fb7e22eafaaf,Trunk,主干,spare_line,备用线,"rgb(128,128,128)",0.7153484328971493,TMP_778f1db5-c67b-4d31-a970-99d903a9a3b8,LoadBreakSwitch,开关00260,2,TMP_f5ae91b5-8da4-4815-a16c-9cf40cf365e5,Junction,,1
TMP_1c8137cf-e2b9-4836-ad08-374071c8cc2e,Trunk,主干,spare_line,备用线,"rgb(128,128,128)",0.7153484328971493,TMP_f5ae91b5-8da4-4815-a16c-9cf40cf365e5,Junction,,1,TMP_778f1db5-c67b-4d31-a970-99d903a9a3b8,LoadBreakSwitch,开关00260,2
TMP_f9ce2246-1811-46fd-a395-6a8202fa465d,Trunk,主干,spare_line,备用线,"rgb(128,128,128)",0.7153484328971493,TMP_48ce3fa3-ad0a-4339-b734-2e84db79ecc8,LoadBreakSwitch,开关00249,1,TMP_8507c98b-c468-471e-8294-8c09d74515fd,Substation,站房000008,1
TMP_0772826c-0830-4bee-975b-efc769ca917d,Trunk,主干,spare_line,备用线,"rgb(128,128,128)",0.7153484328971493,TMP_48ce3fa3-ad0a-4339-b734-2e84db79ecc8,LoadBreakSwitch,开关00249,2,TMP_7523996a-8013-4014-9708-f1ab1705531f,PowerTransformer,配变2333,2
TMP_5e50874d-33eb-4737-9140-13f02989ce67,Trunk,主干,spare_line,备用线,"rgb(128,128,128)",0.7153484328971493,TMP_a2da8711-397d-4349-a17a-470f7758c7af,LoadBreakSwitch,开关00248,1,TMP_48ce3fa3-ad0a-4339-b734-2e84db79ecc8,LoadBreakSwitch,开关00249,1
TMP_576d0632-ffc4-481c-9284-065b54c0663c,Trunk,主干,spare_line,备用线,"rgb(128,128,128)",0.7153484328971493,TMP_a2da8711-397d-4349-a17a-470f7758c7af,LoadBreakSwitch,开关00248,2,TMP_b793dcaf-75d0-441a-85b4-1657223af28f,Junction,,1
TMP_9c7e028d-5c0d-4080-8330-2398a9b76831,Trunk,主干,spare_line,备用线,"rgb(128,128,128)",0.7153484328971493,TMP_b793dcaf-75d0-441a-85b4-1657223af28f,Junction,,1,TMP_a2da8711-397d-4349-a17a-470f7758c7af,LoadBreakSwitch,开关00248,2
TMP_5b8aa4aa-6790-4c1d-95c9-a26338c3c2e1,Trunk,主干,spare_line,备用线,"rgb(128,128,128)",0.7153484328971493,TMP_1e73bbc8-47ef-4f6b-93d4-cbb6dc4a11e4,LoadBreakSwitch,开关00247,1,TMP_48ce3fa3-ad0a-4339-b734-2e84db79ecc8,LoadBreakSwitch,开关00249,1
TMP_499afd65-48b5-4cea-81ee-92c01c15db49,Trunk,主干,spare_line,备用线,"rgb(128,128,128)",0.7153484328971493,TMP_1e73bbc8-47ef-4f6b-93d4-cbb6dc4a11e4,LoadBreakSwitch,开关00247,2,TMP_710f8a1c-ee87-4a1c-aee3-2a352440fd28,Junction,,1
TMP_e105345e-e91c-4dea-ac4f-3590b2be35d2,Trunk,主干,spare_line,备用线,"rgb(128,128,128)",0.7153484328971493,TMP_710f8a1c-ee87-4a1c-aee3-2a352440fd28,Junction,,1,TMP_1e73bbc8-47ef-4f6b-93d4-cbb6dc4a11e4,LoadBreakSwitch,开关00247,2
TMP_740e4aa2-4de2-44db-90db-87ea1826bd68,Trunk,主干,spare_line,备用线,"rgb(128,128,128)",0.6814177436817122,TMP_294ee428-7cfc-4f28-980a-b2a1dd6c1c2a,LoadBreakSwitch,开关00246,1,TMP_2ed19d08-caed-4bf7-a2a5-75ee110912a2,Substation,站房000009,1
TMP_0f706a78-6565-4273-a995-28650e084cd6,Trunk,主干,spare_line,备用线,"rgb(128,128,128)",0.6814177436817122,TMP_294ee428-7cfc-4f28-980a-b2a1dd6c1c2a,LoadBreakSwitch,开关00246,2,TMP_73b6835e-90cb-40c3-900d-bc2d44e439c4,PowerTransformer,配变2331,2
TMP_b32c4b33-65c4-4d83-9791-d8624c38404f,Trunk,主干,spare_line,备用线,"rgb(128,128,128)",0.6814177436817122,TMP_0a249d46-7ee4-4734-83f0-d84ddd8980da,LoadBreakSwitch,开关00245,1,TMP_c3a4822a-478f-42d8-8516-07b85a2addd4,LoadBreakSwitch,开关00244,1
TMP_b210c7c4-a80d-4f4e-8cac-579eabda1c7a,Trunk,主干,spare_line,备用线,"rgb(128,128,128)",0.6814177436817122,TMP_0a249d46-7ee4-4734-83f0-d84ddd8980da,LoadBreakSwitch,开关00245,2,TMP_d4a921b7-0780-4409-879c-6ad69d7ef965,Junction,,1
TMP_01158cf1-8b1b-40e5-b4bb-5faeb5f627ce,Trunk,主干,spare_line,备用线,"rgb(128,128,128)",0.6814177436817122,TMP_d4a921b7-0780-4409-879c-6ad69d7ef965,Junction,,1,TMP_0a249d46-7ee4-4734-83f0-d84ddd8980da,LoadBreakSwitch,开关00245,2
TMP_aeb6d525-0151-4be5-a530-2ef7b90d817b,Trunk,主干,spare_line,备用线,"rgb(128,128,128)",0.6814177436817122,TMP_c3a4822a-478f-42d8-8516-07b85a2addd4,LoadBreakSwitch,开关00244,1,TMP_2ed19d08-caed-4bf7-a2a5-75ee110912a2,Substation,站房000009,1
TMP_01ed6c71-6394-417b-a674-19a06a4f1529,Trunk,主干,spare_line,备用线,"rgb(128,128,128)",0.6814177436817122,TMP_c3a4822a-478f-42d8-8516-07b85a2addd4,LoadBreakSwitch,开关00244,2,TMP_4338edc4-1fb3-4231-bc2e-aee1bd7b0399,PowerTransformer,配变2332,2
TMP_2f04adcf-1f72-414c-8c86-cf7f3db13f74,Trunk,主干,spare_line,备用线,"rgb(128,128,128)",0.6814177436817122,TMP_3cf5c6ca-f431-405c-9930-0aa9615bae4a,LoadBreakSwitch,开关00243,1,TMP_294ee428-7cfc-4f28-980a-b2a1dd6c1c2a,LoadBreakSwitch,开关00246,1
TMP_27aa5e36-c0d1-4691-ac85-a8158e2c901d,Trunk,主干,spare_line,备用线,"rgb(128,128,128)",0.6814177436817122,TMP_3cf5c6ca-f431-405c-9930-0aa9615bae4a,LoadBreakSwitch,开关00243,2,TMP_a5243fc4-89d4-435a-bc49-7c317c826302,Junction,,1
TMP_ab5635c0-bdb0-48c6-b835-9991e7e4f0ed,Trunk,主干,spare_line,备用线,"rgb(128,128,128)",0.6814177436817122,TMP_a5243fc4-89d4-435a-bc49-7c317c826302,Junction,,1,TMP_3cf5c6ca-f431-405c-9930-0aa9615bae4a,LoadBreakSwitch,开关00243,2
TMP_80de2b65-04da-4a7c-a724-e209b9361d16,Trunk,主干,spare_line,备用线,"rgb(128,128,128)",0.6814177436817122,TMP_8856f11c-645e-45f8-9498-36cf6bc28ae6,LoadBreakSwitch,开关00253,1,TMP_f4bf16cd-b760-47fd-9679-c89a22f0e720,LoadBreakSwitch,开关00252,1
TMP_580c05f7-17bd-4ece-8b43-3a30980a16fb,Trunk,主干,spare_line,备用线,"rgb(128,128,128)",0.6814177436817122,TMP_8856f11c-645e-45f8-9498-36cf6bc28ae6,LoadBreakSwitch,开关00253,2,TMP_1cf6fb1b-89f8-45d6-8ea0-dc57060f475b,Junction,,1
TMP_024e3264-dd83-48df-a510-2cb187ad95f9,Trunk,主干,spare_line,备用线,"rgb(128,128,128)",0.6814177436817122,TMP_1cf6fb1b-89f8-45d6-8ea0-dc57060f475b,Junction,,1,TMP_8856f11c-645e-45f8-9498-36cf6bc28ae6,LoadBreakSwitch,开关00253,2
TMP_2061a412-78df-4e7c-9414-d1b84014dab7,Trunk,主干,spare_line,备用线,"rgb(128,128,128)",0.6814177436817122,TMP_f4bf16cd-b760-47fd-9679-c89a22f0e720,LoadBreakSwitch,开关00252,1,TMP_994779a7-5293-447d-80e3-d70c21596a1d,Substation,站房000007,1
TMP_a22348a9-e71f-42ce-ad93-5a73656f69e2,Trunk,主干,spare_line,备用线,"rgb(128,128,128)",0.6814177436817122,TMP_f4bf16cd-b760-47fd-9679-c89a22f0e720,LoadBreakSwitch,开关00252,2,TMP_418c3360-8b24-4ba1-9b73-0542e66eb3a2,PowerTransformer,配变2334,1
TMP_ef7381ab-0248-43d1-aaa0-630ceb7e6f5c,Trunk,主干,spare_line,备用线,"rgb(128,128,128)",0.6814177436817122,TMP_dee24f97-56ce-48ea-8fb8-bf8a3780495f,LoadBreakSwitch,开关00251,1,TMP_994779a7-5293-447d-80e3-d70c21596a1d,Substation,站房000007,1
TMP_23c3aea7-fffb-4fcb-9de9-c8aa9b3a3788,Trunk,主干,spare_line,备用线,"rgb(128,128,128)",0.6814177436817122,TMP_dee24f97-56ce-48ea-8fb8-bf8a3780495f,LoadBreakSwitch,开关00251,2,TMP_76d74ecf-9cc8-4c6d-8bf0-cb42c9e7387d,PowerTransformer,配变2335,2
TMP_f35f483b-6931-4bd6-b9f5-9f7579d3174b,Trunk,主干,spare_line,备用线,"rgb(128,128,128)",0.6814177436817122,TMP_5ca2d369-0037-4648-a45f-103870a9ed31,LoadBreakSwitch,开关00250,1,TMP_dee24f97-56ce-48ea-8fb8-bf8a3780495f,LoadBreakSwitch,开关00251,1
TMP_d0f5f764-104d-42c4-bdfe-b4af5f67e86a,Trunk,主干,spare_line,备用线,"rgb(128,128,128)",0.6814177436817122,TMP_5ca2d369-0037-4648-a45f-103870a9ed31,LoadBreakSwitch,开关00250,2,TMP_e69f3ee9-4989-42b5-ab6c-cfef1d8a29e0,Junction,,1
TMP_e0f26ace-9de3-4a16-8ff6-94c3ad654a50,Trunk,主干,spare_line,备用线,"rgb(128,128,128)",0.6814177436817122,TMP_e69f3ee9-4989-42b5-ab6c-cfef1d8a29e0,Junction,,1,TMP_5ca2d369-0037-4648-a45f-103870a9ed31,LoadBreakSwitch,开关00250,2
TMP_5d4dd975-d6d0-4def-bdc8-35e890994267,Trunk,主干,spare_line,备用线,"rgb(128,128,128)",0.7153484328971493,TMP_436beb08-e3d1-4a35-a61b-3d4b1cfc507e,LoadBreakSwitch,开关00256,1,TMP_1aaa4e75-7123-4fb0-8960-f9560e6728a6,LoadBreakSwitch,开关00255,1
TMP_c7638b10-5dc1-40de-9f4c-cc846585c809,Trunk,主干,spare_line,备用线,"rgb(128,128,128)",0.7153484328971493,TMP_436beb08-e3d1-4a35-a61b-3d4b1cfc507e,LoadBreakSwitch,开关00256,2,TMP_ad7b1ab5-deae-44c9-8f1b-e6146deb0503,Junction,,1
TMP_e9634392-2ad4-4ece-83eb-324be266ba0f,Trunk,主干,spare_line,备用线,"rgb(128,128,128)",0.7153484328971493,TMP_ad7b1ab5-deae-44c9-8f1b-e6146deb0503,Junction,,1,TMP_436beb08-e3d1-4a35-a61b-3d4b1cfc507e,LoadBreakSwitch,开关00256,2
TMP_929458a7-2e64-444c-8963-13b36aaae2ab,Trunk,主干,spare_line,备用线,"rgb(128,128,128)",0.7153484328971493,TMP_1aaa4e75-7123-4fb0-8960-f9560e6728a6,LoadBreakSwitch,开关00255,1,TMP_ac12300c-6f8c-41a9-bafc-ee2c7b38c895,Substation,站房000006,1
TMP_2e54b1c7-aff4-49c4-bf35-4f37efd27e32,Trunk,主干,spare_line,备用线,"rgb(128,128,128)",0.7153484328971493,TMP_1aaa4e75-7123-4fb0-8960-f9560e6728a6,LoadBreakSwitch,开关00255,2,TMP_39eb21f6-303f-484e-9b4f-bdfa0345a054,PowerTransformer,配变2336,2
TMP_4e5f6d7a-2e93-4c0e-b9a1-05787935d6a4,Trunk,主干,spare_line,备用线,"rgb(128,128,128)",0.7153484328971493,TMP_73e55ccf-c975-481d-89af-ace1300806f6,LoadBreakSwitch,开关00254,1,TMP_1aaa4e75-7123-4fb0-8960-f9560e6728a6,LoadBreakSwitch,开关00255,1
TMP_02ee6f2c-957b-4c3c-9ce4-fc03f0c22c39,Trunk,主干,spare_line,备用线,"rgb(128,128,128)",0.7153484328971493,TMP_73e55ccf-c975-481d-89af-ace1300806f6,LoadBreakSwitch,开关00254,2,TMP_7859dd4d-43e6-4c05-8764-146b0bd3e171,Junction,,1
TMP_5351a81c-3030-46ca-ab2a-ad1d0b9e1ff6,Trunk,主干,spare_line,备用线,"rgb(128,128,128)",0.7153484328971493,TMP_7859dd4d-43e6-4c05-8764-146b0bd3e171,Junction,,1,TMP_73e55ccf-c975-481d-89af-ace1300806f6,LoadBreakSwitch,开关00254,2
TMP_45d7393a-5725-4e23-9eb4-23ad2aa7d682,Trunk,主干,spare_line,备用线,"rgb(128,128,128)",0.6611558368645456,TMP_7491a52b-c251-42ba-8499-74602eb325ca,LoadBreakSwitch,开关00226,1,TMP_fc1e3b4e-3e37-4859-8f2d-8f168e917bec,PowerTransformer,配变2310,2
TMP_40146b6a-7022-4241-aacb-a2d87bc0e986,Trunk,主干,spare_line,备用线,"rgb(128,128,128)",0.6611558368645456,TMP_7491a52b-c251-42ba-8499-74602eb325ca,LoadBreakSwitch,开关00226,2,TMP_fc1e3b4e-3e37-4859-8f2d-8f168e917bec,PowerTransformer,配变2310,1
TMP_ef58ad75-802e-45e9-bf24-cefb7ffbe507,Trunk,主干,spare_line,备用线,"rgb(128,128,128)",0.6611558368645456,TMP_41c99b11-ed9c-4b6a-af06-aafa97610eb4,LoadBreakSwitch,开关00225,1,TMP_f29ed89d-0295-46aa-b148-e58dbed8d316,Junction,,1
TMP_70bb6c27-2b9d-45f3-bfbc-a09a706b7de5,Trunk,主干,spare_line,备用线,"rgb(128,128,128)",0.6611558368645456,TMP_41c99b11-ed9c-4b6a-af06-aafa97610eb4,LoadBreakSwitch,开关00225,2,TMP_f29ed89d-0295-46aa-b148-e58dbed8d316,Junction,,1
TMP_39d32655-4875-4eab-9008-e948d0489982,Trunk,主干,spare_line,备用线,"rgb(128,128,128)",0.6611558368645456,TMP_835946ed-041b-406e-97e3-24a5b065efae,LoadBreakSwitch,开关00224,1,TMP_b71cc72b-31aa-4f3b-8f5c-f657c438c801,Junction,,1
TMP_9b22e626-e40c-4330-ae1d-e72555395740,Trunk,主干,spare_line,备用线,"rgb(128,128,128)",0.6611558368645456,TMP_835946ed-041b-406e-97e3-24a5b065efae,LoadBreakSwitch,开关00224,2,TMP_b71cc72b-31aa-4f3b-8f5c-f657c438c801,Junction,,1
TMP_20e29009-d6d0-4003-8aa8-4066b039c957,Trunk,主干,spare_line,备用线,"rgb(128,128,128)",0.6611558368645456,TMP_a4bea43d-aa62-44a0-8649-173a0113a4ad,LoadBreakSwitch,开关00223,1,TMP_f0b6039c-cef4-498f-9809-133a71f18ee1,Substation,站房000004,1
TMP_bd1d38a2-899a-4ff6-b93d-8d95a3814f4d,Trunk,主干,spare_line,备用线,"rgb(128,128,128)",0.6611558368645456,TMP_a4bea43d-aa62-44a0-8649-173a0113a4ad,LoadBreakSwitch,开关00223,2,TMP_f0b6039c-cef4-498f-9809-133a71f18ee1,Substation,站房000004,1
TMP_bda2038d-3adb-44b5-b6ed-95b246bb7b98,Trunk,主干,spare_line,备用线,"rgb(128,128,128)",0.6611558368645456,TMP_f0b6039c-cef4-498f-9809-133a71f18ee1,Substation,站房000004,1,TMP_b49d14de-a5c8-48fb-9078-767849eb08d3,Junction,,1
TMP_2bf6fbd2-f248-4258-b579-638d2d5c47c5,Trunk,主干,spare_line,备用线,"rgb(128,128,128)",0.6611558368645456,TMP_b49d14de-a5c8-48fb-9078-767849eb08d3,Junction,,1,TMP_f0b6039c-cef4-498f-9809-133a71f18ee1,Substation,站房000004,1
TMP_ca2f687f-dcce-457c-ae57-a1930a6131b5,Trunk,主干,spare_line,备用线,"rgb(128,128,128)",0.6611558368645456,TMP_e92470bb-e6f3-48c1-8705-a0876fbd2605,PowerTransformer,配变2311,2,TMP_41c99b11-ed9c-4b6a-af06-aafa97610eb4,LoadBreakSwitch,开关00225,2
TMP_e27e36d0-f515-470a-b22e-9d07e73c5196,Trunk,主干,spare_line,备用线,"rgb(128,128,128)",0.020753614366359946,TMP_368f8a19-176b-4345-9bed-1af72ecb78bc,Fuse,刀闸0060,1,TMP_b03210b4-1b71-4b84-b3dc-865183ad7682,Fuse,刀闸0061,1
TMP_de2cec00-86e0-4870-b4de-c9756ee57d1d,Trunk,主干,spare_line,备用线,"rgb(128,128,128)",0.020753614366359946,TMP_368f8a19-176b-4345-9bed-1af72ecb78bc,Fuse,刀闸0060,1,TMP_b03210b4-1b71-4b84-b3dc-865183ad7682,Fuse,刀闸0061,1
TMP_e6f3923b-b3a8-4dc1-a6f4-25e7039591f3,Trunk,主干,spare_line,备用线,"rgb(128,128,128)",0.020753614366359946,TMP_edefaa4d-7ef2-4ae2-b187-cfe1ec4a41c7,Fuse,刀闸0038,2,TMP_a7e91332-1036-4b47-92d8-56286ef19af4,Fuse,刀闸0036,1
TMP_12fd5bc3-6a14-4222-ba3e-c761b31a0950,Trunk,主干,spare_line,备用线,"rgb(128,128,128)",0.020753614366359946,TMP_a7e91332-1036-4b47-92d8-56286ef19af4,Fuse,刀闸0036,1,TMP_edefaa4d-7ef2-4ae2-b187-cfe1ec4a41c7,Fuse,刀闸0038,2
TMP_97e88152-2f95-49d6-b3d5-0ffc587aaa96,Trunk,主干,spare_line,备用线,"rgb(128,128,128)",0.020753614366359946,TMP_edefaa4d-7ef2-4ae2-b187-cfe1ec4a41c7,Fuse,刀闸0038,2,TMP_de4875bd-be9f-43c1-a80d-09a384a9823c,Fuse,刀闸0037,1
TMP_c9ffa516-7af5-45b8-be79-ecf69a663da4,Trunk,主干,spare_line,备用线,"rgb(128,128,128)",0.020753614366359946,TMP_de4875bd-be9f-43c1-a80d-09a384a9823c,Fuse,刀闸0037,1,TMP_a7e91332-1036-4b47-92d8-56286ef19af4,Fuse,刀闸0036,1
TMP_4aac5cc8-fe3d-425c-8109-916630af734c,Trunk,主干,spare_line,备用线,"rgb(128,128,128)",0.020753614366359946,TMP_eddc5e9c-22b6-4671-aabd-62af1b4e4f22,Fuse,刀闸0044,1,TMP_141195c3-ee12-46cf-9493-5b0ed33eaea9,Fuse,刀闸0043,1
TMP_47498822-7ed2-44a2-922f-3c91b37a9051,Trunk,主干,spare_line,备用线,"rgb(128,128,128)",0.020753614366359946,TMP_141195c3-ee12-46cf-9493-5b0ed33eaea9,Fuse,刀闸0043,1,TMP_eddc5e9c-22b6-4671-aabd-62af1b4e4f22,Fuse,刀闸0044,2
TMP_f62ffd94-4250-4c12-9c6f-7c1925fcd63c,Trunk,主干,spare_line,备用线,"rgb(128,128,128)",0.020753614366359946,TMP_eddc5e9c-22b6-4671-aabd-62af1b4e4f22,Fuse,刀闸0044,1,TMP_e93431de-c5dc-47c1-9d54-042becffdd81,PowerTransformer,配变2147,1
TMP_3475988e-796a-489a-b5f1-830b3dfbee5e,Trunk,主干,spare_line,备用线,"rgb(128,128,128)",0.020753614366359946,TMP_eddc5e9c-22b6-4671-aabd-62af1b4e4f22,Fuse,刀闸0044,1,TMP_e93431de-c5dc-47c1-9d54-042becffdd81,PowerTransformer,配变2147,1
TMP_b164dfc5-5378-46d7-9b01-03953befd1c0,Trunk,主干,spare_line,备用线,"rgb(128,128,128)",0.020753614366359946,TMP_7e4cd85d-6e10-4e48-8d12-d4ec403acc53,Fuse,刀闸0045,1,TMP_2033882a-e541-4287-8576-84980eef2296,Fuse,刀闸0046,1
TMP_339cc29a-1535-4822-b1f0-cceb5003adab,Trunk,主干,spare_line,备用线,"rgb(128,128,128)",0.020753614366359946,TMP_7e24e90f-f15d-4bd1-9ac5-33bb08eee591,Fuse,刀闸0041,1,TMP_62e2aac9-71d9-410c-b3dc-4b009cd9123b,Fuse,刀闸0042,1
TMP_c63ece16-57ed-43b8-974b-9dfe201077b4,Trunk,主干,spare_line,备用线,"rgb(128,128,128)",0.020753614366359946,TMP_62e2aac9-71d9-410c-b3dc-4b009cd9123b,Fuse,刀闸0042,1,TMP_7e24e90f-f15d-4bd1-9ac5-33bb08eee591,Fuse,刀闸0041,1
TMP_2eac3689-7595-4827-a7c3-cbfc6a5b2898,Trunk,主干,spare_line,备用线,"rgb(128,128,128)",0.020753614366359946,TMP_899c0aee-8448-46ee-942c-c2793c1157c4,Fuse,刀闸0048,1,TMP_79a82459-4ce3-409b-a9d3-a118849160fe,Fuse,刀闸0047,1
TMP_cecfa02c-34ad-4af4-9508-af08dd9f1b8f,Trunk,主干,spare_line,备用线,"rgb(128,128,128)",0.020753614366359946,TMP_79a82459-4ce3-409b-a9d3-a118849160fe,Fuse,刀闸0047,1,TMP_899c0aee-8448-46ee-942c-c2793c1157c4,Fuse,刀闸0048,1
TMP_b1605f4e-a81b-4e98-b1dd-7a333116d917,Trunk,主干,spare_line,备用线,"rgb(128,128,128)",0.020753614366359946,TMP_899c0aee-8448-46ee-942c-c2793c1157c4,Fuse,刀闸0048,1,TMP_79a82459-4ce3-409b-a9d3-a118849160fe,Fuse,刀闸0047,1
TMP_e1511af5-182b-48e4-a3c5-22ec1b2c836a,Trunk,主干,spare_line,备用线,"rgb(128,128,128)",0.020753614366359946,TMP_899c0aee-8448-46ee-942c-c2793c1157c4,Fuse,刀闸0048,1,TMP_79a82459-4ce3-409b-a9d3-a118849160fe,Fuse,刀闸0047,1
TMP_73103f2d-1992-4c5d-bf63-b07754fcbfd0,Trunk,主干,spare_line,备用线,"rgb(128,128,128)",0.020753614366359946,TMP_2c0b9082-7a26-4848-936e-3078ab7658aa,Fuse,刀闸0039,1,TMP_2ed19d08-caed-4bf7-a2a5-75ee110912a2,Substation,站房000009,1
TMP_f4416c03-39a2-47d8-a928-dbdb17fc8145,Trunk,主干,spare_line,备用线,"rgb(128,128,128)",0.020753614366359946,TMP_2c0b9082-7a26-4848-936e-3078ab7658aa,Fuse,刀闸0039,1,TMP_2ed19d08-caed-4bf7-a2a5-75ee110912a2,Substation,站房000009,1
TMP_3c0646c0-c860-418c-99ee-ab30689bf59d,Trunk,主干,spare_line,备用线,"rgb(128,128,128)",0.020753614366359946,TMP_fffdb241-d2ce-4a03-ac4a-1ba0750e0f18,Breaker,开关00003,1,TMP_22ad048a-8688-474a-bfad-6c3719c697a3,Fuse,刀闸0050,1
TMP_3d7f40e6-b5f0-47d3-a596-bf10efcfbe7b,Trunk,主干,spare_line,备用线,"rgb(128,128,128)",0.020753614366359946,TMP_22ad048a-8688-474a-bfad-6c3719c697a3,Fuse,刀闸0050,1,TMP_fffdb241-d2ce-4a03-ac4a-1ba0750e0f18,Breaker,开关00003,1
TMP_912afc8f-7337-4ec4-9c6c-b9ea46ffe744,Trunk,主干,spare_line,备用线,"rgb(128,128,128)",0.020753614366359946,TMP_56e46d23-7358-4745-88db-7af2bffe3c85,Fuse,刀闸0051,1,TMP_a0397e37-6b92-4454-8c94-0bd3ed72ec41,PowerTransformer,配变2174,1
TMP_bc84476f-566d-42d2-95c7-7b38737ff266,Trunk,主干,spare_line,备用线,"rgb(128,128,128)",0.020753614366359946,TMP_56e46d23-7358-4745-88db-7af2bffe3c85,Fuse,刀闸0051,1,TMP_a0397e37-6b92-4454-8c94-0bd3ed72ec41,PowerTransformer,配变2174,1
TMP_ea3c042a-2c9d-4f18-8e42-c558fbfec80a,Trunk,主干,spare_line,备用线,"rgb(128,128,128)",0.020753614366359946,TMP_56e46d23-7358-4745-88db-7af2bffe3c85,Fuse,刀闸0051,1,TMP_a0397e37-6b92-4454-8c94-0bd3ed72ec41,PowerTransformer,配变2174,1
TMP_7e49b934-e3a2-47f8-acb8-47f4f9860998,Trunk,主干,spare_line,备用线,"rgb(128,128,128)",0.020753614366359946,TMP_1d8be608-fd98-4fed-93c5-f18e1129a566,Fuse,刀闸0058,1,TMP_a58d4bdf-1435-45f7-baa3-80fd8e4691ea,Fuse,刀闸0059,1
TMP_0354bced-32b8-44ce-8465-a877a9ccc708,Trunk,主干,spare_line,备用线,"rgb(128,128,128)",0.020753614366359946,TMP_1d8be608-fd98-4fed-93c5-f18e1129a566,Fuse,刀闸0058,1,TMP_a58d4bdf-1435-45f7-baa3-80fd8e4691ea,Fuse,刀闸0059,1
TMP_de45f76b-bfd4-4c74-8fe0-ea60418b07ea,Trunk,主干,spare_line,备用线,"rgb(128,128,128)",0.020753614366359946,TMP_1d8be608-fd98-4fed-93c5-f18e1129a566,Fuse,刀闸0058,1,TMP_a58d4bdf-1435-45f7-baa3-80fd8e4691ea,Fuse,刀闸0059,1
TMP_00ed0aff-836e-4e8b-a6e7-57302276c661,Trunk,主干,spare_line,备用线,"rgb(128,128,128)",0.020753614366359946,TMP_a58d4bdf-1435-45f7-baa3-80fd8e4691ea,Fuse,刀闸0059,1,TMP_1d8be608-fd98-4fed-93c5-f18e1129a566,Fuse,刀闸0058,1
TMP_2c694b2e-811a-4e3c-91be-6e2948ed9c30,Trunk,主干,spare_line,备用线,"rgb(128,128,128)",0.020753614366359946,TMP_73536e48-7b02-4f4f-a759-e54ee3d0f66e,Breaker,开关00019,1,TMP_70689ceb-79e8-416f-9c8b-998354981fb6,Fuse,刀闸0034,1
TMP_14fe03f2-b23f-47a6-844b-e3cb1f16c796,Trunk,主干,spare_line,备用线,"rgb(128,128,128)",0.020753614366359946,TMP_547b0d1d-15d4-42c4-9b2b-7a5932fc45a9,Fuse,刀闸0029,1,TMP_3c8c65fb-ec76-4ada-9451-84e3669094ad,Fuse,刀闸0028,1
TMP_a13b433b-f2d9-4514-bc2b-57a8b41c1654,Trunk,主干,spare_line,备用线,"rgb(128,128,128)",0.020753614366359946,TMP_3c8c65fb-ec76-4ada-9451-84e3669094ad,Fuse,刀闸0028,1,TMP_547b0d1d-15d4-42c4-9b2b-7a5932fc45a9,Fuse,刀闸0029,1
TMP_585a3b8e-6297-41b1-af39-b7d386ef51c6,Trunk,主干,spare_line,备用线,"rgb(128,128,128)",0.020753614366359946,TMP_547b0d1d-15d4-42c4-9b2b-7a5932fc45a9,Fuse,刀闸0029,2,TMP_df0ade00-aada-47a1-be0a-c3062f8ecf74,PowerTransformer,配变2163,1
TMP_70c5c5fa-8b2c-44ad-b725-6aefc1556bee,Trunk,主干,spare_line,备用线,"rgb(128,128,128)",0.020753614366359946,TMP_547b0d1d-15d4-42c4-9b2b-7a5932fc45a9,Fuse,刀闸0029,2,TMP_df0ade00-aada-47a1-be0a-c3062f8ecf74,PowerTransformer,配变2163,1
TMP_8ebccf90-7b25-4463-b092-1efffab7b5e3,Trunk,主干,spare_line,备用线,"rgb(128,128,128)",0.020753614366359946,TMP_b294b590-dccc-40a0-81d7-52b0e71f521d,Fuse,刀闸0019,1,TMP_232d24d0-bf1d-4271-8ac4-97a1a3ee3959,Fuse,刀闸0027,1
TMP_58910afd-767b-4477-bb0e-883b3ae127c0,Trunk,主干,spare_line,备用线,"rgb(128,128,128)",0.020753614366359946,TMP_232d24d0-bf1d-4271-8ac4-97a1a3ee3959,Fuse,刀闸0027,1,TMP_b294b590-dccc-40a0-81d7-52b0e71f521d,Fuse,刀闸0019,1
TMP_e9073809-be9f-49c0-bf69-04fa222a4181,Trunk,主干,spare_line,备用线,"rgb(128,128,128)",0.020753614366359946,TMP_09c2fd3c-5323-401d-9a5b-e89a422d8490,Fuse,刀闸0023,1,TMP_b72078c3-0d86-4ecc-a83f-9dd7a5e14ede,Fuse,刀闸0022,1
TMP_d3b4e9c3-7017-4bf1-8c24-9ffd4743afdc,Trunk,主干,spare_line,备用线,"rgb(128,128,128)",0.020753614366359946,TMP_b72078c3-0d86-4ecc-a83f-9dd7a5e14ede,Fuse,刀闸0022,1,TMP_c62693a6-4dd7-47af-af18-2b5f3e8e5928,Fuse,刀闸0005,1
TMP_82366042-8efe-4a7f-a1e8-5fffc6b037c4,Trunk,主干,spare_line,备用线,"rgb(128,128,128)",0.020753614366359946,TMP_b72078c3-0d86-4ecc-a83f-9dd7a5e14ede,Fuse,刀闸0022,1,TMP_09c2fd3c-5323-401d-9a5b-e89a422d8490,Fuse,刀闸0023,1
TMP_430bad3e-8232-4843-91b1-348b7a1803a6,Trunk,主干,spare_line,备用线,"rgb(128,128,128)",0.020753614366359946,TMP_09c2fd3c-5323-401d-9a5b-e89a422d8490,Fuse,刀闸0023,1,TMP_dca1ef09-5061-4dcc-88fa-58fb6dc1e366,Fuse,刀闸0021,1
TMP_440b7b8b-8f4a-4172-8173-9ee737603f4d,Trunk,主干,spare_line,备用线,"rgb(128,128,128)",0.020753614366359946,TMP_ad30a2da-b7b6-41b0-9d2c-c62b8963a029,Fuse,刀闸0062,1,TMP_1ca6326b-be75-4283-aa29-20192865b6b6,Breaker,开关00006,1
TMP_e474545e-dc0b-4bb3-bfb9-bb13dfb71a83,Trunk,主干,spare_line,备用线,"rgb(128,128,128)",0.020753614366359946,TMP_ad30a2da-b7b6-41b0-9d2c-c62b8963a029,Fuse,刀闸0062,1,TMP_94f5fd92-3eef-4301-8436-ceda13a43e4b,PowerTransformer,配变2157,1
TMP_7534822b-9e97-4682-9516-fffd61826ca2,Trunk,主干,spare_line,备用线,"rgb(128,128,128)",0.020753614366359946,TMP_2b527e65-695c-4a99-ad57-4129c26944c7,PowerTransformer,配变2156,1,TMP_c91df0dd-ff75-4b0b-8697-8287ddf99f76,PowerTransformer,配变2155,1
TMP_60723824-a4d2-4841-a51f-3543ce568b43,Trunk,主干,spare_line,备用线,"rgb(0,0,0)",0.020753614366359946,TMP_7139321e-9c53-40d3-99e0-56dbcb7a64a3,Fuse,刀闸0063,2,TMP_c91df0dd-ff75-4b0b-8697-8287ddf99f76,PowerTransformer,配变2155,1
TMP_805aba05-7d2b-440b-8790-ac5a9b57b518,Trunk,主干,spare_line,备用线,"rgb(128,128,128)",0.5810719902245707,TMP_5f97bda1-6e6f-4087-a5b4-8658104a48d9,Fuse,刀闸0064,2,TMP_a51494f2-9b33-4dbd-b55a-e4d73d23179b,Breaker,开关00027,1
TMP_63be0956-09b8-49f9-bc40-f62204108650,Trunk,主干,spare_line,备用线,"rgb(128,128,128)",0.7153483834166776,TMP_72b19996-8a61-4fa3-8ed0-103b13850951,LoadBreakSwitch,开关00212,1,TMP_67e3324e-9587-459c-8813-0dbc2284df4a,LoadBreakSwitch,开关00211,1
TMP_dd0f6361-915e-4464-a931-ef567aa6d290,Trunk,主干,spare_line,备用线,"rgb(128,128,128)",0.7153483834166776,TMP_72b19996-8a61-4fa3-8ed0-103b13850951,LoadBreakSwitch,开关00212,2,TMP_d5fa6d4f-f872-474b-8c16-4ebed11562c0,Junction,,1
TMP_67fa7868-1895-4425-872a-eaf98c4e6b16,Trunk,主干,spare_line,备用线,"rgb(128,128,128)",0.7153483834166776,TMP_d5fa6d4f-f872-474b-8c16-4ebed11562c0,Junction,,1,TMP_72b19996-8a61-4fa3-8ed0-103b13850951,LoadBreakSwitch,开关00212,2
TMP_b3645692-1655-49d5-a43d-74d1e894bb42,Trunk,主干,spare_line,备用线,"rgb(128,128,128)",0.7153483834166776,TMP_67e3324e-9587-459c-8813-0dbc2284df4a,LoadBreakSwitch,开关00211,1,TMP_0ce8d53d-82db-4ffd-9004-6096f6b4efb5,Substation,站房000022,1
TMP_e8bc087e-be96-4db2-8a8f-239292aeb1bd,Trunk,主干,spare_line,备用线,"rgb(128,128,128)",0.7153483834166776,TMP_67e3324e-9587-459c-8813-0dbc2284df4a,LoadBreakSwitch,开关00211,2,TMP_21daae5e-c845-4c17-93a4-a61f9f23fe35,PowerTransformer,配变2321,2
TMP_2f2c4e52-ac1f-4b0c-8051-644e62862184,Trunk,主干,spare_line,备用线,"rgb(128,128,128)",0.7153483834166776,TMP_ded7f0e5-fe40-4213-bf0e-dad465acf581,LoadBreakSwitch,开关00210,1,TMP_67e3324e-9587-459c-8813-0dbc2284df4a,LoadBreakSwitch,开关00211,1
TMP_3fa941ca-69be-4203-ac42-1b191bdd57bd,Trunk,主干,spare_line,备用线,"rgb(128,128,128)",0.7153483834166776,TMP_ded7f0e5-fe40-4213-bf0e-dad465acf581,LoadBreakSwitch,开关00210,2,TMP_8cb7d8d1-7f77-49ee-8d64-88da099468c1,Junction,,1
TMP_8f30a9a0-114e-4da6-9508-064b199355ad,Trunk,主干,spare_line,备用线,"rgb(128,128,128)",0.7153483834166776,TMP_8cb7d8d1-7f77-49ee-8d64-88da099468c1,Junction,,1,TMP_ded7f0e5-fe40-4213-bf0e-dad465acf581,LoadBreakSwitch,开关00210,2
TMP_15eb34c4-57e0-4aa0-a06b-bb8879a20a57,Trunk,主干,spare_line,备用线,"rgb(128,128,128)",0.5811000951325231,TMP_a7dcf284-ad90-4313-bd81-d3258253cfad,Junction,00000终端头922060,1,TMP_72b19996-8a61-4fa3-8ed0-103b13850951,LoadBreakSwitch,开关00212,1
TMP_657ea224-be55-470b-84de-cb02029f4a79,Trunk,主干,spare_line,备用线,"rgb(0,0,0)",0.5811000951325231,TMP_92036e17-5f42-4ba2-b36d-bf82e4819b2e,Junction,00000终端头918510,1,TMP_d5fa6d4f-f872-474b-8c16-4ebed11562c0,Junction,,1
TMP_eeb75a2a-c437-48e4-b009-79f23cf23715,Trunk,主干,spare_line,备用线,"rgb(128,128,128)",0.5810125146975307,TMP_73536e48-7b02-4f4f-a759-e54ee3d0f66e,Breaker,开关00019,1,TMP_70689ceb-79e8-416f-9c8b-998354981fb6,Fuse,刀闸0034,1
TMP_e7cad5fb-d6c1-471c-8a0e-f71d7db2c6b0,Trunk,主干,spare_line,备用线,"rgb(128,128,128)",0.5810730293144774,TMP_b294b590-dccc-40a0-81d7-52b0e71f521d,Fuse,刀闸0019,1,TMP_df0ade00-aada-47a1-be0a-c3062f8ecf74,PowerTransformer,配变2163,2
TMP_0b2a89b1-1d6d-4c52-aab4-b3641efcbb02,Trunk,主干,spare_line,备用线,"rgb(128,128,128)",0.5811004909762971,TMP_ff2d39d2-56fd-43f6-9d37-9cd57b23d348,Fuse,刀闸0018,1,TMP_96a47f90-30e3-4d38-9f3c-f1a5316a9a00,Junction,00000终端头586715,1
TMP_6c2e6ff4-6ace-4f53-bcd5-b17f155369d8,Trunk,主干,spare_line,备用线,"rgb(0,0,0)",0.5810766908693867,TMP_342c56b6-c0db-483d-a440-5aa230818bcc,Junction,00000终端头957286,1,TMP_10d9f44e-f2b3-4ff3-8183-7b461371b867,Junction,,1
TMP_00025674-4322-478a-8cee-a4a1a81896df,Trunk,主干,spare_line,备用线,"rgb(0,0,0)",0.5810766908693867,TMP_35079bb2-3910-41ed-ade7-591a17e34aab,Junction,00000终端头988037,1,TMP_7a055ddc-ac68-40a7-a030-fc039de31d59,Junction,,1
TMP_d9e2e202-24ca-4d1d-903f-1c0b153f3b07,Trunk,主干,spare_line,备用线,"rgb(0,0,0)",0.5811011837029015,TMP_b85c96a0-b289-47b0-b089-75192365001e,Junction,00000终端头466820,1,TMP_bf23ae28-e789-49dc-b8bd-4dec3d961a33,Junction,,1
TMP_e812569f-ebb9-42f3-864c-ef2afe9ffbee,Trunk,主干,spare_line,备用线,"rgb(128,128,128)",0.7153484328971493,TMP_97082a49-ff3b-4e11-b44a-4e0e52df6ee9,LoadBreakSwitch,开关00172,1,TMP_08163f97-14ed-4366-bb33-154cc76f3a51,LoadBreakSwitch,开关00170,1
TMP_b10f1c15-62f3-4475-aefe-5007d1646444,Trunk,主干,spare_line,备用线,"rgb(128,128,128)",0.7153484328971493,TMP_97082a49-ff3b-4e11-b44a-4e0e52df6ee9,LoadBreakSwitch,开关00172,2,TMP_bf23ae28-e789-49dc-b8bd-4dec3d961a33,Junction,,1
TMP_7c3e3c8d-aa7f-4c78-bc90-ee3af616e8bf,Trunk,主干,spare_line,备用线,"rgb(128,128,128)",0.7153484328971493,TMP_bf23ae28-e789-49dc-b8bd-4dec3d961a33,Junction,,1,TMP_97082a49-ff3b-4e11-b44a-4e0e52df6ee9,LoadBreakSwitch,开关00172,2
TMP_9c54cf56-8ee9-4190-9fbb-7aeb1cc2fcee,Trunk,主干,spare_line,备用线,"rgb(128,128,128)",0.7153484328971493,TMP_724b2823-a05e-4550-98aa-510aa4dc0c33,LoadBreakSwitch,开关00171,1,TMP_08163f97-14ed-4366-bb33-154cc76f3a51,LoadBreakSwitch,开关00170,1
TMP_0e7dd002-6686-4fab-9980-dd579c1d5971,Trunk,主干,spare_line,备用线,"rgb(128,128,128)",0.7153484328971493,TMP_724b2823-a05e-4550-98aa-510aa4dc0c33,LoadBreakSwitch,开关00171,2,TMP_3de5ce1a-163f-495f-83bd-82f9d50a5ae5,Junction,,1
TMP_5bd65e57-3783-4377-ae8c-92dd7429a3f9,Trunk,主干,spare_line,备用线,"rgb(128,128,128)",0.7153484328971493,TMP_3de5ce1a-163f-495f-83bd-82f9d50a5ae5,Junction,,1,TMP_724b2823-a05e-4550-98aa-510aa4dc0c33,LoadBreakSwitch,开关00171,2
TMP_7a5cc508-c4e0-48e1-9087-ba012eed7f6e,Trunk,主干,spare_line,备用线,"rgb(128,128,128)",0.7153484328971493,TMP_08163f97-14ed-4366-bb33-154cc76f3a51,LoadBreakSwitch,开关00170,1,TMP_b78fa166-946e-444d-ab06-7422bddb36fe,Substation,站房000038,1
TMP_9a59084c-5604-488b-8811-3d311296dde1,Trunk,主干,spare_line,备用线,"rgb(128,128,128)",0.7153484328971493,TMP_08163f97-14ed-4366-bb33-154cc76f3a51,LoadBreakSwitch,开关00170,2,TMP_e94e670d-f72a-471b-9be2-9f9eb9111403,PowerTransformer,配变2279,2
TMP_2a2c116e-5b2e-494e-abd8-c6c8ae7218c7,Trunk,主干,spare_line,备用线,"rgb(0,0,0)",0.5811011837029015,TMP_1bc15c2e-965a-4be1-9447-51f8463fcf98,Junction,00000终端头198672,1,TMP_54b8a651-5eb4-46cf-bc06-251673902197,Junction,,1
TMP_ea5d9023-29a1-4ea9-860d-5dd343c3a95a,Trunk,主干,spare_line,备用线,"rgb(128,128,128)",0.7153483834166776,TMP_64b3287e-5d89-4fd5-be0a-4d2b61f56996,LoadBreakSwitch,开关00118,1,TMP_0b7a4cf2-6cca-4219-b219-e9060f43b717,LoadBreakSwitch,开关00116,1
TMP_a0796c46-2e6b-490e-8bbc-2c0591466373,Trunk,主干,spare_line,备用线,"rgb(128,128,128)",0.7153483834166776,TMP_64b3287e-5d89-4fd5-be0a-4d2b61f56996,LoadBreakSwitch,开关00118,2,TMP_54b8a651-5eb4-46cf-bc06-251673902197,Junction,,1
TMP_f6d9342b-ed6d-4f6a-bf7d-39a7ffe42479,Trunk,主干,spare_line,备用线,"rgb(128,128,128)",0.7153483834166776,TMP_54b8a651-5eb4-46cf-bc06-251673902197,Junction,,1,TMP_64b3287e-5d89-4fd5-be0a-4d2b61f56996,LoadBreakSwitch,开关00118,2
TMP_47f368a3-b76a-4db2-bba8-1e82d2b0ed25,Trunk,主干,spare_line,备用线,"rgb(128,128,128)",0.7153483834166776,TMP_aeb09782-3853-45d5-8ab5-2c24ae73209a,LoadBreakSwitch,开关00117,1,TMP_0b7a4cf2-6cca-4219-b219-e9060f43b717,LoadBreakSwitch,开关00116,1
TMP_847425bb-b8e0-4dc6-b809-8d98f0cdada4,Trunk,主干,spare_line,备用线,"rgb(128,128,128)",0.7153483834166776,TMP_aeb09782-3853-45d5-8ab5-2c24ae73209a,LoadBreakSwitch,开关00117,2,TMP_474f7194-2179-4ec6-bad1-88528d73935e,Junction,,1
TMP_7054aade-1dba-4c57-b512-ac5c154981ba,Trunk,主干,spare_line,备用线,"rgb(128,128,128)",0.7153483834166776,TMP_474f7194-2179-4ec6-bad1-88528d73935e,Junction,,1,TMP_aeb09782-3853-45d5-8ab5-2c24ae73209a,LoadBreakSwitch,开关00117,2
TMP_15e5b21a-0415-4a6d-a826-c0b61e99b8ec,Trunk,主干,spare_line,备用线,"rgb(128,128,128)",0.7153483834166776,TMP_0b7a4cf2-6cca-4219-b219-e9060f43b717,LoadBreakSwitch,开关00116,1,TMP_32271610-a903-4cd3-8b8a-8729405a7c2c,Substation,站房000031,1
TMP_e6ebeedc-eee8-426f-aa02-d5333484e1c6,Trunk,主干,spare_line,备用线,"rgb(128,128,128)",0.7153483834166776,TMP_0b7a4cf2-6cca-4219-b219-e9060f43b717,LoadBreakSwitch,开关00116,2,TMP_0ba73217-188e-4442-a1f1-326f6de97344,PowerTransformer,配变2288,2
TMP_1254b4e6-b8ff-4124-a999-5446fa3c5b42,Trunk,主干,spare_line,备用线,"rgb(0,0,0)",0.5811011837029015,TMP_d0f15f81-9f18-483e-8f4c-f20c8ec30caf,Junction,00000终端头506362,1,TMP_7b64ca2d-99b2-4055-95e2-78bc289d5e41,Junction,,1
TMP_ac60f156-0508-484e-97ae-83429f51f7ac,Trunk,主干,spare_line,备用线,"rgb(128,128,128)",0.7153484823776212,TMP_bfe8bbe2-f2f6-42b2-98b2-104ddb5f8190,LoadBreakSwitch,开关00150,1,TMP_58146c8b-fd51-4a5c-acf3-578e488e35a6,LoadBreakSwitch,开关00149,1
TMP_a23135ba-b97a-40a2-a2cb-76e35634cd77,Trunk,主干,spare_line,备用线,"rgb(128,128,128)",0.7153484823776212,TMP_bfe8bbe2-f2f6-42b2-98b2-104ddb5f8190,LoadBreakSwitch,开关00150,2,TMP_7b64ca2d-99b2-4055-95e2-78bc289d5e41,Junction,,1
TMP_f5a9b21c-b6b4-480f-abe1-70baf3e493d3,Trunk,主干,spare_line,备用线,"rgb(128,128,128)",0.7153484823776212,TMP_7b64ca2d-99b2-4055-95e2-78bc289d5e41,Junction,,1,TMP_bfe8bbe2-f2f6-42b2-98b2-104ddb5f8190,LoadBreakSwitch,开关00150,2
TMP_68e25dbe-89b2-4cce-a423-cc7f14268d80,Trunk,主干,spare_line,备用线,"rgb(128,128,128)",0.7153484823776212,TMP_58146c8b-fd51-4a5c-acf3-578e488e35a6,LoadBreakSwitch,开关00149,1,TMP_75a18390-482d-4117-bff3-ec40ca8818c4,Substation,站房000049,1
TMP_0aa2a95a-77b0-4667-b409-c43ca886a5e3,Trunk,主干,spare_line,备用线,"rgb(128,128,128)",0.7153484823776212,TMP_58146c8b-fd51-4a5c-acf3-578e488e35a6,LoadBreakSwitch,开关00149,2,TMP_07a61fa8-fd6e-441e-aea7-5e99be217293,PowerTransformer,配变2267,2
TMP_ad75707d-8987-4b20-adea-27f20263f283,Trunk,主干,spare_line,备用线,"rgb(128,128,128)",0.7153484823776212,TMP_6e4b0ab8-5241-4e5d-8fd5-bab67f36e4f3,LoadBreakSwitch,开关00148,1,TMP_58146c8b-fd51-4a5c-acf3-578e488e35a6,LoadBreakSwitch,开关00149,1
TMP_c85e300f-8630-453f-9c2c-cf9b744d5ef3,Trunk,主干,spare_line,备用线,"rgb(128,128,128)",0.7153484823776212,TMP_6e4b0ab8-5241-4e5d-8fd5-bab67f36e4f3,LoadBreakSwitch,开关00148,2,TMP_645bbfb3-3238-4d91-a237-0f3c889d5e6c,Junction,,1
TMP_4700475b-7043-40cc-a09e-3b9c24986b4a,Trunk,主干,spare_line,备用线,"rgb(128,128,128)",0.7153484823776212,TMP_645bbfb3-3238-4d91-a237-0f3c889d5e6c,Junction,,1,TMP_6e4b0ab8-5241-4e5d-8fd5-bab67f36e4f3,LoadBreakSwitch,开关00148,2
TMP_c7ebc495-090d-4dc6-bf79-13d0950e21b7,Trunk,主干,spare_line,备用线,"rgb(0,0,0)",0.5811011837029015,TMP_f8eaab5a-cd15-47b9-adc5-e16eaba961aa,Junction,00000终端头197689,1,TMP_0d30e1f6-15bf-4653-b75e-6b854dfb7dc5,Junction,,1
TMP_f360ed92-4738-47ee-aa6e-4084a2a406aa,Trunk,主干,spare_line,备用线,"rgb(128,128,128)",0.7153483834166776,TMP_34f3ebe1-1acb-4108-b557-3ed74e3cbe6e,LoadBreakSwitch,开关00121,1,TMP_0cf90541-04aa-4759-ae00-67ef1cb438d6,LoadBreakSwitch,开关00120,1
TMP_b0a6b9f1-39c0-49fc-addf-9218928ece66,Trunk,主干,spare_line,备用线,"rgb(128,128,128)",0.7153483834166776,TMP_34f3ebe1-1acb-4108-b557-3ed74e3cbe6e,LoadBreakSwitch,开关00121,2,TMP_0d30e1f6-15bf-4653-b75e-6b854dfb7dc5,Junction,,1
TMP_8f674a68-0ffb-4504-a18a-a919cb33c322,Trunk,主干,spare_line,备用线,"rgb(128,128,128)",0.7153483834166776,TMP_0d30e1f6-15bf-4653-b75e-6b854dfb7dc5,Junction,,1,TMP_34f3ebe1-1acb-4108-b557-3ed74e3cbe6e,LoadBreakSwitch,开关00121,2
TMP_849525d4-5a50-4c9f-8002-dde9609e944c,Trunk,主干,spare_line,备用线,"rgb(128,128,128)",0.7153483834166776,TMP_0cf90541-04aa-4759-ae00-67ef1cb438d6,LoadBreakSwitch,开关00120,1,TMP_fc1fb1ee-d875-445c-a4da-a1121ba781ea,Substation,站房000030,1
TMP_43f91f72-013e-4913-9d8c-6021aab4639b,Trunk,主干,spare_line,备用线,"rgb(128,128,128)",0.7153483834166776,TMP_0cf90541-04aa-4759-ae00-67ef1cb438d6,LoadBreakSwitch,开关00120,2,TMP_e8604aa7-5ddb-43d6-9dd4-5c8196581c9e,PowerTransformer,配变2289,2
TMP_7672bd1c-3cab-458f-8855-5b67611d5f3d,Trunk,主干,spare_line,备用线,"rgb(128,128,128)",0.7153483834166776,TMP_becd26c5-eaa6-415f-b89e-ef912be0c7d5,LoadBreakSwitch,开关00119,1,TMP_0cf90541-04aa-4759-ae00-67ef1cb438d6,LoadBreakSwitch,开关00120,1
TMP_4b43f750-212f-4b7a-8a36-540b86b3f297,Trunk,主干,spare_line,备用线,"rgb(128,128,128)",0.7153483834166776,TMP_becd26c5-eaa6-415f-b89e-ef912be0c7d5,LoadBreakSwitch,开关00119,2,TMP_d53e5024-ce8d-4370-aa3f-ff95cc902c87,Junction,,1
TMP_8fa1201f-c3e2-4b6a-88a1-312c37f02233,Trunk,主干,spare_line,备用线,"rgb(128,128,128)",0.7153483834166776,TMP_d53e5024-ce8d-4370-aa3f-ff95cc902c87,Junction,,1,TMP_becd26c5-eaa6-415f-b89e-ef912be0c7d5,LoadBreakSwitch,开关00119,2
TMP_db87980e-0089-4de3-b307-3d923763e6c2,Trunk,主干,spare_line,备用线,"rgb(0,0,0)",0.5811011837029015,TMP_22b868da-9a44-4e99-90a6-4316a212ccf5,Junction,00000终端头584398,1,TMP_3d0e1c55-0ac9-489d-84a1-72344d2731d3,Junction,,1
TMP_7c826ee3-5f91-46f5-b984-44ca10e5459e,Trunk,主干,spare_line,备用线,"rgb(128,128,128)",0.7153531335419654,TMP_cbb57f62-1aca-4b94-83e4-c14c4d5e6622,LoadBreakSwitch,开关00162,1,TMP_dd130aa0-87af-43f4-8fe4-b9a71a82b74f,LoadBreakSwitch,开关00161,1
TMP_9c1660aa-f0f8-44c7-9cb1-a1e6bfbbdf47,Trunk,主干,spare_line,备用线,"rgb(128,128,128)",0.7153531335419654,TMP_cbb57f62-1aca-4b94-83e4-c14c4d5e6622,LoadBreakSwitch,开关00162,2,TMP_3d0e1c55-0ac9-489d-84a1-72344d2731d3,Junction,,1
TMP_d3d49c3c-9329-47a8-9c61-fa2c495028e6,Trunk,主干,spare_line,备用线,"rgb(128,128,128)",0.7153531335419654,TMP_3d0e1c55-0ac9-489d-84a1-72344d2731d3,Junction,,1,TMP_cbb57f62-1aca-4b94-83e4-c14c4d5e6622,LoadBreakSwitch,开关00162,2
TMP_3fab607b-6ab1-4837-85a4-387eff08dd6f,Trunk,主干,spare_line,备用线,"rgb(128,128,128)",0.7153531335419654,TMP_dd130aa0-87af-43f4-8fe4-b9a71a82b74f,LoadBreakSwitch,开关00161,1,TMP_4d339ad8-b39c-479d-a874-3cc7cf1b4ae4,Substation,站房000045,1
TMP_35e4760b-02d6-472b-8acb-038c218fe4e7,Trunk,主干,spare_line,备用线,"rgb(128,128,128)",0.7153531335419654,TMP_dd130aa0-87af-43f4-8fe4-b9a71a82b74f,LoadBreakSwitch,开关00161,2,TMP_1d64c0fc-b1f8-492a-9681-908b1708e066,PowerTransformer,配变2271,2
TMP_cb6b0a93-ccd0-47d1-9cdd-34183b6dc59e,Trunk,主干,spare_line,备用线,"rgb(128,128,128)",0.7153531335419654,TMP_c426518d-1e6d-4efd-988b-9fc5ef5e6275,LoadBreakSwitch,开关00160,1,TMP_dd130aa0-87af-43f4-8fe4-b9a71a82b74f,LoadBreakSwitch,开关00161,1
TMP_50c6311d-6ebc-4809-b554-50ff9ccefa73,Trunk,主干,spare_line,备用线,"rgb(128,128,128)",0.7153531335419654,TMP_c426518d-1e6d-4efd-988b-9fc5ef5e6275,LoadBreakSwitch,开关00160,2,TMP_d04bf89e-30eb-4f5e-b6cf-a9e9ea11becc,Junction,,1
TMP_dada9eeb-d58f-49e6-96b8-3ef95d769724,Trunk,主干,spare_line,备用线,"rgb(128,128,128)",0.7153531335419654,TMP_d04bf89e-30eb-4f5e-b6cf-a9e9ea11becc,Junction,,1,TMP_c426518d-1e6d-4efd-988b-9fc5ef5e6275,LoadBreakSwitch,开关00160,2
TMP_27bb47eb-0da8-4c00-ab27-622ba00b05fe,Trunk,主干,spare_line,备用线,"rgb(0,0,0)",0.5810943059173287,TMP_5a1899ca-e4f2-4bcf-be17-552e1a07394d,Junction,00000终端头584578,1,TMP_cd9bd33a-94a9-43da-88e2-a2e6e1258d31,Junction,,1
TMP_b505ee51-ba18-4739-9430-2555a37dc83b,Trunk,主干,spare_line,备用线,"rgb(128,128,128)",0.7153389821270456,TMP_97a59a07-95cc-409e-a41c-7f17256b0789,LoadBreakSwitch,开关00196,1,TMP_829c7f42-3065-46db-aa05-d747b43e3036,LoadBreakSwitch,开关00194,1
TMP_76a751ef-2177-4a57-bdc4-2aec1327063c,Trunk,主干,spare_line,备用线,"rgb(128,128,128)",0.7153389821270456,TMP_97a59a07-95cc-409e-a41c-7f17256b0789,LoadBreakSwitch,开关00196,2,TMP_41a0840f-b948-4a4b-be78-69cf3b996025,Junction,,1
TMP_b95931fb-5ddb-4af2-8ab9-83f58a13abf6,Trunk,主干,spare_line,备用线,"rgb(128,128,128)",0.7153389821270456,TMP_41a0840f-b948-4a4b-be78-69cf3b996025,Junction,,1,TMP_97a59a07-95cc-409e-a41c-7f17256b0789,LoadBreakSwitch,开关00196,2
TMP_3dd243c2-141e-4f3c-8361-970ae3475d5b,Trunk,主干,spare_line,备用线,"rgb(128,128,128)",0.7153389821270456,TMP_fb0dbec3-a63d-4acf-8f5f-b2da9cb42a76,LoadBreakSwitch,开关00195,1,TMP_829c7f42-3065-46db-aa05-d747b43e3036,LoadBreakSwitch,开关00194,1
TMP_5e8ab5e3-adee-4b72-96c2-5c103838c5ee,Trunk,主干,spare_line,备用线,"rgb(128,128,128)",0.7153389821270456,TMP_fb0dbec3-a63d-4acf-8f5f-b2da9cb42a76,LoadBreakSwitch,开关00195,2,TMP_cd9bd33a-94a9-43da-88e2-a2e6e1258d31,Junction,,1
TMP_9ca4d76f-9f4b-4097-9773-530a0626afcf,Trunk,主干,spare_line,备用线,"rgb(128,128,128)",0.7153389821270456,TMP_cd9bd33a-94a9-43da-88e2-a2e6e1258d31,Junction,,1,TMP_fb0dbec3-a63d-4acf-8f5f-b2da9cb42a76,LoadBreakSwitch,开关00195,2
TMP_bd3df0d9-9a9e-4514-8908-1051ba5e1590,Trunk,主干,spare_line,备用线,"rgb(128,128,128)",0.7153389821270456,TMP_829c7f42-3065-46db-aa05-d747b43e3036,LoadBreakSwitch,开关00194,1,TMP_ad0a227a-5549-4ae4-bae9-badeba24679b,Substation,站房000062,1
TMP_b91b1ea7-370f-4202-bf84-0eaa4f0e0976,Trunk,主干,spare_line,备用线,"rgb(128,128,128)",0.7153389821270456,TMP_829c7f42-3065-46db-aa05-d747b43e3036,LoadBreakSwitch,开关00194,2,TMP_fc34f341-ab01-4d61-a815-b39f2af1591a,PowerTransformer,配变2306,2
TMP_01bcb922-4e7f-4fa9-8285-289211329c08,Trunk,主干,spare_line,备用线,"rgb(0,0,0)",0.5810576903682358,TMP_035c1a2b-c189-46d7-8779-2b59c4cdadb8,Junction,,1,TMP_02ea4147-0fa6-41fb-8909-6a3dcff941fb,Junction,00000终端头963363,1
TMP_233942bc-f0ec-4d2c-be01-44c11805dd3b,Trunk,主干,spare_line,备用线,"rgb(128,128,128)",0.7818903155879418,TMP_d9c2221a-2bc8-46d5-8572-d28352675c59,LoadBreakSwitch,开关00207,1,TMP_5bdee9c2-9e63-47ce-8f9a-d9e1e1abd2fc,Substation,站房000024,1
TMP_7e739134-e6d4-4e4a-ab01-97d7bd571057,Trunk,主干,spare_line,备用线,"rgb(128,128,128)",0.7818903155879418,TMP_d9c2221a-2bc8-46d5-8572-d28352675c59,LoadBreakSwitch,开关00207,2,TMP_ce5ae20a-f483-4b62-b045-d43406d54ed8,Junction,,1
TMP_8a051c81-c25e-412f-b2a4-32ef5a1aef7f,Trunk,主干,spare_line,备用线,"rgb(128,128,128)",0.7818903155879418,TMP_a563b059-f1f2-4585-bfc5-713e4bf6f3cb,LoadBreakSwitch,开关00206,1,TMP_5bdee9c2-9e63-47ce-8f9a-d9e1e1abd2fc,Substation,站房000024,1
TMP_9d1f9aba-5f85-4b0e-b710-b5225dbf8acd,Trunk,主干,spare_line,备用线,"rgb(128,128,128)",0.7818903155879418,TMP_a563b059-f1f2-4585-bfc5-713e4bf6f3cb,LoadBreakSwitch,开关00206,2,TMP_875266d3-e32e-4dfb-a62b-b9279070811d,PowerTransformer,配变2319,2
TMP_fc62f611-6750-4a50-99b6-201c7e410638,Trunk,主干,spare_line,备用线,"rgb(128,128,128)",0.5810745137286298,TMP_02ea4147-0fa6-41fb-8909-6a3dcff941fb,Junction,00000终端头963363,1,TMP_5bdee9c2-9e63-47ce-8f9a-d9e1e1abd2fc,Substation,站房000024,1
TMP_4af06d15-5a71-407d-9e0c-1df5ca6cb4e2,Trunk,主干,spare_line,备用线,"rgb(0,0,0)",0.5810745137286298,TMP_7392abea-0744-4fdf-adea-1914fab0c5c4,Junction,00000终端头936663,1,TMP_ce5ae20a-f483-4b62-b045-d43406d54ed8,Junction,,1
TMP_fb5665bb-f444-4e62-90c8-a9926aecb1c0,Trunk,主干,spare_line,备用线,"rgb(128,128,128)",0.4894500892607022,TMP_d9493753-1f6a-4ab2-8afb-016cf4dcbbfb,Breaker,开关00010,1,TMP_51f050d2-1636-47e8-aede-5c9d785c6790,Junction,00000示分5#,1
TMP_be209735-7c64-4a9f-80cc-a1d9c976d565,Trunk,主干,spare_line,备用线,"rgb(128,128,128)",0.4894500892607022,TMP_d9493753-1f6a-4ab2-8afb-016cf4dcbbfb,Breaker,开关00010,1,TMP_e25b16e9-d4a7-4d3c-b85e-3a5cd717b413,Breaker,开关00008,1
TMP_ddf1c62a-be85-4c39-a7cd-3ab312eebfa1,Trunk,主干,spare_line,备用线,"rgb(128,128,128)",0.4894500892607022,TMP_bdd587ee-c1d5-4251-9675-6e1c86e1895e,Junction,TMP00131370#,1,TMP_1545713e-54b1-4f98-90ba-b7dfcb2c708b,Junction,TMP00131370#-LINE231_示2#SUB020_开关站101种号最间接头,1
TMP_300d647d-803a-426e-8ace-5c00cdcae4bf,Trunk,主干,spare_line,备用线,"rgb(128,128,128)",0.4894500892607022,TMP_2805eb70-57ad-4a5d-9a4b-f41bf57ecc04,Fuse,刀闸0017,2,TMP_9c40b29a-8100-4047-81d0-7aad2cfa9dcf,PowerTransformer,配变2154,1
TMP_0de13f51-dafe-45bb-9192-a39535cd2965,Trunk,主干,spare_line,备用线,"rgb(128,128,128)",0.4894500892607022,TMP_0b769bdb-ac6a-4bdc-9082-96247852bda7,Fuse,刀闸0015,1,TMP_a130f754-937f-427a-b3bd-73ea6dd6e6cd,Junction,TMP00131373#,1
TMP_3e9facce-1aa3-4433-82e5-13f722f5c15c,Trunk,主干,spare_line,备用线,"rgb(128,128,128)",0.4894500892607022,TMP_0b769bdb-ac6a-4bdc-9082-96247852bda7,Fuse,刀闸0015,1,TMP_a130f754-937f-427a-b3bd-73ea6dd6e6cd,Junction,TMP00131373#,1
TMP_c97f2c6c-8266-46df-97b7-dfbe020bf78e,Trunk,主干,spare_line,备用线,"rgb(128,128,128)",0.4894500892607022,TMP_22eb3e23-2103-4cce-bbd3-21c9628f46be,Breaker,开关00004,2,TMP_a130f754-937f-427a-b3bd-73ea6dd6e6cd,Junction,TMP00131373#,1
TMP_bc3278bd-e586-4b35-88af-07da2c36aece,Trunk,主干,spare_line,备用线,"rgb(128,128,128)",0.4894500892607022,TMP_08f22a2e-7b43-4341-849e-e4513b085486,Fuse,刀闸0012,2,TMP_fc477418-d739-4f50-b78a-0303ff8f4513,Fuse,刀闸0013,1
TMP_bbe54643-726a-4ee4-822b-75c39b883757,Trunk,主干,spare_line,备用线,"rgb(128,128,128)",0.4894500892607022,TMP_e25b16e9-d4a7-4d3c-b85e-3a5cd717b413,Breaker,开关00008,2,TMP_2efe8f1b-b13e-48f5-97d4-09423a8abb56,Fuse,刀闸0011,1
TMP_2f1379e8-c927-4c2f-bad2-33a4cf3a4292,Trunk,主干,spare_line,备用线,"rgb(128,128,128)",0.4894500892607022,TMP_062084a9-6e68-4e1b-a62e-6ff449f87b1d,Fuse,刀闸0009,1,TMP_2c0ed4e7-1bfe-4846-bf24-3c0413be4592,Breaker,开关00007,1
TMP_c983b4c6-bbcf-4403-8691-cdfc6e641601,Trunk,主干,spare_line,备用线,"rgb(128,128,128)",0.4894500892607022,TMP_2c0ed4e7-1bfe-4846-bf24-3c0413be4592,Breaker,开关00007,2,TMP_480b739b-50a7-422a-b727-8e72a7fe37b2,Junction,00000示分6白4,1
TMP_0fa2a926-ae14-49a6-ad57-0234601178c9,Trunk,主干,spare_line,备用线,"rgb(0,128,0)",0.4894500892607022,TMP_d9493753-1f6a-4ab2-8afb-016cf4dcbbfb,Breaker,开关00010,1,TMP_e25b16e9-d4a7-4d3c-b85e-3a5cd717b413,Breaker,开关00008,1
TMP_c00125d1-1910-4f70-8f1b-8cb4831f5b39,Trunk,主干,spare_line,备用线,"rgb(0,0,0)",0.4894500892607022,TMP_d47d5d0c-d2c6-48b4-9e41-48c1404d60d4,Junction,00000终端头506373,1,TMP_9f6dad36-9960-41e2-b4f9-8ba61262d9e0,Junction,,1
TMP_d3d6ac61-2077-458c-8255-5568616f6c59,Trunk,主干,spare_line,备用线,"rgb(0,0,0)",0.4894500892607022,TMP_fdeae2bd-63ab-436f-9a5e-43a9a5c989ee,Junction,00000终端头586691,1,TMP_c2c20486-93ee-4a60-993a-62bdefe0ed72,Junction,,1
TMP_09cc11fc-4062-4f34-9a4b-9390184826c9,Trunk,主干,spare_line,备用线,"rgb(0,0,0)",0.4894500892607022,TMP_cb19765c-9fc6-4e18-b6eb-b64f333fcd41,Junction,00000明3#争101,1,TMP_2e2e83c0-06cd-45c5-9bdd-b0a1d544c7e9,Junction,,1
TMP_05c11548-b3d1-424a-b92e-1c8a0160d087,Trunk,主干,spare_line,备用线,"rgb(0,0,0)",0.4894500892607022,TMP_075cd3d5-d38f-44c4-a077-e09957660ee4,Junction,00000明3#争102,1,TMP_e1117fa2-a4d1-4834-8c0d-57e11df88cd7,Junction,,1
TMP_f7e1c4e3-0853-470b-83a1-e630675f138f,Trunk,主干,spare_line,备用线,"rgb(0,0,0)",0.4894500892607022,TMP_f2766d48-8a29-4480-a898-ce38bcc51aa4,Junction,00000电站101,1,TMP_764ed7af-9c76-49f0-b709-f17767215d65,Junction,,1
TMP_b6fb4832-3554-4c5c-8da0-23a8f26c021c,Trunk,主干,spare_line,备用线,"rgb(128,128,128)",0.020753614366359946,TMP_062084a9-6e68-4e1b-a62e-6ff449f87b1d,Fuse,刀闸0009,1,TMP_2c0ed4e7-1bfe-4846-bf24-3c0413be4592,Breaker,开关00007,1
TMP_341b0480-1914-4ee9-98fb-c4679bd97b27,Trunk,主干,spare_line,备用线,"rgb(128,128,128)",0.020753614366359946,TMP_fc477418-d739-4f50-b78a-0303ff8f4513,Fuse,刀闸0013,1,TMP_c1853621-029d-48e5-b5a5-155d5485afd2,PowerTransformer,配变2152,1
TMP_62c2e649-354d-45f7-afcd-abdeefad3468,Trunk,主干,spare_line,备用线,"rgb(128,128,128)",0.020753614366359946,TMP_2805eb70-57ad-4a5d-9a4b-f41bf57ecc04,Fuse,刀闸0017,1,TMP_9c40b29a-8100-4047-81d0-7aad2cfa9dcf,PowerTransformer,配变2154,1
TMP_99fac1cf-0234-43cd-af26-993fcee654dc,Trunk,主干,spare_line,备用线,"rgb(128,128,128)",0.020753614366359946,TMP_3daabd3c-74fe-44b3-b77c-5b584b167f57,Breaker,开关00009,1,TMP_37ea02d3-50cb-4b7c-bb97-88d2af3386a3,Fuse,刀闸0008,1
TMP_e27ec632-f642-4d51-b7d3-16e3aa0e1159,Trunk,主干,spare_line,备用线,"rgb(128,128,128)",0.020753614366359946,TMP_2efe8f1b-b13e-48f5-97d4-09423a8abb56,Fuse,刀闸0011,2,TMP_278ab0bf-2b4b-4c04-a19c-654059ecb713,PowerTransformer,配变2149,1
TMP_a437c354-55f5-4f46-81d6-80f08312ada2,Trunk,主干,spare_line,备用线,"rgb(128,128,128)",0.020753614366359946,TMP_b9ed894d-70d8-41a4-bb8c-6cfd20019b8f,Fuse,刀闸0010,2,TMP_a78d873b-907d-4172-8f50-92844fa4aa9f,PowerTransformer,配变2150,1
TMP_76f8080e-ec67-4c83-af49-05dad2883d60,Trunk,主干,spare_line,备用线,"rgb(128,128,128)",0.020753614366359946,TMP_5a88d907-1335-4f9e-bc09-3e2b62fcad26,Fuse,刀闸0014,2,TMP_d8856235-574c-4dd7-9193-fb2cc370f88b,PowerTransformer,配变2151,1
TMP_d4f446cc-0a6e-45be-9cde-7a3b31415b57,Trunk,主干,spare_line,备用线,"rgb(128,128,128)",0.020753614366359946,TMP_fc477418-d739-4f50-b78a-0303ff8f4513,Fuse,刀闸0013,2,TMP_c1853621-029d-48e5-b5a5-155d5485afd2,PowerTransformer,配变2152,1
TMP_84138952-2c46-4bf0-a4be-deb65b3061d1,Trunk,主干,spare_line,备用线,"rgb(128,128,128)",0.020753614366359946,TMP_e05defff-9cbb-4ca9-aba6-eca1315b4928,Fuse,刀闸0016,2,TMP_3eef1979-f1c5-48dc-a068-1eb7f51b2a83,PowerTransformer,配变2153,1
TMP_0b825fde-076e-46c9-83b6-551274c87a29,Trunk,主干,spare_line,备用线,"rgb(128,128,128)",0.6021405276921598,TMP_6c1bd12c-d6fa-4771-b0dc-b965141dfd10,LoadBreakSwitch,开关00184,1,TMP_5646d207-b45b-4a95-843b-558e0bb21a72,LoadBreakSwitch,开关00183,1
TMP_da1eac37-a2bc-4701-8208-c4d0356ade15,Trunk,主干,spare_line,备用线,"rgb(128,128,128)",0.6021405276921598,TMP_6c1bd12c-d6fa-4771-b0dc-b965141dfd10,LoadBreakSwitch,开关00184,2,TMP_c2c20486-93ee-4a60-993a-62bdefe0ed72,Junction,,1
TMP_94677832-ad2c-4157-bb5d-e536c107bad6,Trunk,主干,spare_line,备用线,"rgb(128,128,128)",0.6021405276921598,TMP_c2c20486-93ee-4a60-993a-62bdefe0ed72,Junction,,1,TMP_6c1bd12c-d6fa-4771-b0dc-b965141dfd10,LoadBreakSwitch,开关00184,2
TMP_7a7040de-3668-49be-92a0-0747ec708bf8,Trunk,主干,spare_line,备用线,"rgb(128,128,128)",0.6021405276921598,TMP_5646d207-b45b-4a95-843b-558e0bb21a72,LoadBreakSwitch,开关00183,1,TMP_3b0d65dd-512d-4879-b2ff-ccf3d2c31290,Substation,站房000066,1
TMP_52d45d55-ac4f-48d1-be74-0987a7ff832c,Trunk,主干,spare_line,备用线,"rgb(128,128,128)",0.6021405276921598,TMP_5646d207-b45b-4a95-843b-558e0bb21a72,LoadBreakSwitch,开关00183,2,TMP_ad254359-3b36-4285-a94e-07c8cf05c4c1,PowerTransformer,配变2302,2
TMP_23970b34-0ca9-4893-aebb-a4d7a0320d61,Trunk,主干,spare_line,备用线,"rgb(128,128,128)",0.6021405276921598,TMP_3de3d820-0fe7-462b-aec1-60a8ef6d563e,LoadBreakSwitch,开关00182,1,TMP_5646d207-b45b-4a95-843b-558e0bb21a72,LoadBreakSwitch,开关00183,1
TMP_45ea1c0a-43fb-4c6a-8786-7bef51a0e9a6,Trunk,主干,spare_line,备用线,"rgb(128,128,128)",0.6021405276921598,TMP_3de3d820-0fe7-462b-aec1-60a8ef6d563e,LoadBreakSwitch,开关00182,2,TMP_5c2f81dd-58ce-4a76-9330-6022c3c02ff5,Junction,,1
TMP_e6d233e4-c9d6-44f3-90ba-2c51ead06cc3,Trunk,主干,spare_line,备用线,"rgb(128,128,128)",0.6021405276921598,TMP_5c2f81dd-58ce-4a76-9330-6022c3c02ff5,Junction,,1,TMP_3de3d820-0fe7-462b-aec1-60a8ef6d563e,LoadBreakSwitch,开关00182,2
TMP_eedb3000-6913-44af-b4bf-67dcfe75a21c,Trunk,主干,spare_line,备用线,"rgb(128,128,128)",0.6021405276921598,TMP_60353d8d-d02a-4023-9e85-b5b57b2cb974,LoadBreakSwitch,开关00181,1,TMP_764ed7af-9c76-49f0-b709-f17767215d65,Junction,,1
TMP_7288c705-85ee-4023-a12e-f6748ce348c5,Trunk,主干,spare_line,备用线,"rgb(128,128,128)",0.6021405276921598,TMP_60353d8d-d02a-4023-9e85-b5b57b2cb974,LoadBreakSwitch,开关00181,2,TMP_764ed7af-9c76-49f0-b709-f17767215d65,Junction,,1
TMP_5c2974ad-86c1-458b-8169-86d89a559d7a,Trunk,主干,spare_line,备用线,"rgb(128,128,128)",0.6021405276921598,TMP_d4fce67b-c9d9-40cd-85ff-9a59332d9d5f,LoadBreakSwitch,开关00180,1,TMP_b00c4450-8445-4bb7-9e33-e93790e6a33f,Substation,站房000067,1
TMP_08e7a6fb-a9e2-42e4-88c8-7214e54ce364,Trunk,主干,spare_line,备用线,"rgb(128,128,128)",0.6021405276921598,TMP_d4fce67b-c9d9-40cd-85ff-9a59332d9d5f,LoadBreakSwitch,开关00180,2,TMP_0b0ca610-7ab5-429a-9f9f-0a152e21c86d,PowerTransformer,配变2301,2
TMP_db5cc3b0-159f-4d96-b523-0c0006ad0ae6,Trunk,主干,spare_line,备用线,"rgb(128,128,128)",0.6021405276921598,TMP_ee3b64e2-0581-43bb-be6e-327437b6336c,LoadBreakSwitch,开关00179,1,TMP_54d74c02-667b-4558-aeca-5b39da117d1e,Junction,,1
TMP_99ee78ef-0352-418e-af2b-f99eee0b1349,Trunk,主干,spare_line,备用线,"rgb(128,128,128)",0.6021405276921598,TMP_ee3b64e2-0581-43bb-be6e-327437b6336c,LoadBreakSwitch,开关00179,2,TMP_54d74c02-667b-4558-aeca-5b39da117d1e,Junction,,1
TMP_6a36509d-23c7-480b-82a3-aeb6fb99584b,Trunk,主干,spare_line,备用线,"rgb(128,128,128)",0.7153484328971493,TMP_eba344dc-5dc7-4459-9d96-5d25007d4727,LoadBreakSwitch,开关00259,1,TMP_2c980265-4bca-4e1b-bc43-68a1d2c6dfdb,LoadBreakSwitch,开关00257,1
TMP_43cbab93-3de1-4959-ac56-a6963934619f,Trunk,主干,spare_line,备用线,"rgb(128,128,128)",0.7153484328971493,TMP_eba344dc-5dc7-4459-9d96-5d25007d4727,LoadBreakSwitch,开关00259,2,TMP_9f6dad36-9960-41e2-b4f9-8ba61262d9e0,Junction,,1
TMP_da088eb5-64d9-4a46-8727-893d4e91c176,Trunk,主干,spare_line,备用线,"rgb(128,128,128)",0.7153484328971493,TMP_9f6dad36-9960-41e2-b4f9-8ba61262d9e0,Junction,,1,TMP_eba344dc-5dc7-4459-9d96-5d25007d4727,LoadBreakSwitch,开关00259,2
TMP_eb3480ba-e9d9-4e86-b19c-6747f054b03f,Trunk,主干,spare_line,备用线,"rgb(128,128,128)",0.7153484328971493,TMP_e0814487-00a9-4bc5-932c-f78dd694b857,LoadBreakSwitch,开关00258,1,TMP_2c980265-4bca-4e1b-bc43-68a1d2c6dfdb,LoadBreakSwitch,开关00257,1
TMP_44c281fb-2d62-4cef-a5f8-423c7c9677d6,Trunk,主干,spare_line,备用线,"rgb(128,128,128)",0.7153484328971493,TMP_e0814487-00a9-4bc5-932c-f78dd694b857,LoadBreakSwitch,开关00258,2,TMP_0ee55db8-dbc5-48a5-82cc-d5ab896acef3,Junction,,1
TMP_58577622-2036-45b5-bf65-861b00caf2d8,Trunk,主干,spare_line,备用线,"rgb(128,128,128)",0.7153484328971493,TMP_0ee55db8-dbc5-48a5-82cc-d5ab896acef3,Junction,,1,TMP_e0814487-00a9-4bc5-932c-f78dd694b857,LoadBreakSwitch,开关00258,2
TMP_716d3299-9a61-4910-bf66-b339c0c06a3a,Trunk,主干,spare_line,备用线,"rgb(128,128,128)",0.7153484328971493,TMP_2c980265-4bca-4e1b-bc43-68a1d2c6dfdb,LoadBreakSwitch,开关00257,1,TMP_781422a1-c8b3-4603-b577-443a46fdbd3d,Substation,站房000005,1
TMP_279d7fc2-0a3a-40db-b281-6f43144bb25d,Trunk,主干,spare_line,备用线,"rgb(128,128,128)",0.7153484328971493,TMP_2c980265-4bca-4e1b-bc43-68a1d2c6dfdb,LoadBreakSwitch,开关00257,2,TMP_df200163-6a96-4469-a5c0-ca8ce82776a9,PowerTransformer,配变2337,2
TMP_e40fbca1-b12d-4191-a781-e3100cbfd5b7,Trunk,主干,spare_line,备用线,"rgb(128,128,128)",0.5736565498457084,TMP_bc6ba3bf-66e6-44ae-a07e-a5aa38c88bad,LoadBreakSwitch,开关00230,1,TMP_451f721b-9b1e-4cdd-a4f4-10094a5a9270,Substation,站房000003,1
TMP_9b852f46-1207-446b-b52f-86ba9d52edb0,Trunk,主干,spare_line,备用线,"rgb(128,128,128)",0.5736565498457084,TMP_bc6ba3bf-66e6-44ae-a07e-a5aa38c88bad,LoadBreakSwitch,开关00230,2,TMP_3964090e-4fb7-4755-8e88-4bed7ed1f443,PowerTransformer,配变2312,1
TMP_bcdd2795-94c7-47b0-97d6-77fec40dc8bb,Trunk,主干,spare_line,备用线,"rgb(128,128,128)",0.5736565498457084,TMP_e5c479e6-d660-438c-8447-e34b5b147d83,LoadBreakSwitch,开关00229,1,TMP_2e2e83c0-06cd-45c5-9bdd-b0a1d544c7e9,Junction,,1
TMP_f1d97982-4457-4e51-a93c-1099bbaa4695,Trunk,主干,spare_line,备用线,"rgb(128,128,128)",0.5736565498457084,TMP_e5c479e6-d660-438c-8447-e34b5b147d83,LoadBreakSwitch,开关00229,2,TMP_2e2e83c0-06cd-45c5-9bdd-b0a1d544c7e9,Junction,,1
TMP_cf8a3ad0-e7e6-4181-9222-9f24547a533f,Trunk,主干,spare_line,备用线,"rgb(128,128,128)",0.5736565498457084,TMP_5cb5d52a-304c-45bc-acc8-8326ba5a86a2,LoadBreakSwitch,开关00228,1,TMP_e1117fa2-a4d1-4834-8c0d-57e11df88cd7,Junction,,1
TMP_a4ac883f-126a-4225-bb70-4076a9c38522,Trunk,主干,spare_line,备用线,"rgb(128,128,128)",0.5736565498457084,TMP_5cb5d52a-304c-45bc-acc8-8326ba5a86a2,LoadBreakSwitch,开关00228,2,TMP_e1117fa2-a4d1-4834-8c0d-57e11df88cd7,Junction,,1
TMP_893d7d37-4bb5-461c-81c5-fbf2f2997bb1,Trunk,主干,spare_line,备用线,"rgb(128,128,128)",0.5736565498457084,TMP_bea5d3d9-1f03-4ad5-8712-c8fa583100a6,LoadBreakSwitch,开关00227,1,TMP_451f721b-9b1e-4cdd-a4f4-10094a5a9270,Substation,站房000003,1
TMP_6c7952f9-0088-4365-9df1-08b898701a5f,Trunk,主干,spare_line,备用线,"rgb(128,128,128)",0.5736565498457084,TMP_bea5d3d9-1f03-4ad5-8712-c8fa583100a6,LoadBreakSwitch,开关00227,2,TMP_e8e19ec3-4d67-4b4c-9928-7cfa2ba2d404,PowerTransformer,配变2313,1
TMP_639b175e-7d1b-42cc-b730-049009e1c01f,Trunk,主干,spare_line,备用线,"rgb(128,128,128)",0.020753614366359946,TMP_2805eb70-57ad-4a5d-9a4b-f41bf57ecc04,Fuse,刀闸0017,1,TMP_e05defff-9cbb-4ca9-aba6-eca1315b4928,Fuse,刀闸0016,1
TMP_707ba0e1-14c1-4b83-be98-159556fb613e,Trunk,主干,spare_line,备用线,"rgb(128,128,128)",0.020753614366359946,TMP_e05defff-9cbb-4ca9-aba6-eca1315b4928,Fuse,刀闸0016,1,TMP_3eef1979-f1c5-48dc-a068-1eb7f51b2a83,PowerTransformer,配变2153,1
TMP_7045f175-6702-4454-bf93-27ec8cf426df,Trunk,主干,spare_line,备用线,"rgb(128,128,128)",0.020753614366359946,TMP_22eb3e23-2103-4cce-bbd3-21c9628f46be,Breaker,开关00004,1,TMP_5a88d907-1335-4f9e-bc09-3e2b62fcad26,Fuse,刀闸0014,1
TMP_ef86117c-271f-4bad-9eef-8d0b5277efb8,Trunk,主干,spare_line,备用线,"rgb(128,128,128)",0.020753614366359946,TMP_5a88d907-1335-4f9e-bc09-3e2b62fcad26,Fuse,刀闸0014,1,TMP_d8856235-574c-4dd7-9193-fb2cc370f88b,PowerTransformer,配变2151,1
TMP_79ed7b96-8e99-401f-95a2-8f03a5b3ac09,Trunk,主干,spare_line,备用线,"rgb(128,128,128)",0.020753614366359946,TMP_b9ed894d-70d8-41a4-bb8c-6cfd20019b8f,Fuse,刀闸0010,1,TMP_a78d873b-907d-4172-8f50-92844fa4aa9f,PowerTransformer,配变2150,1
TMP_e761ed28-24da-4ed8-b336-90bd5b8fa2b9,Trunk,主干,spare_line,备用线,"rgb(128,128,128)",0.020753614366359946,TMP_b9ed894d-70d8-41a4-bb8c-6cfd20019b8f,Fuse,刀闸0010,1,TMP_a78d873b-907d-4172-8f50-92844fa4aa9f,PowerTransformer,配变2150,1
TMP_0201ba85-994c-4f12-9c0a-11662545d146,Trunk,主干,spare_line,备用线,"rgb(128,128,128)",0.020753614366359946,TMP_b9ed894d-70d8-41a4-bb8c-6cfd20019b8f,Fuse,刀闸0010,1,TMP_2efe8f1b-b13e-48f5-97d4-09423a8abb56,Fuse,刀闸0011,1
TMP_ff159c35-efc6-468a-a686-0730943abbfa,Trunk,主干,spare_line,备用线,"rgb(128,128,128)",0.020753614366359946,TMP_2efe8f1b-b13e-48f5-97d4-09423a8abb56,Fuse,刀闸0011,1,TMP_e25b16e9-d4a7-4d3c-b85e-3a5cd717b413,Breaker,开关00008,2
TMP_af0c2040-e93a-4744-b6fc-6fe22424d783,Trunk,主干,spare_line,备用线,"rgb(128,128,128)",0.020753614366359946,TMP_2efe8f1b-b13e-48f5-97d4-09423a8abb56,Fuse,刀闸0011,1,TMP_e25b16e9-d4a7-4d3c-b85e-3a5cd717b413,Breaker,开关00008,2
TMP_e8dc7331-29ab-4910-aaa7-b054f3d6aff6,Trunk,主干,spare_line,备用线,"rgb(0,0,0)",0.5810528907624763,TMP_a9e7be2a-5476-4d14-a77d-695f1a5713d0,Junction,,1,TMP_7215aa34-9a3a-4b61-b156-89c22b204a0f,Junction,00000示1#环网箱102,1
TMP_4a84f4f9-f31b-4393-abd1-98cf11f9f0f6,Trunk,主干,spare_line,备用线,"rgb(128,128,128)",0.9111023330162533,TMP_f0605a8d-6ff3-4c0f-8727-2b845af1f80a,LoadBreakSwitch,开关00068,1,TMP_b4b4040d-4213-4fdd-a775-643aeb048a5b,LoadBreakSwitch,开关00067,1
TMP_4a2ddd6e-f10e-41a1-a346-b960d6ba5c6a,Trunk,主干,spare_line,备用线,"rgb(128,128,128)",0.9111023330162533,TMP_f0605a8d-6ff3-4c0f-8727-2b845af1f80a,LoadBreakSwitch,开关00068,2,TMP_3127c1fe-9afb-4b7a-ac0f-f7445c32e674,Junction,,1
TMP_9cd0af22-7a3c-4a10-bf3b-8457b4f002ee,Trunk,主干,spare_line,备用线,"rgb(128,128,128)",0.9111023330162533,TMP_b4b4040d-4213-4fdd-a775-643aeb048a5b,LoadBreakSwitch,开关00067,1,TMP_087fcf79-8ef9-434d-b870-64a11f233118,Substation,站房000075,1
TMP_b5551e0f-ed83-4ef2-8c6c-461f4ecae35d,Trunk,主干,spare_line,备用线,"rgb(128,128,128)",0.9111023330162533,TMP_b4b4040d-4213-4fdd-a775-643aeb048a5b,LoadBreakSwitch,开关00067,2,TMP_bc422886-02e2-466c-8e6c-8923a342ea67,Junction,,1
TMP_cdd39a2e-07c8-40c5-8376-df772fc1dea3,Trunk,主干,spare_line,备用线,"rgb(128,128,128)",0.9111023330162533,TMP_1620b9b5-c20e-42a7-a900-4d18381e5208,LoadBreakSwitch,开关00066,1,TMP_087fcf79-8ef9-434d-b870-64a11f233118,Substation,站房000075,1
TMP_eb88e5fc-e58b-4f1d-9b7b-267775d9c2d6,Trunk,主干,spare_line,备用线,"rgb(128,128,128)",0.9111023330162533,TMP_1620b9b5-c20e-42a7-a900-4d18381e5208,LoadBreakSwitch,开关00066,2,TMP_a468c974-69bd-4ff7-84cb-c37421318068,Junction,,1
TMP_b0c8836d-12bf-47bf-bf2b-26e9a7e6f99c,Trunk,主干,spare_line,备用线,"rgb(128,128,128)",0.9111023330162533,TMP_61cf08c8-17c9-4b2a-a1cf-632b14ece749,LoadBreakSwitch,开关00065,1,TMP_1620b9b5-c20e-42a7-a900-4d18381e5208,LoadBreakSwitch,开关00066,1
TMP_00157829-492c-40fe-969c-ec34e10e83bc,Trunk,主干,spare_line,备用线,"rgb(128,128,128)",0.9111023330162533,TMP_61cf08c8-17c9-4b2a-a1cf-632b14ece749,LoadBreakSwitch,开关00065,2,TMP_f7f12c7b-9b96-4ff3-abb6-25d902663bbc,Junction,,1
TMP_b23c0bc9-5538-4b35-9b52-1fdca24c7e4c,Trunk,主干,spare_line,备用线,"rgb(0,128,0)",0.08301445746543978,TMP_bc422886-02e2-466c-8e6c-8923a342ea67,Junction,,1,TMP_a468c974-69bd-4ff7-84cb-c37421318068,Junction,,1
TMP_3b8fa42c-1d5a-4819-acf0-073625194d07,Trunk,主干,spare_line,备用线,"rgb(0,128,0)",0.08301445746543978,TMP_f7f12c7b-9b96-4ff3-abb6-25d902663bbc,Junction,,1,TMP_a468c974-69bd-4ff7-84cb-c37421318068,Junction,,1
TMP_541b5fa0-507f-4f10-88ad-7c2d42dd8cfd,Trunk,主干,spare_line,备用线,"rgb(0,0,0)",0.5810264681905633,TMP_02b825fa-1bb2-47cc-8865-4919d7b2bde9,Junction,00000SUB020_开关站101,1,TMP_3127c1fe-9afb-4b7a-ac0f-f7445c32e674,Junction,,1
TMP_b72e9d13-454b-40ca-a22c-e5aaf024952f,Trunk,主干,spare_line,备用线,"rgb(128,128,128)",0.5808772845682455,TMP_1ca6326b-be75-4283-aa29-20192865b6b6,Breaker,开关00006,1,TMP_ad30a2da-b7b6-41b0-9d2c-c62b8963a029,Fuse,刀闸0062,1
TMP_ff17c806-cff1-4d74-a1a5-6a1dc7e6f7f6,Trunk,主干,spare_line,备用线,"rgb(128,128,128)",0.5810170669009314,TMP_1ca6326b-be75-4283-aa29-20192865b6b6,Breaker,开关00006,2,TMP_94f5fd92-3eef-4301-8436-ceda13a43e4b,PowerTransformer,配变2157,2
TMP_a7645f67-3828-47a0-8bc0-514f608ca85f,Trunk,主干,spare_line,备用线,"rgb(128,128,128)",0.42099227322338734,TMP_dd3b98d9-a046-4a97-bc5b-255b81b77af6,Breaker,开关00033,1,TMP_6950304f-12bc-4107-a05f-36ac592a26f7,Breaker,开关00037,1
TMP_4cf45fc8-21ba-4bb2-b5a4-2608cbd83955,Trunk,主干,spare_line,备用线,"rgb(128,128,128)",0.42099227322338734,TMP_dd3b98d9-a046-4a97-bc5b-255b81b77af6,Breaker,开关00033,2,TMP_dba7a81e-cea5-4bf6-9206-f620b50db7ca,GroundDisconnector,地刀0037,1
TMP_58077317-c54c-4f68-ad35-fad2845a0516,Trunk,主干,spare_line,备用线,"rgb(128,128,128)",0.42099227322338734,TMP_dd3b98d9-a046-4a97-bc5b-255b81b77af6,Breaker,开关00033,2,TMP_5792e957-732e-49b3-9234-eeeaf2099bfb,Disconnector,刀闸0075,1
TMP_3fda1288-bd5b-4eba-b6fe-7dbcfc658199,Trunk,主干,spare_line,备用线,"rgb(128,128,128)",0.42099227322338734,TMP_5792e957-732e-49b3-9234-eeeaf2099bfb,Disconnector,刀闸0075,2,TMP_3460bf60-1e76-40e9-af3f-5cd0752f82ca,Junction,,1
TMP_eed0fda6-7d94-4a00-aabe-80d0a658cc2e,Trunk,主干,spare_line,备用线,"rgb(128,128,128)",0.42099227322338734,TMP_3460bf60-1e76-40e9-af3f-5cd0752f82ca,Junction,,1,TMP_5792e957-732e-49b3-9234-eeeaf2099bfb,Disconnector,刀闸0075,2
TMP_80be343c-420c-404a-ae1b-ebd1bb845c73,Trunk,主干,spare_line,备用线,"rgb(128,128,128)",0.42099227322338734,TMP_44cf88e1-282c-416f-aefc-5231a073e2eb,LoadBreakSwitch,开关00061,1,TMP_752b9171-53e9-491d-87b3-86101c025c51,GroundDisconnector,地刀0038,1
TMP_19b0b729-4a2a-4f62-801d-4b2aa49630a4,Trunk,主干,spare_line,备用线,"rgb(128,128,128)",0.42099227322338734,TMP_44cf88e1-282c-416f-aefc-5231a073e2eb,LoadBreakSwitch,开关00061,2,TMP_752b9171-53e9-491d-87b3-86101c025c51,GroundDisconnector,地刀0038,1
TMP_ad8635a3-4660-48db-a953-c3ba50dde6d2,Trunk,主干,spare_line,备用线,"rgb(128,128,128)",0.42099227322338734,TMP_44cf88e1-282c-416f-aefc-5231a073e2eb,LoadBreakSwitch,开关00061,2,TMP_e36e94be-927e-4c89-971a-bbc2f372c60d,Fuse,刀闸0069,1
TMP_f4a0ce90-35b1-4972-8ba0-8db97b9c8030,Trunk,主干,spare_line,备用线,"rgb(128,128,128)",0.42099227322338734,TMP_618454c4-c35c-438a-8890-13a43a8d4ef6,Breaker,开关00034,1,TMP_ceac3358-2645-4c14-930a-c7b23434acdb,GroundDisconnector,地刀0039,1
TMP_7c004624-050d-4698-bff2-97fc145381ee,Trunk,主干,spare_line,备用线,"rgb(128,128,128)",0.42099227322338734,TMP_618454c4-c35c-438a-8890-13a43a8d4ef6,Breaker,开关00034,2,TMP_ceac3358-2645-4c14-930a-c7b23434acdb,GroundDisconnector,地刀0039,1
TMP_e4c513e8-23f2-43d2-93f4-5f5130edc81e,Trunk,主干,spare_line,备用线,"rgb(128,128,128)",0.42099227322338734,TMP_618454c4-c35c-438a-8890-13a43a8d4ef6,Breaker,开关00034,2,TMP_14b8016a-be6f-4899-b968-159d3649f137,Disconnector,刀闸0076,1
TMP_7c01af97-1d8e-44ba-bd25-68fad79e4ee5,Trunk,主干,spare_line,备用线,"rgb(128,128,128)",0.42099227322338734,TMP_14b8016a-be6f-4899-b968-159d3649f137,Disconnector,刀闸0076,2,TMP_108de658-0dba-4f98-a07a-09582dadc1b7,Junction,,1
TMP_1c6ef5b8-6163-4ace-81a3-d26837e48f6a,Trunk,主干,spare_line,备用线,"rgb(128,128,128)",0.42099227322338734,TMP_108de658-0dba-4f98-a07a-09582dadc1b7,Junction,,1,TMP_14b8016a-be6f-4899-b968-159d3649f137,Disconnector,刀闸0076,2
TMP_0d367463-1f03-4cd9-ade5-98d717079659,Trunk,主干,spare_line,备用线,"rgb(128,128,128)",0.42099227322338734,TMP_73dcdd77-acd8-457c-95cd-f4ac062ab15e,Breaker,开关00035,1,TMP_102b6d11-8ddd-47ff-b58c-fe9c4e753156,GroundDisconnector,地刀0040,1
TMP_945a684f-5c66-424a-b6b3-1b9322f2743e,Trunk,主干,spare_line,备用线,"rgb(128,128,128)",0.42099227322338734,TMP_73dcdd77-acd8-457c-95cd-f4ac062ab15e,Breaker,开关00035,2,TMP_102b6d11-8ddd-47ff-b58c-fe9c4e753156,GroundDisconnector,地刀0040,1
TMP_7453a0d4-228e-48af-9b22-c1d31fc80209,Trunk,主干,spare_line,备用线,"rgb(128,128,128)",0.42099227322338734,TMP_73dcdd77-acd8-457c-95cd-f4ac062ab15e,Breaker,开关00035,2,TMP_1bc2c9fa-1b73-4339-8a6d-e3bf171908f3,Disconnector,刀闸0077,1
TMP_804f870a-78b0-46e6-b5dd-f8b8de451de0,Trunk,主干,spare_line,备用线,"rgb(128,128,128)",0.42099227322338734,TMP_1bc2c9fa-1b73-4339-8a6d-e3bf171908f3,Disconnector,刀闸0077,2,TMP_0ed54c65-a33e-4d28-b252-47acf8ea3400,Junction,,1
TMP_556dfcf2-9e37-4232-85b2-c5056d9740a5,Trunk,主干,spare_line,备用线,"rgb(128,128,128)",0.42099227322338734,TMP_0ed54c65-a33e-4d28-b252-47acf8ea3400,Junction,,1,TMP_1bc2c9fa-1b73-4339-8a6d-e3bf171908f3,Disconnector,刀闸0077,2
TMP_707b8d84-d43e-481e-99e0-3206af2e0560,Trunk,主干,spare_line,备用线,"rgb(128,128,128)",0.42099227322338734,TMP_dfbbdb6e-43f9-4478-ae4c-20f6cc0e7527,Breaker,开关00036,1,TMP_39fd7531-eef1-46d3-81e5-3c949bb81be3,GroundDisconnector,地刀0041,1
TMP_5f6bc576-e535-4cf5-87e5-edaa8f531152,Trunk,主干,spare_line,备用线,"rgb(128,128,128)",0.42099227322338734,TMP_dfbbdb6e-43f9-4478-ae4c-20f6cc0e7527,Breaker,开关00036,2,TMP_39fd7531-eef1-46d3-81e5-3c949bb81be3,GroundDisconnector,地刀0041,1
TMP_de5166d8-a5fe-4a18-8585-7efaaefa7f5c,Trunk,主干,spare_line,备用线,"rgb(128,128,128)",0.42099227322338734,TMP_dfbbdb6e-43f9-4478-ae4c-20f6cc0e7527,Breaker,开关00036,2,TMP_11e0e360-b135-4f3f-9d13-4c3ea5b73092,Disconnector,刀闸0078,1
TMP_aed4929e-c107-4f2f-9e41-b58ddabd8196,Trunk,主干,spare_line,备用线,"rgb(128,128,128)",0.42099227322338734,TMP_11e0e360-b135-4f3f-9d13-4c3ea5b73092,Disconnector,刀闸0078,2,TMP_282888b8-c4d8-411e-a11d-6b1bba779434,Junction,,1
TMP_5721290e-6e14-4490-9b23-a2eee6213454,Trunk,主干,spare_line,备用线,"rgb(128,128,128)",0.42099227322338734,TMP_282888b8-c4d8-411e-a11d-6b1bba779434,Junction,,1,TMP_11e0e360-b135-4f3f-9d13-4c3ea5b73092,Disconnector,刀闸0078,2
TMP_43db2a45-5611-4fd5-8533-b84ac6e28bc1,Trunk,主干,spare_line,备用线,"rgb(128,128,128)",0.020753614366359946,TMP_e36e94be-927e-4c89-971a-bbc2f372c60d,Fuse,刀闸0069,2,TMP_628aa61d-91fd-4557-a423-41373e6daf98,PotentialTransformer,PT004,1
TMP_d1e79386-e71b-4564-b0e1-94e98ee0b670,Trunk,主干,spare_line,备用线,"rgb(128,128,128)",0.42099227322338734,TMP_6950304f-12bc-4107-a05f-36ac592a26f7,Breaker,开关00037,2,TMP_2ae2cb7b-45e3-4a5f-a824-8227dbb15dc6,GroundDisconnector,地刀0042,1
TMP_87613c14-3b07-496a-b4e3-b234a72fb4cc,Trunk,主干,spare_line,备用线,"rgb(128,128,128)",0.42099227322338734,TMP_6950304f-12bc-4107-a05f-36ac592a26f7,Breaker,开关00037,2,TMP_e6fb89ab-8f6d-4d62-94eb-face9cbacce4,Disconnector,刀闸0079,1
TMP_f6980154-eac6-44e5-8dab-137c80865563,Trunk,主干,spare_line,备用线,"rgb(128,128,128)",0.42099227322338734,TMP_e6fb89ab-8f6d-4d62-94eb-face9cbacce4,Disconnector,刀闸0079,2,TMP_f80d39e6-4213-4293-81cb-7936c4882ab2,Junction,,1
TMP_841d312f-acb7-44c3-90ec-bf4ac498945a,Trunk,主干,spare_line,备用线,"rgb(128,128,128)",0.42099227322338734,TMP_f80d39e6-4213-4293-81cb-7936c4882ab2,Junction,,1,TMP_e6fb89ab-8f6d-4d62-94eb-face9cbacce4,Disconnector,刀闸0079,2
TMP_37d791cc-705e-4b0e-b62a-b55ee8648481,Trunk,主干,spare_line,备用线,"rgb(128,128,128)",0.42099227322338734,TMP_a76f3c98-a391-4b00-9241-252881049668,Breaker,开关00038,2,TMP_37817b2f-84f1-466b-aaf8-6558a14ed275,GroundDisconnector,地刀0036,1
TMP_a0e63571-d1c3-441c-9f97-3d20e324977d,Trunk,主干,spare_line,备用线,"rgb(128,128,128)",0.42099227322338734,TMP_a76f3c98-a391-4b00-9241-252881049668,Breaker,开关00038,2,TMP_a9e995bf-33b7-4422-a788-8b31b1f435a0,Disconnector,刀闸0080,1
TMP_50916c96-8951-4a41-a776-35be6746c390,Trunk,主干,spare_line,备用线,"rgb(128,128,128)",0.42099227322338734,TMP_a9e995bf-33b7-4422-a788-8b31b1f435a0,Disconnector,刀闸0080,2,TMP_c94550f7-4b79-4d42-88be-db6c732afa84,Junction,,1
TMP_b76d49de-d102-4000-9bcc-a5a5e61e4735,Trunk,主干,spare_line,备用线,"rgb(128,128,128)",0.42099227322338734,TMP_c94550f7-4b79-4d42-88be-db6c732afa84,Junction,,1,TMP_a9e995bf-33b7-4422-a788-8b31b1f435a0,Disconnector,刀闸0080,2
TMP_6c6edd6b-dd0b-4e6e-b24b-27222f16ab89,Trunk,主干,spare_line,备用线,"rgb(128,128,128)",0.26482005381631446,TMP_6950304f-12bc-4107-a05f-36ac592a26f7,Breaker,开关00037,1,TMP_dd3b98d9-a046-4a97-bc5b-255b81b77af6,Breaker,开关00033,1
TMP_42d7dded-a67f-4246-9586-803c9405192a,Trunk,主干,spare_line,备用线,"rgb(128,128,128)",0.26482005381631446,TMP_a76f3c98-a391-4b00-9241-252881049668,Breaker,开关00038,1,TMP_37817b2f-84f1-466b-aaf8-6558a14ed275,GroundDisconnector,地刀0036,1
TMP_ba62be41-ba11-4a52-a4f5-c1a7e0ccb4e8,Trunk,主干,spare_line,备用线,"rgb(0,0,0)",0.5809815894026886,TMP_fe0908d9-f16f-488e-8465-85820f8391cb,Junction,TMP00131374#环网箱101,1,TMP_108de658-0dba-4f98-a07a-09582dadc1b7,Junction,,1
TMP_52da36de-5174-45a8-913f-f50f317c9ea1,Trunk,主干,spare_line,备用线,"rgb(0,0,0)",0.5809815894026886,TMP_a7dcf284-ad90-4313-bd81-d3258253cfad,Junction,00000终端头922060,1,TMP_3460bf60-1e76-40e9-af3f-5cd0752f82ca,Junction,,1
TMP_3fb1af50-39a7-47bc-94b8-77308245e6e5,Trunk,主干,spare_line,备用线,"rgb(128,128,128)",0.5810948502025179,TMP_ab0dd0bc-f3ec-4b96-afc4-aa200075074c,Junction,00000终端头466819,1,TMP_54a227e6-7205-4e48-9d33-4fc8cba61462,Junction,TMP00131373#环网箱102,1
TMP_45a95179-7e90-4014-b2bc-3d030d967709,Trunk,主干,spare_line,备用线,"rgb(0,0,0)",0.5810948502025179,TMP_54a227e6-7205-4e48-9d33-4fc8cba61462,Junction,TMP00131373#环网箱102,1,TMP_3b5c0dd7-1dfb-4178-8b2d-0f1421c6c93d,Junction,,1
TMP_ba0ad545-fc33-4388-b8d1-cd29ff4bb9f4,Trunk,主干,spare_line,备用线,"rgb(0,0,0)",0.5809815894026886,TMP_c636f4b9-145d-44c6-ae97-0bb4a0e61498,Junction,00000终端头584452,1,TMP_282888b8-c4d8-411e-a11d-6b1bba779434,Junction,,1
TMP_d56060fd-6941-49bd-a416-5390dc5ace5c,Trunk,主干,spare_line,备用线,"rgb(0,0,0)",0.5811011837029015,TMP_4a469ca7-5af3-481c-b9ac-bc01ea4add09,Junction,,1,TMP_a7c9de65-3062-46e9-a8b5-9e2a0660380b,Junction,00000终端头510947,1
TMP_92a80147-a49f-498e-9846-4f409494f940,Trunk,主干,spare_line,备用线,"rgb(128,128,128)",0.5811011837029015,TMP_a7c9de65-3062-46e9-a8b5-9e2a0660380b,Junction,00000终端头510947,1,TMP_4a469ca7-5af3-481c-b9ac-bc01ea4add09,Junction,,1
TMP_e5c8b4ef-ab9d-4225-a219-1b3c04eaa1b7,Trunk,主干,spare_line,备用线,"rgb(128,128,128)",0.5810340881832123,TMP_c7ee9303-0c94-4e3a-b376-88ff2a0270c8,Junction,00000终端头506361,1,TMP_4bef753b-63d4-4040-82e1-2d84e32111fd,Junction,,1
TMP_e61d78ba-77dc-492d-9ddf-3400db6c99f2,Trunk,主干,spare_line,备用线,"rgb(0,0,0)",0.5810340881832123,TMP_c7ee9303-0c94-4e3a-b376-88ff2a0270c8,Junction,00000终端头506361,1,TMP_4bef753b-63d4-4040-82e1-2d84e32111fd,Junction,,1
TMP_022cd13e-dc15-4595-8578-f1cdaf518572,Trunk,主干,spare_line,备用线,"rgb(128,128,128)",0.5810340881832123,TMP_ca8df982-bd2a-4a2d-96ab-0aa38ced7b3d,Junction,00000终端头198671,1,TMP_414c7dc5-9ab0-4fe4-b61b-8aff4429aeb2,Junction,,1
TMP_4a6b90a3-fbdd-4744-91ee-54597065846f,Trunk,主干,spare_line,备用线,"rgb(0,0,0)",0.5810340881832123,TMP_ca8df982-bd2a-4a2d-96ab-0aa38ced7b3d,Junction,00000终端头198671,1,TMP_414c7dc5-9ab0-4fe4-b61b-8aff4429aeb2,Junction,,1
TMP_7773e001-3fa1-4428-8212-1414fa76532e,Trunk,主干,spare_line,备用线,"rgb(128,128,128)",0.4893736419318528,TMP_08f22a2e-7b43-4341-849e-e4513b085486,Fuse,刀闸0012,1,TMP_4f60e77b-906e-4d1b-a8ac-912e3d13862d,Junction,00000终端头506372,1
TMP_697f3707-60e9-44db-9a73-8c4d358dc0f2,Trunk,主干,spare_line,备用线,"rgb(128,128,128)",0.4893736419318528,TMP_08f22a2e-7b43-4341-849e-e4513b085486,Fuse,刀闸0012,1,TMP_4f60e77b-906e-4d1b-a8ac-912e3d13862d,Junction,00000终端头506372,1
TMP_ce1b5d50-22e3-414c-a0a3-9b0fff2038b3,Trunk,主干,spare_line,备用线,"rgb(128,128,128)",0.4894500892607022,TMP_062084a9-6e68-4e1b-a62e-6ff449f87b1d,Fuse,刀闸0009,2,TMP_7fbfc0c2-fa68-4382-9ae2-1ff8c090973b,Junction,00000终端头586690,1
TMP_28432633-157a-48a5-8c81-a22c1e1875c9,Trunk,主干,spare_line,备用线,"rgb(128,128,128)",0.4894500892607022,TMP_7fbfc0c2-fa68-4382-9ae2-1ff8c090973b,Junction,00000终端头586690,1,TMP_062084a9-6e68-4e1b-a62e-6ff449f87b1d,Fuse,刀闸0009,2
TMP_19b9c8e8-b8fb-4471-be0f-067ebe97dde4,Trunk,主干,spare_line,备用线,"rgb(0,0,0)",0.5811011837029015,TMP_4564a546-b0f1-4f01-928c-159ccb82a033,Junction,,1,TMP_9d809089-a659-483c-a2cf-1e12a7502e2b,Junction,00000终端头203161,1
TMP_34286af9-8fce-4f5e-95a7-286e23df8f35,Trunk,主干,spare_line,备用线,"rgb(128,128,128)",0.5811011837029015,TMP_4564a546-b0f1-4f01-928c-159ccb82a033,Junction,,1,TMP_9d809089-a659-483c-a2cf-1e12a7502e2b,Junction,00000终端头203161,1
TMP_7a6165e4-1c3c-4eef-8fb7-d5143f8d47b9,Trunk,主干,spare_line,备用线,"rgb(128,128,128)",0.5811011837029015,TMP_c0b5edb0-f348-4eb0-bc11-155bb6121de0,Breaker,开关00020,1,TMP_4e72c582-f5fd-42c0-a841-e9160d6bc0d9,Junction,00000终端头506051,1
TMP_22d6bf68-cb76-4027-8283-1a01747f0315,Trunk,主干,spare_line,备用线,"rgb(128,128,128)",0.5811011837029015,TMP_4e72c582-f5fd-42c0-a841-e9160d6bc0d9,Junction,00000终端头506051,1,TMP_c0b5edb0-f348-4eb0-bc11-155bb6121de0,Breaker,开关00020,1
TMP_65cca25b-5d3c-4897-bd98-c909ce644ad4,Trunk,主干,spare_line,备用线,"rgb(128,128,128)",0.5811011837029015,TMP_8e8fd85c-ce43-41e6-9404-115829574ad8,Junction,00000终端头506383,1,TMP_906b5442-5ad3-430d-987a-4a27501c5d12,Breaker,开关00001,2
TMP_482ee9e5-a868-48f2-bfeb-3c721a5e842b,Trunk,主干,spare_line,备用线,"rgb(128,128,128)",0.5811011837029015,TMP_8ab26649-bf3e-4a4a-8b9c-21a2669c2c73,Breaker,开关00021,1,TMP_df3c95a0-8aea-4bbb-b7ae-ceeff759e58f,Junction,00000终端头463830,1
TMP_3feb0a2d-8a01-42cb-ad4a-288340651b17,Trunk,主干,spare_line,备用线,"rgb(128,128,128)",0.5811011837029015,TMP_df3c95a0-8aea-4bbb-b7ae-ceeff759e58f,Junction,00000终端头463830,1,TMP_8ab26649-bf3e-4a4a-8b9c-21a2669c2c73,Breaker,开关00021,1
TMP_d13f907d-e2af-4424-8158-b7912e4a6d13,Trunk,主干,spare_line,备用线,"rgb(128,128,128)",0.5811011837029015,TMP_ed2196d7-9097-474a-95e7-85f0d78ca6c1,Junction,00000终端头463510,1,TMP_3595fd86-8479-4479-a7b6-76e40af025ad,Substation,站房000010,1
TMP_052702f0-bd00-4351-8d71-6c273ad5b11b,Trunk,主干,spare_line,备用线,"rgb(128,128,128)",0.5811011837029015,TMP_7e24e90f-f15d-4bd1-9ac5-33bb08eee591,Fuse,刀闸0041,2,TMP_a41d9dee-7231-4af9-85c3-3ff8e77e8c4b,Junction,00000终端头506351,1
TMP_bf7fe1df-6395-4ca5-b33e-41fbeda7b60f,Trunk,主干,spare_line,备用线,"rgb(128,128,128)",0.5811011837029015,TMP_7e24e90f-f15d-4bd1-9ac5-33bb08eee591,Fuse,刀闸0041,2,TMP_a41d9dee-7231-4af9-85c3-3ff8e77e8c4b,Junction,00000终端头506351,1
TMP_0e2bfffc-3c41-41c7-bebf-612a1452316e,Trunk,主干,spare_line,备用线,"rgb(128,128,128)",0.5810535834890808,TMP_96a47f90-30e3-4d38-9f3c-f1a5316a9a00,Junction,00000终端头586715,1,TMP_ff2d39d2-56fd-43f6-9d37-9cd57b23d348,Fuse,刀闸0018,1
TMP_57c5137b-855b-4850-93a8-af4958c17063,Trunk,主干,spare_line,备用线,"rgb(128,128,128)",0.5810535834890808,TMP_ff2d39d2-56fd-43f6-9d37-9cd57b23d348,Fuse,刀闸0018,1,TMP_96a47f90-30e3-4d38-9f3c-f1a5316a9a00,Junction,00000终端头586715,1
TMP_0dc4c833-d83b-40d8-8431-05f34dcd16cf,Trunk,主干,spare_line,备用线,"rgb(128,128,128)",0.5811011837029015,TMP_b8a0cb67-c3cc-4778-ac22-8aeeaa47afca,Fuse,刀闸0055,2,TMP_2630be9c-7d33-4396-9e62-4cb49d4a145a,Junction,00000终端头506644,1
TMP_d5e53211-48c0-4b8d-8dc0-2c0a69fd63bc,Trunk,主干,spare_line,备用线,"rgb(128,128,128)",0.5811011837029015,TMP_2630be9c-7d33-4396-9e62-4cb49d4a145a,Junction,00000终端头506644,1,TMP_b8a0cb67-c3cc-4778-ac22-8aeeaa47afca,Fuse,刀闸0055,2
TMP_75cfc69f-c102-4338-8825-e86beaa2bb00,Trunk,主干,spare_line,备用线,"rgb(128,128,128)",0.5811011837029015,TMP_73536e48-7b02-4f4f-a759-e54ee3d0f66e,Breaker,开关00019,2,TMP_d47a31f8-2722-412d-9e9d-77c737b2fe4a,Junction,00000终端头506054,1
TMP_e03f2ab2-1e1e-4a04-a445-722b2fc06db8,Trunk,主干,spare_line,备用线,"rgb(128,128,128)",0.5811011837029015,TMP_73536e48-7b02-4f4f-a759-e54ee3d0f66e,Breaker,开关00019,2,TMP_d47a31f8-2722-412d-9e9d-77c737b2fe4a,Junction,00000终端头506054,1
TMP_a56c5732-9bfa-4218-a308-e4c776744316,Trunk,主干,spare_line,备用线,"rgb(128,128,128)",0.5811011837029015,TMP_6413b3ea-0f1a-4ce2-abab-acdb2b1cccd6,Breaker,开关00018,2,TMP_c6a856cc-1efa-43b4-a734-fb0efbb35ced,Junction,00000终端头573744,1
TMP_6cbc7c7e-2ca8-4bcd-a684-035a1add98e3,Trunk,主干,spare_line,备用线,"rgb(128,128,128)",0.5811011837029015,TMP_6413b3ea-0f1a-4ce2-abab-acdb2b1cccd6,Breaker,开关00018,2,TMP_c6a856cc-1efa-43b4-a734-fb0efbb35ced,Junction,00000终端头573744,1
TMP_c9f98ebd-db54-48cd-adcd-f618785468da,Trunk,主干,spare_line,备用线,"rgb(128,128,128)",0.5811011837029015,TMP_7230622d-b1d6-489f-b6f4-c4ddcd353abf,Fuse,刀闸0031,1,TMP_178de85d-4145-4402-97b2-462e1e57b3af,Junction,00000终端头506181,1
TMP_0fa7bf7a-6d3c-4100-bd71-ba413c3cbd39,Trunk,主干,spare_line,备用线,"rgb(128,128,128)",0.5811011837029015,TMP_178de85d-4145-4402-97b2-462e1e57b3af,Junction,00000终端头506181,1,TMP_7230622d-b1d6-489f-b6f4-c4ddcd353abf,Fuse,刀闸0031,1
TMP_a6434f0e-65e6-4a05-b772-c40664db6981,Trunk,主干,spare_line,备用线,"rgb(128,128,128)",0.5811011837029015,TMP_b4d4bed1-d70d-4a4d-87a9-9f8c944498da,Breaker,开关00015,2,TMP_58ddd343-7d49-4c8a-a173-471c4888b3b1,Junction,00000终端头506258,1
TMP_94245fdd-aa8c-4398-a633-26e67e4b4201,Trunk,主干,spare_line,备用线,"rgb(128,128,128)",0.5811011837029015,TMP_58ddd343-7d49-4c8a-a173-471c4888b3b1,Junction,00000终端头506258,1,TMP_b4d4bed1-d70d-4a4d-87a9-9f8c944498da,Breaker,开关00015,2
TMP_24391cfc-79a4-4060-afaf-1a1cd99f3621,Trunk,主干,spare_line,备用线,"rgb(128,128,128)",0.5811011837029015,TMP_60988303-315c-44f6-a86f-75fa84ae8880,Fuse,刀闸0032,2,TMP_08c4f79d-3d08-4faa-a801-3f968cf455c9,Junction,00000终端头203402,1
TMP_41389f48-8b90-458c-85e3-650c1af8c485,Trunk,主干,spare_line,备用线,"rgb(128,128,128)",0.5811011837029015,TMP_08c4f79d-3d08-4faa-a801-3f968cf455c9,Junction,00000终端头203402,1,TMP_60988303-315c-44f6-a86f-75fa84ae8880,Fuse,刀闸0032,2
TMP_04644a1c-5ca1-4376-97fa-2bcd09fea6b0,Trunk,主干,spare_line,备用线,"rgb(128,128,128)",0.5811011837029015,TMP_6be30fab-37eb-4979-901c-a5f5417840d9,Fuse,刀闸0033,2,TMP_ef116697-ea0d-435c-b186-d343cef2c99a,Junction,00000终端头463822,1
TMP_b0e6d630-0295-4543-a326-52f38fb2dad9,Trunk,主干,spare_line,备用线,"rgb(128,128,128)",0.5811011837029015,TMP_6be30fab-37eb-4979-901c-a5f5417840d9,Fuse,刀闸0033,2,TMP_ef116697-ea0d-435c-b186-d343cef2c99a,Junction,00000终端头463822,1
TMP_006406b5-829d-4427-805e-0648d78b50ed,Trunk,主干,spare_line,备用线,"rgb(128,128,128)",0.5810598675089926,TMP_e1d8978c-1d0e-4681-ac7d-ed06769cff3b,Junction,00000终端头573373,1,TMP_b294b590-dccc-40a0-81d7-52b0e71f521d,Fuse,刀闸0019,2
TMP_c3305a3f-d0b5-4f82-adbb-a7cfb744fb73,Trunk,主干,spare_line,备用线,"rgb(128,128,128)",0.5810598675089926,TMP_e1d8978c-1d0e-4681-ac7d-ed06769cff3b,Junction,00000终端头573373,1,TMP_b294b590-dccc-40a0-81d7-52b0e71f521d,Fuse,刀闸0019,2
TMP_25310672-5afa-4104-9c2f-60dcfd107c43,Trunk,主干,spare_line,备用线,"rgb(128,128,128)",0.5810481901176603,TMP_a97a18eb-a863-431c-a805-bcd62e6e44fe,Breaker,开关00013,2,TMP_92bae3df-18ad-45ef-bb31-513c737794b2,Junction,00000终端头584557,1
TMP_2e88238e-b35d-4ae6-8dd0-a29c2b8190ac,Trunk,主干,spare_line,备用线,"rgb(128,128,128)",0.5810481901176603,TMP_92bae3df-18ad-45ef-bb31-513c737794b2,Junction,00000终端头584557,1,TMP_a97a18eb-a863-431c-a805-bcd62e6e44fe,Breaker,开关00013,2
TMP_bb84530f-cde5-4c69-a1b8-028e0998f6b2,Trunk,主干,spare_line,备用线,"rgb(128,128,128)",0.5811011837029015,TMP_7bef4abd-f429-41d9-8290-5d69d118f58d,Fuse,刀闸0026,2,TMP_2d815458-a26a-4bf2-8b31-8e098092b975,Junction,00000终端头506276,1
TMP_1b2966fe-0af0-4e76-ba95-250a9cd16f8c,Trunk,主干,spare_line,备用线,"rgb(128,128,128)",0.5811011837029015,TMP_7bef4abd-f429-41d9-8290-5d69d118f58d,Fuse,刀闸0026,2,TMP_2d815458-a26a-4bf2-8b31-8e098092b975,Junction,00000终端头506276,1
TMP_b348220c-55e1-4a71-b867-9f97682cb417,Trunk,主干,spare_line,备用线,"rgb(128,128,128)",0.5811011837029015,TMP_08790019-f12b-4ef7-84a7-9bb967c363ff,Fuse,刀闸0007,2,TMP_cb18f02d-874e-4334-a16a-e70a1d7fdfd4,Junction,00000终端头479511,1
TMP_269fc0e6-9dfc-49ca-989c-5e26c23aa49b,Trunk,主干,spare_line,备用线,"rgb(128,128,128)",0.5811011837029015,TMP_92968a04-3b90-4261-9e9b-7322aaf57534,Fuse,刀闸0056,2,TMP_d1c333b8-5c86-4905-b03c-8f7df4f46238,Junction,00000终端头463711,1
TMP_a9323921-6f94-48c6-88e6-526b3fee07c8,Trunk,主干,spare_line,备用线,"rgb(128,128,128)",0.5811011837029015,TMP_d1c333b8-5c86-4905-b03c-8f7df4f46238,Junction,00000终端头463711,1,TMP_92968a04-3b90-4261-9e9b-7322aaf57534,Fuse,刀闸0056,2
TMP_2d65803c-6373-4f56-8eda-0966cfbfb441,Trunk,主干,spare_line,备用线,"rgb(128,128,128)",0.5811011837029015,TMP_dca1ef09-5061-4dcc-88fa-58fb6dc1e366,Fuse,刀闸0021,2,TMP_13576abd-6461-4107-8c2f-c1646c1a8d99,Junction,00000终端头506069,1
TMP_34a9b0c6-1bce-4b0f-af1c-672329e4f50c,Trunk,主干,spare_line,备用线,"rgb(128,128,128)",0.5811011837029015,TMP_dca1ef09-5061-4dcc-88fa-58fb6dc1e366,Fuse,刀闸0021,2,TMP_13576abd-6461-4107-8c2f-c1646c1a8d99,Junction,00000终端头506069,1
TMP_1cade076-fbd7-4190-9dd7-7b856850eadd,Trunk,主干,spare_line,备用线,"rgb(128,128,128)",0.5811011837029015,TMP_5f7b3199-32ba-4dfe-a531-07169d64c00d,Fuse,刀闸0024,2,TMP_a0d97603-bea9-4579-bf07-5a74dead56ce,Junction,00000终端头573485,1
TMP_a5701566-0b0e-4df4-a5f1-24f9fa5ebe22,Trunk,主干,spare_line,备用线,"rgb(128,128,128)",0.5811011837029015,TMP_a0d97603-bea9-4579-bf07-5a74dead56ce,Junction,00000终端头573485,1,TMP_5f7b3199-32ba-4dfe-a531-07169d64c00d,Fuse,刀闸0024,2
TMP_d1f7eea4-3107-4cd2-8078-dbdece176887,Trunk,主干,spare_line,备用线,"rgb(128,128,128)",0.5810979179917662,TMP_b0a836f2-e347-4982-b960-273a97279cdb,Junction,00000终端头197688,1,TMP_03e09f06-4b12-4f2c-81f1-58d88dc05c9e,Junction,00000终端头958070,1
TMP_512a7100-df6f-430b-97ee-0e83fbc1deb9,Trunk,主干,spare_line,备用线,"rgb(0,0,0)",0.5810979179917662,TMP_03e09f06-4b12-4f2c-81f1-58d88dc05c9e,Junction,00000终端头958070,1,TMP_f7848c2e-5a6a-4415-8144-a093e36a5361,Junction,,1
TMP_a7f74751-7993-4760-9020-a758947c4f3e,Trunk,主干,spare_line,备用线,"rgb(0,0,0)",0.5811011837029015,TMP_cabc20f3-636a-4691-9f73-a5376e06ae3a,Junction,,1,TMP_6491298b-cbc7-46e0-b892-0cb0728b3892,LoadBreakSwitch,开关00075,2
TMP_21f6fae5-dc58-446b-b97a-582835bae5d7,Trunk,主干,spare_line,备用线,"rgb(128,128,128)",0.5810771361936324,TMP_07adee24-20a9-445f-9387-43b0cd46b0ce,Junction,00000终端头584392,1,TMP_529c6157-ab78-4e90-82fa-f335dbc89b59,Junction,,1
TMP_5f8748de-e37d-4f3f-a2e3-cef636e479b2,Trunk,主干,spare_line,备用线,"rgb(0,0,0)",0.5810771361936324,TMP_07adee24-20a9-445f-9387-43b0cd46b0ce,Junction,00000终端头584392,1,TMP_529c6157-ab78-4e90-82fa-f335dbc89b59,Junction,,1
TMP_1619c183-11e0-4712-91d7-6ee8dfbe6172,Trunk,主干,spare_line,备用线,"rgb(128,128,128)",0.5810480911567169,TMP_1ca6326b-be75-4283-aa29-20192865b6b6,Breaker,开关00006,2,TMP_94f5fd92-3eef-4301-8436-ceda13a43e4b,PowerTransformer,配变2157,2
TMP_03d5543c-e3b4-4ed9-84c0-bc5986405f21,Trunk,主干,spare_line,备用线,"rgb(128,128,128)",0.5804496743314065,TMP_e93431de-c5dc-47c1-9d54-042becffdd81,PowerTransformer,配变2147,1,TMP_eddc5e9c-22b6-4671-aabd-62af1b4e4f22,Fuse,刀闸0044,1
TMP_86e54e4c-ffee-4014-8c99-f1d3b4730a39,Trunk,主干,spare_line,备用线,"rgb(0,0,0)",0.5810610550403146,TMP_f6ca09b8-6622-4bfa-9305-a11bfebe7107,Junction,,1,TMP_07b5a581-ab4f-470d-bf60-dffa6830b81c,Junction,00000终端头921423,1
TMP_579c7cb9-b6bb-4f9a-badb-8f6e17508704,Trunk,主干,spare_line,备用线,"rgb(128,128,128)",0.5331142305149417,TMP_6503b925-2011-425f-bf27-918bddd4d9b0,LoadBreakSwitch,开关00198,1,TMP_8adfa8eb-64e4-4821-943a-0fbc337734a0,Substation,站房000017,1
TMP_09140ea1-7183-4fa9-b0c0-7c5ae83debda,Trunk,主干,spare_line,备用线,"rgb(128,128,128)",0.5331142305149417,TMP_6503b925-2011-425f-bf27-918bddd4d9b0,LoadBreakSwitch,开关00198,2,TMP_784139c2-5d78-4b88-ab0c-7af53ce28c7e,Junction,,1
TMP_b4574ada-e1d3-45a7-9404-7b0937087fa6,Trunk,主干,spare_line,备用线,"rgb(128,128,128)",0.5331142305149417,TMP_784139c2-5d78-4b88-ab0c-7af53ce28c7e,Junction,,1,TMP_6503b925-2011-425f-bf27-918bddd4d9b0,LoadBreakSwitch,开关00198,2
TMP_ac85f2c5-99de-47a8-956c-318e9eae62e7,Trunk,主干,spare_line,备用线,"rgb(128,128,128)",0.5331142305149417,TMP_13a329d0-3882-4334-adab-a2f22ab07432,LoadBreakSwitch,开关00197,2,TMP_4fb40ed5-684c-4bd9-aa5a-4924db50538a,PowerTransformer,配变2293,2
TMP_d2e3261b-9c7d-49b7-aef7-5f6b69810b59,Trunk,主干,spare_line,备用线,"rgb(128,128,128)",0.20454810147308353,TMP_13a329d0-3882-4334-adab-a2f22ab07432,LoadBreakSwitch,开关00197,1,TMP_4fb40ed5-684c-4bd9-aa5a-4924db50538a,PowerTransformer,配变2293,2
TMP_e6830387-5f0f-41c7-9b14-e57674d96652,Trunk,主干,spare_line,备用线,"rgb(128,128,128)",0.5810020248375202,TMP_07b5a581-ab4f-470d-bf60-dffa6830b81c,Junction,00000终端头921423,1,TMP_278f4a89-47ac-4848-93e4-5399161e5c92,LoadBreakSwitch,开关00235,1
TMP_2c87985e-27cd-48f5-a3ff-a5df90e40dd7,Trunk,主干,spare_line,备用线,"rgb(0,0,0)",0.5810020248375202,TMP_0a242cc2-75f9-4020-ac27-1e934173a6f2,Junction,00000终端头924542,1,TMP_784139c2-5d78-4b88-ab0c-7af53ce28c7e,Junction,,1
TMP_d9e6e190-ebc0-4106-8e04-9dbcaa783e92,Trunk,主干,spare_line,备用线,"rgb(128,128,128)",0.5811011837029015,TMP_4774de0a-2a82-4132-a4f0-702d09d4b572,Breaker,开关00025,1,TMP_a7f9be80-1f47-46af-83c4-2bffa1859df8,Breaker,开关00005,2
TMP_102422a7-5de3-4037-9162-6aa3a7900b9e,Trunk,主干,spare_line,备用线,"rgb(128,128,128)",0.4894500892607022,TMP_22eb3e23-2103-4cce-bbd3-21c9628f46be,Breaker,开关00004,2,TMP_a130f754-937f-427a-b3bd-73ea6dd6e6cd,Junction,TMP00131373#,1
TMP_1a4410d1-8887-4913-b80f-2e3568906c0c,Trunk,主干,spare_line,备用线,"rgb(128,128,128)",0.5811011837029015,TMP_fffdb241-d2ce-4a03-ac4a-1ba0750e0f18,Breaker,开关00003,2,TMP_22ad048a-8688-474a-bfad-6c3719c697a3,Fuse,刀闸0050,1
TMP_37e69b38-e4a1-45f3-9152-949fc1397c86,Trunk,主干,spare_line,备用线,"rgb(128,128,128)",0.5810887146240212,TMP_708912dc-9ff0-4fae-914c-8eb19868b3a2,Breaker,开关00002,2,TMP_73536e48-7b02-4f4f-a759-e54ee3d0f66e,Breaker,开关00019,1
TMP_5f1d9c81-2dd4-4997-8d6d-269137906a62,Trunk,主干,spare_line,备用线,"rgb(128,128,128)",0.04490871118997832,TMP_c16f6f4d-f9e5-49ca-81c1-e39d33951c34,LoadBreakSwitch,开关00215,1,TMP_ca1ebe12-2d65-449c-ae23-e00e83d8102c,Junction,,1
TMP_6b75f772-565b-4a3f-b443-649fd94c581d,Trunk,主干,spare_line,备用线,"rgb(128,128,128)",0.04490871118997832,TMP_c16f6f4d-f9e5-49ca-81c1-e39d33951c34,LoadBreakSwitch,开关00215,2,TMP_ca1ebe12-2d65-449c-ae23-e00e83d8102c,Junction,,1
TMP_9a5eda14-2ae3-4683-97e1-88cf32ac58a6,Trunk,主干,spare_line,备用线,"rgb(128,128,128)",0.04490745871553722,TMP_b9204c65-ea6c-4643-8b3c-cb9bcf4c48a4,LoadBreakSwitch,开关00214,1,TMP_56480f28-3926-4643-8cc8-1739918abebf,PowerTransformer,配变2322,2
TMP_4fa18ade-40f3-4889-ac09-3a9088da54d9,Trunk,主干,spare_line,备用线,"rgb(128,128,128)",0.044909583283292864,TMP_b9204c65-ea6c-4643-8b3c-cb9bcf4c48a4,LoadBreakSwitch,开关00214,2,TMP_56480f28-3926-4643-8cc8-1739918abebf,PowerTransformer,配变2322,2
TMP_172b9f47-a70c-4382-a902-22bdbe9c759e,Trunk,主干,spare_line,备用线,"rgb(128,128,128)",0.07431392264447767,TMP_86867172-63b0-4858-bc8b-7ee522f69e8c,LoadBreakSwitch,开关00213,2,TMP_c885c2b6-f168-452c-a26a-d053842ad088,PowerTransformer,配变2323,2
TMP_5dba8654-ba6f-461b-a53d-6194165a1c7d,Trunk,主干,spare_line,备用线,"rgb(128,128,128)",0.04490527848225086,TMP_86867172-63b0-4858-bc8b-7ee522f69e8c,LoadBreakSwitch,开关00213,1,TMP_c885c2b6-f168-452c-a26a-d053842ad088,PowerTransformer,配变2323,2
TMP_8f3f06ae-01fb-4786-a0c4-3415c99fbd99,Trunk,主干,spare_line,备用线,"rgb(0,0,0)",0.5693730254065552,TMP_673b2b8b-0b74-436a-8cc8-dff701b13034,Junction,00000终端头906632,1,TMP_ca1ebe12-2d65-449c-ae23-e00e83d8102c,Junction,,1
TMP_b6879a48-dffe-4369-8e7a-61ad580a0a80,Trunk,主干,spare_line,备用线,"rgb(128,128,128)",0.5810959882533682,TMP_cabc20f3-636a-4691-9f73-a5376e06ae3a,Junction,,1,TMP_22573f1e-9c3b-4e76-b48e-02d8bc3fc648,Junction,00000终端头965085,1
TMP_26438d1f-3c52-4e8f-b7e2-678f38fcc9c5,Trunk,主干,spare_line,备用线,"rgb(128,128,128)",0.581031218315851,TMP_7e4cd85d-6e10-4e48-8d12-d4ec403acc53,Fuse,刀闸0045,1,TMP_2033882a-e541-4287-8576-84980eef2296,Fuse,刀闸0046,1
TMP_12542be1-8487-4221-ace7-8a399c12dd5f,Trunk,主干,spare_line,备用线,"rgb(128,128,128)",0.020753614366359946,TMP_37ea02d3-50cb-4b7c-bb97-88d2af3386a3,Fuse,刀闸0008,2,TMP_64b07223-9a68-47f3-a624-d6381d0eebdc,PowerTransformer,配变2146,1
TMP_87bbcf98-f588-4dee-92a0-fa0ca8499899,Trunk,主干,spare_line,备用线,"rgb(128,128,128)",0.020753614366359946,TMP_37ea02d3-50cb-4b7c-bb97-88d2af3386a3,Fuse,刀闸0008,2,TMP_64b07223-9a68-47f3-a624-d6381d0eebdc,PowerTransformer,配变2146,1
TMP_891c683d-c36f-4c2c-9caa-9e6c94a3a67a,Trunk,主干,spare_line,备用线,"rgb(128,128,128)",0.5810957408510093,TMP_2805eb70-57ad-4a5d-9a4b-f41bf57ecc04,Fuse,刀闸0017,1,TMP_37ea02d3-50cb-4b7c-bb97-88d2af3386a3,Fuse,刀闸0008,1
TMP_f1435cca-0b15-4fdb-a42d-973471a0cfdd,Trunk,主干,spare_line,备用线,"rgb(128,128,128)",0.581031218315851,TMP_08790019-f12b-4ef7-84a7-9bb967c363ff,Fuse,刀闸0007,1,TMP_2c9f04bc-b1f1-4ca0-bac9-a4882ba70a47,PowerTransformer,配变2160,2
TMP_7fffc029-6759-4d33-82b8-a659ffb87031,Trunk,主干,spare_line,备用线,"rgb(128,128,128)",0.581031218315851,TMP_08790019-f12b-4ef7-84a7-9bb967c363ff,Fuse,刀闸0007,2,TMP_cb18f02d-874e-4334-a16a-e70a1d7fdfd4,Junction,00000终端头479511,1
TMP_8c43b683-6910-490f-9e86-a3efeb19ef6c,Trunk,主干,spare_line,备用线,"rgb(128,128,128)",0.5809430935956693,TMP_7139321e-9c53-40d3-99e0-56dbcb7a64a3,Fuse,刀闸0063,2,TMP_2b527e65-695c-4a99-ad57-4129c26944c7,PowerTransformer,配变2156,1
TMP_38342bba-986d-4bc0-9d3a-a15063c55ee5,Trunk,主干,spare_line,备用线,"rgb(0,0,0)",0.5809804018713667,TMP_ef214d5f-efa1-4c38-b54d-79e8fbc7a54a,Junction,,1,TMP_03e09f06-4b12-4f2c-81f1-58d88dc05c9e,Junction,00000终端头958070,1
TMP_dcd0f5d1-e05d-4505-9ac6-52cbec0a49fc,Trunk,主干,spare_line,备用线,"rgb(128,128,128)",0.02611206649013137,TMP_9588c29f-6d68-457e-a9a5-f2fda77ea56e,LoadBreakSwitch,开关00220,1,TMP_d6992d43-00a4-46a0-b049-8beaf899216b,LoadBreakSwitch,开关00218,1
TMP_96cb539c-58b2-4eb7-8c74-405543cf4d8a,Trunk,主干,spare_line,备用线,"rgb(128,128,128)",0.026109394544657022,TMP_367d90cc-8093-4917-a4d7-a9539246bc5b,LoadBreakSwitch,开关00219,1,TMP_d6992d43-00a4-46a0-b049-8beaf899216b,LoadBreakSwitch,开关00218,1
TMP_e7d88f2b-f63c-4128-91aa-f88104c4ac38,Trunk,主干,spare_line,备用线,"rgb(128,128,128)",0.026109394544657022,TMP_367d90cc-8093-4917-a4d7-a9539246bc5b,LoadBreakSwitch,开关00219,2,TMP_b1856ae5-575a-4b0c-b4e3-191475a00346,Junction,,1
TMP_6204e8da-3a6b-44a9-8f67-d8555ff75b8f,Trunk,主干,spare_line,备用线,"rgb(128,128,128)",0.02611099028987087,TMP_d6992d43-00a4-46a0-b049-8beaf899216b,LoadBreakSwitch,开关00218,2,TMP_99c8fd1d-708b-4b8a-aec7-26db8d5a0f49,Junction,,1
TMP_70f58b7b-2d93-4509-80cc-eb45919e7997,Trunk,主干,spare_line,备用线,"rgb(128,128,128)",0.02611040270926887,TMP_9588c29f-6d68-457e-a9a5-f2fda77ea56e,LoadBreakSwitch,开关00220,2,TMP_1d4aa897-b7e9-491f-b117-a5355d44cf61,PowerTransformer,配变2325,2
TMP_054d1bfc-dfdb-4013-b91d-5d98d45e9a7c,Trunk,主干,spare_line,备用线,"rgb(128,128,128)",0.026108445138105372,TMP_d6992d43-00a4-46a0-b049-8beaf899216b,LoadBreakSwitch,开关00218,1,TMP_8a87c945-cc43-43e4-9b75-222a1ebed515,Substation,站房000019,1
TMP_64b0bf53-8314-4651-8730-970877abbcf0,Trunk,主干,spare_line,备用线,"rgb(0,0,0)",0.5810957408510093,TMP_b1856ae5-575a-4b0c-b4e3-191475a00346,Junction,,1,TMP_4b4a29b1-332e-4f5e-a74d-8c8e5e39bc39,Junction,00000终端头931877,1
TMP_9d145bfc-1336-44e8-8c14-92e29d6f231c,Trunk,主干,spare_line,备用线,"rgb(128,128,128)",0.5809815894026886,TMP_c636f4b9-145d-44c6-ae97-0bb4a0e61498,Junction,00000终端头584452,1,TMP_282888b8-c4d8-411e-a11d-6b1bba779434,Junction,,1
TMP_76a0859f-c4ae-43ec-bc41-b7f4d8c2c4b7,Trunk,主干,spare_line,备用线,"rgb(128,128,128)",0.05149146017245487,TMP_ceb664cd-9c8f-4876-95b6-9fee2a2d50af,LoadBreakSwitch,开关00222,1,TMP_d56a963d-27cc-4c99-86e6-1014ecd261ab,Junction,,1
TMP_f5ba963a-ea28-41e8-bedb-2b5bc8eb57d4,Trunk,主干,spare_line,备用线,"rgb(128,128,128)",0.05149146017245487,TMP_ceb664cd-9c8f-4876-95b6-9fee2a2d50af,LoadBreakSwitch,开关00222,2,TMP_d56a963d-27cc-4c99-86e6-1014ecd261ab,Junction,,1
TMP_bf212637-8603-4289-8f0b-4d2b55df409b,Trunk,主干,spare_line,备用线,"rgb(128,128,128)",0.05149146017245487,TMP_c5ffb622-0ee0-4ef2-bdf8-ec4cc4d43cd9,LoadBreakSwitch,开关00221,1,TMP_ff8c7064-55fb-4b9a-a9bd-dfdef2e0386f,Substation,站房000018,1
TMP_0027673c-b53d-4fed-9cb0-6ba535155dfc,Trunk,主干,spare_line,备用线,"rgb(128,128,128)",0.05149146017245487,TMP_c5ffb622-0ee0-4ef2-bdf8-ec4cc4d43cd9,LoadBreakSwitch,开关00221,2,TMP_bb7c580e-1de5-4ca0-b120-96d7ede834f3,PowerTransformer,配变2326,2
TMP_d8cbe05c-1492-4590-920c-d299d4038a95,Trunk,主干,spare_line,备用线,"rgb(0,0,0)",0.5810421040196354,TMP_d70446d7-f087-400d-9ed0-d95792fc0111,Junction,00000终端头584470,1,TMP_d56a963d-27cc-4c99-86e6-1014ecd261ab,Junction,,1
TMP_2ddd4fd5-04df-4f04-b7f2-386559195ccd,Trunk,主干,spare_line,备用线,"rgb(128,128,128)",0.020753614366359946,TMP_29d326f6-e93b-443d-aa38-a14012b0e19a,Fuse,刀闸0006,2,TMP_ed149ac0-cfe7-4c97-b56a-63fcb60add9e,PowerTransformer,配变2145,1
TMP_3f83c9a2-9de5-4ce3-9cdb-9c2a844cba72,Trunk,主干,spare_line,备用线,"rgb(128,128,128)",0.5647820194198708,TMP_4498d3ae-5b5a-4a6b-b54d-96708089c003,Substation,站房000039,1,TMP_29d326f6-e93b-443d-aa38-a14012b0e19a,Fuse,刀闸0006,1
TMP_b874037b-930b-4d76-a258-f1cc1a24abf3,Trunk,主干,spare_line,备用线,"rgb(128,128,128)",0.5810959882533682,TMP_56e46d23-7358-4745-88db-7af2bffe3c85,Fuse,刀闸0051,1,TMP_4498d3ae-5b5a-4a6b-b54d-96708089c003,Substation,站房000039,1
TMP_ba8f1c09-bc8e-46ce-8a2c-805cf58f7835,Trunk,主干,spare_line,备用线,"rgb(0,0,0)",0.13207050428114603,TMP_72d667ce-0c1d-4c01-b01e-4806d4ee2bdb,Junction,TMP00312934,1,TMP_1b20de02-d15a-4257-b006-125b614a892e,Junction,,1
TMP_709206b2-2be7-443f-9a99-95fe0483f4f7,Trunk,主干,spare_line,备用线,"rgb(128,128,128)",0.8025893328925229,TMP_9197fa03-b802-4f07-82f0-c874acb4255f,LoadBreakSwitch,开关00178,1,TMP_f21d5467-6134-4266-8fe7-ad0d28085821,LoadBreakSwitch,开关00177,1
TMP_514a06b0-3f9f-4d8c-a9c8-d8009517d821,Trunk,主干,spare_line,备用线,"rgb(128,128,128)",0.8025893328925229,TMP_9197fa03-b802-4f07-82f0-c874acb4255f,LoadBreakSwitch,开关00178,2,TMP_1b20de02-d15a-4257-b006-125b614a892e,Junction,,1
TMP_f19201ca-ae1d-4d77-b17a-4df88bca63b9,Trunk,主干,spare_line,备用线,"rgb(128,128,128)",0.8025893328925229,TMP_1b20de02-d15a-4257-b006-125b614a892e,Junction,,1,TMP_9197fa03-b802-4f07-82f0-c874acb4255f,LoadBreakSwitch,开关00178,2
TMP_e0fb93b3-8a47-4a7f-83cb-1fe147fa8366,Trunk,主干,spare_line,备用线,"rgb(128,128,128)",0.8025893328925229,TMP_f21d5467-6134-4266-8fe7-ad0d28085821,LoadBreakSwitch,开关00177,1,TMP_154e2c43-365d-44e8-851a-b4a42cce1520,Substation,站房000070,1
TMP_f5fc947b-79e2-4cfb-9be9-63168025bde1,Trunk,主干,spare_line,备用线,"rgb(128,128,128)",0.8025893328925229,TMP_f21d5467-6134-4266-8fe7-ad0d28085821,LoadBreakSwitch,开关00177,2,TMP_e62e0d75-0391-4cbd-90f6-2a61b2d6cb7c,PowerTransformer,配变2298,2
TMP_e1a5c2be-641c-4c93-b1d8-01392a2d79dc,Trunk,主干,spare_line,备用线,"rgb(128,128,128)",0.8025893328925229,TMP_95eeee35-3036-4666-bc03-3239440aead0,LoadBreakSwitch,开关00176,1,TMP_f21d5467-6134-4266-8fe7-ad0d28085821,LoadBreakSwitch,开关00177,1
TMP_77044447-69ab-421d-980e-c81f2428628c,Trunk,主干,spare_line,备用线,"rgb(128,128,128)",0.8025893328925229,TMP_95eeee35-3036-4666-bc03-3239440aead0,LoadBreakSwitch,开关00176,2,TMP_d3851233-63e3-4834-a20e-535ef82209f0,Junction,,1
TMP_094156fb-3f31-4b14-815b-8a5969f1f4ee,Trunk,主干,spare_line,备用线,"rgb(128,128,128)",0.8025893328925229,TMP_d3851233-63e3-4834-a20e-535ef82209f0,Junction,,1,TMP_95eeee35-3036-4666-bc03-3239440aead0,LoadBreakSwitch,开关00176,2
TMP_00eaa06e-3562-426a-991c-bd0093ff57f9,Trunk,主干,spare_line,备用线,"rgb(128,128,128)",0.13207018760612685,TMP_86653cd5-7bae-4a47-bc99-8aa4c5e3917e,Substation,站房000036,1,TMP_45e38cf1-adaf-458e-bceb-a4d766668a2f,Junction,TMP00312936,1
TMP_db9c113a-866c-4824-a8d3-92857b376680,Trunk,主干,spare_line,备用线,"rgb(128,128,128)",0.5810684276306048,TMP_fd651cda-26fe-4cba-bdbe-79f6561d0cbb,Breaker,开关00023,2,TMP_86653cd5-7bae-4a47-bc99-8aa4c5e3917e,Substation,站房000036,1
TMP_bede3349-140a-4c95-bb1f-0da956856ac8,Trunk,主干,spare_line,备用线,"rgb(128,128,128)",0.5810872796903406,TMP_8e8fd85c-ce43-41e6-9404-115829574ad8,Junction,00000终端头506383,1,TMP_906b5442-5ad3-430d-987a-4a27501c5d12,Breaker,开关00001,2
TMP_e3e309a4-2aba-45b8-97bc-89daba97f484,Trunk,主干,spare_line,备用线,"rgb(128,128,128)",0.5810872796903406,TMP_906b5442-5ad3-430d-987a-4a27501c5d12,Breaker,开关00001,1,TMP_fffdb241-d2ce-4a03-ac4a-1ba0750e0f18,Breaker,开关00003,2
TMP_0047020f-df31-4f94-ba2a-e7a2a897a4ea,Trunk,主干,spare_line,备用线,"rgb(0,0,0)",0.5810660525679611,TMP_bc7d8a42-8396-4f57-a824-faf0d738a134,Junction,,1,TMP_788225ba-95ed-4fda-a71c-c1e96bca19b0,Junction,00000终端头914654,1
TMP_eabd58b1-f3c0-4944-ab8a-f93ebe29bdae,Trunk,主干,spare_line,备用线,"rgb(128,128,128)",0.7153483834166776,TMP_28eeb946-04d3-4c58-a3db-57db766797fb,LoadBreakSwitch,开关00209,1,TMP_19e9a38c-a91b-491f-9ec4-b9963afac878,LoadBreakSwitch,开关00208,1
TMP_9c4774c5-4772-427e-86ef-5cc65879f6f9,Trunk,主干,spare_line,备用线,"rgb(128,128,128)",0.7153483834166776,TMP_28eeb946-04d3-4c58-a3db-57db766797fb,LoadBreakSwitch,开关00209,2,TMP_c356cc0e-58f2-4d4e-85f1-a43c3651f1ec,Junction,,1
TMP_480daead-fdbb-4ab5-a418-6da51bfc5de0,Trunk,主干,spare_line,备用线,"rgb(128,128,128)",0.7153483834166776,TMP_c356cc0e-58f2-4d4e-85f1-a43c3651f1ec,Junction,,1,TMP_28eeb946-04d3-4c58-a3db-57db766797fb,LoadBreakSwitch,开关00209,2
TMP_af73823f-cdf5-4a36-9a5d-5ef802ebed22,Trunk,主干,spare_line,备用线,"rgb(128,128,128)",0.7153483834166776,TMP_19e9a38c-a91b-491f-9ec4-b9963afac878,LoadBreakSwitch,开关00208,1,TMP_76c0f651-de63-45dc-90f2-e373bafbfe3c,Substation,站房000023,1
TMP_8d1ca154-14f3-4334-8271-abb32767278f,Trunk,主干,spare_line,备用线,"rgb(128,128,128)",0.7153483834166776,TMP_19e9a38c-a91b-491f-9ec4-b9963afac878,LoadBreakSwitch,开关00208,2,TMP_153abddb-dbd4-46f0-ab01-bddea2a3ccee,PowerTransformer,配变2320,2
TMP_b2b9cae0-f7fd-4376-804a-1a575d87e8f9,Trunk,主干,spare_line,备用线,"rgb(128,128,128)",0.5810701099666443,TMP_788225ba-95ed-4fda-a71c-c1e96bca19b0,Junction,00000终端头914654,1,TMP_7215aa34-9a3a-4b61-b156-89c22b204a0f,Junction,00000示1#环网箱102,1
TMP_70d96b74-ee86-4d74-8657-34ec435e3f8b,Trunk,主干,spare_line,备用线,"rgb(0,0,0)",0.5810701099666443,TMP_c356cc0e-58f2-4d4e-85f1-a43c3651f1ec,Junction,,1,TMP_76672a4d-5578-4f96-908c-d88b9cce7c55,Junction,00000终端头917633,1
TMP_5418944c-d265-4d99-9890-db39d7f89677,Trunk,主干,spare_line,备用线,"rgb(128,128,128)",0.5810200357292362,TMP_dca1ef09-5061-4dcc-88fa-58fb6dc1e366,Fuse,刀闸0021,1,TMP_c62693a6-4dd7-47af-af18-2b5f3e8e5928,Fuse,刀闸0005,1
TMP_488a3a8e-b474-4d6d-a33a-608f46623447,Trunk,主干,spare_line,备用线,"rgb(128,128,128)",0.5810200357292362,TMP_c62693a6-4dd7-47af-af18-2b5f3e8e5928,Fuse,刀闸0005,2,TMP_931307ad-f725-4cac-93dc-698d22f2088d,Junction,00000终端头931442,1
TMP_8cd898e6-8005-4154-855d-4385b0cbbcb3,Trunk,主干,spare_line,备用线,"rgb(128,128,128)",0.7153483834166776,TMP_cb5f48ad-a195-4acc-9322-8cf74db50f97,LoadBreakSwitch,开关00217,1,TMP_2c9f04bc-b1f1-4ca0-bac9-a4882ba70a47,PowerTransformer,配变2160,2
TMP_650059d6-edcd-48b9-a698-4c43d70f2375,Trunk,主干,spare_line,备用线,"rgb(128,128,128)",0.7153483834166776,TMP_cb5f48ad-a195-4acc-9322-8cf74db50f97,LoadBreakSwitch,开关00217,2,TMP_ea884161-1761-495e-8904-a841f83b3c40,Junction,,1
TMP_8097ae84-1f37-478d-a02d-1b630886fb69,Trunk,主干,spare_line,备用线,"rgb(128,128,128)",0.7153483834166776,TMP_ea884161-1761-495e-8904-a841f83b3c40,Junction,,1,TMP_e658f366-3fec-46d8-87cf-0b20c28e89e9,Junction,00000终端头940580,1
TMP_2b285ebf-5a7f-4c1b-8245-5447baff59d9,Trunk,主干,spare_line,备用线,"rgb(128,128,128)",0.7153483834166776,TMP_df13e76f-3b98-4620-877b-68630df975bf,LoadBreakSwitch,开关00216,1,TMP_4bb1b285-4b71-4cb8-9b50-33519d823081,Substation,站房000020,1
TMP_0567f557-1c5d-471c-8c5c-62e34fa71317,Trunk,主干,spare_line,备用线,"rgb(128,128,128)",0.7153483834166776,TMP_df13e76f-3b98-4620-877b-68630df975bf,LoadBreakSwitch,开关00216,2,TMP_8f674233-57ae-4319-b2fd-c58a7f2c27e6,PowerTransformer,配变2324,2
TMP_367d6e72-2373-4846-81f4-9649098ea5e1,Trunk,主干,spare_line,备用线,"rgb(128,128,128)",0.5810885167021342,TMP_931307ad-f725-4cac-93dc-698d22f2088d,Junction,00000终端头931442,1,TMP_2c9f04bc-b1f1-4ca0-bac9-a4882ba70a47,PowerTransformer,配变2160,1
TMP_0523b839-68a7-4c86-99fd-dbf434194989,Trunk,主干,spare_line,备用线,"rgb(0,0,0)",0.5810885167021342,TMP_ea884161-1761-495e-8904-a841f83b3c40,Junction,,1,TMP_e658f366-3fec-46d8-87cf-0b20c28e89e9,Junction,00000终端头940580,1
TMP_fef91d32-c456-4a5f-af03-2715bb827a84,Trunk,主干,spare_line,备用线,"rgb(128,128,128)",0.5503857850220677,TMP_4ca0550e-b763-4374-9ae8-2ff3bf92cb5c,CompositeSwitch,开关00056,1,TMP_3aba089c-9ec4-4fca-a7c2-e8ff8a71175c,Breaker,开关00044,1
TMP_f25113f3-6cc6-4e04-b4ec-3989f9fe441a,Trunk,主干,spare_line,备用线,"rgb(128,128,128)",0.5503857850220677,TMP_4ca0550e-b763-4374-9ae8-2ff3bf92cb5c,CompositeSwitch,开关00056,3,TMP_3aba089c-9ec4-4fca-a7c2-e8ff8a71175c,Breaker,开关00044,1
TMP_a785959b-2379-46b7-b723-b87c5d9ef41d,Trunk,主干,spare_line,备用线,"rgb(128,128,128)",0.5503857850220677,TMP_fd9105f1-a76e-40b1-af36-bae913c298c9,Junction,,1,TMP_d4801ce0-149c-46c3-92ad-7daf17251bd9,CurrentTransformer,CT022,1
TMP_fccce6a6-ff50-4e05-a11f-3e711e309f75,Trunk,主干,spare_line,备用线,"rgb(128,128,128)",0.5503857850220677,TMP_3805c906-88ce-4535-b7f6-fc42bb37f551,CompositeSwitch,开关00057,3,TMP_eee1b6a6-ff97-4ac2-8c1a-d07986003fd8,Breaker,开关00045,1
TMP_df57f79e-1eb4-4255-a64d-b20cbd37efbb,Trunk,主干,spare_line,备用线,"rgb(128,128,128)",0.5503857850220677,TMP_b6488fc0-7775-4292-9152-4be87eac08e0,Junction,,1,TMP_01f29c13-8633-47fc-9491-26a7b98fef7c,CurrentTransformer,CT021,1
TMP_d99823c5-05f2-46f2-91e9-25e9b7ee0ba8,Trunk,主干,spare_line,备用线,"rgb(128,128,128)",0.5503857850220677,TMP_22e665ce-bc09-4367-aef9-6061f6f18305,CompositeSwitch,开关00058,3,TMP_e766bf74-120d-4c80-80d5-d128b7abcb1f,Breaker,开关00046,1
TMP_88bb45d9-d59e-4e6f-a0f6-aa300026f5b4,Trunk,主干,spare_line,备用线,"rgb(128,128,128)",0.5503857850220677,TMP_a6ceb722-c564-4957-84a0-c4774f7010e1,Junction,,1,TMP_b2eb64e1-5016-4749-b0e4-e147270485ef,CurrentTransformer,CT020,1
TMP_0301e2f2-8a39-477a-9441-90420e94e78b,Trunk,主干,spare_line,备用线,"rgb(128,128,128)",0.5503857850220677,TMP_3805c906-88ce-4535-b7f6-fc42bb37f551,CompositeSwitch,开关00057,1,TMP_eee1b6a6-ff97-4ac2-8c1a-d07986003fd8,Breaker,开关00045,1
TMP_aec6eb30-acce-4511-a193-46f7f12d4eb0,Trunk,主干,spare_line,备用线,"rgb(128,128,128)",0.5503857850220677,TMP_22e665ce-bc09-4367-aef9-6061f6f18305,CompositeSwitch,开关00058,1,TMP_e766bf74-120d-4c80-80d5-d128b7abcb1f,Breaker,开关00046,1
TMP_225b32ae-b098-421f-92ce-7b1f4387cfe6,Trunk,主干,spare_line,备用线,"rgb(128,128,128)",0.05455064291122531,TMP_b19c0fd7-53c2-47a1-b6e2-c19e1d00a011,Breaker,开关00047,2,TMP_1e93dcff-3cd2-45ad-9a72-392c8a9bc0be,PotentialTransformer,PT005,1
TMP_f843ba3f-ca17-4dfe-899d-911fb06a96c3,Trunk,主干,spare_line,备用线,"rgb(128,128,128)",0.6627329279405434,TMP_f8caa40f-b96f-4a46-bb4a-1d5ddc2373b2,CompositeSwitch,开关00059,1,TMP_59b5074e-08d7-45b0-b0c7-a0e87a47409d,GroundDisconnector,地刀0026,1
TMP_da15a476-c694-405b-866d-6582cccd4ba2,Trunk,主干,spare_line,备用线,"rgb(128,128,128)",0.6627329279405434,TMP_f8caa40f-b96f-4a46-bb4a-1d5ddc2373b2,CompositeSwitch,开关00059,3,TMP_b19c0fd7-53c2-47a1-b6e2-c19e1d00a011,Breaker,开关00047,1
TMP_c77a0db3-665e-43fe-8daa-0ee365d2f580,Trunk,主干,spare_line,备用线,"rgb(128,128,128)",0.6627329279405434,TMP_f8caa40f-b96f-4a46-bb4a-1d5ddc2373b2,CompositeSwitch,开关00059,3,TMP_59b5074e-08d7-45b0-b0c7-a0e87a47409d,GroundDisconnector,地刀0026,1
TMP_139a9626-817c-43a6-81ae-4eb416e3856a,Trunk,主干,spare_line,备用线,"rgb(128,128,128)",0.5503857850220677,TMP_b85a48b0-7829-4433-84d0-fa37cffb952b,CompositeSwitch,开关00060,3,TMP_622b5d1c-a6aa-4854-a503-75202d6688d5,Breaker,开关00048,1
TMP_df707bb0-9ce0-45e4-9012-0f86ede46ac3,Trunk,主干,spare_line,备用线,"rgb(128,128,128)",0.5503857850220677,TMP_a36ca5c5-bc73-40cc-adc8-5bec04440002,Junction,,1,TMP_ce202d6b-6783-42a5-a50f-e991f0cffd82,CurrentTransformer,CT023,1
TMP_ef6f4cf4-2f3f-4b01-8837-130ac8e70fdd,Trunk,主干,spare_line,备用线,"rgb(128,128,128)",0.6627339175499782,TMP_b85a48b0-7829-4433-84d0-fa37cffb952b,CompositeSwitch,开关00060,1,TMP_622b5d1c-a6aa-4854-a503-75202d6688d5,Breaker,开关00048,1
TMP_58d130cf-2596-4eb2-a546-7b3ba7bb2a6a,Trunk,主干,spare_line,备用线,"rgb(128,128,128)",0.5411468408179066,TMP_e766bf74-120d-4c80-80d5-d128b7abcb1f,Breaker,开关00046,2,TMP_b2eb64e1-5016-4749-b0e4-e147270485ef,CurrentTransformer,CT020,1
TMP_e3660601-32cd-4ac6-9d22-836094ade88d,Trunk,主干,spare_line,备用线,"rgb(128,128,128)",0.5411468408179066,TMP_e766bf74-120d-4c80-80d5-d128b7abcb1f,Breaker,开关00046,2,TMP_3af7469e-07a3-4d9d-a5c5-c92f363f4d41,GroundDisconnector,地刀0027,1
TMP_eec926f8-c275-45e8-b616-f57dc0096e7e,Trunk,主干,spare_line,备用线,"rgb(128,128,128)",0.5411472861421524,TMP_eee1b6a6-ff97-4ac2-8c1a-d07986003fd8,Breaker,开关00045,2,TMP_01f29c13-8633-47fc-9491-26a7b98fef7c,CurrentTransformer,CT021,1
TMP_c8be034f-b9ac-465e-a4b0-aac2368098c0,Trunk,主干,spare_line,备用线,"rgb(128,128,128)",0.5411472861421524,TMP_eee1b6a6-ff97-4ac2-8c1a-d07986003fd8,Breaker,开关00045,2,TMP_0998b4b6-9460-46c0-80fa-044724528c2b,GroundDisconnector,地刀0028,1
TMP_e25b7c54-35d7-4019-bee8-433f30f995b1,Trunk,主干,spare_line,备用线,"rgb(128,128,128)",0.5411477809468699,TMP_3aba089c-9ec4-4fca-a7c2-e8ff8a71175c,Breaker,开关00044,2,TMP_d4801ce0-149c-46c3-92ad-7daf17251bd9,CurrentTransformer,CT022,1
TMP_f1b79839-7a74-491c-b6a6-48783041939a,Trunk,主干,spare_line,备用线,"rgb(128,128,128)",0.5411477809468699,TMP_3aba089c-9ec4-4fca-a7c2-e8ff8a71175c,Breaker,开关00044,2,TMP_b0e648ce-63da-4db4-a758-6f4026f87a6e,GroundDisconnector,地刀0029,1
TMP_c2cbcc9e-0316-4791-91c5-7b52f976e3c6,Trunk,主干,spare_line,备用线,"rgb(128,128,128)",0.5411477809468699,TMP_622b5d1c-a6aa-4854-a503-75202d6688d5,Breaker,开关00048,2,TMP_ce202d6b-6783-42a5-a50f-e991f0cffd82,CurrentTransformer,CT023,1
TMP_268e264e-d63d-49b5-934e-9e3d7df4ec62,Trunk,主干,spare_line,备用线,"rgb(128,128,128)",0.5411477809468699,TMP_622b5d1c-a6aa-4854-a503-75202d6688d5,Breaker,开关00048,2,TMP_82ee6c45-d61c-4b41-8bfe-cad6132e9944,GroundDisconnector,地刀0030,1
TMP_5193b3bf-a135-447c-aeca-06469acaf908,Trunk,主干,spare_line,备用线,"rgb(0,0,0)",0.5810085562597909,TMP_b6488fc0-7775-4292-9152-4be87eac08e0,Junction,,1,TMP_ed2196d7-9097-474a-95e7-85f0d78ca6c1,Junction,00000终端头463510,1
TMP_a61794c6-eac2-4464-b959-602d3a1c4b29,Trunk,主干,spare_line,备用线,"rgb(0,0,0)",0.5810980664331815,TMP_a6ceb722-c564-4957-84a0-c4774f7010e1,Junction,,1,TMP_999b5984-beee-4d5a-81f5-fe9bc09ce1b2,Junction,00000SUB020_开关站101开关,1
TMP_3be5b0d9-3b9a-4757-ae99-fd41d2af676f,Trunk,主干,spare_line,备用线,"rgb(128,128,128)",0.5810980664331815,TMP_bcced66f-af00-4bc4-898a-55578e697d20,Junction,00000败支74#,1,TMP_141195c3-ee12-46cf-9493-5b0ed33eaea9,Fuse,刀闸0043,1
TMP_e65dc838-6a9a-473c-a247-cf4558447038,Trunk,主干,spare_line,备用线,"rgb(0,128,0)",0.08301445746543978,TMP_a36ca5c5-bc73-40cc-adc8-5bec04440002,Junction,,1,TMP_141195c3-ee12-46cf-9493-5b0ed33eaea9,Fuse,刀闸0043,1
TMP_a23d2c8e-3424-485c-8fe3-ce40a2dcefd2,Trunk,主干,spare_line,备用线,"rgb(0,0,0)",0.5811011837029015,TMP_111aff70-e9bd-4f5e-aad1-c9fadbfd82ec,Breaker,开关00028,1,TMP_0bdf9aee-cee8-4837-bf06-5d15f92f4e9a,Junction,00000败支1#,1
TMP_60ccfda8-e53a-49dc-8eaf-6b2d53aab95a,Trunk,主干,spare_line,备用线,"rgb(0,0,0)",0.5811011837029015,TMP_5f97bda1-6e6f-4087-a5b4-8658104a48d9,Fuse,刀闸0064,2,TMP_a51494f2-9b33-4dbd-b55a-e4d73d23179b,Breaker,开关00027,1
TMP_33d42c47-e454-479e-915e-57098e91a946,Trunk,主干,spare_line,备用线,"rgb(0,0,0)",0.5811011837029015,TMP_cd02dc31-331b-4dda-90e5-34df4ee6036f,Breaker,开关00026,2,TMP_7139321e-9c53-40d3-99e0-56dbcb7a64a3,Fuse,刀闸0063,1
TMP_5f486be3-a752-41d6-9999-2c0044605aae,Trunk,主干,spare_line,备用线,"rgb(0,0,0)",0.5811011837029015,TMP_8e679920-5f81-44b6-ad3c-c4002a4afdc1,Breaker,开关00024,2,TMP_e09c3838-c3a2-4410-95ba-d655e9d5865a,PowerTransformer,配变2164,2
TMP_7c29180d-b4a9-47e3-9bb9-58441ae0e1fb,Trunk,主干,spare_line,备用线,"rgb(0,0,0)",0.5811011837029015,TMP_2033882a-e541-4287-8576-84980eef2296,Fuse,刀闸0046,2,TMP_7e24e90f-f15d-4bd1-9ac5-33bb08eee591,Fuse,刀闸0041,1
TMP_585c6382-4657-4f14-a43a-677317633dd2,Trunk,主干,spare_line,备用线,"rgb(0,0,0)",0.5811011837029015,TMP_d16a2843-e391-4d89-b221-edeb4cbfffdc,Fuse,刀闸0040,2,TMP_2ed19d08-caed-4bf7-a2a5-75ee110912a2,Substation,站房000009,1
TMP_43297324-51cc-4836-b0b1-296fd3336036,Trunk,主干,spare_line,备用线,"rgb(0,0,0)",0.5811011837029015,TMP_92968a04-3b90-4261-9e9b-7322aaf57534,Fuse,刀闸0056,2,TMP_d1c333b8-5c86-4905-b03c-8f7df4f46238,Junction,00000终端头463711,1
TMP_c40c10a4-2e10-40f4-9cd2-81426de219d5,Trunk,主干,spare_line,备用线,"rgb(0,0,0)",0.5811011837029015,TMP_edefaa4d-7ef2-4ae2-b187-cfe1ec4a41c7,Fuse,刀闸0038,2,TMP_a7e91332-1036-4b47-92d8-56286ef19af4,Fuse,刀闸0036,1
TMP_2d83e654-dbf9-46fc-8266-c1e570fa1f7b,Trunk,主干,spare_line,备用线,"rgb(0,0,0)",0.5811011837029015,TMP_ad0b5fb3-9db9-4a1b-8fcb-6d89dd5f41da,Breaker,开关00017,2,TMP_103d2841-92d2-43b8-81b7-70908b3a4e89,PowerTransformer,配变2158,2
TMP_2df5bf55-6066-4ed4-820e-93616ced96fe,Trunk,主干,spare_line,备用线,"rgb(0,0,0)",0.5811011837029015,TMP_b4d4bed1-d70d-4a4d-87a9-9f8c944498da,Breaker,开关00015,2,TMP_58ddd343-7d49-4c8a-a173-471c4888b3b1,Junction,00000终端头506258,1
TMP_ee5dff0b-aa72-4850-ba54-f733e8e844a6,Trunk,主干,spare_line,备用线,"rgb(0,0,0)",0.5811011837029015,TMP_926a9e2d-ace6-4af4-af01-ed0447b7e967,Breaker,开关00014,2,TMP_ad0a227a-5549-4ae4-bae9-badeba24679b,Substation,站房000062,1
TMP_0e1bd31f-73ce-4023-acb0-a099985285cf,Trunk,主干,spare_line,备用线,"rgb(0,0,0)",0.5811011837029015,TMP_ed30fcb5-e999-4dd0-b462-53d94c6f1a49,Fuse,刀闸0030,2,TMP_547b0d1d-15d4-42c4-9b2b-7a5932fc45a9,Fuse,刀闸0029,1
TMP_1f5e40af-c351-4b18-8f48-be0a1a12ccff,Trunk,主干,spare_line,备用线,"rgb(0,0,0)",0.5811011837029015,TMP_52796213-55f2-4fdd-aa8a-8a708c467d4e,Breaker,开关00012,2,TMP_5f7b3199-32ba-4dfe-a531-07169d64c00d,Fuse,刀闸0024,1
TMP_e22c3f63-bbb3-4ba0-bda7-11fa05aac31a,Trunk,主干,spare_line,备用线,"rgb(0,0,0)",0.5811011837029015,TMP_37a41089-99dc-4e34-bf53-1b0265786f4c,Junction,,1,TMP_ece26176-1d95-4f5b-aba7-41f8924a7cd0,Junction,TMP00131370#环网箱101,1
TMP_32f32977-5e5b-49fb-b49b-bcb0ea2dab7a,Trunk,主干,spare_line,备用线,"rgb(0,0,0)",0.5811011837029015,TMP_9b9d06b6-e458-4950-b39f-2449d637f7f6,Junction,00000网箱104,1,TMP_dabd074f-101f-49a0-a641-3950f7262605,Junction,TMP00131370#箱变,1
TMP_13be27f1-8a73-4b12-9f9d-f8dbd0f222bc,Trunk,主干,spare_line,备用线,"rgb(0,0,0)",0.5811011837029015,TMP_0912e4b2-ba06-4767-abcc-ba2a5c516895,Junction,,1,TMP_902b2cfe-6b77-4e20-9119-9cb269eb05ed,Junction,,1
TMP_f6d9f8b0-a24f-4826-a28f-e47fcf981b35,Trunk,主干,spare_line,备用线,"rgb(0,0,0)",0.5811011837029015,TMP_3b02edb7-6adb-45a3-b073-c498319cdc0a,Junction,TMP00131373#环网箱103,1,TMP_eb62f0cd-c9a8-47d8-80c6-08e3be2a6aeb,Junction,TMP00131374#箱变,1
TMP_6cc9cfc3-9916-43c3-821d-cfba34cc6493,Trunk,主干,spare_line,备用线,"rgb(0,0,0)",0.5811011837029015,TMP_54a227e6-7205-4e48-9d33-4fc8cba61462,Junction,TMP00131373#环网箱102,1,TMP_3de5ce1a-163f-495f-83bd-82f9d50a5ae5,Junction,,1
TMP_7ff58ee3-7853-49b4-aa22-442ca8bad605,Trunk,主干,spare_line,备用线,"rgb(0,0,0)",0.5811011837029015,TMP_3de5ce1a-163f-495f-83bd-82f9d50a5ae5,Junction,,1,TMP_4dfed0f1-870e-4843-ad8a-fa1a7d2389cf,Junction,TMP00131371#环网箱101,1
TMP_54e149c3-9c02-4732-a519-53ab0d2590f2,Trunk,主干,spare_line,备用线,"rgb(0,0,0)",0.5811011837029015,TMP_0cefd9b8-cce9-4f21-83f5-e94563d220ae,Junction,TMP00131371#环网箱103,1,TMP_0bdf9aee-cee8-4837-bf06-5d15f92f4e9a,Junction,00000败支1#,1
TMP_617db6ea-7a29-426c-92f0-c319bf51ff48,Trunk,主干,spare_line,备用线,"rgb(0,0,0)",0.5811011837029015,TMP_50c54722-5c03-44cc-9ee1-7a12b0e76353,Junction,TMP00131373#,1,TMP_967b9139-9070-48c9-bbe4-7e88c81568a6,Junction,00000饭开关站101,1
TMP_5835e459-a50d-44f0-85d0-1f377f6ba6e2,Trunk,主干,spare_line,备用线,"rgb(0,0,0)",0.5811011837029015,TMP_a7c9de65-3062-46e9-a8b5-9e2a0660380b,Junction,00000终端头510947,1,TMP_5bb6d030-15ea-454c-9fa1-9e8822788e51,Junction,00000终端头511028,1
TMP_c2317555-477f-42d9-a31c-74c727acedd3,Trunk,主干,spare_line,备用线,"rgb(0,0,0)",0.5811011837029015,TMP_9ea67cc3-efb9-4142-bac5-80adcbf72136,Junction,00000终端头584386,1,TMP_b1ffd6c6-5bf8-4175-9686-b7d101c7e2c5,Junction,00000终端头584387,1
TMP_24492fc2-c570-47c2-945d-f6e7a4c57b58,Trunk,主干,spare_line,备用线,"rgb(0,0,0)",0.5811011837029015,TMP_d64247e0-9d62-486e-b800-dfe99f12bb10,Junction,00000饭开关站104,1,TMP_fe0908d9-f16f-488e-8465-85820f8391cb,Junction,TMP00131374#环网箱101,1
TMP_46384dc4-aabf-487b-a08e-c09127b39e4b,Trunk,主干,spare_line,备用线,"rgb(0,0,0)",0.5811011837029015,TMP_c636f4b9-145d-44c6-ae97-0bb4a0e61498,Junction,00000终端头584452,1,TMP_d70446d7-f087-400d-9ed0-d95792fc0111,Junction,00000终端头584470,1
TMP_bffa01eb-b24b-470c-93b1-b9fdd21b7a59,Trunk,主干,spare_line,备用线,"rgb(0,0,0)",0.5811011837029015,TMP_9ef5aa34-d7ed-4ade-863e-53258527e4ed,Junction,TMP00131371#环网箱102,1,TMP_1dad56a5-005e-4d36-99de-12c8211260b6,Junction,TMP00131372#环网箱101,1
TMP_0d2a2f9d-0047-4f1d-90b7-ddcf151d28d4,Trunk,主干,spare_line,备用线,"rgb(0,0,0)",0.5811011837029015,TMP_9ef5aa34-d7ed-4ade-863e-53258527e4ed,Junction,TMP00131371#环网箱102,1,TMP_1dad56a5-005e-4d36-99de-12c8211260b6,Junction,TMP00131372#环网箱101,1
TMP_57de2826-135d-4585-ac98-f8bd16b10561,Trunk,主干,spare_line,备用线,"rgb(0,0,0)",0.5811011837029015,TMP_104d6c2d-4a3a-4fa0-aa84-51a88610e265,Junction,,1,TMP_fe67f0d1-bf1c-4901-8f12-a276233969c9,Junction,,1
TMP_7a6e51d6-28a7-4279-a91b-f64c74caf1b0,Trunk,主干,spare_line,备用线,"rgb(0,0,0)",0.5811011837029015,TMP_a4ffe7b6-5dc5-4405-b9a4-6707d3c899ff,Junction,TMP00131366#环网箱103,1,TMP_ec2cf340-5406-4c76-a626-dcc7396e8413,Junction,00000明1#争101,1
TMP_b3679b93-8710-45e7-b9b8-469e5f17e14b,Trunk,主干,spare_line,备用线,"rgb(0,0,0)",0.5811011837029015,TMP_6488b850-60d8-4020-8af4-e05f902347f5,Junction,00000明1#争102,1,TMP_c2196482-e4e7-45bb-b4f7-9f328fd3cb92,Junction,00000明2#争101,1
TMP_0feaa319-2066-4262-9185-c9c733b80764,Trunk,主干,spare_line,备用线,"rgb(0,0,0)",0.5811011837029015,TMP_ed6da5cb-65ce-476c-a06b-bba21e12ceed,Junction,TMP00131366#环网箱102,1,TMP_a9a74a29-89b3-435b-bdfb-08c6dd45aa5a,Junction,00000争1#,1
TMP_cc12ee01-8f90-4fb1-8895-8bde14f5f760,Trunk,主干,spare_line,备用线,"rgb(0,0,0)",0.5811011837029015,TMP_16516ff2-fcbe-4c5c-abf0-0540e448097c,Junction,00000示分4#,1,TMP_973c5e89-1a50-498c-9472-3c0e8540dc42,Junction,00000终端头,1
TMP_d1c6076c-3bdf-4e57-94ee-d61f7bb76e0a,Trunk,主干,spare_line,备用线,"rgb(0,0,0)",0.5811011837029015,TMP_9d809089-a659-483c-a2cf-1e12a7502e2b,Junction,00000终端头203161,1,TMP_13de7f06-54f8-409f-81fd-2047c3369796,Junction,00000终端头203162,1
TMP_67132cd0-028b-44ab-9895-4b0f5551570f,Trunk,主干,spare_line,备用线,"rgb(0,0,0)",0.5811011837029015,TMP_4774de0a-2a82-4132-a4f0-702d09d4b572,Breaker,开关00025,2,TMP_172b355d-81a4-4197-a144-33fe09fe2d69,Junction,00000SUB020_开关站101,1
TMP_d66020f6-dc64-459b-b127-4cfde7197302,Trunk,主干,spare_line,备用线,"rgb(0,0,0)",0.5811011837029015,TMP_5bdee9c2-9e63-47ce-8f9a-d9e1e1abd2fc,Substation,站房000024,1,TMP_e22b908c-05ac-443c-a28a-5f082a4e3d1c,Junction,TMP00312846,1
TMP_76850f4e-8fdf-42dc-b894-f0cd575829a7,Trunk,主干,spare_line,备用线,"rgb(0,0,0)",0.5811011837029015,TMP_47bd9f70-e15c-4a13-935a-035caca6957f,Junction,00000SUB020_开关站102,1,TMP_708912dc-9ff0-4fae-914c-8eb19868b3a2,Breaker,开关00002,2
TMP_e0aa486d-5607-4113-ab4a-4acb0482447e,Trunk,主干,spare_line,备用线,"rgb(0,0,0)",0.5811011837029015,TMP_ed2196d7-9097-474a-95e7-85f0d78ca6c1,Junction,00000终端头463510,1,TMP_7d2993f2-0616-4818-9efa-7f60eca7275c,Junction,00000终端头463511,1
TMP_33a7c562-4f8e-49d5-a750-071ce2c99aac,Trunk,主干,spare_line,备用线,"rgb(0,0,0)",0.5811011837029015,TMP_a41d9dee-7231-4af9-85c3-3ff8e77e8c4b,Junction,00000终端头506351,1,TMP_194ca69d-324e-4d00-a4e6-4f9aa373460e,Junction,00000终端头506352,1
TMP_9dc8a141-2e05-4890-ac07-e62eeb53c6f6,Trunk,主干,spare_line,备用线,"rgb(0,0,0)",0.5811011837029015,TMP_b452eaee-b5a3-4793-996d-238086f17973,Junction,TMP00312852,1,TMP_12f87dbe-dc8f-48fa-b70d-2ff730e0b5ee,Junction,TMP00312854,1
TMP_28a16886-7653-42ca-967d-f1ee83593707,Trunk,主干,spare_line,备用线,"rgb(0,0,0)",0.5811011837029015,TMP_df3c95a0-8aea-4bbb-b7ae-ceeff759e58f,Junction,00000终端头463830,1,TMP_084e029b-d2cd-49a3-98ee-1e2d66e03e87,Junction,00000终端头463831,1
TMP_ec7e1958-9a40-4663-b757-0a310f3ed2de,Trunk,主干,spare_line,备用线,"rgb(0,0,0)",0.5811011837029015,TMP_8e8fd85c-ce43-41e6-9404-115829574ad8,Junction,00000终端头506383,1,TMP_d4a921b7-0780-4409-879c-6ad69d7ef965,Junction,,1
TMP_934599de-2db3-4e12-8aa6-e56aac974817,Trunk,主干,spare_line,备用线,"rgb(0,0,0)",0.5811011837029015,TMP_4e72c582-f5fd-42c0-a841-e9160d6bc0d9,Junction,00000终端头506051,1,TMP_bfef7664-60c3-4104-a42e-b25989d7a95b,Junction,00000终端头477979,1
TMP_72d4b2e1-b080-4c98-b29b-ca66824a8c7b,Trunk,主干,spare_line,备用线,"rgb(0,0,0)",0.5811011837029015,TMP_96a47f90-30e3-4d38-9f3c-f1a5316a9a00,Junction,00000终端头586715,1,TMP_ff2d39d2-56fd-43f6-9d37-9cd57b23d348,Fuse,刀闸0018,1
TMP_e93947f5-fce3-4745-9e08-cf89e617ab05,Trunk,主干,spare_line,备用线,"rgb(0,0,0)",0.5811011837029015,TMP_2630be9c-7d33-4396-9e62-4cb49d4a145a,Junction,00000终端头506644,1,TMP_ad4fd153-25f6-437d-a302-7699c271be69,Junction,00000终端头506645,1
TMP_c1f41db1-fef1-4565-abdc-e601e950d84d,Trunk,主干,spare_line,备用线,"rgb(0,0,0)",0.5811011837029015,TMP_d1c333b8-5c86-4905-b03c-8f7df4f46238,Junction,00000终端头463711,1,TMP_7768336e-6797-4e06-ad1e-7e0a9e22d6d8,Junction,,1
TMP_e56a0ecc-c5e7-4ac2-932e-fa5cbeb58017,Trunk,主干,spare_line,备用线,"rgb(0,0,0)",0.5811011837029015,TMP_d47a31f8-2722-412d-9e9d-77c737b2fe4a,Junction,00000终端头506054,1,TMP_bebc3aa6-27b7-4ab9-b044-5b08ee838b8e,PowerTransformer,配变2285,1
TMP_afb52123-d1de-48a1-a2cc-fdfc775c2177,Trunk,主干,spare_line,备用线,"rgb(0,0,0)",0.5811011837029015,TMP_c6a856cc-1efa-43b4-a734-fb0efbb35ced,Junction,00000终端头573744,1,TMP_73397572-3edf-4673-98c4-c8b57a7b20ed,Junction,00000终端头573745,1
TMP_e8e9885e-2480-4b9d-9591-1388b73051f8,Trunk,主干,spare_line,备用线,"rgb(0,0,0)",0.5811011837029015,TMP_58ddd343-7d49-4c8a-a173-471c4888b3b1,Junction,00000终端头506258,1,TMP_b4d4bed1-d70d-4a4d-87a9-9f8c944498da,Breaker,开关00015,2
TMP_1f861c1f-f5fb-4ff7-a142-bf762c7c3e4a,Trunk,主干,spare_line,备用线,"rgb(0,0,0)",0.5811011837029015,TMP_08c4f79d-3d08-4faa-a801-3f968cf455c9,Junction,00000终端头203402,1,TMP_7dfb7017-a9cb-4753-80fc-5b7bcb92aeed,Junction,00000终端头203403,1
TMP_6ccc9142-168e-4dce-9d29-454e049feed7,Trunk,主干,spare_line,备用线,"rgb(0,0,0)",0.5811011837029015,TMP_ef116697-ea0d-435c-b186-d343cef2c99a,Junction,00000终端头463822,1,TMP_10632294-874f-44d3-b7e5-53bdacc7bbeb,Junction,00000终端头463823,1
TMP_bd7ae51f-e827-4916-acaf-ea3559e17aec,Trunk,主干,spare_line,备用线,"rgb(0,0,0)",0.5811011837029015,TMP_178de85d-4145-4402-97b2-462e1e57b3af,Junction,00000终端头506181,1,TMP_b035d887-4987-48ae-b7a6-f9e48e250bba,Junction,00000终端头506182,1
TMP_7114d614-657c-4416-8e2f-cb707426b873,Trunk,主干,spare_line,备用线,"rgb(0,0,0)",0.5811011837029015,TMP_b5fa302a-959c-470e-beea-84bcfbea5366,Substation,站房000073,1,TMP_2129b920-b0a6-4c5e-b2ed-b66f92f3a6f4,Junction,火育象,1
TMP_47b26e97-f90b-4d44-b226-461b6bbb29a9,Trunk,主干,spare_line,备用线,"rgb(0,0,0)",0.5811011837029015,TMP_e1d8978c-1d0e-4681-ac7d-ed06769cff3b,Junction,00000终端头573373,1,TMP_0ad5d2dd-2e1a-4f87-be6b-f1454dab4f66,Junction,,1
TMP_29568285-4560-4634-82bf-2ed1d695502f,Trunk,主干,spare_line,备用线,"rgb(0,0,0)",0.5811011837029015,TMP_2d815458-a26a-4bf2-8b31-8e098092b975,Junction,00000终端头506276,1,TMP_abe5f771-29fb-4f2a-a204-00af9bbc634d,Junction,00000终端头506277,1
TMP_df5cc046-d0ea-4239-be32-eae81bd88c36,Trunk,主干,spare_line,备用线,"rgb(0,0,0)",0.5811011837029015,TMP_cb18f02d-874e-4334-a16a-e70a1d7fdfd4,Junction,00000终端头479511,1,TMP_31f60558-c26e-4418-af99-7d382d73dce2,Junction,00000终端头479512,1
TMP_e732e220-6633-4eba-a1af-fe4c8b321db8,Trunk,主干,spare_line,备用线,"rgb(0,0,0)",0.5811011837029015,TMP_9f10d5fc-4b10-4d0a-a729-8aea6a0e7146,Junction,00000支8#,1,TMP_9b263876-c304-496f-af50-a8bf02e2d877,Junction,00000配电站101,1
TMP_d8e872ca-9086-4527-8929-23698f283745,Trunk,主干,spare_line,备用线,"rgb(0,0,0)",0.5811011837029015,TMP_13576abd-6461-4107-8c2f-c1646c1a8d99,Junction,00000终端头506069,1,TMP_ed9821ec-f88d-419b-92d9-b35c1212855a,Junction,00000终端头506070,1
TMP_0c3512a7-efc7-4239-8bc1-df58f44e7ccf,Trunk,主干,spare_line,备用线,"rgb(0,0,0)",0.5811011837029015,TMP_a0d97603-bea9-4579-bf07-5a74dead56ce,Junction,00000终端头573485,1,TMP_ad7b1ab5-deae-44c9-8f1b-e6146deb0503,Junction,,1
TMP_2254f825-7570-4a3b-a751-0417c3cc177d,Trunk,主干,spare_line,备用线,"rgb(0,0,0)",0.5811011837029015,TMP_f8805e4d-446f-4171-9a9c-76f48088db3e,Junction,TMP00312874,1,TMP_29dbba9e-8a1b-4c18-93a0-a319fe2f99c9,Junction,TMP00312876,1
TMP_9efc855b-1750-41ef-a11e-084056dc0135,Trunk,主干,spare_line,备用线,"rgb(0,0,0)",0.5811011837029015,TMP_e7d8e1ca-584a-4d49-b5c0-0e29ce554ac7,Junction,TMP00131372#环网箱103,1,TMP_4f6d06fa-5cd0-4207-bd1a-b290afde60b9,Junction,00000员教争101,1
TMP_3f4d4cca-bb5f-4dba-beb0-b33eb5d6e41d,Trunk,主干,spare_line,备用线,"rgb(0,0,0)",0.5811011837029015,TMP_18b8be61-7b36-4ab2-8029-351be541586d,Junction,00000电站102,1,TMP_fcfba9c7-ac4f-409a-80f2-d3820c397505,Junction,00000电站102-假社员教SUB020_开关站101种号最间接头,1
TMP_419bc709-de6b-4605-9fd4-af8f9ee638a2,Trunk,主干,spare_line,备用线,"rgb(0,0,0)",0.5811011837029015,TMP_fcfba9c7-ac4f-409a-80f2-d3820c397505,Junction,00000电站102-假社员教SUB020_开关站101种号最间接头,1,TMP_87b614ca-2eae-4b12-a3d4-8eb4aafc2610,Junction,00000电站102-假社员教SUB020_开关站101,1
TMP_0a12a2d2-f898-4779-8416-b503eb3a7f12,Trunk,主干,spare_line,备用线,"rgb(0,0,0)",0.5811011837029015,TMP_87b614ca-2eae-4b12-a3d4-8eb4aafc2610,Junction,00000电站102-假社员教SUB020_开关站101,1,TMP_c1c2ee68-5b28-4e2a-bb60-814e9661303a,Junction,00000饭开关站101,1
TMP_28a90c0b-a9a1-4b08-a34d-6cd34b1fd5fd,Trunk,主干,spare_line,备用线,"rgb(0,0,0)",0.5811011837029015,TMP_264fc4c4-075f-42b0-b727-59c1df0d74e0,Junction,00000饭开关站104,1,TMP_a3dedf02-6d9e-41c7-a07d-328e0d857fa9,Junction,00000关站101,1
TMP_8a7b5fad-496f-4ff8-9758-566c556f175f,Trunk,主干,spare_line,备用线,"rgb(0,0,0)",0.5811011837029015,TMP_0bdf9aee-cee8-4837-bf06-5d15f92f4e9a,Junction,00000败支1#,1,TMP_111aff70-e9bd-4f5e-aad1-c9fadbfd82ec,Breaker,开关00028,1
TMP_5e4728e0-0a9e-4235-b86b-cd553431380c,Trunk,主干,spare_line,备用线,"rgb(0,0,0)",0.5811011837029015,TMP_111aff70-e9bd-4f5e-aad1-c9fadbfd82ec,Breaker,开关00028,2,TMP_22b9735f-01d1-40bd-953c-f417d14bd6f6,Fuse,刀闸0066,1
TMP_b8b51582-93b8-431f-94fa-8b8892c11035,Trunk,主干,spare_line,备用线,"rgb(0,0,0)",0.5811011837029015,TMP_111aff70-e9bd-4f5e-aad1-c9fadbfd82ec,Breaker,开关00028,2,TMP_5f97bda1-6e6f-4087-a5b4-8658104a48d9,Fuse,刀闸0064,1
TMP_81c0dff9-2ead-4d74-82a5-3f28c5924ea2,Trunk,主干,spare_line,备用线,"rgb(0,0,0)",0.5811011837029015,TMP_22b9735f-01d1-40bd-953c-f417d14bd6f6,Fuse,刀闸0066,1,TMP_350d4db8-81f5-428e-8058-388cebbce60d,PowerTransformer,配变2186,1
TMP_c353c1d7-744d-497a-a296-b3ed35663618,Trunk,主干,spare_line,备用线,"rgb(0,0,0)",0.5811011837029015,TMP_574c2c5c-cd10-4b37-a5da-6a5bd2925325,Fuse,刀闸0065,1,TMP_50c54722-5c03-44cc-9ee1-7a12b0e76353,Junction,TMP00131373#,1
TMP_682df0c2-d574-40a6-8154-bc11e9e00178,Trunk,主干,spare_line,备用线,"rgb(0,0,0)",0.5811011837029015,TMP_a51494f2-9b33-4dbd-b55a-e4d73d23179b,Breaker,开关00027,2,TMP_5f97bda1-6e6f-4087-a5b4-8658104a48d9,Fuse,刀闸0064,2
TMP_d357f459-a4ae-46b0-90eb-03605f38da61,Trunk,主干,spare_line,备用线,"rgb(0,0,0)",0.5811011837029015,TMP_a9a74a29-89b3-435b-bdfb-08c6dd45aa5a,Junction,00000争1#,1,TMP_cd02dc31-331b-4dda-90e5-34df4ee6036f,Breaker,开关00026,1
TMP_1621820e-090b-4143-bffc-d712cf337087,Trunk,主干,spare_line,备用线,"rgb(0,0,0)",0.5811011837029015,TMP_ad30a2da-b7b6-41b0-9d2c-c62b8963a029,Fuse,刀闸0062,1,TMP_94f5fd92-3eef-4301-8436-ceda13a43e4b,PowerTransformer,配变2157,1
TMP_d2cdfd05-3dba-4afb-b15c-3904ccf60b4f,Trunk,主干,spare_line,备用线,"rgb(0,0,0)",0.5811011837029015,TMP_ad30a2da-b7b6-41b0-9d2c-c62b8963a029,Fuse,刀闸0062,1,TMP_7fa95212-8617-4cdb-b7e0-b009a98636d6,Fuse,刀闸0020,1
TMP_6d32c11a-5d4c-4fee-a63b-d581639065e3,Trunk,主干,spare_line,备用线,"rgb(0,0,0)",0.5811011837029015,TMP_7fa95212-8617-4cdb-b7e0-b009a98636d6,Fuse,刀闸0020,1,TMP_f8805e4d-446f-4171-9a9c-76f48088db3e,Junction,TMP00312874,1
TMP_7f8b7053-b52a-486e-ab35-d4cd68c7f8ec,Trunk,主干,spare_line,备用线,"rgb(0,0,0)",0.5811011837029015,TMP_7fa95212-8617-4cdb-b7e0-b009a98636d6,Fuse,刀闸0020,1,TMP_fbd386d0-e8f1-4b3c-80f0-6157152109bf,RemoteUnit,故障指示器004,1
TMP_831c35cd-e228-45bb-a582-db94eac5a6bb,Trunk,主干,spare_line,备用线,"rgb(0,0,0)",0.5811011837029015,TMP_7fa95212-8617-4cdb-b7e0-b009a98636d6,Fuse,刀闸0020,1,TMP_f8805e4d-446f-4171-9a9c-76f48088db3e,Junction,TMP00312874,1
TMP_642d92ed-7326-437b-86ae-c301d80d4b81,Trunk,主干,spare_line,备用线,"rgb(0,0,0)",0.5811011837029015,TMP_fbd386d0-e8f1-4b3c-80f0-6157152109bf,RemoteUnit,故障指示器004,1,TMP_ad0b5fb3-9db9-4a1b-8fcb-6d89dd5f41da,Breaker,开关00017,1
TMP_3e446e9d-6a7c-43e4-962c-56a4c3f497d7,Trunk,主干,spare_line,备用线,"rgb(0,0,0)",0.5811011837029015,TMP_fbd386d0-e8f1-4b3c-80f0-6157152109bf,RemoteUnit,故障指示器004,1,TMP_ad0b5fb3-9db9-4a1b-8fcb-6d89dd5f41da,Breaker,开关00017,1
TMP_fd65e26f-723d-49fb-be36-ea64e376c7cc,Trunk,主干,spare_line,备用线,"rgb(0,0,0)",0.5811011837029015,TMP_fbd386d0-e8f1-4b3c-80f0-6157152109bf,RemoteUnit,故障指示器004,1,TMP_6413b3ea-0f1a-4ce2-abab-acdb2b1cccd6,Breaker,开关00018,1
TMP_bfae9717-df4c-4b30-b483-58e7bb857577,Trunk,主干,spare_line,备用线,"rgb(0,0,0)",0.5811011837029015,TMP_fbd386d0-e8f1-4b3c-80f0-6157152109bf,RemoteUnit,故障指示器004,1,TMP_ad0b5fb3-9db9-4a1b-8fcb-6d89dd5f41da,Breaker,开关00017,1
TMP_c18837ba-d174-45a6-a0c1-484685cd8547,Trunk,主干,spare_line,备用线,"rgb(0,0,0)",0.5811011837029015,TMP_6413b3ea-0f1a-4ce2-abab-acdb2b1cccd6,Breaker,开关00018,1,TMP_4774de0a-2a82-4132-a4f0-702d09d4b572,Breaker,开关00025,1
TMP_87f30df6-cb94-43bc-99c9-f355ed9bb3d6,Trunk,主干,spare_line,备用线,"rgb(0,0,0)",0.5811011837029015,TMP_6413b3ea-0f1a-4ce2-abab-acdb2b1cccd6,Breaker,开关00018,1,TMP_c6a856cc-1efa-43b4-a734-fb0efbb35ced,Junction,00000终端头573744,1
TMP_d8d788eb-ef50-42af-a0f7-a221e544ae6c,Trunk,主干,spare_line,备用线,"rgb(0,0,0)",0.5811011837029015,TMP_4774de0a-2a82-4132-a4f0-702d09d4b572,Breaker,开关00025,1,TMP_a7f9be80-1f47-46af-83c4-2bffa1859df8,Breaker,开关00005,2
TMP_4866b3d6-cf35-481f-8df4-37b9e4260c1c,Trunk,主干,spare_line,备用线,"rgb(0,0,0)",0.5811011837029015,TMP_368f8a19-176b-4345-9bed-1af72ecb78bc,Fuse,刀闸0060,1,TMP_16516ff2-fcbe-4c5c-abf0-0540e448097c,Junction,00000示分4#,1
TMP_a65e9388-961c-4c2f-b4b8-ec9691d477e8,Trunk,主干,spare_line,备用线,"rgb(0,0,0)",0.5811011837029015,TMP_368f8a19-176b-4345-9bed-1af72ecb78bc,Fuse,刀闸0060,1,TMP_b03210b4-1b71-4b84-b3dc-865183ad7682,Fuse,刀闸0061,1
TMP_7f3d463e-4f95-44da-bf30-801dfbe6bd71,Trunk,主干,spare_line,备用线,"rgb(0,0,0)",0.5811011837029015,TMP_47bd9f70-e15c-4a13-935a-035caca6957f,Junction,00000SUB020_开关站102,1,TMP_708912dc-9ff0-4fae-914c-8eb19868b3a2,Breaker,开关00002,2
TMP_5cbd10ad-7dcd-48a6-8fe8-4b7eb2628379,Trunk,主干,spare_line,备用线,"rgb(0,0,0)",0.5811011837029015,TMP_47bd9f70-e15c-4a13-935a-035caca6957f,Junction,00000SUB020_开关站102,1,TMP_708912dc-9ff0-4fae-914c-8eb19868b3a2,Breaker,开关00002,2
TMP_a94bfeec-9674-43eb-b989-f663f68f76c8,Trunk,主干,spare_line,备用线,"rgb(0,0,0)",0.5811011837029015,TMP_47bd9f70-e15c-4a13-935a-035caca6957f,Junction,00000SUB020_开关站102,1,TMP_708912dc-9ff0-4fae-914c-8eb19868b3a2,Breaker,开关00002,2
TMP_8b70a57f-384d-4a8c-829d-254ae117da1d,Trunk,主干,spare_line,备用线,"rgb(0,0,0)",0.5811011837029015,TMP_47bd9f70-e15c-4a13-935a-035caca6957f,Junction,00000SUB020_开关站102,1,TMP_708912dc-9ff0-4fae-914c-8eb19868b3a2,Breaker,开关00002,2
TMP_2efa36d5-7b2d-4e04-964b-11298bdca058,Trunk,主干,spare_line,备用线,"rgb(0,0,0)",0.5811011837029015,TMP_47bd9f70-e15c-4a13-935a-035caca6957f,Junction,00000SUB020_开关站102,1,TMP_708912dc-9ff0-4fae-914c-8eb19868b3a2,Breaker,开关00002,2
TMP_c8b6e1c8-02e1-44ec-a93f-e657085e25cd,Trunk,主干,spare_line,备用线,"rgb(0,0,0)",0.5811011837029015,TMP_47bd9f70-e15c-4a13-935a-035caca6957f,Junction,00000SUB020_开关站102,1,TMP_708912dc-9ff0-4fae-914c-8eb19868b3a2,Breaker,开关00002,2
TMP_ed90145b-b6a7-4b99-9614-151764a0afa6,Trunk,主干,spare_line,备用线,"rgb(0,0,0)",0.5811011837029015,TMP_708912dc-9ff0-4fae-914c-8eb19868b3a2,Breaker,开关00002,2,TMP_73536e48-7b02-4f4f-a759-e54ee3d0f66e,Breaker,开关00019,1
TMP_7649e2a7-d2ea-4505-8524-cb0b0e568112,Trunk,主干,spare_line,备用线,"rgb(0,0,0)",0.5811011837029015,TMP_708912dc-9ff0-4fae-914c-8eb19868b3a2,Breaker,开关00002,2,TMP_73536e48-7b02-4f4f-a759-e54ee3d0f66e,Breaker,开关00019,1
TMP_9ac34bc8-9635-47e0-a563-fa3b95b9789f,Trunk,主干,spare_line,备用线,"rgb(0,0,0)",0.5811011837029015,TMP_708912dc-9ff0-4fae-914c-8eb19868b3a2,Breaker,开关00002,2,TMP_73536e48-7b02-4f4f-a759-e54ee3d0f66e,Breaker,开关00019,1
TMP_472cd134-4b5d-4371-9f91-c78b4606f27f,Trunk,主干,spare_line,备用线,"rgb(0,0,0)",0.5811011837029015,TMP_708912dc-9ff0-4fae-914c-8eb19868b3a2,Breaker,开关00002,2,TMP_73536e48-7b02-4f4f-a759-e54ee3d0f66e,Breaker,开关00019,1
TMP_1ad4590b-bf91-4493-a34f-276241a51a0d,Trunk,主干,spare_line,备用线,"rgb(0,0,0)",0.5811011837029015,TMP_708912dc-9ff0-4fae-914c-8eb19868b3a2,Breaker,开关00002,2,TMP_73536e48-7b02-4f4f-a759-e54ee3d0f66e,Breaker,开关00019,1
TMP_08415f3a-2d4b-4b62-819e-8573f30306a8,Trunk,主干,spare_line,备用线,"rgb(0,0,0)",0.5811011837029015,TMP_708912dc-9ff0-4fae-914c-8eb19868b3a2,Breaker,开关00002,2,TMP_73536e48-7b02-4f4f-a759-e54ee3d0f66e,Breaker,开关00019,1
TMP_d7a5c361-d8ae-421e-8fdb-67995d8d4aed,Trunk,主干,spare_line,备用线,"rgb(0,0,0)",0.5811011837029015,TMP_708912dc-9ff0-4fae-914c-8eb19868b3a2,Breaker,开关00002,2,TMP_73536e48-7b02-4f4f-a759-e54ee3d0f66e,Breaker,开关00019,1
TMP_e9d28c8a-fc6e-4f51-8df1-aa7d1be6f7d1,Trunk,主干,spare_line,备用线,"rgb(0,0,0)",0.5811011837029015,TMP_708912dc-9ff0-4fae-914c-8eb19868b3a2,Breaker,开关00002,2,TMP_73536e48-7b02-4f4f-a759-e54ee3d0f66e,Breaker,开关00019,1
TMP_2fedb2c0-fea6-4ab4-b6e1-a54f7d1fd8c8,Trunk,主干,spare_line,备用线,"rgb(0,0,0)",0.5811011837029015,TMP_708912dc-9ff0-4fae-914c-8eb19868b3a2,Breaker,开关00002,2,TMP_73536e48-7b02-4f4f-a759-e54ee3d0f66e,Breaker,开关00019,1
TMP_9e62a3b2-99dd-4421-b407-121bffc89e1a,Trunk,主干,spare_line,备用线,"rgb(0,0,0)",0.5811011837029015,TMP_708912dc-9ff0-4fae-914c-8eb19868b3a2,Breaker,开关00002,2,TMP_73536e48-7b02-4f4f-a759-e54ee3d0f66e,Breaker,开关00019,1
TMP_1d5c8895-f346-4dd2-9f80-e6385901252f,Trunk,主干,spare_line,备用线,"rgb(0,0,0)",0.5811011837029015,TMP_708912dc-9ff0-4fae-914c-8eb19868b3a2,Breaker,开关00002,2,TMP_73536e48-7b02-4f4f-a759-e54ee3d0f66e,Breaker,开关00019,1
TMP_07c0b75e-3b24-4cab-8fa6-20a04ff69344,Trunk,主干,spare_line,备用线,"rgb(0,0,0)",0.5811011837029015,TMP_708912dc-9ff0-4fae-914c-8eb19868b3a2,Breaker,开关00002,1,TMP_8e679920-5f81-44b6-ad3c-c4002a4afdc1,Breaker,开关00024,2
TMP_65abb909-e248-4083-9803-f30729c3882e,Trunk,主干,spare_line,备用线,"rgb(0,0,0)",0.5811011837029015,TMP_708912dc-9ff0-4fae-914c-8eb19868b3a2,Breaker,开关00002,1,TMP_73536e48-7b02-4f4f-a759-e54ee3d0f66e,Breaker,开关00019,1
TMP_60a5295e-756b-4abe-80e8-421336abc193,Trunk,主干,spare_line,备用线,"rgb(0,0,0)",0.5811011837029015,TMP_043ff4ce-2345-46ac-9dc6-bc93303d4fde,Fuse,刀闸0035,1,TMP_8e679920-5f81-44b6-ad3c-c4002a4afdc1,Breaker,开关00024,1
TMP_78e09676-a4d2-465a-a4ab-a269232827c5,Trunk,主干,spare_line,备用线,"rgb(0,0,0)",0.5811011837029015,TMP_043ff4ce-2345-46ac-9dc6-bc93303d4fde,Fuse,刀闸0035,1,TMP_a9f9d0d9-e478-4883-bcf0-3cc73aa3003f,PowerTransformer,配变2165,1
TMP_27ff02cb-1f66-486b-8af6-dee8e4134504,Trunk,主干,spare_line,备用线,"rgb(0,0,0)",0.5811011837029015,TMP_043ff4ce-2345-46ac-9dc6-bc93303d4fde,Fuse,刀闸0035,1,TMP_a9f9d0d9-e478-4883-bcf0-3cc73aa3003f,PowerTransformer,配变2165,1
TMP_382befd7-25ff-4181-84f6-a867a3bfcafb,Trunk,主干,spare_line,备用线,"rgb(0,0,0)",0.5811011837029015,TMP_1d8be608-fd98-4fed-93c5-f18e1129a566,Fuse,刀闸0058,1,TMP_edefaa4d-7ef2-4ae2-b187-cfe1ec4a41c7,Fuse,刀闸0038,1
TMP_6b824396-2f76-4ad6-bcd1-9f3e5aad047b,Trunk,主干,spare_line,备用线,"rgb(0,0,0)",0.5811011837029015,TMP_edefaa4d-7ef2-4ae2-b187-cfe1ec4a41c7,Fuse,刀闸0038,1,TMP_fd651cda-26fe-4cba-bdbe-79f6561d0cbb,Breaker,开关00023,1
TMP_77dfe7e3-b655-4db6-8dcb-07a42c28ab56,Trunk,主干,spare_line,备用线,"rgb(0,0,0)",0.5811011837029015,TMP_fd651cda-26fe-4cba-bdbe-79f6561d0cbb,Breaker,开关00023,1,TMP_c344c05a-4cba-4e51-8c76-19dce1e5c304,Fuse,刀闸0057,1
TMP_d3574c45-0bf3-4aa1-ad5f-0d75e0f845a2,Trunk,主干,spare_line,备用线,"rgb(0,0,0)",0.5811011837029015,TMP_c344c05a-4cba-4e51-8c76-19dce1e5c304,Fuse,刀闸0057,1,TMP_92968a04-3b90-4261-9e9b-7322aaf57534,Fuse,刀闸0056,1
TMP_9ae758d2-37df-49aa-9c38-8adafb3c45d8,Trunk,主干,spare_line,备用线,"rgb(0,0,0)",0.5811011837029015,TMP_92968a04-3b90-4261-9e9b-7322aaf57534,Fuse,刀闸0056,1,TMP_c344c05a-4cba-4e51-8c76-19dce1e5c304,Fuse,刀闸0057,1
TMP_e0593b6e-4402-4791-b5cf-53552857a485,Trunk,主干,spare_line,备用线,"rgb(0,0,0)",0.5811011837029015,TMP_92968a04-3b90-4261-9e9b-7322aaf57534,Fuse,刀闸0056,1,TMP_b8a0cb67-c3cc-4778-ac22-8aeeaa47afca,Fuse,刀闸0055,1
TMP_c5cf634e-db01-49ad-8b91-19c1f1a6982c,Trunk,主干,spare_line,备用线,"rgb(0,0,0)",0.5811011837029015,TMP_b8a0cb67-c3cc-4778-ac22-8aeeaa47afca,Fuse,刀闸0055,1,TMP_ce6e85f0-02c3-4018-9a68-71f1756104b2,Fuse,刀闸0054,1
TMP_493fb78f-e458-4273-8786-61b999930031,Trunk,主干,spare_line,备用线,"rgb(0,0,0)",0.5811011837029015,TMP_ce6e85f0-02c3-4018-9a68-71f1756104b2,Fuse,刀闸0054,1,TMP_f4a9a745-baff-4063-89b3-5bd9195dff36,Fuse,刀闸0053,1
TMP_53979162-007e-4b43-98df-2ed8028928c5,Trunk,主干,spare_line,备用线,"rgb(0,0,0)",0.5811011837029015,TMP_f4a9a745-baff-4063-89b3-5bd9195dff36,Fuse,刀闸0053,1,TMP_ce6e85f0-02c3-4018-9a68-71f1756104b2,Fuse,刀闸0054,1
TMP_906254ac-cb4d-49d2-8d3b-3c64ee8e1d13,Trunk,主干,spare_line,备用线,"rgb(0,0,0)",0.5811011837029015,TMP_f4a9a745-baff-4063-89b3-5bd9195dff36,Fuse,刀闸0053,1,TMP_ff2d39d2-56fd-43f6-9d37-9cd57b23d348,Fuse,刀闸0018,2
TMP_239f5be0-8781-4d62-b54d-9e70325ce26a,Trunk,主干,spare_line,备用线,"rgb(0,0,0)",0.5811011837029015,TMP_ff2d39d2-56fd-43f6-9d37-9cd57b23d348,Fuse,刀闸0018,2,TMP_96a47f90-30e3-4d38-9f3c-f1a5316a9a00,Junction,00000终端头586715,1
TMP_d30cb595-16e2-4eb0-9a40-23574f5e0bf7,Trunk,主干,spare_line,备用线,"rgb(0,0,0)",0.5811011837029015,TMP_ff2d39d2-56fd-43f6-9d37-9cd57b23d348,Fuse,刀闸0018,2,TMP_96a47f90-30e3-4d38-9f3c-f1a5316a9a00,Junction,00000终端头586715,1
TMP_40f2849a-35db-4603-82db-a6188032478d,Trunk,主干,spare_line,备用线,"rgb(0,0,0)",0.5811011837029015,TMP_ff2d39d2-56fd-43f6-9d37-9cd57b23d348,Fuse,刀闸0018,1,TMP_e21c7ba7-9b74-4010-98cd-207642818f01,Fuse,刀闸0052,1
TMP_ee657239-61bc-4e2e-8e11-08ca64c823b8,Trunk,主干,spare_line,备用线,"rgb(0,0,0)",0.5811011837029015,TMP_ff2d39d2-56fd-43f6-9d37-9cd57b23d348,Fuse,刀闸0018,1,TMP_96a47f90-30e3-4d38-9f3c-f1a5316a9a00,Junction,00000终端头586715,1
TMP_2580790a-885d-4e3d-a61a-6f525fcd1c66,Trunk,主干,spare_line,备用线,"rgb(0,0,0)",0.5811011837029015,TMP_e21c7ba7-9b74-4010-98cd-207642818f01,Fuse,刀闸0052,1,TMP_ff2d39d2-56fd-43f6-9d37-9cd57b23d348,Fuse,刀闸0018,1
TMP_bd95f0dd-ee08-4aab-82bd-41599b585446,Trunk,主干,spare_line,备用线,"rgb(0,0,0)",0.5811011837029015,TMP_e21c7ba7-9b74-4010-98cd-207642818f01,Fuse,刀闸0052,1,TMP_56e46d23-7358-4745-88db-7af2bffe3c85,Fuse,刀闸0051,1
TMP_3b221583-126f-423b-9418-d50f452869af,Trunk,主干,spare_line,备用线,"rgb(0,0,0)",0.5811011837029015,TMP_56e46d23-7358-4745-88db-7af2bffe3c85,Fuse,刀闸0051,1,TMP_c0b5edb0-f348-4eb0-bc11-155bb6121de0,Breaker,开关00020,2
TMP_e132e2a4-c24d-45e0-a435-c4d0caa0e544,Trunk,主干,spare_line,备用线,"rgb(0,0,0)",0.5811011837029015,TMP_c0b5edb0-f348-4eb0-bc11-155bb6121de0,Breaker,开关00020,2,TMP_906b5442-5ad3-430d-987a-4a27501c5d12,Breaker,开关00001,1
TMP_1fd41523-1cef-4d97-ae5b-65b72081e71a,Trunk,主干,spare_line,备用线,"rgb(0,0,0)",0.5811011837029015,TMP_906b5442-5ad3-430d-987a-4a27501c5d12,Breaker,开关00001,1,TMP_fffdb241-d2ce-4a03-ac4a-1ba0750e0f18,Breaker,开关00003,2
TMP_0745925b-0bfc-4836-b3ce-a6bfc6649cda,Trunk,主干,spare_line,备用线,"rgb(0,0,0)",0.5811011837029015,TMP_fffdb241-d2ce-4a03-ac4a-1ba0750e0f18,Breaker,开关00003,1,TMP_d16a2843-e391-4d89-b221-edeb4cbfffdc,Fuse,刀闸0040,1
TMP_f7f93468-00bf-4e6f-ac14-48512f9f63d8,Trunk,主干,spare_line,备用线,"rgb(0,0,0)",0.5811011837029015,TMP_d16a2843-e391-4d89-b221-edeb4cbfffdc,Fuse,刀闸0040,1,TMP_8ab26649-bf3e-4a4a-8b9c-21a2669c2c73,Breaker,开关00021,2
TMP_61948dcc-34fe-4eae-aeee-bba5bcdef3df,Trunk,主干,spare_line,备用线,"rgb(0,0,0)",0.5811011837029015,TMP_d16a2843-e391-4d89-b221-edeb4cbfffdc,Fuse,刀闸0040,1,TMP_fffdb241-d2ce-4a03-ac4a-1ba0750e0f18,Breaker,开关00003,1
TMP_5597d3a3-a5c1-4aac-83c3-f46b9214c49b,Trunk,主干,spare_line,备用线,"rgb(0,0,0)",0.5811011837029015,TMP_8ab26649-bf3e-4a4a-8b9c-21a2669c2c73,Breaker,开关00021,2,TMP_564ed854-4c61-4c2d-b456-de3c3bb1e9c0,Breaker,开关00022,1
TMP_ede116ed-00ec-46c2-9bc6-7e42f4beb274,Trunk,主干,spare_line,备用线,"rgb(0,0,0)",0.5811011837029015,TMP_564ed854-4c61-4c2d-b456-de3c3bb1e9c0,Breaker,开关00022,1,TMP_8ab26649-bf3e-4a4a-8b9c-21a2669c2c73,Breaker,开关00021,2
TMP_986563e3-805b-40f0-8326-35b091691fbb,Trunk,主干,spare_line,备用线,"rgb(0,0,0)",0.5811011837029015,TMP_564ed854-4c61-4c2d-b456-de3c3bb1e9c0,Breaker,开关00022,1,TMP_caadc436-b608-421c-b87a-f04cf6e07c23,Fuse,刀闸0049,1
TMP_4bcdb236-17bc-402f-8861-79943aed6c7f,Trunk,主干,spare_line,备用线,"rgb(0,0,0)",0.5811011837029015,TMP_caadc436-b608-421c-b87a-f04cf6e07c23,Fuse,刀闸0049,1,TMP_899c0aee-8448-46ee-942c-c2793c1157c4,Fuse,刀闸0048,1
TMP_564579f5-aada-499a-a1c0-a8676b567f7b,Trunk,主干,spare_line,备用线,"rgb(0,0,0)",0.5811011837029015,TMP_899c0aee-8448-46ee-942c-c2793c1157c4,Fuse,刀闸0048,1,TMP_79a82459-4ce3-409b-a9d3-a118849160fe,Fuse,刀闸0047,1
TMP_c56360bc-3132-4392-b190-a36c05a0476a,Trunk,主干,spare_line,备用线,"rgb(0,0,0)",0.5811011837029015,TMP_2033882a-e541-4287-8576-84980eef2296,Fuse,刀闸0046,1,TMP_7e4cd85d-6e10-4e48-8d12-d4ec403acc53,Fuse,刀闸0045,1
TMP_c9cd218e-84a2-4350-a428-bbabf64fc269,Trunk,主干,spare_line,备用线,"rgb(0,0,0)",0.5811011837029015,TMP_2033882a-e541-4287-8576-84980eef2296,Fuse,刀闸0046,1,TMP_7e4cd85d-6e10-4e48-8d12-d4ec403acc53,Fuse,刀闸0045,1
TMP_2bee4f70-fe49-475d-85d8-7a8ba3f57fe9,Trunk,主干,spare_line,备用线,"rgb(0,0,0)",0.5811011837029015,TMP_7e4cd85d-6e10-4e48-8d12-d4ec403acc53,Fuse,刀闸0045,1,TMP_e93431de-c5dc-47c1-9d54-042becffdd81,PowerTransformer,配变2147,1
TMP_4c17b21a-ab8b-40f5-a473-0eb7fc5e6017,Trunk,主干,spare_line,备用线,"rgb(0,0,0)",0.5811011837029015,TMP_e93431de-c5dc-47c1-9d54-042becffdd81,PowerTransformer,配变2147,1,TMP_eddc5e9c-22b6-4671-aabd-62af1b4e4f22,Fuse,刀闸0044,1
TMP_7818b0cc-dab0-4ffd-9128-a4024ec6198c,Trunk,主干,spare_line,备用线,"rgb(0,0,0)",0.5811011837029015,TMP_eddc5e9c-22b6-4671-aabd-62af1b4e4f22,Fuse,刀闸0044,1,TMP_141195c3-ee12-46cf-9493-5b0ed33eaea9,Fuse,刀闸0043,1
TMP_fce926b5-7d69-4c39-b72c-702cc1ec4b21,Trunk,主干,spare_line,备用线,"rgb(0,0,0)",0.5811011837029015,TMP_eddc5e9c-22b6-4671-aabd-62af1b4e4f22,Fuse,刀闸0044,1,TMP_141195c3-ee12-46cf-9493-5b0ed33eaea9,Fuse,刀闸0043,1
TMP_a175f572-8e24-43df-9080-c6f89f128704,Trunk,主干,spare_line,备用线,"rgb(0,0,0)",0.5811011837029015,TMP_eddc5e9c-22b6-4671-aabd-62af1b4e4f22,Fuse,刀闸0044,1,TMP_141195c3-ee12-46cf-9493-5b0ed33eaea9,Fuse,刀闸0043,1
TMP_35fd6c23-b9bd-48a7-86f9-4a10f72772e9,Trunk,主干,spare_line,备用线,"rgb(0,0,0)",0.5811011837029015,TMP_7e24e90f-f15d-4bd1-9ac5-33bb08eee591,Fuse,刀闸0041,1,TMP_62e2aac9-71d9-410c-b3dc-4b009cd9123b,Fuse,刀闸0042,1
TMP_0d3c6cae-4098-46cd-aa4f-d5bb512f8047,Trunk,主干,spare_line,备用线,"rgb(0,0,0)",0.5811011837029015,TMP_d16a2843-e391-4d89-b221-edeb4cbfffdc,Fuse,刀闸0040,2,TMP_2c0b9082-7a26-4848-936e-3078ab7658aa,Fuse,刀闸0039,1
TMP_e0d7c8b7-be10-4f0a-8317-41bbe4bbe483,Trunk,主干,spare_line,备用线,"rgb(0,0,0)",0.5811011837029015,TMP_d16a2843-e391-4d89-b221-edeb4cbfffdc,Fuse,刀闸0040,2,TMP_2c0b9082-7a26-4848-936e-3078ab7658aa,Fuse,刀闸0039,1
TMP_d7fb0ef4-241d-4726-9738-92db64fd6f55,Trunk,主干,spare_line,备用线,"rgb(0,0,0)",0.5811011837029015,TMP_708912dc-9ff0-4fae-914c-8eb19868b3a2,Breaker,开关00002,1,TMP_73536e48-7b02-4f4f-a759-e54ee3d0f66e,Breaker,开关00019,1
TMP_a8bea7de-c054-43ea-8a36-f5a035bbdc87,Trunk,主干,spare_line,备用线,"rgb(0,0,0)",0.5811011837029015,TMP_73536e48-7b02-4f4f-a759-e54ee3d0f66e,Breaker,开关00019,1,TMP_70689ceb-79e8-416f-9c8b-998354981fb6,Fuse,刀闸0034,1
TMP_240ae7ef-3a92-460e-baeb-0a11c3cde24f,Trunk,主干,spare_line,备用线,"rgb(0,0,0)",0.5811011837029015,TMP_ad0b5fb3-9db9-4a1b-8fcb-6d89dd5f41da,Breaker,开关00017,2,TMP_103d2841-92d2-43b8-81b7-70908b3a4e89,PowerTransformer,配变2158,2
TMP_31bdfc07-67a8-412f-bd65-1d5ca1db0eb8,Trunk,主干,spare_line,备用线,"rgb(0,0,0)",0.5811011837029015,TMP_ad0b5fb3-9db9-4a1b-8fcb-6d89dd5f41da,Breaker,开关00017,2,TMP_06dc0bf4-c9fe-4278-9f12-b1cf2f8aac10,Fuse,刀闸0025,1
TMP_deb777ba-936c-498f-8c3c-1e51a2f75b04,Trunk,主干,spare_line,备用线,"rgb(0,0,0)",0.5811011837029015,TMP_06dc0bf4-c9fe-4278-9f12-b1cf2f8aac10,Fuse,刀闸0025,1,TMP_103d2841-92d2-43b8-81b7-70908b3a4e89,PowerTransformer,配变2158,1
TMP_faee6939-f168-4543-8549-ec6a97e631dc,Trunk,主干,spare_line,备用线,"rgb(0,0,0)",0.5811011837029015,TMP_06dc0bf4-c9fe-4278-9f12-b1cf2f8aac10,Fuse,刀闸0025,1,TMP_103d2841-92d2-43b8-81b7-70908b3a4e89,PowerTransformer,配变2158,1
TMP_b25e2da2-82d7-41bb-a161-f4203851ce57,Trunk,主干,spare_line,备用线,"rgb(0,0,0)",0.5811011837029015,TMP_06dc0bf4-c9fe-4278-9f12-b1cf2f8aac10,Fuse,刀闸0025,1,TMP_103d2841-92d2-43b8-81b7-70908b3a4e89,PowerTransformer,配变2158,1
TMP_741ad26b-8339-4258-85a9-1c79b255a1ba,Trunk,主干,spare_line,备用线,"rgb(0,0,0)",0.5811011837029015,TMP_06dc0bf4-c9fe-4278-9f12-b1cf2f8aac10,Fuse,刀闸0025,1,TMP_926a9e2d-ace6-4af4-af01-ed0447b7e967,Breaker,开关00014,1
TMP_c64dc1e9-125e-4941-92be-9244b3a9c504,Trunk,主干,spare_line,备用线,"rgb(0,0,0)",0.5811011837029015,TMP_926a9e2d-ace6-4af4-af01-ed0447b7e967,Breaker,开关00014,1,TMP_d811704b-8b30-48aa-a442-a75e27050d86,Breaker,开关00016,1
TMP_813af898-e0a2-4c6b-9d9e-17c6aea23cff,Trunk,主干,spare_line,备用线,"rgb(0,0,0)",0.5811011837029015,TMP_926a9e2d-ace6-4af4-af01-ed0447b7e967,Breaker,开关00014,1,TMP_16ca72ac-6fa7-4a01-a3a3-6e70deb24b9b,PowerTransformer,配变2162,1
TMP_787dc26e-0a33-4e58-af0a-08880a3854f7,Trunk,主干,spare_line,备用线,"rgb(0,0,0)",0.5811011837029015,TMP_d811704b-8b30-48aa-a442-a75e27050d86,Breaker,开关00016,1,TMP_7230622d-b1d6-489f-b6f4-c4ddcd353abf,Fuse,刀闸0031,2
TMP_4ecded41-4b8e-40a1-9447-9807aabc17ff,Trunk,主干,spare_line,备用线,"rgb(0,0,0)",0.5811011837029015,TMP_d811704b-8b30-48aa-a442-a75e27050d86,Breaker,开关00016,1,TMP_7230622d-b1d6-489f-b6f4-c4ddcd353abf,Fuse,刀闸0031,2
TMP_4dddaf8b-2308-4a1e-a717-ac52a042a407,Trunk,主干,spare_line,备用线,"rgb(0,0,0)",0.5811011837029015,TMP_7230622d-b1d6-489f-b6f4-c4ddcd353abf,Fuse,刀闸0031,2,TMP_178de85d-4145-4402-97b2-462e1e57b3af,Junction,00000终端头506181,1
TMP_786156b1-ec74-4c62-8dc4-dce99424ac6f,Trunk,主干,spare_line,备用线,"rgb(0,0,0)",0.5811011837029015,TMP_7230622d-b1d6-489f-b6f4-c4ddcd353abf,Fuse,刀闸0031,2,TMP_6be30fab-37eb-4979-901c-a5f5417840d9,Fuse,刀闸0033,1
TMP_130ea4b1-1b54-4b3b-b681-462af6c645d8,Trunk,主干,spare_line,备用线,"rgb(0,0,0)",0.5811011837029015,TMP_6be30fab-37eb-4979-901c-a5f5417840d9,Fuse,刀闸0033,1,TMP_60988303-315c-44f6-a86f-75fa84ae8880,Fuse,刀闸0032,1
TMP_4702e6de-4099-4eef-b98e-64339b32a4c0,Trunk,主干,spare_line,备用线,"rgb(0,0,0)",0.5811011837029015,TMP_60988303-315c-44f6-a86f-75fa84ae8880,Fuse,刀闸0032,1,TMP_b4d4bed1-d70d-4a4d-87a9-9f8c944498da,Breaker,开关00015,1
TMP_cb901f92-c0a4-4872-90d7-172d733aa541,Trunk,主干,spare_line,备用线,"rgb(0,0,0)",0.5811011837029015,TMP_ad0a227a-5549-4ae4-bae9-badeba24679b,Substation,站房000062,1,TMP_926a9e2d-ace6-4af4-af01-ed0447b7e967,Breaker,开关00014,2
TMP_d4068aa3-8b62-4d97-8010-18e01360e257,Trunk,主干,spare_line,备用线,"rgb(0,0,0)",0.5811011837029015,TMP_a97a18eb-a863-431c-a805-bcd62e6e44fe,Breaker,开关00013,1,TMP_ad0a227a-5549-4ae4-bae9-badeba24679b,Substation,站房000062,1
TMP_fd404b9e-c644-40c5-858d-51b4eb649fa7,Trunk,主干,spare_line,备用线,"rgb(0,0,0)",0.5811011837029015,TMP_ed30fcb5-e999-4dd0-b462-53d94c6f1a49,Fuse,刀闸0030,1,TMP_547b0d1d-15d4-42c4-9b2b-7a5932fc45a9,Fuse,刀闸0029,1
TMP_721a2006-7f5d-401b-b5fd-16980f68c095,Trunk,主干,spare_line,备用线,"rgb(0,0,0)",0.5811011837029015,TMP_ed30fcb5-e999-4dd0-b462-53d94c6f1a49,Fuse,刀闸0030,1,TMP_547b0d1d-15d4-42c4-9b2b-7a5932fc45a9,Fuse,刀闸0029,1
TMP_1bdf03fb-5dfc-4804-9528-ff9d60f90e07,Trunk,主干,spare_line,备用线,"rgb(0,0,0)",0.5811011837029015,TMP_ed30fcb5-e999-4dd0-b462-53d94c6f1a49,Fuse,刀闸0030,1,TMP_547b0d1d-15d4-42c4-9b2b-7a5932fc45a9,Fuse,刀闸0029,1
TMP_213f6e8d-24b4-4ae5-82ee-587c4a91ede5,Trunk,主干,spare_line,备用线,"rgb(0,0,0)",0.5811011837029015,TMP_ed30fcb5-e999-4dd0-b462-53d94c6f1a49,Fuse,刀闸0030,1,TMP_547b0d1d-15d4-42c4-9b2b-7a5932fc45a9,Fuse,刀闸0029,1
TMP_a1c0c9ec-b64e-41f8-b0d4-8c74af5046a4,Trunk,主干,spare_line,备用线,"rgb(0,0,0)",0.5811011837029015,TMP_ed30fcb5-e999-4dd0-b462-53d94c6f1a49,Fuse,刀闸0030,1,TMP_547b0d1d-15d4-42c4-9b2b-7a5932fc45a9,Fuse,刀闸0029,1
TMP_646026bf-83f3-4e0e-b77b-94c1129ac7d1,Trunk,主干,spare_line,备用线,"rgb(0,0,0)",0.5811011837029015,TMP_ed30fcb5-e999-4dd0-b462-53d94c6f1a49,Fuse,刀闸0030,1,TMP_b294b590-dccc-40a0-81d7-52b0e71f521d,Fuse,刀闸0019,1
TMP_5849b4d3-846f-475b-b54b-a7d497a75b83,Trunk,主干,spare_line,备用线,"rgb(0,0,0)",0.5811011837029015,TMP_547b0d1d-15d4-42c4-9b2b-7a5932fc45a9,Fuse,刀闸0029,1,TMP_ed30fcb5-e999-4dd0-b462-53d94c6f1a49,Fuse,刀闸0030,2
TMP_7e7a0c86-9008-44d4-a48a-78123de313c7,Trunk,主干,spare_line,备用线,"rgb(0,0,0)",0.5811011837029015,TMP_b294b590-dccc-40a0-81d7-52b0e71f521d,Fuse,刀闸0019,1,TMP_232d24d0-bf1d-4271-8ac4-97a1a3ee3959,Fuse,刀闸0027,1
TMP_e245a9f3-a55f-4756-8c48-f28d0914461b,Trunk,主干,spare_line,备用线,"rgb(0,0,0)",0.5811011837029015,TMP_a97a18eb-a863-431c-a805-bcd62e6e44fe,Breaker,开关00013,1,TMP_92bae3df-18ad-45ef-bb31-513c737794b2,Junction,00000终端头584557,1
TMP_bad307a4-7359-48ff-8e17-75017c475670,Trunk,主干,spare_line,备用线,"rgb(0,0,0)",0.5811011837029015,TMP_a97a18eb-a863-431c-a805-bcd62e6e44fe,Breaker,开关00013,1,TMP_92bae3df-18ad-45ef-bb31-513c737794b2,Junction,00000终端头584557,1
TMP_8d7eab2d-aece-4af3-b381-f58e1a504963,Trunk,主干,spare_line,备用线,"rgb(0,0,0)",0.5811011837029015,TMP_06dc0bf4-c9fe-4278-9f12-b1cf2f8aac10,Fuse,刀闸0025,1,TMP_103d2841-92d2-43b8-81b7-70908b3a4e89,PowerTransformer,配变2158,1
TMP_65f4beae-726a-4548-a4b8-a694e8d35fc6,Trunk,主干,spare_line,备用线,"rgb(0,0,0)",0.5811011837029015,TMP_06dc0bf4-c9fe-4278-9f12-b1cf2f8aac10,Fuse,刀闸0025,1,TMP_52796213-55f2-4fdd-aa8a-8a708c467d4e,Breaker,开关00012,1
TMP_2191506e-6b98-4b5d-9adf-7d340e8d6fc6,Trunk,主干,spare_line,备用线,"rgb(0,0,0)",0.5811011837029015,TMP_5f7b3199-32ba-4dfe-a531-07169d64c00d,Fuse,刀闸0024,1,TMP_09c2fd3c-5323-401d-9a5b-e89a422d8490,Fuse,刀闸0023,1
TMP_1177b146-3f68-4fd9-97fb-51da2ab7d3d5,Trunk,主干,spare_line,备用线,"rgb(0,0,0)",0.5811011837029015,TMP_b72078c3-0d86-4ecc-a83f-9dd7a5e14ede,Fuse,刀闸0022,1,TMP_049d2a12-bd0b-4a7d-b06a-cc7ffde27ac8,Breaker,开关00011,1
TMP_4fc97923-82a2-499c-ba05-f3a9687a69ba,Trunk,主干,spare_line,备用线,"rgb(0,0,0)",0.5811011837029015,TMP_b72078c3-0d86-4ecc-a83f-9dd7a5e14ede,Fuse,刀闸0022,1,TMP_09c2fd3c-5323-401d-9a5b-e89a422d8490,Fuse,刀闸0023,1
TMP_8e073f45-601f-499a-b2c7-180db8a99d85,Trunk,主干,spare_line,备用线,"rgb(0,0,0)",0.5811011837029015,TMP_049d2a12-bd0b-4a7d-b06a-cc7ffde27ac8,Breaker,开关00011,1,TMP_08790019-f12b-4ef7-84a7-9bb967c363ff,Fuse,刀闸0007,1
TMP_6c6867a9-1fb9-4be5-97c8-89e8c6b035fb,Trunk,主干,spare_line,备用线,"rgb(0,0,0)",0.5811011837029015,TMP_b72078c3-0d86-4ecc-a83f-9dd7a5e14ede,Fuse,刀闸0022,1,TMP_09c2fd3c-5323-401d-9a5b-e89a422d8490,Fuse,刀闸0023,1
TMP_c0678132-67ec-448f-adbb-f1e9db5f6650,Trunk,主干,spare_line,备用线,"rgb(0,0,0)",0.020753614366359946,TMP_574c2c5c-cd10-4b37-a5da-6a5bd2925325,Fuse,刀闸0065,1,TMP_50c54722-5c03-44cc-9ee1-7a12b0e76353,Junction,TMP00131373#,1
TMP_a0fb9b2d-619d-4074-a08b-4fc43780c372,Trunk,主干,spare_line,备用线,"rgb(0,0,0)",0.5809941079620407,TMP_60988303-315c-44f6-a86f-75fa84ae8880,Fuse,刀闸0032,1,TMP_b4d4bed1-d70d-4a4d-87a9-9f8c944498da,Breaker,开关00015,1
TMP_0da8b0de-2999-4214-bc1f-cc9016e2458c,Trunk,主干,spare_line,备用线,"rgb(0,0,0)",0.5810887146240212,TMP_22b9735f-01d1-40bd-953c-f417d14bd6f6,Fuse,刀闸0066,1,TMP_350d4db8-81f5-428e-8058-388cebbce60d,PowerTransformer,配变2186,1
TMP_4737ce57-8313-4f31-bb67-1e9205332b6b,Trunk,主干,spare_line,备用线,"rgb(0,0,0)",0.5810887146240212,TMP_22b9735f-01d1-40bd-953c-f417d14bd6f6,Fuse,刀闸0066,1,TMP_350d4db8-81f5-428e-8058-388cebbce60d,PowerTransformer,配变2186,1
TMP_880beda5-70c2-4b7c-90c4-e1feb1b90f45,Trunk,主干,spare_line,备用线,"rgb(0,0,0)",0.5810887146240212,TMP_22b9735f-01d1-40bd-953c-f417d14bd6f6,Fuse,刀闸0066,1,TMP_574c2c5c-cd10-4b37-a5da-6a5bd2925325,Fuse,刀闸0065,1
TMP_e8cb59c1-5965-48b7-b709-0106662bafd8,Trunk,主干,spare_line,备用线,"rgb(0,0,0)",0.5810887146240212,TMP_574c2c5c-cd10-4b37-a5da-6a5bd2925325,Fuse,刀闸0065,1,TMP_22b9735f-01d1-40bd-953c-f417d14bd6f6,Fuse,刀闸0066,1
TMP_f743b48f-0308-4c77-9f1d-622536030822,Trunk,主干,spare_line,备用线,"rgb(0,0,0)",0.5810887146240212,TMP_574c2c5c-cd10-4b37-a5da-6a5bd2925325,Fuse,刀闸0065,1,TMP_50c54722-5c03-44cc-9ee1-7a12b0e76353,Junction,TMP00131373#,1
TMP_ee3107dd-8318-4a0b-93d3-27acdaa8b9fb,Trunk,主干,spare_line,备用线,"rgb(0,0,0)",0.5810887146240212,TMP_fbd386d0-e8f1-4b3c-80f0-6157152109bf,RemoteUnit,故障指示器004,1,TMP_ad0b5fb3-9db9-4a1b-8fcb-6d89dd5f41da,Breaker,开关00017,1
TMP_6c606780-cddd-4aa1-84f4-fd7f760930d5,Trunk,主干,spare_line,备用线,"rgb(0,0,0)",0.5810887146240212,TMP_47bd9f70-e15c-4a13-935a-035caca6957f,Junction,00000SUB020_开关站102,1,TMP_708912dc-9ff0-4fae-914c-8eb19868b3a2,Breaker,开关00002,2
TMP_50438537-346d-4895-be75-1f99682377b2,Trunk,主干,spare_line,备用线,"rgb(0,0,0)",0.5810887146240212,TMP_708912dc-9ff0-4fae-914c-8eb19868b3a2,Breaker,开关00002,2,TMP_73536e48-7b02-4f4f-a759-e54ee3d0f66e,Breaker,开关00019,1
TMP_718e54e4-7976-4353-9d8e-3c1cea1d3a95,Trunk,主干,spare_line,备用线,"rgb(0,0,0)",0.5810887146240212,TMP_708912dc-9ff0-4fae-914c-8eb19868b3a2,Breaker,开关00002,2,TMP_73536e48-7b02-4f4f-a759-e54ee3d0f66e,Breaker,开关00019,1
TMP_e4734174-8da5-4542-a1b9-1537102567a8,Trunk,主干,spare_line,备用线,"rgb(0,0,0)",0.5810887146240212,TMP_708912dc-9ff0-4fae-914c-8eb19868b3a2,Breaker,开关00002,2,TMP_73536e48-7b02-4f4f-a759-e54ee3d0f66e,Breaker,开关00019,1
TMP_19d9af82-da2e-41e1-a917-12494cc35465,Trunk,主干,spare_line,备用线,"rgb(0,0,0)",0.5810887146240212,TMP_708912dc-9ff0-4fae-914c-8eb19868b3a2,Breaker,开关00002,2,TMP_73536e48-7b02-4f4f-a759-e54ee3d0f66e,Breaker,开关00019,1
TMP_423a98d9-9a3e-40b1-8aaa-c60bc9244449,Trunk,主干,spare_line,备用线,"rgb(0,0,0)",0.5810887146240212,TMP_708912dc-9ff0-4fae-914c-8eb19868b3a2,Breaker,开关00002,2,TMP_73536e48-7b02-4f4f-a759-e54ee3d0f66e,Breaker,开关00019,1
TMP_ecc6008a-61db-4f83-b33d-f6a49e6d3c39,Trunk,主干,spare_line,备用线,"rgb(0,0,0)",0.5810887146240212,TMP_708912dc-9ff0-4fae-914c-8eb19868b3a2,Breaker,开关00002,1,TMP_73536e48-7b02-4f4f-a759-e54ee3d0f66e,Breaker,开关00019,1
TMP_9a91975c-76a3-46a7-b64f-b7a557ed9fea,Trunk,主干,spare_line,备用线,"rgb(0,0,0)",0.5810887146240212,TMP_043ff4ce-2345-46ac-9dc6-bc93303d4fde,Fuse,刀闸0035,1,TMP_a9f9d0d9-e478-4883-bcf0-3cc73aa3003f,PowerTransformer,配变2165,1
TMP_55422203-bb82-4f6b-b11c-f9a4cf7d47f6,Trunk,主干,spare_line,备用线,"rgb(0,0,0)",0.5810887146240212,TMP_e21c7ba7-9b74-4010-98cd-207642818f01,Fuse,刀闸0052,1,TMP_ff2d39d2-56fd-43f6-9d37-9cd57b23d348,Fuse,刀闸0018,1
TMP_6a1e6a51-1721-4c4a-90d3-9d4e2bec042a,Trunk,主干,spare_line,备用线,"rgb(0,0,0)",0.5810887146240212,TMP_899c0aee-8448-46ee-942c-c2793c1157c4,Fuse,刀闸0048,1,TMP_2033882a-e541-4287-8576-84980eef2296,Fuse,刀闸0046,1
TMP_0768ce71-56a7-4537-8353-8f73fd69fc27,Trunk,主干,spare_line,备用线,"rgb(0,0,0)",0.5810887146240212,TMP_d16a2843-e391-4d89-b221-edeb4cbfffdc,Fuse,刀闸0040,2,TMP_2c0b9082-7a26-4848-936e-3078ab7658aa,Fuse,刀闸0039,1
TMP_ef226942-2e97-4ea6-b03b-5c3ef9492fe0,Trunk,主干,spare_line,备用线,"rgb(0,0,0)",0.5810887146240212,TMP_926a9e2d-ace6-4af4-af01-ed0447b7e967,Breaker,开关00014,1,TMP_16ca72ac-6fa7-4a01-a3a3-6e70deb24b9b,PowerTransformer,配变2162,2
TMP_aff5a64f-461d-4a28-95b0-215a46e4b98f,Trunk,主干,spare_line,备用线,"rgb(0,0,0)",0.5810887146240212,TMP_d811704b-8b30-48aa-a442-a75e27050d86,Breaker,开关00016,1,TMP_7230622d-b1d6-489f-b6f4-c4ddcd353abf,Fuse,刀闸0031,2
TMP_bb2e5090-1a1a-4da1-9f4d-3146f68c7ca7,Trunk,主干,spare_line,备用线,"rgb(0,0,0)",0.5810887146240212,TMP_7230622d-b1d6-489f-b6f4-c4ddcd353abf,Fuse,刀闸0031,2,TMP_6be30fab-37eb-4979-901c-a5f5417840d9,Fuse,刀闸0033,1
TMP_85b81005-ce28-40e7-acf1-18ad094718cd,Trunk,主干,spare_line,备用线,"rgb(0,0,0)",0.5810887146240212,TMP_574c2c5c-cd10-4b37-a5da-6a5bd2925325,Fuse,刀闸0065,1,TMP_50c54722-5c03-44cc-9ee1-7a12b0e76353,Junction,TMP00131373#,1
TMP_10bd0c84-6bb6-437a-ad72-0b84eb8714a7,Trunk,主干,spare_line,备用线,"rgb(0,0,0)",0.5810887146240212,TMP_fbd386d0-e8f1-4b3c-80f0-6157152109bf,RemoteUnit,故障指示器004,1,TMP_ad0b5fb3-9db9-4a1b-8fcb-6d89dd5f41da,Breaker,开关00017,1
TMP_d7f6fa6f-b9a6-437b-8652-ccfce82b663c,Trunk,主干,spare_line,备用线,"rgb(0,0,0)",0.5810887146240212,TMP_fbd386d0-e8f1-4b3c-80f0-6157152109bf,RemoteUnit,故障指示器004,1,TMP_ad0b5fb3-9db9-4a1b-8fcb-6d89dd5f41da,Breaker,开关00017,1
TMP_76da9369-cd37-4c54-9455-f2b9867bf160,Trunk,主干,spare_line,备用线,"rgb(0,0,0)",0.5810887146240212,TMP_4774de0a-2a82-4132-a4f0-702d09d4b572,Breaker,开关00025,1,TMP_a7f9be80-1f47-46af-83c4-2bffa1859df8,Breaker,开关00005,2
TMP_683e4a46-ae06-4ffb-bd03-52629bc53655,Trunk,主干,spare_line,备用线,"rgb(0,0,0)",0.5810887146240212,TMP_368f8a19-176b-4345-9bed-1af72ecb78bc,Fuse,刀闸0060,1,TMP_b03210b4-1b71-4b84-b3dc-865183ad7682,Fuse,刀闸0061,1
TMP_0d868608-4030-484b-9f04-2a8bd3f5496e,Trunk,主干,spare_line,备用线,"rgb(0,0,0)",0.5810887146240212,TMP_47bd9f70-e15c-4a13-935a-035caca6957f,Junction,00000SUB020_开关站102,1,TMP_708912dc-9ff0-4fae-914c-8eb19868b3a2,Breaker,开关00002,2
TMP_9af0c9a5-dc9c-45bb-ada1-07bf90261410,Trunk,主干,spare_line,备用线,"rgb(0,0,0)",0.5810887146240212,TMP_47bd9f70-e15c-4a13-935a-035caca6957f,Junction,00000SUB020_开关站102,1,TMP_708912dc-9ff0-4fae-914c-8eb19868b3a2,Breaker,开关00002,2
TMP_fa4949cc-6f3c-4a79-9156-dd215620e289,Trunk,主干,spare_line,备用线,"rgb(0,0,0)",0.5810887146240212,TMP_47bd9f70-e15c-4a13-935a-035caca6957f,Junction,00000SUB020_开关站102,1,TMP_708912dc-9ff0-4fae-914c-8eb19868b3a2,Breaker,开关00002,2
TMP_f9b606c3-1c7c-4da7-ba23-9a636586b49e,Trunk,主干,spare_line,备用线,"rgb(0,0,0)",0.5810887146240212,TMP_47bd9f70-e15c-4a13-935a-035caca6957f,Junction,00000SUB020_开关站102,1,TMP_708912dc-9ff0-4fae-914c-8eb19868b3a2,Breaker,开关00002,2
TMP_ea835970-5038-46b6-b642-d32ee2169026,Trunk,主干,spare_line,备用线,"rgb(0,0,0)",0.5810887146240212,TMP_043ff4ce-2345-46ac-9dc6-bc93303d4fde,Fuse,刀闸0035,1,TMP_a9f9d0d9-e478-4883-bcf0-3cc73aa3003f,PowerTransformer,配变2165,1
TMP_b7b8b2a6-5de1-469c-bcb3-168b5444888e,Trunk,主干,spare_line,备用线,"rgb(0,0,0)",0.5810887146240212,TMP_043ff4ce-2345-46ac-9dc6-bc93303d4fde,Fuse,刀闸0035,1,TMP_1d8be608-fd98-4fed-93c5-f18e1129a566,Fuse,刀闸0058,1
TMP_b3f171a9-c688-4178-bfe0-be2dcd5d5e65,Trunk,主干,spare_line,备用线,"rgb(0,0,0)",0.5810887146240212,TMP_1d8be608-fd98-4fed-93c5-f18e1129a566,Fuse,刀闸0058,1,TMP_a58d4bdf-1435-45f7-baa3-80fd8e4691ea,Fuse,刀闸0059,1
TMP_b00a010f-ff6f-40e1-9e34-62af94063063,Trunk,主干,spare_line,备用线,"rgb(0,0,0)",0.5810887146240212,TMP_e93431de-c5dc-47c1-9d54-042becffdd81,PowerTransformer,配变2147,1,TMP_eddc5e9c-22b6-4671-aabd-62af1b4e4f22,Fuse,刀闸0044,1
TMP_96ccefee-8898-4680-87db-06c543989cff,Trunk,主干,spare_line,备用线,"rgb(0,0,0)",0.5810887146240212,TMP_eddc5e9c-22b6-4671-aabd-62af1b4e4f22,Fuse,刀闸0044,1,TMP_e93431de-c5dc-47c1-9d54-042becffdd81,PowerTransformer,配变2147,1
TMP_6b0b7b30-ae73-4c27-bb6c-3ceb6173ad7c,Trunk,主干,spare_line,备用线,"rgb(0,0,0)",0.5810887146240212,TMP_d811704b-8b30-48aa-a442-a75e27050d86,Breaker,开关00016,1,TMP_7230622d-b1d6-489f-b6f4-c4ddcd353abf,Fuse,刀闸0031,2
TMP_7015a6ed-3241-4c0a-ae2f-8ded836bb664,Trunk,主干,spare_line,备用线,"rgb(0,0,0)",0.5810887146240212,TMP_d811704b-8b30-48aa-a442-a75e27050d86,Breaker,开关00016,1,TMP_7230622d-b1d6-489f-b6f4-c4ddcd353abf,Fuse,刀闸0031,2
TMP_77d3c7d8-0b2d-44ac-8be5-ec30f0f457f6,Trunk,主干,spare_line,备用线,"rgb(0,0,0)",0.5810887146240212,TMP_ad0a227a-5549-4ae4-bae9-badeba24679b,Substation,站房000062,1,TMP_ed30fcb5-e999-4dd0-b462-53d94c6f1a49,Fuse,刀闸0030,1
TMP_b9705f0a-7ff4-407c-a80c-e42ede5b6fe6,Trunk,主干,spare_line,备用线,"rgb(0,0,0)",0.5810887146240212,TMP_09c2fd3c-5323-401d-9a5b-e89a422d8490,Fuse,刀闸0023,1,TMP_b72078c3-0d86-4ecc-a83f-9dd7a5e14ede,Fuse,刀闸0022,1
TMP_8e3ab8bb-cdd0-4dac-b941-c376c16c014f,Trunk,主干,spare_line,备用线,"rgb(0,0,0)",0.5810887146240212,TMP_09c2fd3c-5323-401d-9a5b-e89a422d8490,Fuse,刀闸0023,1,TMP_b72078c3-0d86-4ecc-a83f-9dd7a5e14ede,Fuse,刀闸0022,1
TMP_f6ea4b57-365f-42b0-aa1e-68bd178e8db9,Trunk,主干,spare_line,备用线,"rgb(0,0,0)",0.5810887146240212,TMP_09c2fd3c-5323-401d-9a5b-e89a422d8490,Fuse,刀闸0023,1,TMP_b72078c3-0d86-4ecc-a83f-9dd7a5e14ede,Fuse,刀闸0022,1
TMP_e98ff9b5-cd95-44dd-96de-506f320ee2a3,Trunk,主干,spare_line,备用线,"rgb(0,0,0)",0.5810719902245707,TMP_a51494f2-9b33-4dbd-b55a-e4d73d23179b,Breaker,开关00027,2,TMP_5f97bda1-6e6f-4087-a5b4-8658104a48d9,Fuse,刀闸0064,2
TMP_623a4388-d822-489c-b803-877c1185c955,Trunk,主干,spare_line,备用线,"rgb(0,0,0)",0.5811000951325231,TMP_a7dcf284-ad90-4313-bd81-d3258253cfad,Junction,00000终端头922060,1,TMP_92036e17-5f42-4ba2-b36d-bf82e4819b2e,Junction,00000终端头918510,1
TMP_c3954a78-d4f6-4abc-9f34-3256c0cbf47c,Trunk,主干,spare_line,备用线,"rgb(0,0,0)",0.5810913865694957,TMP_7bef4abd-f429-41d9-8290-5d69d118f58d,Fuse,刀闸0026,1,TMP_a97a18eb-a863-431c-a805-bcd62e6e44fe,Breaker,开关00013,1
TMP_f64c307d-d62b-4c24-947b-9b56a1a97417,Trunk,主干,spare_line,备用线,"rgb(0,0,0)",0.5810766908693867,TMP_35079bb2-3910-41ed-ade7-591a17e34aab,Junction,00000终端头988037,1,TMP_342c56b6-c0db-483d-a440-5aa230818bcc,Junction,00000终端头957286,1
TMP_26658aff-1baf-459a-92cb-c315b0db3c86,Trunk,主干,spare_line,备用线,"rgb(0,0,0)",0.5811011837029015,TMP_ab0dd0bc-f3ec-4b96-afc4-aa200075074c,Junction,00000终端头466819,1,TMP_b85c96a0-b289-47b0-b089-75192365001e,Junction,00000终端头466820,1
TMP_815492d8-a230-40df-8e60-7e15baf9b416,Trunk,主干,spare_line,备用线,"rgb(0,0,0)",0.5811011837029015,TMP_ca8df982-bd2a-4a2d-96ab-0aa38ced7b3d,Junction,00000终端头198671,1,TMP_1bc15c2e-965a-4be1-9447-51f8463fcf98,Junction,00000终端头198672,1
TMP_34e97288-4fea-4154-b6b2-a6d59d6ec13d,Trunk,主干,spare_line,备用线,"rgb(0,0,0)",0.5811011837029015,TMP_c7ee9303-0c94-4e3a-b376-88ff2a0270c8,Junction,00000终端头506361,1,TMP_d0f15f81-9f18-483e-8f4c-f20c8ec30caf,Junction,00000终端头506362,1
TMP_96ca4a37-794c-4db4-b963-1fbee03da3a5,Trunk,主干,spare_line,备用线,"rgb(0,0,0)",0.5811011837029015,TMP_b0a836f2-e347-4982-b960-273a97279cdb,Junction,00000终端头197688,1,TMP_f8eaab5a-cd15-47b9-adc5-e16eaba961aa,Junction,00000终端头197689,1
TMP_051859d2-ebaa-4f6a-8517-2ca40b040277,Trunk,主干,spare_line,备用线,"rgb(0,0,0)",0.5811011837029015,TMP_07adee24-20a9-445f-9387-43b0cd46b0ce,Junction,00000终端头584392,1,TMP_22b868da-9a44-4e99-90a6-4316a212ccf5,Junction,00000终端头584398,1
TMP_2cf0da69-7e1c-4e04-845d-bc6d641ee270,Trunk,主干,spare_line,备用线,"rgb(0,0,0)",0.5810943059173287,TMP_92bae3df-18ad-45ef-bb31-513c737794b2,Junction,00000终端头584557,1,TMP_5a1899ca-e4f2-4bcf-be17-552e1a07394d,Junction,00000终端头584578,1
TMP_3c85db2f-b97d-4627-949e-fa0c1ec2460f,Trunk,主干,spare_line,备用线,"rgb(0,0,0)",0.5810564533564421,TMP_02ea4147-0fa6-41fb-8909-6a3dcff941fb,Junction,00000终端头963363,1,TMP_7392abea-0744-4fdf-adea-1914fab0c5c4,Junction,00000终端头936663,1
TMP_3375f6b8-ff3c-4171-9248-971ff6352027,Trunk,主干,spare_line,备用线,"rgb(0,0,0)",0.5811011837029015,TMP_7139321e-9c53-40d3-99e0-56dbcb7a64a3,Fuse,刀闸0063,1,TMP_1ca6326b-be75-4283-aa29-20192865b6b6,Breaker,开关00006,1
TMP_67814c55-8ce0-45ee-aaa5-61baa910d512,Trunk,主干,spare_line,备用线,"rgb(0,0,0)",0.5811011837029015,TMP_1ca6326b-be75-4283-aa29-20192865b6b6,Breaker,开关00006,1,TMP_ad30a2da-b7b6-41b0-9d2c-c62b8963a029,Fuse,刀闸0062,1
TMP_da5d8137-fe56-4964-899e-ec9753f99f06,Trunk,主干,spare_line,备用线,"rgb(0,0,0)",0.5809169679065869,TMP_1ca6326b-be75-4283-aa29-20192865b6b6,Breaker,开关00006,1,TMP_ad30a2da-b7b6-41b0-9d2c-c62b8963a029,Fuse,刀闸0062,1
TMP_1fa09ecd-f500-49f7-9a14-a8603f1ee273,Trunk,主干,spare_line,备用线,"rgb(0,0,0)",0.4894500892607022,TMP_d9493753-1f6a-4ab2-8afb-016cf4dcbbfb,Breaker,开关00010,2,TMP_e25b16e9-d4a7-4d3c-b85e-3a5cd717b413,Breaker,开关00008,1
TMP_b07d2a0c-d825-4848-b619-4c8f9ee367b3,Trunk,主干,spare_line,备用线,"rgb(0,0,0)",0.4894500892607022,TMP_3daabd3c-74fe-44b3-b77c-5b584b167f57,Breaker,开关00009,2,TMP_9c40b29a-8100-4047-81d0-7aad2cfa9dcf,PowerTransformer,配变2154,2
TMP_38976840-21d1-4087-b14d-26fe6c8649e1,Trunk,主干,spare_line,备用线,"rgb(0,0,0)",0.4894500892607022,TMP_0b769bdb-ac6a-4bdc-9082-96247852bda7,Fuse,刀闸0015,2,TMP_a130f754-937f-427a-b3bd-73ea6dd6e6cd,Junction,TMP00131373#,1
TMP_71e8420f-2bf2-4276-82c2-1eefaf731c1a,Trunk,主干,spare_line,备用线,"rgb(0,0,0)",0.4894500892607022,TMP_e25b16e9-d4a7-4d3c-b85e-3a5cd717b413,Breaker,开关00008,1,TMP_2efe8f1b-b13e-48f5-97d4-09423a8abb56,Fuse,刀闸0011,1
TMP_081622dc-9951-4880-9c7d-62c2a582c994,Trunk,主干,spare_line,备用线,"rgb(0,0,0)",0.4894500892607022,TMP_7215aa34-9a3a-4b61-b156-89c22b204a0f,Junction,00000示1#环网箱102,1,TMP_30d293f5-06af-4c5c-a377-25d49effc955,Junction,00000示1#环网箱102－LINE215_线LINE231_示分5#种号最间接头,1
TMP_0dce39f7-321e-46e1-bdca-c66884e0e058,Trunk,主干,spare_line,备用线,"rgb(0,0,0)",0.4894500892607022,TMP_30d293f5-06af-4c5c-a377-25d49effc955,Junction,00000示1#环网箱102－LINE215_线LINE231_示分5#种号最间接头,1,TMP_1b44f8ff-1824-427a-8f0a-8da69b2f6a46,Junction,00000示1#环网箱102－LINE215_线LINE231_示分5#二号最间接头,1
TMP_1d0268a2-c6d5-47e9-8ffd-c15ef556c878,Trunk,主干,spare_line,备用线,"rgb(0,0,0)",0.4894500892607022,TMP_1b44f8ff-1824-427a-8f0a-8da69b2f6a46,Junction,00000示1#环网箱102－LINE215_线LINE231_示分5#二号最间接头,1,TMP_51f050d2-1636-47e8-aede-5c9d785c6790,Junction,00000示分5#,1
TMP_2bef3990-9e6e-456c-973a-1b9352780f07,Trunk,主干,spare_line,备用线,"rgb(0,0,0)",0.4894500892607022,TMP_bdd587ee-c1d5-4251-9675-6e1c86e1895e,Junction,TMP00131370#,1,TMP_1545713e-54b1-4f98-90ba-b7dfcb2c708b,Junction,TMP00131370#-LINE231_示2#SUB020_开关站101种号最间接头,1
TMP_0554f57f-7fa7-456d-bb7b-b61c0c2f6a27,Trunk,主干,spare_line,备用线,"rgb(0,0,0)",0.4894500892607022,TMP_1545713e-54b1-4f98-90ba-b7dfcb2c708b,Junction,TMP00131370#-LINE231_示2#SUB020_开关站101种号最间接头,1,TMP_02b825fa-1bb2-47cc-8865-4919d7b2bde9,Junction,00000SUB020_开关站101,1
TMP_540ecfad-f8b3-489e-baab-31b1a87cb1ad,Trunk,主干,spare_line,备用线,"rgb(0,0,0)",0.4894500892607022,TMP_0b769bdb-ac6a-4bdc-9082-96247852bda7,Fuse,刀闸0015,1,TMP_a130f754-937f-427a-b3bd-73ea6dd6e6cd,Junction,TMP00131373#,1
TMP_0139b614-18a6-4d52-bd80-dbb999004eb0,Trunk,主干,spare_line,备用线,"rgb(0,0,0)",0.4894500892607022,TMP_4f60e77b-906e-4d1b-a8ac-912e3d13862d,Junction,00000终端头506372,1,TMP_d47d5d0c-d2c6-48b4-9e41-48c1404d60d4,Junction,00000终端头506373,1
TMP_adc13ce5-b50a-45f1-8925-d4b2d8d979a0,Trunk,主干,spare_line,备用线,"rgb(0,0,0)",0.4894500892607022,TMP_7fbfc0c2-fa68-4382-9ae2-1ff8c090973b,Junction,00000终端头586690,1,TMP_fdeae2bd-63ab-436f-9a5e-43a9a5c989ee,Junction,00000终端头586691,1
TMP_9fe703b1-174b-4893-9e09-beb176fcebf8,Trunk,主干,spare_line,备用线,"rgb(0,0,0)",0.4894500892607022,TMP_480b739b-50a7-422a-b727-8e72a7fe37b2,Junction,00000示分6白4,1,TMP_cb19765c-9fc6-4e18-b6eb-b64f333fcd41,Junction,00000明3#争101,1
TMP_78f838f0-1a28-4167-b28b-110c5a955771,Trunk,主干,spare_line,备用线,"rgb(0,0,0)",0.4894500892607022,TMP_075cd3d5-d38f-44c4-a077-e09957660ee4,Junction,00000明3#争102,1,TMP_f2766d48-8a29-4480-a898-ce38bcc51aa4,Junction,00000电站101,1
TMP_b02bf0ef-12b6-4d78-93e3-31250b8e0205,Trunk,主干,spare_line,备用线,"rgb(0,0,0)",0.4894500892607022,TMP_d9493753-1f6a-4ab2-8afb-016cf4dcbbfb,Breaker,开关00010,2,TMP_e25b16e9-d4a7-4d3c-b85e-3a5cd717b413,Breaker,开关00008,1
TMP_071e0ec8-bb0c-4353-89da-265c8da3bf44,Trunk,主干,spare_line,备用线,"rgb(0,0,0)",0.4894500892607022,TMP_d9493753-1f6a-4ab2-8afb-016cf4dcbbfb,Breaker,开关00010,2,TMP_e25b16e9-d4a7-4d3c-b85e-3a5cd717b413,Breaker,开关00008,1
TMP_1ee0c2be-89ff-4bd0-9a94-2c0fd35a8876,Trunk,主干,spare_line,备用线,"rgb(0,0,0)",0.4894500892607022,TMP_d9493753-1f6a-4ab2-8afb-016cf4dcbbfb,Breaker,开关00010,2,TMP_e25b16e9-d4a7-4d3c-b85e-3a5cd717b413,Breaker,开关00008,1
TMP_9819eeb6-a3b9-49b6-b7f6-2bcc214ee88c,Trunk,主干,spare_line,备用线,"rgb(0,0,0)",0.4894500892607022,TMP_e25b16e9-d4a7-4d3c-b85e-3a5cd717b413,Breaker,开关00008,1,TMP_d9493753-1f6a-4ab2-8afb-016cf4dcbbfb,Breaker,开关00010,2
TMP_7af9898e-d129-4119-af6d-ef00799cf552,Trunk,主干,spare_line,备用线,"rgb(0,0,0)",0.4894500892607022,TMP_0b769bdb-ac6a-4bdc-9082-96247852bda7,Fuse,刀闸0015,2,TMP_a130f754-937f-427a-b3bd-73ea6dd6e6cd,Junction,TMP00131373#,1
TMP_64b41bec-4aae-48bb-b979-cdb3e3d07472,Trunk,主干,spare_line,备用线,"rgb(0,0,0)",0.4894500892607022,TMP_0b769bdb-ac6a-4bdc-9082-96247852bda7,Fuse,刀闸0015,2,TMP_a130f754-937f-427a-b3bd-73ea6dd6e6cd,Junction,TMP00131373#,1
TMP_14de957b-a5fe-40d6-9094-9de1257b334b,Trunk,主干,spare_line,备用线,"rgb(0,0,0)",0.4894500892607022,TMP_0b769bdb-ac6a-4bdc-9082-96247852bda7,Fuse,刀闸0015,2,TMP_3daabd3c-74fe-44b3-b77c-5b584b167f57,Breaker,开关00009,1
TMP_fef177ec-db93-44af-a991-99eacb90de1e,Trunk,主干,spare_line,备用线,"rgb(0,0,0)",0.4894500892607022,TMP_0b769bdb-ac6a-4bdc-9082-96247852bda7,Fuse,刀闸0015,2,TMP_a130f754-937f-427a-b3bd-73ea6dd6e6cd,Junction,TMP00131373#,1
TMP_2b19bd52-a980-4ac1-906b-534fa5c367d7,Trunk,主干,spare_line,备用线,"rgb(0,0,0)",0.4894500892607022,TMP_0b769bdb-ac6a-4bdc-9082-96247852bda7,Fuse,刀闸0015,2,TMP_3daabd3c-74fe-44b3-b77c-5b584b167f57,Breaker,开关00009,1
TMP_82dd5b97-e641-49af-80a0-45a5c8fb70ed,Trunk,主干,spare_line,备用线,"rgb(0,0,0)",0.4894500892607022,TMP_3daabd3c-74fe-44b3-b77c-5b584b167f57,Breaker,开关00009,1,TMP_37ea02d3-50cb-4b7c-bb97-88d2af3386a3,Fuse,刀闸0008,1
TMP_c8680201-4f35-4932-8068-51b349d0682e,Trunk,主干,spare_line,备用线,"rgb(0,0,0)",0.4894500892607022,TMP_3daabd3c-74fe-44b3-b77c-5b584b167f57,Breaker,开关00009,1,TMP_37ea02d3-50cb-4b7c-bb97-88d2af3386a3,Fuse,刀闸0008,1
TMP_da0eac79-c6f3-442e-8154-5d926c234e3f,Trunk,主干,spare_line,备用线,"rgb(0,0,0)",0.4894500892607022,TMP_3daabd3c-74fe-44b3-b77c-5b584b167f57,Breaker,开关00009,1,TMP_37ea02d3-50cb-4b7c-bb97-88d2af3386a3,Fuse,刀闸0008,1
TMP_4af985e7-d261-4849-908e-019fc472bce4,Trunk,主干,spare_line,备用线,"rgb(0,0,0)",0.4894500892607022,TMP_37ea02d3-50cb-4b7c-bb97-88d2af3386a3,Fuse,刀闸0008,1,TMP_2805eb70-57ad-4a5d-9a4b-f41bf57ecc04,Fuse,刀闸0017,1
TMP_5ed7696a-cd44-4c50-843e-0e67dcd94e9e,Trunk,主干,spare_line,备用线,"rgb(0,0,0)",0.4894500892607022,TMP_2805eb70-57ad-4a5d-9a4b-f41bf57ecc04,Fuse,刀闸0017,1,TMP_e05defff-9cbb-4ca9-aba6-eca1315b4928,Fuse,刀闸0016,1
TMP_19626b25-b6b7-4024-9bb5-45c032a3faf7,Trunk,主干,spare_line,备用线,"rgb(0,0,0)",0.4894500892607022,TMP_2805eb70-57ad-4a5d-9a4b-f41bf57ecc04,Fuse,刀闸0017,1,TMP_e05defff-9cbb-4ca9-aba6-eca1315b4928,Fuse,刀闸0016,1
TMP_6052e9e3-aaa5-427e-9374-40ec4bb0b463,Trunk,主干,spare_line,备用线,"rgb(0,0,0)",0.4894500892607022,TMP_2805eb70-57ad-4a5d-9a4b-f41bf57ecc04,Fuse,刀闸0017,1,TMP_bdd587ee-c1d5-4251-9675-6e1c86e1895e,Junction,TMP00131370#,1
TMP_fe1ecc00-a456-430e-9ab9-495074438010,Trunk,主干,spare_line,备用线,"rgb(0,0,0)",0.4894500892607022,TMP_bdd587ee-c1d5-4251-9675-6e1c86e1895e,Junction,TMP00131370#,1,TMP_2805eb70-57ad-4a5d-9a4b-f41bf57ecc04,Fuse,刀闸0017,1
TMP_ecf2e435-ace3-4d2f-99e1-368131db816a,Trunk,主干,spare_line,备用线,"rgb(0,0,0)",0.4894500892607022,TMP_bdd587ee-c1d5-4251-9675-6e1c86e1895e,Junction,TMP00131370#,1,TMP_1545713e-54b1-4f98-90ba-b7dfcb2c708b,Junction,TMP00131370#-LINE231_示2#SUB020_开关站101种号最间接头,1
TMP_0c571dc6-bd71-4746-81b9-79fd4084d9d0,Trunk,主干,spare_line,备用线,"rgb(0,0,0)",0.4894500892607022,TMP_22eb3e23-2103-4cce-bbd3-21c9628f46be,Breaker,开关00004,1,TMP_fc477418-d739-4f50-b78a-0303ff8f4513,Fuse,刀闸0013,1
TMP_4b38db33-6303-4087-a56a-e38d4bb7b808,Trunk,主干,spare_line,备用线,"rgb(0,0,0)",0.4894500892607022,TMP_fc477418-d739-4f50-b78a-0303ff8f4513,Fuse,刀闸0013,1,TMP_c1853621-029d-48e5-b5a5-155d5485afd2,PowerTransformer,配变2152,1
TMP_68623051-a094-4853-b728-21cf2710708d,Trunk,主干,spare_line,备用线,"rgb(0,0,0)",0.4894500892607022,TMP_2efe8f1b-b13e-48f5-97d4-09423a8abb56,Fuse,刀闸0011,1,TMP_b9ed894d-70d8-41a4-bb8c-6cfd20019b8f,Fuse,刀闸0010,1
TMP_10969354-0228-4807-8c39-0fe73aff47de,Trunk,主干,spare_line,备用线,"rgb(0,0,0)",0.4894500892607022,TMP_b9ed894d-70d8-41a4-bb8c-6cfd20019b8f,Fuse,刀闸0010,1,TMP_062084a9-6e68-4e1b-a62e-6ff449f87b1d,Fuse,刀闸0009,1
TMP_0005fd65-15b1-44ca-9373-ed7a0dc3992a,Trunk,主干,spare_line,备用线,"rgb(0,0,0)",0.4894500892607022,TMP_062084a9-6e68-4e1b-a62e-6ff449f87b1d,Fuse,刀闸0009,1,TMP_2c0ed4e7-1bfe-4846-bf24-3c0413be4592,Breaker,开关00007,1
TMP_931723fa-6fb4-42a2-a1cb-9a4ae4b98d8c,Trunk,主干,spare_line,备用线,"rgb(0,0,0)",0.48943959940069176,TMP_e25b16e9-d4a7-4d3c-b85e-3a5cd717b413,Breaker,开关00008,1,TMP_d9493753-1f6a-4ab2-8afb-016cf4dcbbfb,Breaker,开关00010,2
TMP_24a009fe-629e-4598-8c58-4265151e6263,Trunk,主干,spare_line,备用线,"rgb(0,0,0)",0.48943959940069176,TMP_e25b16e9-d4a7-4d3c-b85e-3a5cd717b413,Breaker,开关00008,1,TMP_d9493753-1f6a-4ab2-8afb-016cf4dcbbfb,Breaker,开关00010,2
TMP_9ed7c991-707e-42ee-985c-ecff220d43e9,Trunk,主干,spare_line,备用线,"rgb(0,0,0)",0.48943959940069176,TMP_e25b16e9-d4a7-4d3c-b85e-3a5cd717b413,Breaker,开关00008,1,TMP_d9493753-1f6a-4ab2-8afb-016cf4dcbbfb,Breaker,开关00010,2
TMP_542ef4ad-ea44-4cb5-ac91-7424da39c7a0,Trunk,主干,spare_line,备用线,"rgb(0,0,0)",0.48943959940069176,TMP_e25b16e9-d4a7-4d3c-b85e-3a5cd717b413,Breaker,开关00008,1,TMP_d9493753-1f6a-4ab2-8afb-016cf4dcbbfb,Breaker,开关00010,2
TMP_d9ff0386-92eb-4204-adf8-e18af916b69b,Trunk,主干,spare_line,备用线,"rgb(0,0,0)",0.48943959940069176,TMP_e25b16e9-d4a7-4d3c-b85e-3a5cd717b413,Breaker,开关00008,1,TMP_0b769bdb-ac6a-4bdc-9082-96247852bda7,Fuse,刀闸0015,2
TMP_ebd8d569-8aec-48f5-9921-3824453d4238,Trunk,主干,spare_line,备用线,"rgb(0,0,0)",0.48943959940069176,TMP_e25b16e9-d4a7-4d3c-b85e-3a5cd717b413,Breaker,开关00008,1,TMP_0b769bdb-ac6a-4bdc-9082-96247852bda7,Fuse,刀闸0015,2
TMP_c22c4174-ce5c-4954-88dd-76023f6b98b4,Trunk,主干,spare_line,备用线,"rgb(0,0,0)",0.48943959940069176,TMP_0b769bdb-ac6a-4bdc-9082-96247852bda7,Fuse,刀闸0015,2,TMP_e25b16e9-d4a7-4d3c-b85e-3a5cd717b413,Breaker,开关00008,1
TMP_bbf30537-8935-482c-9e7f-35cee4263e3f,Trunk,主干,spare_line,备用线,"rgb(0,0,0)",0.48943959940069176,TMP_0b769bdb-ac6a-4bdc-9082-96247852bda7,Fuse,刀闸0015,2,TMP_e25b16e9-d4a7-4d3c-b85e-3a5cd717b413,Breaker,开关00008,1
TMP_91f494d0-b6d5-4acc-a218-0e04990f9c79,Trunk,主干,spare_line,备用线,"rgb(0,0,0)",0.48943959940069176,TMP_0b769bdb-ac6a-4bdc-9082-96247852bda7,Fuse,刀闸0015,2,TMP_e25b16e9-d4a7-4d3c-b85e-3a5cd717b413,Breaker,开关00008,1
TMP_fb0ef42d-d1cf-4051-bda5-ebd3270bce98,Trunk,主干,spare_line,备用线,"rgb(0,0,0)",0.48943959940069176,TMP_0b769bdb-ac6a-4bdc-9082-96247852bda7,Fuse,刀闸0015,2,TMP_e25b16e9-d4a7-4d3c-b85e-3a5cd717b413,Breaker,开关00008,1
TMP_8826cd94-377a-4d3b-a344-0227392455c7,Trunk,主干,spare_line,备用线,"rgb(0,0,0)",0.48943959940069176,TMP_0b769bdb-ac6a-4bdc-9082-96247852bda7,Fuse,刀闸0015,2,TMP_e25b16e9-d4a7-4d3c-b85e-3a5cd717b413,Breaker,开关00008,1
TMP_556942bc-e59e-4ac8-b84c-e01e404308c1,Trunk,主干,spare_line,备用线,"rgb(0,0,0)",0.48943959940069176,TMP_0b769bdb-ac6a-4bdc-9082-96247852bda7,Fuse,刀闸0015,2,TMP_3daabd3c-74fe-44b3-b77c-5b584b167f57,Breaker,开关00009,1
TMP_f92d62ef-f47b-422d-a050-2d73eecae177,Trunk,主干,spare_line,备用线,"rgb(0,0,0)",0.48943959940069176,TMP_0b769bdb-ac6a-4bdc-9082-96247852bda7,Fuse,刀闸0015,2,TMP_3daabd3c-74fe-44b3-b77c-5b584b167f57,Breaker,开关00009,1
TMP_231036b7-3e4a-4b14-8855-c6ee00ae7c13,Trunk,主干,spare_line,备用线,"rgb(0,0,0)",0.48943959940069176,TMP_0b769bdb-ac6a-4bdc-9082-96247852bda7,Fuse,刀闸0015,2,TMP_3daabd3c-74fe-44b3-b77c-5b584b167f57,Breaker,开关00009,1
TMP_c481b348-adde-44b7-947a-fc8de6ba6d83,Trunk,主干,spare_line,备用线,"rgb(0,0,0)",0.48943959940069176,TMP_0b769bdb-ac6a-4bdc-9082-96247852bda7,Fuse,刀闸0015,2,TMP_3daabd3c-74fe-44b3-b77c-5b584b167f57,Breaker,开关00009,1
TMP_1d383b38-db9b-4f2b-a3df-387cdab8e29a,Trunk,主干,spare_line,备用线,"rgb(0,0,0)",0.48943959940069176,TMP_2805eb70-57ad-4a5d-9a4b-f41bf57ecc04,Fuse,刀闸0017,1,TMP_e05defff-9cbb-4ca9-aba6-eca1315b4928,Fuse,刀闸0016,1
TMP_ba383f70-fbd9-4217-aa07-907647216d77,Trunk,主干,spare_line,备用线,"rgb(0,0,0)",0.48943959940069176,TMP_2805eb70-57ad-4a5d-9a4b-f41bf57ecc04,Fuse,刀闸0017,1,TMP_e05defff-9cbb-4ca9-aba6-eca1315b4928,Fuse,刀闸0016,1
TMP_e47d16f2-13f5-4144-9f49-a2a7a49db8d5,Trunk,主干,spare_line,备用线,"rgb(0,0,0)",0.48943959940069176,TMP_2805eb70-57ad-4a5d-9a4b-f41bf57ecc04,Fuse,刀闸0017,1,TMP_e05defff-9cbb-4ca9-aba6-eca1315b4928,Fuse,刀闸0016,1
TMP_7f5bf433-945f-4915-b608-8faac33cf16b,Trunk,主干,spare_line,备用线,"rgb(0,0,0)",0.48943959940069176,TMP_bdd587ee-c1d5-4251-9675-6e1c86e1895e,Junction,TMP00131370#,1,TMP_2805eb70-57ad-4a5d-9a4b-f41bf57ecc04,Fuse,刀闸0017,1
TMP_94211bb7-44e8-4692-a536-e078c8555332,Trunk,主干,spare_line,备用线,"rgb(0,0,0)",0.48943959940069176,TMP_fc477418-d739-4f50-b78a-0303ff8f4513,Fuse,刀闸0013,1,TMP_c1853621-029d-48e5-b5a5-155d5485afd2,PowerTransformer,配变2152,1
TMP_3a594a9b-0812-499a-91d2-65223198ecd1,Trunk,主干,spare_line,备用线,"rgb(0,0,0)",0.48943959940069176,TMP_fc477418-d739-4f50-b78a-0303ff8f4513,Fuse,刀闸0013,1,TMP_08f22a2e-7b43-4341-849e-e4513b085486,Fuse,刀闸0012,2
TMP_71d25eee-3de7-4df5-885d-5e4e786b70ce,Trunk,主干,spare_line,备用线,"rgb(0,0,0)",0.48943959940069176,TMP_fc477418-d739-4f50-b78a-0303ff8f4513,Fuse,刀闸0013,1,TMP_08f22a2e-7b43-4341-849e-e4513b085486,Fuse,刀闸0012,2
TMP_7b811c03-4d97-4101-ac0a-431215903f27,Trunk,主干,spare_line,备用线,"rgb(0,0,0)",0.48943959940069176,TMP_08f22a2e-7b43-4341-849e-e4513b085486,Fuse,刀闸0012,2,TMP_fc477418-d739-4f50-b78a-0303ff8f4513,Fuse,刀闸0013,1
TMP_fbb050b4-d940-4b8a-b6eb-b367817bc7ce,Trunk,主干,spare_line,备用线,"rgb(0,0,0)",0.48943959940069176,TMP_0b769bdb-ac6a-4bdc-9082-96247852bda7,Fuse,刀闸0015,2,TMP_3daabd3c-74fe-44b3-b77c-5b584b167f57,Breaker,开关00009,1
TMP_a036a401-265a-4316-a86a-88bcc858915a,Trunk,主干,spare_line,备用线,"rgb(0,0,0)",0.48943959940069176,TMP_3daabd3c-74fe-44b3-b77c-5b584b167f57,Breaker,开关00009,1,TMP_37ea02d3-50cb-4b7c-bb97-88d2af3386a3,Fuse,刀闸0008,1
TMP_4debd29e-22f6-44ef-ae05-3469e703b636,Trunk,主干,spare_line,备用线,"rgb(0,0,0)",0.48943959940069176,TMP_3daabd3c-74fe-44b3-b77c-5b584b167f57,Breaker,开关00009,1,TMP_37ea02d3-50cb-4b7c-bb97-88d2af3386a3,Fuse,刀闸0008,1
TMP_705b4a9d-5425-4521-a344-2aef66d27dbb,Trunk,主干,spare_line,备用线,"rgb(0,0,0)",0.48943959940069176,TMP_3daabd3c-74fe-44b3-b77c-5b584b167f57,Breaker,开关00009,1,TMP_37ea02d3-50cb-4b7c-bb97-88d2af3386a3,Fuse,刀闸0008,1
TMP_68b5e82c-fce8-4c31-a640-5b52dd7f3a09,Trunk,主干,spare_line,备用线,"rgb(0,0,0)",0.48943959940069176,TMP_3daabd3c-74fe-44b3-b77c-5b584b167f57,Breaker,开关00009,1,TMP_37ea02d3-50cb-4b7c-bb97-88d2af3386a3,Fuse,刀闸0008,1
TMP_7e8cbf0c-e311-45f7-80f9-4bbc85135381,Trunk,主干,spare_line,备用线,"rgb(0,0,0)",0.48943959940069176,TMP_3daabd3c-74fe-44b3-b77c-5b584b167f57,Breaker,开关00009,1,TMP_37ea02d3-50cb-4b7c-bb97-88d2af3386a3,Fuse,刀闸0008,1
TMP_e9a8ac11-e2e0-4432-8a2a-8003952e35c7,Trunk,主干,spare_line,备用线,"rgb(0,0,0)",0.48943959940069176,TMP_3daabd3c-74fe-44b3-b77c-5b584b167f57,Breaker,开关00009,1,TMP_37ea02d3-50cb-4b7c-bb97-88d2af3386a3,Fuse,刀闸0008,1
TMP_72f780a1-899a-42f7-9c4c-d2b873bd16aa,Trunk,主干,spare_line,备用线,"rgb(0,0,0)",0.48943959940069176,TMP_37ea02d3-50cb-4b7c-bb97-88d2af3386a3,Fuse,刀闸0008,1,TMP_3daabd3c-74fe-44b3-b77c-5b584b167f57,Breaker,开关00009,1
TMP_7c0fbf32-f5ab-4682-80e4-8aa924bf5421,Trunk,主干,spare_line,备用线,"rgb(0,0,0)",0.48943959940069176,TMP_bdd587ee-c1d5-4251-9675-6e1c86e1895e,Junction,TMP00131370#,1,TMP_e05defff-9cbb-4ca9-aba6-eca1315b4928,Fuse,刀闸0016,1
TMP_dde68a69-648e-43d3-a5ce-5a85461897f2,Trunk,主干,spare_line,备用线,"rgb(0,0,0)",0.48943959940069176,TMP_bdd587ee-c1d5-4251-9675-6e1c86e1895e,Junction,TMP00131370#,1,TMP_1545713e-54b1-4f98-90ba-b7dfcb2c708b,Junction,TMP00131370#-LINE231_示2#SUB020_开关站101种号最间接头,1
TMP_7f446059-0252-4b7a-9a34-67cafcdf0a25,Trunk,主干,spare_line,备用线,"rgb(0,0,0)",0.48943959940069176,TMP_bdd587ee-c1d5-4251-9675-6e1c86e1895e,Junction,TMP00131370#,1,TMP_1545713e-54b1-4f98-90ba-b7dfcb2c708b,Junction,TMP00131370#-LINE231_示2#SUB020_开关站101种号最间接头,1
TMP_0afd8b7d-93e5-4ffc-994f-9c4726367c7e,Trunk,主干,spare_line,备用线,"rgb(0,0,0)",0.5809153845314909,TMP_eddc5e9c-22b6-4671-aabd-62af1b4e4f22,Fuse,刀闸0044,1,TMP_e93431de-c5dc-47c1-9d54-042becffdd81,PowerTransformer,配变2147,1
TMP_01fab45f-c696-473b-b2a1-e1ac253d618b,Trunk,主干,spare_line,备用线,"rgb(0,0,0)",0.5810020248375202,TMP_07b5a581-ab4f-470d-bf60-dffa6830b81c,Junction,00000终端头921423,1,TMP_0a242cc2-75f9-4020-ac27-1e934173a6f2,Junction,00000终端头924542,1
TMP_8b2618fe-4c01-426c-84b6-4ee2d853bc1c,Trunk,主干,spare_line,备用线,"rgb(0,0,0)",0.5811011837029015,TMP_a7f9be80-1f47-46af-83c4-2bffa1859df8,Breaker,开关00005,1,TMP_368f8a19-176b-4345-9bed-1af72ecb78bc,Fuse,刀闸0060,1
TMP_a145e82e-d835-4c9c-a5f0-a2120fe7e6fd,Trunk,主干,spare_line,备用线,"rgb(0,0,0)",0.4894500892607022,TMP_22eb3e23-2103-4cce-bbd3-21c9628f46be,Breaker,开关00004,1,TMP_fc477418-d739-4f50-b78a-0303ff8f4513,Fuse,刀闸0013,1
TMP_20b89408-983a-4656-988a-c9aba0598f56,Trunk,主干,spare_line,备用线,"rgb(0,0,0)",0.5811011837029015,TMP_fffdb241-d2ce-4a03-ac4a-1ba0750e0f18,Breaker,开关00003,1,TMP_d16a2843-e391-4d89-b221-edeb4cbfffdc,Fuse,刀闸0040,1
TMP_b975a28c-515b-425e-9f90-3f844b0dee20,Trunk,主干,spare_line,备用线,"rgb(0,0,0)",0.5810887146240212,TMP_708912dc-9ff0-4fae-914c-8eb19868b3a2,Breaker,开关00002,1,TMP_73536e48-7b02-4f4f-a759-e54ee3d0f66e,Breaker,开关00019,1
TMP_e3e9c39b-fc6b-4544-ae82-3f1a816d40a8,Trunk,主干,spare_line,备用线,"rgb(0,0,0)",0.5693730254065552,TMP_22573f1e-9c3b-4e76-b48e-02d8bc3fc648,Junction,00000终端头965085,1,TMP_673b2b8b-0b74-436a-8cc8-dff701b13034,Junction,00000终端头906632,1
TMP_c661e06e-a0ca-4e14-8b83-8ee9a52acadc,Trunk,主干,spare_line,备用线,"rgb(0,0,0)",0.581031218315851,TMP_03e09f06-4b12-4f2c-81f1-58d88dc05c9e,Junction,00000终端头958070,1,TMP_4b4a29b1-332e-4f5e-a74d-8c8e5e39bc39,Junction,00000终端头931877,1
TMP_bbc051ba-826c-4b3f-8c45-b4486c7a108d,Trunk,主干,spare_line,备用线,"rgb(0,0,0)",0.13207050428114603,TMP_45e38cf1-adaf-458e-bceb-a4d766668a2f,Junction,TMP00312936,1,TMP_72d667ce-0c1d-4c01-b01e-4806d4ee2bdb,Junction,TMP00312934,1
TMP_d9ad9952-3724-4e38-a30d-0d7f627c2869,Trunk,主干,spare_line,备用线,"rgb(0,0,0)",0.581102668117054,TMP_788225ba-95ed-4fda-a71c-c1e96bca19b0,Junction,00000终端头914654,1,TMP_76672a4d-5578-4f96-908c-d88b9cce7c55,Junction,00000终端头917633,1
TMP_9c09cce3-f02e-4642-8101-45f1e245d3aa,Trunk,主干,spare_line,备用线,"rgb(0,0,0)",0.5811011837029015,TMP_09c2fd3c-5323-401d-9a5b-e89a422d8490,Fuse,刀闸0023,1,TMP_dca1ef09-5061-4dcc-88fa-58fb6dc1e366,Fuse,刀闸0021,1
TMP_3c71e73a-256d-402d-bf99-2d376e40194a,Trunk,主干,spare_line,备用线,"rgb(0,0,0)",0.5811011837029015,TMP_dca1ef09-5061-4dcc-88fa-58fb6dc1e366,Fuse,刀闸0021,1,TMP_c62693a6-4dd7-47af-af18-2b5f3e8e5928,Fuse,刀闸0005,1
TMP_07649731-fcfd-4e2e-8bbe-3dc658c931db,Trunk,主干,spare_line,备用线,"rgb(0,0,0)",0.581031416237738,TMP_931307ad-f725-4cac-93dc-698d22f2088d,Junction,00000终端头931442,1,TMP_e658f366-3fec-46d8-87cf-0b20c28e89e9,Junction,00000终端头940580,1
TMP_842e302d-2337-4a10-9569-fffe2a7377a7,Trunk,主干,spare_line,备用线,"rgb(0,0,0)",0.4894500892607022,TMP_3daabd3c-74fe-44b3-b77c-5b584b167f57,Breaker,开关00009,1,TMP_37ea02d3-50cb-4b7c-bb97-88d2af3386a3,Fuse,刀闸0008,1
TMP_000f03bf-8876-4d61-aa8f-600370fc0e84,Trunk,主干,spare_line,备用线,"rgb(0,0,0)",0.4894500892607022,TMP_3daabd3c-74fe-44b3-b77c-5b584b167f57,Breaker,开关00009,1,TMP_37ea02d3-50cb-4b7c-bb97-88d2af3386a3,Fuse,刀闸0008,1
TMP_c443de99-3ad0-4835-84d5-40bb929ee8bb,Trunk,主干,spare_line,备用线,"rgb(0,0,0)",0.5810980664331815,TMP_999b5984-beee-4d5a-81f5-fe9bc09ce1b2,Junction,00000SUB020_开关站101开关,1,TMP_bcced66f-af00-4bc4-898a-55578e697d20,Junction,00000败支74#,1
