element_id,element_type,element_type_cn,x,y,object_id,object_name,psr_type,layer,voltage_level,css_class,stroke_color,is_junction,related_text_count
AUTO_BackGround_Layer_75dd2477,BackGround_Layer,BackGround_Layer,0.0,0.0,AUTO_BackGround_Layer_75dd2477,,,BackGround_Layer,,,,False,0
TMP00044758,ACLineSegment,交流线段,345.5487,497.3429,TMP00044758,00000败支2#~LINE215_线如切败支3#,dxd,ACLineSegment,10kV,,,False,1
TMP00044757,ACLineSegment,交流线段,348.7247,495.027,TMP00044757,00000败支3照1#~LINE215_线如切败支3照2#,dxd,ACLineSegment,10kV,,,False,1
TMP00044756,ACLineSegment,交流线段,413.8645,508.3373,TMP00044756,00000争2#~LINE215_线LINE365_争3#,dxd,ACLineSegment,10kV,,,False,1
TMP00044755,ACLineSegment,交流线段,487.294,556.7045,TMP00044755,00000败支31#~LINE215_线况诉败支32#,dxd,ACLineSegment,10kV,,,False,1
TMP00044754,ACLineSegment,交流线段,390.2678,558.6216,TMP00044754,00000败支66#~LINE215_线况诉败支66白1#,dxd,ACLineSegment,10kV,,,False,1
TMP00044753,ACLineSegment,交流线段,417.9578,553.7658,TMP00044753,00000败支59照1#~LINE215_线况诉败支59照2#,dxd,ACLineSegment,10kV,,,False,1
TMP00044752,ACLineSegment,交流线段,461.3846,554.5306,TMP00044752,00000败支43#~LINE215_线况诉败支43照1#,dxd,ACLineSegment,10kV,,,False,1
TMP00044751,ACLineSegment,交流线段,469.445,559.216,TMP00044751,00000败支39#~LINE215_线况诉败支39#照1,dxd,ACLineSegment,10kV,,,False,1
TMP00044750,ACLineSegment,交流线段,444.6133,501.7869,TMP00044750,00000分1#~LINE215_线海半分2#,dxd,ACLineSegment,10kV,,,False,1
TMP00044749,ACLineSegment,交流线段,444.6133,453.5764,TMP00044749,00000分21#~LINE215_线海半分22#,dxd,ACLineSegment,10kV,,,False,1
TMP00044748,ACLineSegment,交流线段,434.0723,486.407,TMP00044748,00000二支1#~LINE215_线海半二支2#,dxd,ACLineSegment,10kV,,,False,1
TMP00044747,ACLineSegment,交流线段,436.5838,480.658,TMP00044747,00000二支5照4#~LINE215_线海半二支5照5#,dxd,ACLineSegment,10kV,,,False,1
TMP00044746,ACLineSegment,交流线段,450.6589,492.4637,TMP00044746,00000支3#~LINE215_线海半支3间1#,dxd,ACLineSegment,10kV,,,False,1
TMP00044742,ACLineSegment,交流线段,303.701,508.0053,TMP00044742,TMP00131373LINE215_线开关－LINE215_线LINE365_1#环网箱101,0201,ACLineSegment,10kV,,,False,1
TMP00044741,ACLineSegment,交流线段,312.8704,499.2785,TMP00044741,TMP00131370#环网箱104-LINE215_线LINE365_1#箱变,0201,ACLineSegment,10kV,,,False,1
TMP00044740,ACLineSegment,交流线段,314.7828,508.0053,TMP00044740,TMP00131370#环网箱102－LINE215_线LINE365_3#环网箱101,0201,ACLineSegment,10kV,,,False,1
TMP00044739,ACLineSegment,交流线段,326.0614,508.0053,TMP00044739,TMP00131373#环网箱103－LINE215_线LINE365_2#箱变,0201,ACLineSegment,10kV,,,False,1
TMP00044738,ACLineSegment,交流线段,329.939,508.0053,TMP00044738,TMP00131373#环网箱102(1)－LINE215_线LINE365_4#环网箱101,0201,ACLineSegment,10kV,,,False,1
TMP00044737,ACLineSegment,交流线段,339.2237,508.0053,TMP00044737,TMP00131373#环网箱102－LINE215_线LINE365_4#环网箱101,0201,ACLineSegment,10kV,,,False,1
TMP00044736,ACLineSegment,交流线段,345.5487,498.9618,TMP00044736,TMP00131371#环网箱103－LINE215_线如切败支1#,0201,ACLineSegment,10kV,,,False,1
TMP00044735,ACLineSegment,交流线段,345.1706,479.0153,TMP00044735,TMP00131373#-如切1#SUB020_开关站,0201,ACLineSegment,10kV,,,False,1
TMP00044734,ACLineSegment,交流线段,343.0533,468.7942,TMP00044734,00000终端头510947-站外-电缆终端头511028,0201,ACLineSegment,10kV,,,False,1
TMP00044733,ACLineSegment,交流线段,347.0479,455.4199,TMP00044733,00000终端头584386-站外-电缆终端头584387,0201,ACLineSegment,10kV,,,False,1
TMP00044732,ACLineSegment,交流线段,352.3331,508.0053,TMP00044732,TMP00131371#环网箱104－LINE215_线著长2#环网箱101,0201,ACLineSegment,10kV,,,False,1
TMP00044731,ACLineSegment,交流线段,355.8997,519.7206,TMP00044731,00000终端头584452-站外-电缆终端头584470,0201,ACLineSegment,10kV,,,False,1
TMP00044730,ACLineSegment,交流线段,354.2454,508.0053,TMP00044730,TMP00131371#环网箱102(1)－LINE215_线LINE365_5#环网箱101,0201,ACLineSegment,10kV,,,False,1
TMP00044729,ACLineSegment,交流线段,359.3286,508.0053,TMP00044729,TMP00131371#环网箱102－LINE215_线LINE365_5#环网箱101,0201,ACLineSegment,10kV,,,False,1
TMP00044728,ACLineSegment,交流线段,370.1488,508.0053,TMP00044728,TMP00131372#环网箱102－LINE215_线LINE365_6#环网箱101,0201,ACLineSegment,10kV,,,False,1
TMP00044727,ACLineSegment,交流线段,398.6434,508.0053,TMP00044727,TMP00131366#环网箱103－LINE215_线果诉明1#争101,0201,ACLineSegment,10kV,,,False,1
TMP00044726,ACLineSegment,交流线段,407.9421,521.9204,TMP00044726,00000明1#争102－LINE215_线果诉明2#争101,0201,ACLineSegment,10kV,,,False,1
TMP00044725,ACLineSegment,交流线段,402.4659,508.0053,TMP00044725,TMP00131366#环网箱102－LINE215_线LINE365_争1#,0201,ACLineSegment,10kV,,,False,1
TMP00044724,ACLineSegment,交流线段,496.7853,491.5979,TMP00044724,00000示分4#－LINE215_线LINE231_示1#环网箱101,0201,ACLineSegment,10kV,,,False,1
TMP00044723,ACLineSegment,交流线段,484.3406,491.741,TMP00044723,00000终端头203161-站外-电缆终端头203162,0201,ACLineSegment,10kV,,,False,1
TMP00044722,ACLineSegment,交流线段,510.7409,508.0053,TMP00044722,00000#-况诉败2#SUB020_开关站101,0201,ACLineSegment,10kV,,,False,1
TMP00044721,ACLineSegment,交流线段,528.135,508.0053,TMP00044721,TMP00131696电缆终端头736656,0201,ACLineSegment,10kV,,,False,0
TMP00044720,ACLineSegment,交流线段,516.8322,556.7045,TMP00044720,00000SUB020_开关站102-况诉败支1#,0201,ACLineSegment,10kV,,,False,1
TMP00044719,ACLineSegment,交流线段,365.1455,556.656,TMP00044719,00000终端头463510-站外-电缆终端头463511,0201,ACLineSegment,10kV,,,False,1
TMP00044718,ACLineSegment,交流线段,390.2678,564.1762,TMP00044718,00000终端头506351-站外-电缆终端头506352,0201,ACLineSegment,10kV,,,False,1
TMP00044717,ACLineSegment,交流线段,408.7453,551.4191,TMP00044717,TMP00131680电缆终端头628166,0201,ACLineSegment,10kV,,,False,0
TMP00044716,ACLineSegment,交流线段,410.7691,561.3222,TMP00044716,00000终端头463830-站外-电缆终端头463831,0201,ACLineSegment,10kV,,,False,1
TMP00044715,ACLineSegment,交流线段,421.4004,552.3197,TMP00044715,00000终端头506383-站外-电缆终端头506402,0201,ACLineSegment,10kV,,,False,1
TMP00044714,ACLineSegment,交流线段,426.3592,560.5741,TMP00044714,00000终端头506051-站外-电缆终端头477979,0201,ACLineSegment,10kV,,,False,1
TMP00044713,ACLineSegment,交流线段,445.265,554.1593,TMP00044713,00000终端头586715-站外-电缆终端头586637,0201,ACLineSegment,10kV,,,False,1
TMP00044712,ACLineSegment,交流线段,454.4811,560.6596,TMP00044712,00000终端头506644-站外-电缆终端头506645,0201,ACLineSegment,10kV,,,False,1
TMP00044711,ACLineSegment,交流线段,461.0477,552.3197,TMP00044711,00000终端头463711-站外-电缆终端头463712,0201,ACLineSegment,10kV,,,False,1
TMP00044710,ACLineSegment,交流线段,493.556,550.1079,TMP00044710,00000终端头506054-站外-电缆终端头203462,0201,ACLineSegment,10kV,,,False,1
TMP00044709,ACLineSegment,交流线段,504.2962,514.2205,TMP00044709,00000终端头573744-站外-电缆终端头573745,0201,ACLineSegment,10kV,,,False,1
TMP00044708,ACLineSegment,交流线段,444.2763,451.4462,TMP00044708,00000终端头506258-站外-电缆终端头506259,0201,ACLineSegment,10kV,,,False,1
TMP00044707,ACLineSegment,交流线段,434.4748,455.9141,TMP00044707,00000终端头203402-站外-电缆终端头203403,0201,ACLineSegment,10kV,,,False,1
TMP00044706,ACLineSegment,交流线段,448.1644,461.134,TMP00044706,00000终端头463822-站外-电缆终端头463823,0201,ACLineSegment,10kV,,,False,1
TMP00044705,ACLineSegment,交流线段,434.1676,465.049,TMP00044705,00000终端头506181-站外-电缆终端头506182,0201,ACLineSegment,10kV,,,False,1
TMP00044704,ACLineSegment,交流线段,451.7633,470.1527,TMP00044704,00000育象,0201,ACLineSegment,10kV,,,False,0
TMP00044703,ACLineSegment,交流线段,433.7353,472.6352,TMP00044703,00000终端头573373-站外-电缆终端头573374,0201,ACLineSegment,10kV,,,False,1
TMP00044702,ACLineSegment,交流线段,415.4427,486.0749,TMP00044702,00000终端头506276-站外-电缆终端头506277,0201,ACLineSegment,10kV,,,False,1
TMP00044701,ACLineSegment,交流线段,472.1936,492.1317,TMP00044701,00000终端头479511-站外-电缆终端头479512,0201,ACLineSegment,10kV,,,False,1
TMP00044700,ACLineSegment,交流线段,464.0404,483.3655,TMP00044700,TMP00131599况诉放SUB020_配电站101,0201,ACLineSegment,10kV,,,False,1
TMP00044699,ACLineSegment,交流线段,461.1265,498.7779,TMP00044699,00000终端头506069-站外-电缆终端头506070,0201,ACLineSegment,10kV,,,False,1
TMP00044698,ACLineSegment,交流线段,452.435,488.4939,TMP00044698,00000终端头573485-站外-电缆终端头573486,0201,ACLineSegment,10kV,,,False,1
TMP00044697,ACLineSegment,交流线段,425.6501,500.8211,TMP00044697,TMP00131693电缆终端头710299,0201,ACLineSegment,10kV,,,False,0
TMP00044696,ACLineSegment,交流线段,366.3241,508.0053,TMP00044696,TMP00131372#环网箱103－LINE215_线假社员教争101,0201,ACLineSegment,10kV,,,False,0
TMP00044695,ACLineSegment,交流线段,375.2497,522.8946,TMP00044695,00000电站102-假社员教SUB020_开关站101,0201,ACLineSegment,10kV,,,False,1
TMP00044694,ACLineSegment,交流线段,375.2497,528.8642,TMP00044694,TMP00132957(1)-假社员教SUB020_开关站101,0201,ACLineSegment,10kV,,,False,1
TMP00044693,ACLineSegment,交流线段,375.2497,534.8337,TMP00044693,TMP00131656假社员教SUB020_开关站101,0201,ACLineSegment,10kV,,,False,1
TMP00044692,ACLineSegment,交流线段,368.2364,497.7842,TMP00044692,00000饭开关站104-著长SUB020_开关站101,0201,ACLineSegment,10kV,,,False,1
TMP00044691,ACLineSegment,交流线段,345.5487,498.1317,TMP00044691,00000败支1#-LINE215_线如切败支2#,dxd,ACLineSegment,10kV,,,False,0
TMP00044690,ACLineSegment,交流线段,345.5487,493.6024,TMP00044690,00000败支3#-LINE215_线如切败支4#,dxd,ACLineSegment,10kV,,,False,0
TMP00044689,ACLineSegment,交流线段,345.5487,495.027,TMP00044689,00000败支3#-LINE215_线如切败支3照1#数线,dxd,ACLineSegment,10kV,,,False,0
TMP00044688,ACLineSegment,交流线段,345.5487,492.842,TMP00044688,00000切败支5#,dxd,ACLineSegment,10kV,,,False,0
TMP00044687,ACLineSegment,交流线段,345.5487,489.2757,TMP00044687,00000切败支11#,dxd,ACLineSegment,10kV,,,False,0
TMP00044686,ACLineSegment,交流线段,354.183,495.027,TMP00044686,00000败支3照3#-LINE215_线如切败支3照5#,dxd,ACLineSegment,10kV,,,False,0
TMP00044685,ACLineSegment,交流线段,408.3061,508.3373,TMP00044685,00000争1#-LINE215_线LINE365_争2#,dxd,ACLineSegment,10kV,,,False,0
TMP00044684,ACLineSegment,交流线段,419.4317,508.3373,TMP00044684,00000争4#-LINE215_线LINE365_争5#,dxd,ACLineSegment,10kV,,,False,0
TMP00044683,ACLineSegment,交流线段,422.2218,508.3373,TMP00044683,00000争5#~LINE215_线LINE365_争5-1#,dxd,ACLineSegment,10kV,,,False,0
TMP00044682,ACLineSegment,交流线段,423.3143,508.3373,TMP00044682,00000争5-1#~LINE215_线LINE365_争6#,dxd,ACLineSegment,10kV,,,False,0
TMP00044681,ACLineSegment,交流线段,425.901,508.3373,TMP00044681,00000跑争7#,dxd,ACLineSegment,10kV,,,False,0
TMP00044680,ACLineSegment,交流线段,425.901,506.1165,TMP00044680,00000争6#-LINE215_线LINE365_争6白1#数线,dxd,ACLineSegment,10kV,,,False,0
TMP00044679,ACLineSegment,交流线段,441.0362,508.3373,TMP00044679,00000跑争9#,dxd,ACLineSegment,10kV,,,False,0
TMP00044743,ACLineSegment,交流线段,442.8193,508.3373,TMP00044743,00000争11#-LINE215_线LINE365_争12#,dxd,ACLineSegment,10kV,,,False,0
TMP00044678,ACLineSegment,交流线段,444.6133,508.3373,TMP00044678,00000争12#-LINE215_线LINE365_争13#,dxd,ACLineSegment,10kV,,,False,0
TMP00044677,ACLineSegment,交流线段,444.6133,504.8916,TMP00044677,00000争12#-LINE215_线海半分1#数线,dxd,ACLineSegment,10kV,,,False,0
TMP00044676,ACLineSegment,交流线段,504.3547,508.3373,TMP00044676,00000跑争14#,dxd,ACLineSegment,10kV,,,False,0
TMP00044675,ACLineSegment,交流线段,504.3547,508.3373,TMP00044675,00000争13#-LINE215_线LINE365_争13白1#数线,dxd,ACLineSegment,10kV,,,False,0
TMP00044674,ACLineSegment,交流线段,507.0377,508.3373,TMP00044674,00000争15#-LINE215_线LINE231_示分1#数线,dxd,ACLineSegment,10kV,,,False,0
TMP00044673,ACLineSegment,交流线段,508.8316,492.0731,TMP00044673,00000示分3#-LINE215_线LINE231_示分4#,dxd,ACLineSegment,10kV,,,False,0
TMP00044672,ACLineSegment,交流线段,508.8316,499.1935,TMP00044672,00000示分3#-LINE215_线LINE231_示分3照1#数线,dxd,ACLineSegment,10kV,,,False,0
TMP00044671,ACLineSegment,交流线段,514.6864,556.7045,TMP00044671,00000败支1#~LINE215_线况诉败支2#,dxd,ACLineSegment,10kV,,,False,0
TMP00044670,ACLineSegment,交流线段,512.4052,556.7045,TMP00044670,00000败支4#~LINE215_线况诉败支5#,dxd,ACLineSegment,10kV,,,False,0
TMP00044669,ACLineSegment,交流线段,511.2164,556.7045,TMP00044669,00000败支6#~LINE215_线况诉败支7#,dxd,ACLineSegment,10kV,,,False,0
TMP00044668,ACLineSegment,交流线段,509.1012,556.7045,TMP00044668,00000败支9#~LINE215_线况诉败支10#,dxd,ACLineSegment,10kV,,,False,0
TMP00044667,ACLineSegment,交流线段,508.1747,556.7045,TMP00044667,00000败支10#~LINE215_线况诉败支11#,dxd,ACLineSegment,10kV,,,False,0
TMP00044666,ACLineSegment,交流线段,507.2483,556.7045,TMP00044666,00000败支11#~LINE215_线况诉败支12#,dxd,ACLineSegment,10kV,,,False,0
TMP00044665,ACLineSegment,交流线段,506.3219,556.7045,TMP00044665,00000败支12#~LINE215_线况诉败支13#,dxd,ACLineSegment,10kV,,,False,0
TMP00044664,ACLineSegment,交流线段,505.3954,556.7045,TMP00044664,00000败支13#~LINE215_线况诉败支14#,dxd,ACLineSegment,10kV,,,False,0
TMP00044663,ACLineSegment,交流线段,504.469,556.7045,TMP00044663,00000败支14#~LINE215_线况诉败支15#,dxd,ACLineSegment,10kV,,,False,0
TMP00044662,ACLineSegment,交流线段,503.5425,556.7045,TMP00044662,00000败支15#~LINE215_线况诉败支16#,dxd,ACLineSegment,10kV,,,False,0
TMP00044661,ACLineSegment,交流线段,502.6161,556.7045,TMP00044661,00000败支16#~LINE215_线况诉败支17#,dxd,ACLineSegment,10kV,,,False,0
TMP00044660,ACLineSegment,交流线段,502.0217,556.7045,TMP00044660,00000败支17#~LINE215_线况诉败支18#,dxd,ACLineSegment,10kV,,,False,0
TMP00044659,ACLineSegment,交流线段,499.9065,556.7045,TMP00044659,00000败支20#~LINE215_线况诉败支21#,dxd,ACLineSegment,10kV,,,False,0
TMP00044658,ACLineSegment,交流线段,498.98,556.7045,TMP00044658,00000败支21#~LINE215_线况诉败支22#,dxd,ACLineSegment,10kV,,,False,0
TMP00044657,ACLineSegment,交流线段,498.3857,556.7045,TMP00044657,00000败支22#~LINE215_线况诉败支23#,dxd,ACLineSegment,10kV,,,False,0
TMP00044656,ACLineSegment,交流线段,496.5701,556.6925,TMP00044656,00000败支25#~LINE215_线况诉败支26#,dxd,ACLineSegment,10kV,,,False,0
TMP00044655,ACLineSegment,交流线段,496.0596,556.6925,TMP00044655,00000败支26#~LINE215_线况诉败支27#,dxd,ACLineSegment,10kV,,,False,0
TMP00044654,ACLineSegment,交流线段,489.6323,556.7045,TMP00044654,00000败支30#~LINE215_线况诉败支31#,dxd,ACLineSegment,10kV,,,False,0
TMP00044653,ACLineSegment,交流线段,493.8929,555.5984,TMP00044653,00000败支30#~LINE215_线况诉败支30白1#,dxd,ACLineSegment,10kV,,,False,0
TMP00044652,ACLineSegment,交流线段,483.5936,556.6969,TMP00044652,00000败支32#~LINE215_线况诉败支33#,dxd,ACLineSegment,10kV,,,False,0
TMP00044651,ACLineSegment,交流线段,482.4048,556.6969,TMP00044651,00000败支34#~LINE215_线况诉败支35#,dxd,ACLineSegment,10kV,,,False,0
TMP00044650,ACLineSegment,交流线段,482.9916,556.7064,TMP00044650,00000败支34#~LINE215_线况诉败支34白1#,dxd,ACLineSegment,10kV,,,False,0
TMP00044649,ACLineSegment,交流线段,469.4317,556.7064,TMP00044649,00000败支38#~LINE215_线况诉败支39#,dxd,ACLineSegment,10kV,,,False,0
TMP00044648,ACLineSegment,交流线段,468.4674,556.7064,TMP00044648,00000败支39#~LINE215_线况诉败支40#,dxd,ACLineSegment,10kV,,,False,0
TMP00044647,ACLineSegment,交流线段,463.8883,556.7064,TMP00044647,00000败支40#~LINE215_线况诉败支41#,dxd,ACLineSegment,10kV,,,False,0
TMP00044646,ACLineSegment,交流线段,462.9619,556.7064,TMP00044646,00000败支41#~LINE215_线况诉败支42#,dxd,ACLineSegment,10kV,,,False,0
TMP00044645,ACLineSegment,交流线段,461.3713,556.7064,TMP00044645,00000败支42#~LINE215_线况诉败支43#,dxd,ACLineSegment,10kV,,,False,0
TMP00044644,ACLineSegment,交流线段,454.4678,556.7064,TMP00044644,00000败支43#~LINE215_线况诉败支44#,dxd,ACLineSegment,10kV,,,False,0
TMP00044643,ACLineSegment,交流线段,453.5414,556.7064,TMP00044643,00000败支44#~LINE215_线况诉败支45#,dxd,ACLineSegment,10kV,,,False,0
TMP00044642,ACLineSegment,交流线段,452.2905,556.6969,TMP00044642,00000败支45#~LINE215_线况诉败支46#,dxd,ACLineSegment,10kV,,,False,0
TMP00044641,ACLineSegment,交流线段,451.3565,556.6969,TMP00044641,00000败支46#~LINE215_线况诉败支47#,dxd,ACLineSegment,10kV,,,False,0
TMP00044640,ACLineSegment,交流线段,448.9358,556.7064,TMP00044640,00000败支47#~LINE215_线况诉败支48#,dxd,ACLineSegment,10kV,,,False,0
TMP00044639,ACLineSegment,交流线段,448.0093,556.7064,TMP00044639,00000败支48#~LINE215_线况诉败支49#,dxd,ACLineSegment,10kV,,,False,0
TMP00044638,ACLineSegment,交流线段,445.5886,556.7064,TMP00044638,00000败支49#~LINE215_线况诉败支50#,dxd,ACLineSegment,10kV,,,False,0
TMP00044637,ACLineSegment,交流线段,445.0018,556.6969,TMP00044637,00000败支50#~LINE215_线况诉败支51#,dxd,ACLineSegment,10kV,,,False,0
TMP00044636,ACLineSegment,交流线段,445.5886,555.9879,TMP00044636,00000败支50#~LINE215_线况诉败支50照1#,dxd,ACLineSegment,10kV,,,False,0
TMP00044635,ACLineSegment,交流线段,443.481,556.6969,TMP00044635,00000败支52#~LINE215_线况诉败支53#,dxd,ACLineSegment,10kV,,,False,0
TMP00044634,ACLineSegment,交流线段,435.5253,556.5534,TMP00044634,00000败支53#~LINE215_线况诉败支54#,dxd,ACLineSegment,10kV,,,False,0
TMP00044633,ACLineSegment,交流线段,426.3459,556.5534,TMP00044633,00000败支54#~LINE215_线况诉败支55#,dxd,ACLineSegment,10kV,,,False,0
TMP00044632,ACLineSegment,交流线段,421.7668,556.7064,TMP00044632,00000败支55#~LINE215_线况诉败支56#,dxd,ACLineSegment,10kV,,,False,0
TMP00044631,ACLineSegment,交流线段,421.1148,556.6704,TMP00044631,00000败支56#~LINE215_线况诉败支57#,dxd,ACLineSegment,10kV,,,False,0
TMP00044630,ACLineSegment,交流线段,417.7443,556.692,TMP00044630,00000败支58#~LINE215_线况诉败支59#,dxd,ACLineSegment,10kV,,,False,0
TMP00044629,ACLineSegment,交流线段,410.7558,556.7064,TMP00044629,00000败支59#~LINE215_线况诉败支60#,dxd,ACLineSegment,10kV,,,False,0
TMP00044628,ACLineSegment,交流线段,417.7443,556.1667,TMP00044628,00000败支59#~LINE215_线况诉败支59照1#,dxd,ACLineSegment,10kV,,,False,0
TMP00044627,ACLineSegment,交流线段,409.8293,556.7064,TMP00044627,00000败支60#~LINE215_线况诉败支61#,dxd,ACLineSegment,10kV,,,False,0
TMP00044626,ACLineSegment,交流线段,409.0689,556.7064,TMP00044626,00000败支61#~LINE215_线况诉败支62#,dxd,ACLineSegment,10kV,,,False,0
TMP00044625,ACLineSegment,交流线段,403.8257,556.7064,TMP00044625,00000败支62#~LINE215_线况诉败支63#,dxd,ACLineSegment,10kV,,,False,0
TMP00044624,ACLineSegment,交流线段,399.7447,556.7064,TMP00044624,00000败支63#~LINE215_线况诉败支64#,dxd,ACLineSegment,10kV,,,False,0
TMP00044623,ACLineSegment,交流线段,398.9919,556.6969,TMP00044623,00000败支64#~LINE215_线况诉败支65#,dxd,ACLineSegment,10kV,,,False,0
TMP00044622,ACLineSegment,交流线段,389.3281,556.7064,TMP00044622,00000败支66#~LINE215_线况诉败支67#,dxd,ACLineSegment,10kV,,,False,0
TMP00044621,ACLineSegment,交流线段,388.4016,556.7064,TMP00044621,00000败支67#~LINE215_线况诉败支68#,dxd,ACLineSegment,10kV,,,False,0
TMP00044620,ACLineSegment,交流线段,387.4752,556.7064,TMP00044620,00000败支68#~LINE215_线况诉败支69#,dxd,ACLineSegment,10kV,,,False,0
TMP00044619,ACLineSegment,交流线段,386.8884,556.6969,TMP00044619,00000败支69#~LINE215_线况诉败支70#,dxd,ACLineSegment,10kV,,,False,0
TMP00044618,ACLineSegment,交流线段,384.2675,556.7064,TMP00044618,00000败支72#~LINE215_线况诉败支73#,dxd,ACLineSegment,10kV,,,False,0
TMP00044617,ACLineSegment,交流线段,384.2675,556.7064,TMP00044617,00000败支73#~LINE215_线况诉败支73白1#,dxd,ACLineSegment,10kV,,,False,0
TMP00044616,ACLineSegment,交流线段,381.7571,556.7064,TMP00044616,00000败支73#~LINE215_线况诉败支74#,dxd,ACLineSegment,10kV,,,False,0
TMP00044615,ACLineSegment,交流线段,390.2678,559.3045,TMP00044615,00000败支66白1#~LINE215_线况诉败支66白2#,dxd,ACLineSegment,10kV,,,False,0
TMP00044614,ACLineSegment,交流线段,417.9578,553.1714,TMP00044614,00000败支59照2#~LINE215_线况诉败支59照3#,dxd,ACLineSegment,10kV,,,False,0
TMP00044613,ACLineSegment,交流线段,417.9578,551.9827,TMP00044613,00000败支59照4#~LINE215_线况诉败支59照5#,dxd,ACLineSegment,10kV,,,False,0
TMP00044612,ACLineSegment,交流线段,493.8929,554.672,TMP00044612,00000败支30白1#~LINE215_线况诉败支30白2#,dxd,ACLineSegment,10kV,,,False,0
TMP00044611,ACLineSegment,交流线段,493.8929,554.022,TMP00044611,00000败支30白2#~LINE215_线况诉败支30白3#,dxd,ACLineSegment,10kV,,,False,0
TMP00044744,ACLineSegment,交流线段,444.6133,499.5661,TMP00044744,00000分2#-LINE215_线海半分3#,dxd,ACLineSegment,10kV,,,False,0
TMP00044610,ACLineSegment,交流线段,444.6133,493.0581,TMP00044610,00000分3#-LINE215_线海半分4#,dxd,ACLineSegment,10kV,,,False,0
TMP00044609,ACLineSegment,交流线段,444.6133,492.4637,TMP00044609,00000分4#-LINE215_线海半分5#,dxd,ACLineSegment,10kV,,,False,0
TMP00044608,ACLineSegment,交流线段,444.6133,489.2221,TMP00044608,00000支5#--LINE215_线海半支6#,dxd,ACLineSegment,10kV,,,False,0
TMP00044607,ACLineSegment,交流线段,444.6133,492.4637,TMP00044607,00000分5#-LINE215_线海半支1#数线,dxd,ACLineSegment,10kV,,,False,0
TMP00044759,ACLineSegment,交流线段,444.6133,487.0013,TMP00044759,00000半分7#,dxd,ACLineSegment,10kV,,,False,0
TMP00045288,ACLineSegment,交流线段,444.6133,472.8623,TMP00045288,00000半分9#,dxd,ACLineSegment,10kV,,,False,0
TMP00045287,ACLineSegment,交流线段,439.5225,486.407,TMP00045287,00000分8#-LINE215_线海半二支1#,dxd,ACLineSegment,10kV,,,False,0
TMP00045286,ACLineSegment,交流线段,444.6133,471.6735,TMP00045286,00000半分11#,dxd,ACLineSegment,10kV,,,False,0
TMP00045285,ACLineSegment,交流线段,444.6133,466.5698,TMP00045285,00000分10#-LINE215_线海半分14#,dxd,ACLineSegment,10kV,,,False,0
TMP00045284,ACLineSegment,交流线段,444.6133,465.9754,TMP00045284,00000半分15#,dxd,ACLineSegment,10kV,,,False,0
TMP00045283,ACLineSegment,交流线段,444.6133,461.4661,TMP00045283,00000分16#-LINE215_线海半分17#,dxd,ACLineSegment,10kV,,,False,0
TMP00045282,ACLineSegment,交流线段,444.6133,457.3851,TMP00045282,00000分17#-LINE215_线海半分18#,dxd,ACLineSegment,10kV,,,False,0
TMP00045281,ACLineSegment,交流线段,444.6133,455.4857,TMP00045281,00000分20#-LINE215_线海半分21#数线,dxd,ACLineSegment,10kV,,,False,0
TMP00045280,ACLineSegment,交流线段,434.0723,485.3008,TMP00045280,00000半二支3#,dxd,ACLineSegment,10kV,,,False,0
TMP00045279,ACLineSegment,交流线段,432.136,486.407,TMP00045279,00000二支2照1#-LINE215_线海半二支2#,dxd,ACLineSegment,10kV,,,False,0
TMP00044745,ACLineSegment,交流线段,434.0723,484.1121,TMP00044745,00000二支4#-LINE215_线海半二支5#,dxd,ACLineSegment,10kV,,,False,0
TMP00045278,ACLineSegment,交流线段,434.0723,483.1856,TMP00045278,00000二支5#-LINE215_线海半二支5照1#,dxd,ACLineSegment,10kV,,,False,0
TMP00045277,ACLineSegment,交流线段,434.0723,482.0795,TMP00045277,00000二支5照1#-LINE215_线海半二支5照2#,dxd,ACLineSegment,10kV,,,False,0
TMP00045276,ACLineSegment,交流线段,434.0723,480.8681,TMP00045276,00000二支5照2#-LINE215_线海半二支5照3#,dxd,ACLineSegment,10kV,,,False,0
TMP00045275,ACLineSegment,交流线段,434.0723,480.8681,TMP00045275,00000二支5照3#-LINE215_线海半二支5照4#,dxd,ACLineSegment,10kV,,,False,0
TMP00045274,ACLineSegment,交流线段,434.0723,475.0662,TMP00045274,00000二支5照3#-LINE215_线海半二支5照3照1#数线,dxd,ACLineSegment,10kV,,,False,0
TMP00045273,ACLineSegment,交流线段,437.0691,480.658,TMP00045273,00000二支5照5#-LINE215_线海半二支5照6#归达数线,dxd,ACLineSegment,10kV,,,False,0
TMP00045272,ACLineSegment,交流线段,433.4779,475.0662,TMP00045272,00000二支5照3照1#-LINE215_线海半二支5照3照2#,dxd,ACLineSegment,10kV,,,False,0
TMP00045271,ACLineSegment,交流线段,430.5455,486.407,TMP00045271,00000二支2照1#-LINE215_线海半二支2照2#,dxd,ACLineSegment,10kV,,,False,0
TMP00045270,ACLineSegment,交流线段,429.619,486.407,TMP00045270,00000二支2照2#-LINE215_线海半二支2照3#,dxd,ACLineSegment,10kV,,,False,0
TMP00045269,ACLineSegment,交流线段,445.7058,492.4637,TMP00045269,00000支1#-LINE215_线海半支2#,dxd,ACLineSegment,10kV,,,False,0
TMP00045268,ACLineSegment,交流线段,447.1303,492.4637,TMP00045268,00000支2#-LINE215_线海半支3#,dxd,ACLineSegment,10kV,,,False,0
TMP00045267,ACLineSegment,交流线段,452.772,492.4637,TMP00045267,00000半支4#,dxd,ACLineSegment,10kV,,,False,0
TMP00045266,ACLineSegment,交流线段,461.1265,492.4637,TMP00045266,00000支7#-LINE215_线海半支8#,dxd,ACLineSegment,10kV,,,False,0
TMP00045265,ACLineSegment,交流线段,461.1265,492.4637,TMP00045265,00000支7#-LINE215_线海半支7白1#数线,dxd,ACLineSegment,10kV,,,False,0
TMP00045264,ACLineSegment,交流线段,464.3774,492.4637,TMP00045264,00000支8#-LINE215_线海半支9#,dxd,ACLineSegment,10kV,,,False,0
TMP00045263,ACLineSegment,交流线段,461.1265,493.1306,TMP00045263,00000支7白1#-LINE215_线海半支7白2#,dxd,ACLineSegment,10kV,,,False,0
TMP00045262,ACLineSegment,交流线段,345.5487,488.7618,TMP00045262,00000败支12#~LINE215_线如切败支13#,dxd,ACLineSegment,10kV,,,False,1
TMP00045261,ACLineSegment,交流线段,444.6133,456.2461,TMP00045261,00000分18#~LINE215_线海半分20#,dxd,ACLineSegment,10kV,,,False,1
TMP00045260,ACLineSegment,交流线段,345.5487,492.2476,TMP00045260,00000败支5#-LINE215_线如切败支6#,dxd,ACLineSegment,10kV,,,False,0
TMP00045259,ACLineSegment,交流线段,345.5487,491.6532,TMP00045259,00000败支6#-LINE215_线如切败支7#,dxd,ACLineSegment,10kV,,,False,0
TMP00045258,ACLineSegment,交流线段,345.5487,491.0588,TMP00045258,00000败支7#-LINE215_线如切败支8#,dxd,ACLineSegment,10kV,,,False,0
TMP00045257,ACLineSegment,交流线段,345.5487,490.4645,TMP00045257,00000败支8#-LINE215_线如切败支9#,dxd,ACLineSegment,10kV,,,False,0
TMP00045256,ACLineSegment,交流线段,345.5487,489.8701,TMP00045256,00000败支9#-LINE215_线如切败支10#,dxd,ACLineSegment,10kV,,,False,0
TMP00045255,ACLineSegment,交流线段,440.4418,508.3373,TMP00045255,00000争7#-LINE215_线LINE365_争8#,dxd,ACLineSegment,10kV,,,False,0
TMP00045254,ACLineSegment,交流线段,511.8108,556.7045,TMP00045254,00000败支5#~LINE215_线况诉败支6#,dxd,ACLineSegment,10kV,,,False,0
TMP00045253,ACLineSegment,交流线段,501.4273,556.7045,TMP00045253,00000败支18#~LINE215_线况诉败支19#,dxd,ACLineSegment,10kV,,,False,0
TMP00045252,ACLineSegment,交流线段,500.8329,556.7045,TMP00045252,00000败支19#~LINE215_线况诉败支20#,dxd,ACLineSegment,10kV,,,False,0
TMP00045251,ACLineSegment,交流线段,497.7913,556.7045,TMP00045251,00000败支23#~LINE215_线况诉败支24#,dxd,ACLineSegment,10kV,,,False,0
TMP00045250,ACLineSegment,交流线段,497.1969,556.7045,TMP00045250,00000败支24#~LINE215_线况诉败支25#,dxd,ACLineSegment,10kV,,,False,0
TMP00045249,ACLineSegment,交流线段,495.5491,556.6805,TMP00045249,00000败支27#~LINE215_线况诉败支28#,dxd,ACLineSegment,10kV,,,False,0
TMP00045248,ACLineSegment,交流线段,493.8929,556.7045,TMP00045248,00000败支29#~LINE215_线况诉败支30#,dxd,ACLineSegment,10kV,,,False,0
TMP00045247,ACLineSegment,交流线段,482.9916,556.6969,TMP00045247,00000败支33#~LINE215_线况诉败支34#,dxd,ACLineSegment,10kV,,,False,0
TMP00045246,ACLineSegment,交流线段,444.3999,556.6969,TMP00045246,00000败支51#~LINE215_线况诉败支52#,dxd,ACLineSegment,10kV,,,False,0
TMP00045245,ACLineSegment,交流线段,390.2545,556.6969,TMP00045245,00000败支65#~LINE215_线况诉败支66#,dxd,ACLineSegment,10kV,,,False,0
TMP00045244,ACLineSegment,交流线段,417.9578,552.577,TMP00045244,00000败支59照3#~LINE215_线况诉败支59照4#,dxd,ACLineSegment,10kV,,,False,0
TMP00045243,ACLineSegment,交流线段,444.6133,486.407,TMP00045243,00000分7#-LINE215_线海半分8#,dxd,ACLineSegment,10kV,,,False,0
TMP00045242,ACLineSegment,交流线段,444.6133,472.2679,TMP00045242,00000分9#-LINE215_线海半分10#,dxd,ACLineSegment,10kV,,,False,0
TMP00045241,ACLineSegment,交流线段,444.6133,465.381,TMP00045241,00000分15#-LINE215_线海半分16#,dxd,ACLineSegment,10kV,,,False,0
TMP00045240,ACLineSegment,交流线段,345.5487,488.7618,TMP00045240,00000败支11#-LINE215_线如切败支12#,dxd,ACLineSegment,10kV,,,False,0
TMP00045239,ACLineSegment,交流线段,441.6306,508.3373,TMP00045239,00000争9#-LINE215_线LINE365_争10#,dxd,ACLineSegment,10kV,,,False,0
TMP00045238,ACLineSegment,交流线段,442.2249,508.3373,TMP00045238,00000争10#-LINE215_线LINE365_争11#,dxd,ACLineSegment,10kV,,,False,0
TMP00045237,ACLineSegment,交流线段,506.4433,508.3373,TMP00045237,00000争14#-LINE215_线LINE365_争15#,dxd,ACLineSegment,10kV,,,False,0
TMP00045236,ACLineSegment,交流线段,508.8316,499.1935,TMP00045236,00000示分2#-LINE215_线LINE231_示分3#,dxd,ACLineSegment,10kV,,,False,0
TMP00045235,ACLineSegment,交流线段,514.092,556.7045,TMP00045235,00000败支2#~LINE215_线况诉败支3#,dxd,ACLineSegment,10kV,,,False,0
TMP00045234,ACLineSegment,交流线段,512.9995,556.7045,TMP00045234,00000败支3#~LINE215_线况诉败支4#,dxd,ACLineSegment,10kV,,,False,0
TMP00045233,ACLineSegment,交流线段,510.622,556.7045,TMP00045233,00000败支7#~LINE215_线况诉败支8#,dxd,ACLineSegment,10kV,,,False,0
TMP00045232,ACLineSegment,交流线段,510.0276,556.7045,TMP00045232,00000败支8#~LINE215_线况诉败支9#,dxd,ACLineSegment,10kV,,,False,0
TMP00045231,ACLineSegment,交流线段,481.8104,556.6969,TMP00045231,00000败支35#~LINE215_线况诉败支36#,dxd,ACLineSegment,10kV,,,False,0
TMP00045230,ACLineSegment,交流线段,481.216,556.6969,TMP00045230,00000败支36#~LINE215_线况诉败支37#,dxd,ACLineSegment,10kV,,,False,0
TMP00045229,ACLineSegment,交流线段,478.7449,556.6969,TMP00045229,00000败支37#~LINE215_线况诉败支38#,dxd,ACLineSegment,10kV,,,False,0
TMP00045228,ACLineSegment,交流线段,386.294,556.6969,TMP00045228,00000败支70#~LINE215_线况诉败支71#,dxd,ACLineSegment,10kV,,,False,0
TMP00045227,ACLineSegment,交流线段,385.526,556.6969,TMP00045227,00000败支71#~LINE215_线况诉败支72#,dxd,ACLineSegment,10kV,,,False,0
TMP00045226,ACLineSegment,交流线段,444.6133,471.0792,TMP00045226,00000分11#-LINE215_线海半分12#,dxd,ACLineSegment,10kV,,,False,0
TMP00045225,ACLineSegment,交流线段,444.6133,470.4848,TMP00045225,00000分12#-LINE215_线海半分13#,dxd,ACLineSegment,10kV,,,False,0
TMP00045224,ACLineSegment,交流线段,434.0723,484.7065,TMP00045224,00000二支3#-LINE215_线海半二支4#,dxd,ACLineSegment,10kV,,,False,0
TMP00045223,ACLineSegment,交流线段,459.3434,492.4637,TMP00045223,00000支4#-LINE215_线海半支5#,dxd,ACLineSegment,10kV,,,False,0
TMP00045222,ACLineSegment,交流线段,459.9377,492.4637,TMP00045222,00000支5#-LINE215_线海半支6#,dxd,ACLineSegment,10kV,,,False,0
TMP00045221,ACLineSegment,交流线段,460.5321,492.4637,TMP00045221,00000支6#-LINE215_线海半支7#,dxd,ACLineSegment,10kV,,,False,0
TMP00045220,ACLineSegment,交流线段,352.1439,495.027,TMP00045220,00000败支3照2#~LINE215_线如切败支3照3#,dxd,ACLineSegment,10kV,,,False,1
TMP00045219,ACLineSegment,交流线段,357.812,522.6409,TMP00045219,00000终端头922060~站外-电缆终端头918510,0201,ACLineSegment,10kV,,,False,0
TMP00045218,ACLineSegment,交流线段,425.4019,486.407,TMP00045218,00000二支2照3#~LINE215_线海半二支2照4#,dxd,ACLineSegment,10kV,,,False,1
TMP00045217,ACLineSegment,交流线段,385.2525,508.9465,TMP00045217,TMP00131368#102,0201,ACLineSegment,10kV,,,False,1
TMP00045216,ACLineSegment,交流线段,328.726,501.1257,TMP00045216,00000终端头466819-站外-电缆终端头466820,0201,ACLineSegment,10kV,,,False,1
TMP00045215,ACLineSegment,交流线段,365.2463,498.2574,TMP00045215,00000终端头198671-站外-电缆终端头198672,0201,ACLineSegment,10kV,,,False,1
TMP00045214,ACLineSegment,交流线段,377.1755,490.8407,TMP00045214,00000终端头506361-站外-电缆终端头506362,0201,ACLineSegment,10kV,,,False,1
TMP00045213,ACLineSegment,交流线段,382.9333,503.6611,TMP00045213,00000终端头197688-站外-电缆终端头197689,0201,ACLineSegment,10kV,,,False,1
TMP00045212,ACLineSegment,交流线段,380.9868,539.381,TMP00045212,00000终端头584392-站外-电缆终端头584398,0201,ACLineSegment,10kV,,,False,1
TMP00045211,ACLineSegment,交流线段,430.5058,488.9751,TMP00045211,00000终端头584557-站外-电缆终端头584578,0201,ACLineSegment,10kV,,,False,1
TMP00045210,ACLineSegment,交流线段,523.6825,513.2023,TMP00045210,00000终端头963363~站外-电缆终端头936663,0201,ACLineSegment,10kV,,,False,0
TMP00045209,ACLineSegment,交流线段,416.3925,508.3373,TMP00045209,00000争3#~LINE365_争3间1#,dxd,ACLineSegment,10kV,,,False,1
TMP00045208,ACLineSegment,交流线段,417.6301,508.3373,TMP00045208,TMP00131370#~LINE215_线LINE365_争4#,dxd,ACLineSegment,10kV,,,False,0
TMP00045207,ACLineSegment,交流线段,417.6301,508.3373,TMP00045207,TMP00131370#~LINE365_争3间1照1,dxd,ACLineSegment,10kV,,,False,1
TMP00045206,ACLineSegment,交流线段,504.0867,466.5698,TMP00045206,00000示分5#~LINE215_线LINE231_示分6#,dxd,ACLineSegment,10kV,,,False,1
TMP00045205,ACLineSegment,交流线段,499.2317,446.9403,TMP00045205,00000示分37白2#~LINE215_线LINE231_示分37白3#,dxd,ACLineSegment,10kV,,,False,1
TMP00045204,ACLineSegment,交流线段,506.4874,455.3191,TMP00045204,00000要败支1#~LINE215_线听统要败支2#,dxd,ACLineSegment,10kV,,,False,1
TMP00045203,ACLineSegment,交流线段,500.4132,466.5698,TMP00045203,00000示分6白1#~LINE215_线LINE231_示分6白2#,dxd,ACLineSegment,10kV,,,False,1
TMP00045202,ACLineSegment,交流线段,504.1802,484.5427,TMP00045202,00000示1#环网箱102(1)－LINE215_线LINE231_示分5#,0201,ACLineSegment,10kV,,,False,1
TMP00045201,ACLineSegment,交流线段,504.1802,480.2504,TMP00045201,00000示1#环网箱102(2)－LINE215_线LINE231_示分5#,0201,ACLineSegment,10kV,,,False,1
TMP00045200,ACLineSegment,交流线段,504.1802,477.3773,TMP00045200,00000示1#环网箱102－LINE215_线LINE231_示分5#,0201,ACLineSegment,10kV,,,False,1
TMP00045199,ACLineSegment,交流线段,504.0867,428.5661,TMP00045199,TMP00131651#-LINE231_示2#SUB020_开关站101,0201,ACLineSegment,10kV,,,False,1
TMP00045198,ACLineSegment,交流线段,503.9763,423.1732,TMP00045198,TMP00131651#-LINE231_示2#SUB020_开关站101,0201,ACLineSegment,10kV,,,False,1
TMP00045197,ACLineSegment,交流线段,509.6941,455.3191,TMP00045197,TMP00131374#-听统要败支3#,0201,ACLineSegment,10kV,,,False,1
TMP00045196,ACLineSegment,交流线段,521.4752,455.313,TMP00045196,00000终端头506372-站外-电缆终端头506373,0201,ACLineSegment,10kV,,,False,1
TMP00045195,ACLineSegment,交流线段,486.5046,469.8563,TMP00045195,00000终端头586690-站外-电缆终端头586691,0201,ACLineSegment,10kV,,,False,1
TMP00045194,ACLineSegment,交流线段,475.0134,466.2901,TMP00045194,00000示分6白4#-LINE215_线果诉明3#争101,0201,ACLineSegment,10kV,,,False,1
TMP00045193,ACLineSegment,交流线段,465.6688,466.2901,TMP00045193,00000配电站102-亮平SUB020_配电站101,0201,ACLineSegment,10kV,,,False,1
TMP00045192,ACLineSegment,交流线段,504.0867,464.6992,TMP00045192,00000示分6#-LINE215_线LINE231_示分7#,dxd,ACLineSegment,10kV,,,False,0
TMP00045191,ACLineSegment,交流线段,501.6859,466.5698,TMP00045191,00000示分6#-LINE215_线LINE231_示分6白1#数线,dxd,ACLineSegment,10kV,,,False,0
TMP00045190,ACLineSegment,交流线段,504.0867,464.1986,TMP00045190,00000困示分8#,dxd,ACLineSegment,10kV,,,False,0
TMP00045189,ACLineSegment,交流线段,504.0867,462.196,TMP00045189,00000困示分12#,dxd,ACLineSegment,10kV,,,False,0
TMP00045188,ACLineSegment,交流线段,504.0867,457.6904,TMP00045188,00000示分20#-LINE215_线LINE231_示分21#,dxd,ACLineSegment,10kV,,,False,0
TMP00045187,ACLineSegment,交流线段,504.0867,457.1897,TMP00045187,00000困示分22#,dxd,ACLineSegment,10kV,,,False,0
TMP00045186,ACLineSegment,交流线段,504.0867,453.4485,TMP00045186,00000困示分24#,dxd,ACLineSegment,10kV,,,False,0
TMP00045185,ACLineSegment,交流线段,504.0867,455.3191,TMP00045185,00000示分23#-LINE215_线听统要败支1#数线,dxd,ACLineSegment,10kV,,,False,0
TMP00045184,ACLineSegment,交流线段,504.0867,450.9454,TMP00045184,00000困示分29#,dxd,ACLineSegment,10kV,,,False,0
TMP00045183,ACLineSegment,交流线段,504.0867,447.4408,TMP00045183,00000示分35#-LINE215_线LINE231_示分36#,dxd,ACLineSegment,10kV,,,False,0
TMP00045182,ACLineSegment,交流线段,504.0867,446.9403,TMP00045182,00000示分36#-LINE215_线LINE231_示分37#,dxd,ACLineSegment,10kV,,,False,0
TMP00045181,ACLineSegment,交流线段,504.0867,446.4396,TMP00045181,00000困示分38#,dxd,ACLineSegment,10kV,,,False,0
TMP00045180,ACLineSegment,交流线段,504.0867,442.6985,TMP00045180,00000困示分40#,dxd,ACLineSegment,10kV,,,False,0
TMP00045179,ACLineSegment,交流线段,504.0867,438.4415,TMP00045179,00000困示分42#,dxd,ACLineSegment,10kV,,,False,0
TMP00045178,ACLineSegment,交流线段,504.0867,436.9397,TMP00045178,00000示分44#-LINE215_线LINE231_示分45#,dxd,ACLineSegment,10kV,,,False,0
TMP00045177,ACLineSegment,交流线段,504.0867,436.439,TMP00045177,00000困示分46#,dxd,ACLineSegment,10kV,,,False,0
TMP00045176,ACLineSegment,交流线段,504.0867,435.4378,TMP00045176,00000困示分48#,dxd,ACLineSegment,10kV,,,False,0
TMP00045175,ACLineSegment,交流线段,504.0867,432.566,TMP00045175,00000示分51#-LINE215_线LINE231_示分51白1#,dxd,ACLineSegment,10kV,,,False,0
TMP00045174,ACLineSegment,交流线段,514.6961,455.3191,TMP00045174,00000统要败支5#,dxd,ACLineSegment,10kV,,,False,0
TMP00045173,ACLineSegment,交流线段,515.9771,455.3191,TMP00045173,00000统要败支7#,dxd,ACLineSegment,10kV,,,False,0
TMP00045172,ACLineSegment,交流线段,494.3401,466.5698,TMP00045172,00000示分6白2#-LINE215_线LINE231_示分6白3#,dxd,ACLineSegment,10kV,,,False,0
TMP00045171,ACLineSegment,交流线段,486.5046,466.5698,TMP00045171,00000示分6白3#-LINE215_线LINE231_示分6白4#,dxd,ACLineSegment,10kV,,,False,0
TMP00045170,ACLineSegment,交流线段,486.5046,466.5698,TMP00045170,00000示分6白4#-LINE215_线LINE231_示分6白5#,dxd,ACLineSegment,10kV,,,False,0
TMP00045169,ACLineSegment,交流线段,504.0867,463.6979,TMP00045169,00000示分8#-LINE215_线LINE231_示分9#,dxd,ACLineSegment,10kV,,,False,0
TMP00045168,ACLineSegment,交流线段,504.0867,463.1974,TMP00045168,00000示分9#-LINE215_线LINE231_示分10#,dxd,ACLineSegment,10kV,,,False,0
TMP00045167,ACLineSegment,交流线段,504.0867,462.6967,TMP00045167,00000示分10#-LINE215_线LINE231_示分11#,dxd,ACLineSegment,10kV,,,False,0
TMP00045166,ACLineSegment,交流线段,504.0867,461.6953,TMP00045166,00000示分12#-LINE215_线LINE231_示分13#,dxd,ACLineSegment,10kV,,,False,0
TMP00045165,ACLineSegment,交流线段,504.0867,461.1948,TMP00045165,00000示分13#-LINE215_线LINE231_示分14#,dxd,ACLineSegment,10kV,,,False,0
TMP00045164,ACLineSegment,交流线段,504.0867,460.6941,TMP00045164,00000示分14#-LINE215_线LINE231_示分15#,dxd,ACLineSegment,10kV,,,False,0
TMP00045163,ACLineSegment,交流线段,504.0867,460.1934,TMP00045163,00000示分15#-LINE215_线LINE231_示分16#,dxd,ACLineSegment,10kV,,,False,0
TMP00045162,ACLineSegment,交流线段,504.0867,459.6929,TMP00045162,00000示分16#-LINE215_线LINE231_示分17#,dxd,ACLineSegment,10kV,,,False,0
TMP00045161,ACLineSegment,交流线段,504.0867,459.1922,TMP00045161,00000示分17#-LINE215_线LINE231_示分18#,dxd,ACLineSegment,10kV,,,False,0
TMP00045160,ACLineSegment,交流线段,504.0867,458.6916,TMP00045160,00000示分18#-LINE215_线LINE231_示分19#,dxd,ACLineSegment,10kV,,,False,0
TMP00045159,ACLineSegment,交流线段,504.0867,458.1909,TMP00045159,00000示分19#-LINE215_线LINE231_示分20#,dxd,ACLineSegment,10kV,,,False,0
TMP00045158,ACLineSegment,交流线段,504.0867,452.948,TMP00045158,00000示分24#-LINE215_线LINE231_示分25#,dxd,ACLineSegment,10kV,,,False,0
TMP00045157,ACLineSegment,交流线段,504.0867,452.4473,TMP00045157,00000示分25#-LINE215_线LINE231_示分26#,dxd,ACLineSegment,10kV,,,False,0
TMP00045156,ACLineSegment,交流线段,504.0867,451.9466,TMP00045156,00000示分26#-LINE215_线LINE231_示分27#,dxd,ACLineSegment,10kV,,,False,0
TMP00045155,ACLineSegment,交流线段,504.0867,451.4459,TMP00045155,00000示分27#-LINE215_线LINE231_示分28#,dxd,ACLineSegment,10kV,,,False,0
TMP00045154,ACLineSegment,交流线段,504.0867,440.828,TMP00045154,00000示分40#-LINE215_线LINE231_示分41#,dxd,ACLineSegment,10kV,,,False,0
TMP00045153,ACLineSegment,交流线段,504.0867,437.9409,TMP00045153,00000示分42#-LINE215_线LINE231_示分43#,dxd,ACLineSegment,10kV,,,False,0
TMP00045152,ACLineSegment,交流线段,504.0867,437.4403,TMP00045152,00000示分43#-LINE215_线LINE231_示分44#,dxd,ACLineSegment,10kV,,,False,0
TMP00045151,ACLineSegment,交流线段,504.0867,435.9385,TMP00045151,00000示分46#-LINE215_线LINE231_示分47#,dxd,ACLineSegment,10kV,,,False,0
TMP00045150,ACLineSegment,交流线段,515.3366,455.3191,TMP00045150,00000要败支5#-LINE215_线听统要败支6#,dxd,ACLineSegment,10kV,,,False,0
TMP00045149,ACLineSegment,交流线段,516.6176,455.3191,TMP00045149,00000要败支7#-LINE215_线听统要败支8#,dxd,ACLineSegment,10kV,,,False,0
TMP00045148,ACLineSegment,交流线段,517.1182,455.3191,TMP00045148,00000要败支8#-LINE215_线听统要败支9#,dxd,ACLineSegment,10kV,,,False,0
TMP00045147,ACLineSegment,交流线段,517.6189,455.3191,TMP00045147,00000要败支9#-LINE215_线听统要败支10#,dxd,ACLineSegment,10kV,,,False,0
TMP00045146,ACLineSegment,交流线段,504.0867,455.3191,TMP00045146,00000示分22#-LINE215_线LINE231_示分23#,dxd,ACLineSegment,10kV,,,False,0
TMP00045145,ACLineSegment,交流线段,504.0867,450.4447,TMP00045145,00000示分29#-LINE215_线LINE231_示分30#,dxd,ACLineSegment,10kV,,,False,0
TMP00045144,ACLineSegment,交流线段,504.0867,449.9441,TMP00045144,00000示分30#-LINE215_线LINE231_示分31#,dxd,ACLineSegment,10kV,,,False,0
TMP00045143,ACLineSegment,交流线段,504.0867,449.4434,TMP00045143,00000示分31#-LINE215_线LINE231_示分32#,dxd,ACLineSegment,10kV,,,False,0
TMP00045142,ACLineSegment,交流线段,504.0867,448.9429,TMP00045142,00000示分32#-LINE215_线LINE231_示分33#,dxd,ACLineSegment,10kV,,,False,0
TMP00045141,ACLineSegment,交流线段,504.0867,448.4422,TMP00045141,00000示分33#-LINE215_线LINE231_示分34#,dxd,ACLineSegment,10kV,,,False,0
TMP00045140,ACLineSegment,交流线段,504.0867,447.9415,TMP00045140,00000示分34#-LINE215_线LINE231_示分35#,dxd,ACLineSegment,10kV,,,False,0
TMP00045139,ACLineSegment,交流线段,504.0867,444.569,TMP00045139,00000示分38#-LINE215_线LINE231_示分39#,dxd,ACLineSegment,10kV,,,False,0
TMP00045138,ACLineSegment,交流线段,504.0867,434.9371,TMP00045138,00000示分48#-LINE215_线LINE231_示分49#,dxd,ACLineSegment,10kV,,,False,0
TMP00045137,ACLineSegment,交流线段,504.0867,434.4364,TMP00045137,00000示分49#-LINE215_线LINE231_示分50#,dxd,ACLineSegment,10kV,,,False,0
TMP00045136,ACLineSegment,交流线段,504.0867,432.566,TMP00045136,00000示分50#-LINE215_线LINE231_示分51#,dxd,ACLineSegment,10kV,,,False,0
TMP00045135,ACLineSegment,交流线段,386.294,556.6969,TMP00045135,00000败支71#~况诉败支71白1#,dxd,ACLineSegment,10kV,,,False,1
TMP00045134,ACLineSegment,交流线段,400.6598,514.5067,TMP00045134,00000终端头921423~站外-电缆终端头924542,0201,ACLineSegment,10kV,,,False,0
TMP00045133,ACLineSegment,交流线段,508.8316,499.7878,TMP00045133,00000困示分2#,dxd,ACLineSegment,10kV,,,False,0
TMP00045132,ACLineSegment,交流线段,514.0682,455.3191,TMP00045132,00000要败支3#-LINE215_线听统要败支4#,dxd,ACLineSegment,10kV,,,False,0
TMP00045131,ACLineSegment,交流线段,419.439,556.6857,TMP00045131,00000败支57#~LINE215_线况诉败支58#,dxd,ACLineSegment,10kV,,,False,0
TMP00045130,ACLineSegment,交流线段,494.4873,556.6932,TMP00045130,00000败支28#~LINE215_线况诉败支29#,dxd,ACLineSegment,10kV,,,False,0
TMP00045129,ACLineSegment,交流线段,377.8722,540.2505,TMP00045129,00000终端头965085~站外-电缆终端头906632,0201,ACLineSegment,10kV,,,False,0
TMP00045128,ACLineSegment,交流线段,381.2989,508.1231,TMP00045128,00000终端头958070~站外-电缆终端头931877,0201,ACLineSegment,10kV,,,False,1
TMP00045127,ACLineSegment,交流线段,472.2659,548.9881,TMP00045127,TMP00131677电缆终端头628161,0201,ACLineSegment,10kV,,,False,0
TMP00045126,ACLineSegment,交流线段,484.2166,493.9811,TMP00045126,00000终端头914654~站外-电缆终端头917633,0201,ACLineSegment,10kV,,,False,0
TMP00045125,ACLineSegment,交流线段,461.1219,494.0718,TMP00045125,00000支7白2#~LINE215_线海半支7白2间1#,dxd,ACLineSegment,10kV,,,False,1
TMP00045124,ACLineSegment,交流线段,461.1219,494.6971,TMP00045124,00000支7白2间1#~LINE215_线海半支7白3#,dxd,ACLineSegment,10kV,,,False,0
TMP00045123,ACLineSegment,交流线段,465.9672,496.1594,TMP00045123,00000终端头931442~站外-电缆终端头940580,0201,ACLineSegment,10kV,,,False,0
TMP00045122,ACLineSegment,交流线段,503.0156,446.927,TMP00045122,00000示分37#~LINE215_线LINE231_示分37白1#,dxd,ACLineSegment,10kV,,,False,1
TMP00045121,ACLineSegment,交流线段,501.6747,446.927,TMP00045121,00000示分37白1#~LINE215_线LINE231_示分37白2#,dxd,ACLineSegment,10kV,,,False,0
TMP00045120,ACLineSegment,交流线段,376.1201,554.524,TMP00045120,00000败支74#~况诉败4#SUB020_开关站101开关,0201,ACLineSegment,10kV,,,False,1
TMP00311536,Other,其他,310.9581,512.4258,TMP00311536,,0,Other,10kV,,,False,0
TMP00311599,Other,其他,312.3034,506.6466,TMP00311599,,0,Other,10kV,,,False,0
TMP00311602,Other,其他,314.2492,506.6466,TMP00311602,,0,Other,10kV,,,False,0
TMP00311605,Other,其他,308.4118,506.6466,TMP00311605,,0,Other,10kV,,,False,0
TMP00311608,Other,其他,323.5681,506.6466,TMP00311608,,0,Other,10kV,,,False,0
TMP00311614,Other,其他,327.4597,506.6466,TMP00311614,,0,Other,10kV,,,False,0
TMP00311617,Other,其他,329.4055,506.6466,TMP00311617,,0,Other,10kV,,,False,0
TMP00311620,Other,其他,325.5139,506.6466,TMP00311620,,0,Other,10kV,,,False,0
TMP00311623,Other,其他,347.8745,506.6466,TMP00311623,,0,Other,10kV,,,False,0
TMP00311626,Other,其他,351.7661,506.6466,TMP00311626,,0,Other,10kV,,,False,0
TMP00311629,Other,其他,349.8202,506.6466,TMP00311629,,0,Other,10kV,,,False,0
TMP00311632,Other,其他,353.7118,506.6466,TMP00311632,,0,Other,10kV,,,False,0
TMP00311646,Other,其他,367.6694,506.6466,TMP00311646,,0,Other,10kV,,,False,0
TMP00311649,Other,其他,369.6152,506.6466,TMP00311649,,0,Other,10kV,,,False,0
TMP00311652,Other,其他,365.7236,506.6466,TMP00311652,,0,Other,10kV,,,False,0
TMP00311655,Other,其他,363.7779,506.6466,TMP00311655,,0,Other,10kV,,,False,0
TMP00311661,Other,其他,380.8799,506.6466,TMP00311661,,0,Other,10kV,,,False,0
TMP00311667,Other,其他,384.7715,506.6466,TMP00311667,,0,Other,10kV,,,False,0
TMP00311673,Other,其他,382.8257,506.6466,TMP00311673,,0,Other,10kV,,,False,0
TMP00311676,Other,其他,378.9341,506.6466,TMP00311676,,0,Other,10kV,,,False,0
TMP00311679,Other,其他,396.8477,504.1046,TMP00311679,,0,Other,10kV,,,False,0
TMP00311688,Other,其他,400.6279,505.8057,TMP00311688,,0,Other,10kV,,,False,0
TMP00311696,Other,其他,402.5181,504.1046,TMP00311696,,0,Other,10kV,,,False,0
TMP00311701,Other,其他,394.9575,504.1046,TMP00311701,,0,Other,10kV,,,False,0
TMP00311708,Other,其他,398.7378,505.8057,TMP00311708,,0,Other,10kV,,,False,0
TMP00311798,Other,其他,343.0067,464.4485,TMP00311798,,0,Other,10kV,,,False,0
TMP00311801,Other,其他,347.0945,464.4485,TMP00311801,,0,Other,10kV,,,False,0
TMP00311807,Other,其他,352.5734,451.1463,TMP00311807,,0,Other,10kV,,,False,0
TMP00311812,Other,其他,348.4857,451.1463,TMP00311812,,0,Other,10kV,,,False,0
TMP00311818,Other,其他,484.294,489.6797,TMP00311818,,0,Other,10kV,,,False,0
TMP00311823,Other,其他,488.3817,489.6797,TMP00311823,,0,Other,10kV,,,False,0
TMP00311836,Other,其他,392.0426,569.3686,TMP00311836,,0,Other,10kV,,,False,0
TMP00311841,Other,其他,396.1304,569.3686,TMP00311841,,0,Other,10kV,,,False,0
TMP00311847,Other,其他,428.134,565.382,TMP00311847,,0,Other,10kV,,,False,0
TMP00311852,Other,其他,432.2217,565.382,TMP00311852,,0,Other,10kV,,,False,0
TMP00311860,Other,其他,445.2183,550.8248,TMP00311860,,0,Other,10kV,,,False,0
TMP00311865,Other,其他,449.3061,550.8248,TMP00311865,,0,Other,10kV,,,False,0
TMP00311871,Other,其他,456.256,565.877,TMP00311871,,0,Other,10kV,,,False,0
TMP00311876,Other,其他,460.3437,565.877,TMP00311876,,0,Other,10kV,,,False,0
TMP00311882,Other,其他,461.0011,549.7075,TMP00311882,,0,Other,10kV,,,False,0
TMP00311885,Other,其他,465.0888,549.7075,TMP00311885,,0,Other,10kV,,,False,0
TMP00311893,Other,其他,491.9932,547.1345,TMP00311893,,0,Other,10kV,,,False,0
TMP00311898,Other,其他,496.0809,547.1345,TMP00311898,,0,Other,10kV,,,False,0
TMP00311904,Other,其他,444.2297,448.1118,TMP00311904,,0,Other,10kV,,,False,0
TMP00311909,Other,其他,448.3174,448.1118,TMP00311909,,0,Other,10kV,,,False,0
TMP00311915,Other,其他,434.4281,453.663,TMP00311915,,0,Other,10kV,,,False,0
TMP00311918,Other,其他,438.5159,453.663,TMP00311918,,0,Other,10kV,,,False,0
TMP00311926,Other,其他,450.6373,456.8756,TMP00311926,,0,Other,10kV,,,False,0
TMP00311935,Other,其他,458.1923,456.8756,TMP00311935,,0,Other,10kV,,,False,0
TMP00311941,Other,其他,434.121,461.3533,TMP00311941,,0,Other,10kV,,,False,0
TMP00311944,Other,其他,438.2088,461.3533,TMP00311944,,0,Other,10kV,,,False,0
TMP00311954,Other,其他,433.6887,470.3238,TMP00311954,,0,Other,10kV,,,False,0
TMP00311957,Other,其他,437.7764,470.3238,TMP00311957,,0,Other,10kV,,,False,0
TMP00311963,Other,其他,419.4838,484.0136,TMP00311963,,0,Other,10kV,,,False,0
TMP00311968,Other,其他,415.3961,484.0136,TMP00311968,,0,Other,10kV,,,False,0
TMP00311974,Other,其他,475.0289,489.086,TMP00311974,,0,Other,10kV,,,False,0
TMP00311977,Other,其他,479.1166,489.086,TMP00311977,,0,Other,10kV,,,False,0
TMP00311993,Other,其他,462.9013,503.5572,TMP00311993,,0,Other,10kV,,,False,0
TMP00311996,Other,其他,466.9891,503.5572,TMP00311996,,0,Other,10kV,,,False,0
TMP00312795,Other,其他,410.5216,533.6791,TMP00312795,,0,Other,10kV,,,False,0
TMP00312796,Other,其他,411.1032,533.6791,TMP00312796,,0,Other,10kV,,,False,0
TMP00312797,Other,其他,413.5832,533.6697,TMP00312797,,0,Other,10kV,,,False,0
TMP00312798,Other,其他,414.3385,533.1811,TMP00312798,,0,Other,10kV,,,False,0
TMP00312799,Other,其他,411.4927,533.6704,TMP00312799,,0,Other,10kV,,,False,0
TMP00312800,Other,其他,412.0743,533.6704,TMP00312800,,0,Other,10kV,,,False,0
TMP00312801,Other,其他,412.6559,533.6704,TMP00312801,,0,Other,10kV,,,False,0
TMP00312802,Other,其他,414.9536,533.6878,TMP00312802,,0,Other,10kV,,,False,0
TMP00312803,Other,其他,414.3134,533.1811,TMP00312803,,0,Other,10kV,,,False,0
TMP00312023,Other,其他,369.1866,554.0438,TMP00312023,,0,Other,10kV,,,False,0
TMP00312028,Other,其他,365.0988,554.0438,TMP00312028,,0,Other,10kV,,,False,0
TMP00312032,Other,其他,412.7863,549.3577,TMP00312032,,0,Other,10kV,,,False,0
TMP00312039,Other,其他,408.6986,549.3577,TMP00312039,,0,Other,10kV,,,False,0
TMP00312045,Other,其他,412.5439,565.5409,TMP00312045,,0,Other,10kV,,,False,0
TMP00312048,Other,其他,416.6316,565.5409,TMP00312048,,0,Other,10kV,,,False,0
TMP00312056,Other,其他,421.3502,550.1323,TMP00312056,,0,Other,10kV,,,False,0
TMP00312061,Other,其他,427.1909,550.1323,TMP00312061,,0,Other,10kV,,,False,0
TMP00312067,Other,其他,506.0831,519.1673,TMP00312067,,0,Other,10kV,,,False,0
TMP00312074,Other,其他,511.9238,519.1673,TMP00312074,,0,Other,10kV,,,False,0
TMP00312080,Other,其他,452.3884,486.4326,TMP00312080,,0,Other,10kV,,,False,0
TMP00312085,Other,其他,456.4761,486.4326,TMP00312085,,0,Other,10kV,,,False,0
TMP00312094,Other,其他,371.9291,519.5756,TMP00312094,,0,Other,10kV,,,False,0
TMP00312096,Other,其他,371.9291,520.1423,TMP00312096,,0,Other,10kV,,,False,0
TMP00312148,Other,其他,359.8706,524.062,TMP00312148,,0,Other,10kV,,,False,0
TMP00312156,Other,其他,363.9583,524.062,TMP00312156,,0,Other,10kV,,,False,0
TMP00312169,Other,其他,333.2144,499.0643,TMP00312169,,0,Other,10kV,,,False,0
TMP00312172,Other,其他,337.3021,499.0643,TMP00312172,,0,Other,10kV,,,False,0
TMP00312183,Other,其他,365.1996,494.6229,TMP00312183,,0,Other,10kV,,,False,0
TMP00312186,Other,其他,369.2873,494.6229,TMP00312186,,0,Other,10kV,,,False,0
TMP00312197,Other,其他,380.4845,486.3505,TMP00312197,,0,Other,10kV,,,False,0
TMP00312202,Other,其他,384.5723,486.3505,TMP00312202,,0,Other,10kV,,,False,0
TMP00312211,Other,其他,387.478,497.7374,TMP00312211,,0,Other,10kV,,,False,0
TMP00312216,Other,其他,391.5657,497.7374,TMP00312216,,0,Other,10kV,,,False,0
TMP00312225,Other,其他,389.2071,537.0578,TMP00312225,,0,Other,10kV,,,False,0
TMP00312230,Other,其他,393.2948,537.0578,TMP00312230,,0,Other,10kV,,,False,0
TMP00312239,Other,其他,436.7415,493.5341,TMP00312239,,0,Other,10kV,,,False,0
TMP00312244,Other,其他,432.6538,493.5341,TMP00312244,,0,Other,10kV,,,False,0
TMP00312299,Other,其他,488.0005,474.9634,TMP00312299,,0,Other,10kV,,,False,0
TMP00312304,Other,其他,491.4413,474.9634,TMP00312304,,0,Other,10kV,,,False,0
TMP00312316,Other,其他,525.404,453.4854,TMP00312316,,0,Other,10kV,,,False,0
TMP00312319,Other,其他,529.4917,453.4854,TMP00312319,,0,Other,10kV,,,False,0
TMP00312352,Other,其他,508.3041,421.2629,TMP00312352,,0,Other,10kV,,,False,0
TMP00312353,Other,其他,508.6888,421.2629,TMP00312353,,0,Other,10kV,,,False,0
TMP00312456,Other,其他,409.6975,513.2862,TMP00312456,,0,Other,10kV,,,False,0
TMP00312499,Other,其他,471.3494,546.33,TMP00312499,,0,Other,10kV,,,False,0
TMP00312504,Other,其他,475.9357,546.33,TMP00312504,,0,Other,10kV,,,False,0
TMP00312513,Other,其他,484.0888,498.8775,TMP00312513,,0,Other,10kV,,,False,0
TMP00312804,Other,其他,488.1766,498.8775,TMP00312804,,0,Other,10kV,,,False,0
TMP00312525,Other,其他,468.5072,497.5832,TMP00312525,,0,Other,10kV,,,False,0
TMP00312805,Other,其他,472.5949,497.5832,TMP00312805,,0,Other,10kV,,,False,0
TMP00312562,Other,其他,380.6373,559.3335,TMP00312562,,0,Other,10kV,,,False,0
TMP00131796,RemoteUnit,故障指示器,432.9662,484.7065,TMP00131796,故障指示器006,0811003,RemoteUnit,10kV,,,False,1
TMP00131794,RemoteUnit,故障指示器,442.8193,499.5661,TMP00131794,故障指示器005,0811003,RemoteUnit,10kV,,,False,1
TMP00131784,RemoteUnit,故障指示器,442.8193,510.7362,TMP00131784,故障指示器004,0811003,RemoteUnit,10kV,,,False,1
TMP00046306,Junction,接头,339.2237,508.3373,TMP00046306,TMP00131373#环网箱102－LINE215_线LINE365_4#环网箱101种号最间接头,0203,Junction,10kV,,,True,0
TMP00046305,Junction,接头,359.3286,508.3373,TMP00046305,TMP00131371#环网箱102－LINE215_线LINE365_5#环网箱101种号最间接头,0203,Junction,10kV,,,True,0
TMP00046304,Junction,接头,375.2497,528.8642,TMP00046304,00000电站102-假社员教SUB020_开关站101种号最间接头,0203,Junction,10kV,,,True,0
TMP00046303,Junction,接头,375.2497,534.8337,TMP00046303,00000电站102-假社员教SUB020_开关站101,0203,Junction,10kV,,,True,0
TMP00046302,Junction,接头,303.701,508.3373,TMP00046302,TMP00131373,0202,Junction,10kV,,,True,0
TMP00046301,Junction,接头,309.0458,508.0053,TMP00046301,TMP00131370#环网箱101,0202,Junction,10kV,,,True,0
TMP00046300,Junction,接头,312.8704,508.0053,TMP00046300,00000网箱104,0202,Junction,10kV,,,True,0
TMP00046299,Junction,接头,317.4055,499.2785,TMP00046299,TMP00131370#箱变,0202,Junction,10kV,,,True,0
TMP00046298,Junction,接头,314.7828,508.0053,TMP00046298,00000网箱102,0202,Junction,10kV,,,True,0
TMP00046297,Junction,接头,324.202,508.0053,TMP00046297,TMP00131373#环网箱101,0202,Junction,10kV,,,True,0
TMP00046296,Junction,接头,326.1143,508.0053,TMP00046296,TMP00131373#环网箱103,0202,Junction,10kV,,,True,0
TMP00046295,Junction,接头,326.0614,521.5752,TMP00046295,TMP00131374#箱变,0202,Junction,10kV,,,True,0
TMP00046294,Junction,接头,329.939,508.0053,TMP00046294,TMP00131373#环网箱102,0202,Junction,10kV,,,True,0
TMP00046293,Junction,接头,348.5084,508.0053,TMP00046293,TMP00131371#环网箱101,0202,Junction,10kV,,,True,0
TMP00046292,Junction,接头,350.4207,508.0053,TMP00046292,TMP00131371#环网箱103,0202,Junction,10kV,,,True,0
TMP00046291,Junction,接头,345.5487,498.9618,TMP00046291,00000败支1#,0202,Junction,10kV,,,True,0
TMP00046290,Junction,接头,345.1706,486.1909,TMP00046290,TMP00131373#,0202,Junction,10kV,,,True,0
TMP00046289,Junction,接头,345.1706,479.0153,TMP00046289,00000饭开关站101,0202,Junction,10kV,,,True,0
TMP00046288,Junction,接头,343.0533,468.7942,TMP00046288,00000终端头511028,0202,Junction,10kV,,,True,0
TMP00046287,Junction,接头,347.0479,468.7942,TMP00046287,00000终端头584386,0202,Junction,10kV,,,True,0
TMP00046286,Junction,接头,348.5323,455.4199,TMP00046286,00000终端头584387,0202,Junction,10kV,,,True,0
TMP00046285,Junction,接头,352.3331,508.0053,TMP00046285,00000饭开关站104,0202,Junction,10kV,,,True,0
TMP00046284,Junction,接头,354.2454,508.0053,TMP00046284,TMP00131371#环网箱102,0202,Junction,10kV,,,True,0
TMP00046283,Junction,接头,364.4118,508.0053,TMP00046283,TMP00131372#环网箱101,0202,Junction,10kV,,,True,0
TMP00046282,Junction,接头,370.1488,508.0053,TMP00046282,TMP00131372#环网箱102,0202,Junction,10kV,,,True,0
TMP00046281,Junction,接头,379.568,508.0053,TMP00046281,TMP00131368#环网箱101,0202,Junction,10kV,,,True,0
TMP00046280,Junction,接头,398.7378,508.0053,TMP00046280,TMP00131366#环网箱103,0202,Junction,10kV,,,True,0
TMP00046279,Junction,接头,398.6434,521.1079,TMP00046279,00000明1#争101,0202,Junction,10kV,,,True,0
TMP00046278,Junction,接头,407.9421,521.9204,TMP00046278,00000明1#争102,0202,Junction,10kV,,,True,0
TMP00046277,Junction,接头,409.316,535.8356,TMP00046277,00000明2#争101,0202,Junction,10kV,,,True,0
TMP00046276,Junction,接头,402.4659,508.0053,TMP00046276,TMP00131366#环网箱102,0202,Junction,10kV,,,True,0
TMP00046275,Junction,接头,407.891,508.3373,TMP00046275,00000争1#,0202,Junction,10kV,,,True,0
TMP00046274,Junction,接头,508.4165,492.0731,TMP00046274,00000示分4#,0202,Junction,10kV,,,True,0
TMP00046273,Junction,接头,496.7853,491.5979,TMP00046273,00000终端头,0202,Junction,10kV,,,True,0
TMP00046272,Junction,接头,484.3406,491.741,TMP00046272,00000终端头203162,0202,Junction,10kV,,,True,0
TMP00046271,Junction,接头,510.7409,508.3373,TMP00046271,00000#,0202,Junction,10kV,,,True,0
TMP00046270,Junction,接头,517.9648,508.0053,TMP00046270,00000SUB020_开关站101,0202,Junction,10kV,,,True,0
TMP00046269,Junction,接头,528.135,508.3373,TMP00046269,TMP00312844,0202,Junction,10kV,,,True,0
TMP00046268,Junction,接头,532.2525,508.0053,TMP00046268,TMP00312846,0202,Junction,10kV,,,True,0
TMP00046267,Junction,接头,519.8285,556.7045,TMP00046267,00000SUB020_开关站102,0202,Junction,10kV,,,True,0
TMP00046266,Junction,接头,516.8322,556.7045,TMP00046266,00000#,0202,Junction,10kV,,,True,0
TMP00046265,Junction,接头,365.1455,556.656,TMP00046265,00000终端头463511,0202,Junction,10kV,,,True,0
TMP00046264,Junction,接头,392.0892,572.7031,TMP00046264,00000终端头506352,0202,Junction,10kV,,,True,0
TMP00046263,Junction,接头,409.0822,553.2997,TMP00046263,TMP00312852,0202,Junction,10kV,,,True,0
TMP00046262,Junction,接头,408.7453,551.4191,TMP00046262,TMP00312854,0202,Junction,10kV,,,True,0
TMP00046261,Junction,接头,412.5904,568.9476,TMP00046261,00000终端头463831,0202,Junction,10kV,,,True,0
TMP00046260,Junction,接头,421.4004,552.3197,TMP00046260,00000终端头506402,0202,Junction,10kV,,,True,0
TMP00046259,Junction,接头,428.1806,567.9942,TMP00046259,00000终端头477979,0202,Junction,10kV,,,True,0
TMP00046258,Junction,接头,445.265,554.1593,TMP00046258,00000终端头586637,0202,Junction,10kV,,,True,0
TMP00046257,Junction,接头,456.3026,568.4892,TMP00046257,00000终端头506645,0202,Junction,10kV,,,True,0
TMP00046256,Junction,接头,461.0477,552.3197,TMP00046256,00000终端头463712,0202,Junction,10kV,,,True,0
TMP00046255,Junction,接头,493.556,550.1079,TMP00046255,00000终端头203462,0202,Junction,10kV,,,True,0
TMP00046254,Junction,接头,506.1333,522.1945,TMP00046254,00000终端头573745,0202,Junction,10kV,,,True,0
TMP00046253,Junction,接头,444.2763,451.4462,TMP00046253,00000终端头506259,0202,Junction,10kV,,,True,0
TMP00046252,Junction,接头,434.4748,455.9141,TMP00046252,00000终端头203403,0202,Junction,10kV,,,True,0
TMP00046251,Junction,接头,450.6895,461.134,TMP00046251,00000终端头463823,0202,Junction,10kV,,,True,0
TMP00046250,Junction,接头,434.1676,465.049,TMP00046250,00000终端头506182,0202,Junction,10kV,,,True,0
TMP00046249,Junction,接头,451.7633,470.4848,TMP00046249,火育象,0202,Junction,10kV,,,True,0
TMP00046248,Junction,接头,456.2609,470.1527,TMP00046248,火育象,0202,Junction,10kV,,,True,0
TMP00046247,Junction,接头,433.7353,472.936,TMP00046247,00000终端头573374,0202,Junction,10kV,,,True,0
TMP00046246,Junction,接头,415.4427,486.0749,TMP00046246,00000终端头506277,0202,Junction,10kV,,,True,0
TMP00046245,Junction,接头,475.0755,492.1317,TMP00046245,00000终端头479512,0202,Junction,10kV,,,True,0
TMP00046244,Junction,接头,464.3774,489.794,TMP00046244,00000支8#,0202,Junction,10kV,,,True,0
TMP00046243,Junction,接头,464.0404,483.3655,TMP00046243,00000配电站101,0202,Junction,10kV,,,True,0
TMP00046242,Junction,接头,462.948,507.3251,TMP00046242,00000终端头506070,0202,Junction,10kV,,,True,0
TMP00046241,Junction,接头,452.435,488.4939,TMP00046241,00000终端头573486,0202,Junction,10kV,,,True,0
TMP00046240,Junction,接头,425.901,503.2995,TMP00046240,TMP00312874,0202,Junction,10kV,,,True,0
TMP00046239,Junction,接头,425.6501,500.8211,TMP00046239,TMP00312876,0202,Junction,10kV,,,True,0
TMP00046238,Junction,接头,366.3241,508.0053,TMP00046238,TMP00131372#环网箱103,0202,Junction,10kV,,,True,0
TMP00046237,Junction,接头,366.445,522.2846,TMP00046237,00000员教争101,0202,Junction,10kV,,,True,0
TMP00046236,Junction,接头,375.655,522.8946,TMP00046236,00000电站102,0202,Junction,10kV,,,True,0
TMP00046235,Junction,接头,377.03,537.9808,TMP00046235,00000饭开关站101,0202,Junction,10kV,,,True,0
TMP00046234,Junction,接头,368.2364,508.0053,TMP00046234,00000饭开关站104,0202,Junction,10kV,,,True,0
TMP00046233,Junction,接头,372.7304,497.7842,TMP00046233,00000关站101,0202,Junction,10kV,,,True,0
TMP00311352,Junction,接头,303.2859,508.3373,TMP00311352,,32TMP00132954,Junction,10kV,,,True,0
TMP00311534,Junction,接头,310.9413,506.6466,TMP00311534,,32TMP00132954,Junction,10kV,,,True,0
TMP00311358,Junction,接头,312.8872,506.6466,TMP00311358,,32TMP00132954,Junction,10kV,,,True,0
TMP00311364,Junction,接头,314.833,506.6466,TMP00311364,,32TMP00132954,Junction,10kV,,,True,0
TMP00311355,Junction,接头,308.9956,506.6466,TMP00311355,,32TMP00132954,Junction,10kV,,,True,0
TMP00311367,Junction,接头,324.1518,506.6466,TMP00311367,,32TMP00132954,Junction,10kV,,,True,0
TMP00311611,Junction,接头,328.0434,506.6466,TMP00311611,,32TMP00132954,Junction,10kV,,,True,0
TMP00311376,Junction,接头,329.9892,506.6466,TMP00311376,,32TMP00132954,Junction,10kV,,,True,0
TMP00311370,Junction,接头,326.0976,506.6466,TMP00311370,,32TMP00132954,Junction,10kV,,,True,0
TMP00311379,Junction,接头,348.4582,506.6466,TMP00311379,,32TMP00132954,Junction,10kV,,,True,0
TMP00311397,Junction,接头,352.3498,506.6466,TMP00311397,,32TMP00132954,Junction,10kV,,,True,0
TMP00311382,Junction,接头,350.404,506.6466,TMP00311382,,32TMP00132954,Junction,10kV,,,True,0
TMP00311400,Junction,接头,354.2956,506.6466,TMP00311400,,32TMP00132954,Junction,10kV,,,True,0
TMP00311385,Junction,接头,345.1204,477.6566,TMP00311385,,32TMP00132954,Junction,10kV,,,True,0
TMP00311636,Junction,接头,347.0662,477.6566,TMP00311636,,32TMP00132954,Junction,10kV,,,True,0
TMP00311640,Junction,接头,349.012,477.6566,TMP00311640,,32TMP00132954,Junction,10kV,,,True,0
TMP00311643,Junction,接头,350.9578,477.6566,TMP00311643,,32TMP00132954,Junction,10kV,,,True,0
TMP00311528,Junction,接头,368.2532,506.6466,TMP00311528,,32TMP00132954,Junction,10kV,,,True,0
TMP00311406,Junction,接头,370.199,506.6466,TMP00311406,,32TMP00132954,Junction,10kV,,,True,0
TMP00311516,Junction,接头,366.3074,506.6466,TMP00311516,,32TMP00132954,Junction,10kV,,,True,0
TMP00311403,Junction,接头,364.3616,506.6466,TMP00311403,,32TMP00132954,Junction,10kV,,,True,0
TMP00311658,Junction,接头,381.4636,506.6466,TMP00311658,,32TMP00132954,Junction,10kV,,,True,0
TMP00311664,Junction,接头,385.3552,506.6466,TMP00311664,,32TMP00132954,Junction,10kV,,,True,0
TMP00311670,Junction,接头,383.4094,506.6466,TMP00311670,,32TMP00132954,Junction,10kV,,,True,0
TMP00311409,Junction,接头,379.5179,506.6466,TMP00311409,,32TMP00132954,Junction,10kV,,,True,0
TMP00311683,Junction,接头,396.8477,504.6716,TMP00311683,,32TMP00132954,Junction,10kV,,,True,0
TMP00311692,Junction,接头,400.6279,506.3727,TMP00311692,,32TMP00132954,Junction,10kV,,,True,0
TMP00311424,Junction,接头,402.5181,504.6716,TMP00311424,,32TMP00132954,Junction,10kV,,,True,0
TMP00311412,Junction,接头,398.7378,506.3727,TMP00311412,,32TMP00132954,Junction,10kV,,,True,0
TMP00311427,Junction,接头,496.7438,488.8843,TMP00311427,,32TMP00132954,Junction,10kV,,,True,0
TMP00311722,Junction,接头,498.6337,488.8843,TMP00311722,,32TMP00132954,Junction,10kV,,,True,0
TMP00311729,Junction,接头,500.5236,490.5851,TMP00311729,,32TMP00132954,Junction,10kV,,,True,0
TMP00311736,Junction,接头,502.4135,490.5851,TMP00311736,,32TMP00132954,Junction,10kV,,,True,0
TMP00311436,Junction,接头,521.7185,506.8494,TMP00311436,,32TMP00132954,Junction,10kV,,,True,0
TMP00311747,Junction,接头,523.6083,506.8494,TMP00311747,,32TMP00132954,Junction,10kV,,,True,0
TMP00311433,Junction,接头,517.9387,505.1485,TMP00311433,,32TMP00132954,Junction,10kV,,,True,0
TMP00311442,Junction,接头,519.8286,505.1485,TMP00311442,,32TMP00132954,Junction,10kV,,,True,0
TMP00311525,Junction,接头,376.9798,536.6221,TMP00311525,,32TMP00132954,Junction,10kV,,,True,0
TMP00311762,Junction,接头,378.9256,536.6221,TMP00311762,,32TMP00132954,Junction,10kV,,,True,0
TMP00311766,Junction,接头,380.8714,536.6221,TMP00311766,,32TMP00132954,Junction,10kV,,,True,0
TMP00311770,Junction,接头,382.8172,536.6221,TMP00311770,,32TMP00132954,Junction,10kV,,,True,0
TMP00311773,Junction,接头,376.5718,496.4256,TMP00311773,,32TMP00132954,Junction,10kV,,,True,0
TMP00311531,Junction,接头,372.6802,496.4256,TMP00311531,,32TMP00132954,Junction,10kV,,,True,0
TMP00311778,Junction,接头,374.626,496.4256,TMP00311778,,32TMP00132954,Junction,10kV,,,True,0
TMP00311782,Junction,接头,378.5175,496.4256,TMP00311782,,32TMP00132954,Junction,10kV,,,True,0
TMP00311361,Junction,接头,317.3589,497.2172,TMP00311361,,32TMP00132954,Junction,10kV,,,True,0
TMP00311786,Junction,接头,321.4466,497.2172,TMP00311786,,32TMP00132954,Junction,10kV,,,True,0
TMP00311373,Junction,接头,328.0152,519.5655,TMP00311373,,32TMP00132954,Junction,10kV,,,True,0
TMP00311794,Junction,接头,332.1029,519.5655,TMP00311794,,32TMP00132954,Junction,10kV,,,True,0
TMP00311388,Junction,接头,343.0067,465.0617,TMP00311388,,32TMP00132954,Junction,10kV,,,True,0
TMP00311391,Junction,接头,347.0945,465.0617,TMP00311391,,32TMP00132954,Junction,10kV,,,True,0
TMP00311809,Junction,接头,352.5734,451.7595,TMP00311809,,32TMP00132954,Junction,10kV,,,True,0
TMP00311394,Junction,接头,348.4857,451.7595,TMP00311394,,32TMP00132954,Junction,10kV,,,True,0
TMP00311430,Junction,接头,484.294,490.2928,TMP00311430,,32TMP00132954,Junction,10kV,,,True,0
TMP00311825,Junction,接头,488.3817,490.2928,TMP00311825,,32TMP00132954,Junction,10kV,,,True,0
TMP00311439,Junction,接头,532.1093,504.5732,TMP00311439,,32TMP00132954,Junction,10kV,,,True,0
TMP00311832,Junction,接头,536.1971,504.5732,TMP00311832,,32TMP00132954,Junction,10kV,,,True,0
TMP00311448,Junction,接头,392.0426,569.9818,TMP00311448,,32TMP00132954,Junction,10kV,,,True,0
TMP00311843,Junction,接头,396.1304,569.9818,TMP00311843,,32TMP00132954,Junction,10kV,,,True,0
TMP00311460,Junction,接头,428.134,565.9951,TMP00311460,,32TMP00132954,Junction,10kV,,,True,0
TMP00311854,Junction,接头,432.2217,565.9951,TMP00311854,,32TMP00132954,Junction,10kV,,,True,0
TMP00311463,Junction,接头,445.2183,551.4379,TMP00311463,,32TMP00132954,Junction,10kV,,,True,0
TMP00311867,Junction,接头,449.3061,551.4379,TMP00311867,,32TMP00132954,Junction,10kV,,,True,0
TMP00311466,Junction,接头,456.256,566.4902,TMP00311466,,32TMP00132954,Junction,10kV,,,True,0
TMP00311878,Junction,接头,460.3437,566.4902,TMP00311878,,32TMP00132954,Junction,10kV,,,True,0
TMP00311469,Junction,接头,461.0011,550.3207,TMP00311469,,32TMP00132954,Junction,10kV,,,True,0
TMP00311887,Junction,接头,465.0888,550.3207,TMP00311887,,32TMP00132954,Junction,10kV,,,True,0
TMP00311472,Junction,接头,491.9932,547.7476,TMP00311472,,32TMP00132954,Junction,10kV,,,True,0
TMP00311900,Junction,接头,496.0809,547.7476,TMP00311900,,32TMP00132954,Junction,10kV,,,True,0
TMP00311478,Junction,接头,444.2297,448.7249,TMP00311478,,32TMP00132954,Junction,10kV,,,True,0
TMP00311911,Junction,接头,448.3174,448.7249,TMP00311911,,32TMP00132954,Junction,10kV,,,True,0
TMP00311481,Junction,接头,434.4281,454.2762,TMP00311481,,32TMP00132954,Junction,10kV,,,True,0
TMP00311920,Junction,接头,438.5159,454.2762,TMP00311920,,32TMP00132954,Junction,10kV,,,True,0
TMP00311484,Junction,接头,450.6373,457.4422,TMP00311484,,32TMP00132954,Junction,10kV,,,True,0
TMP00311937,Junction,接头,458.1923,457.4422,TMP00311937,,32TMP00132954,Junction,10kV,,,True,0
TMP00311487,Junction,接头,434.121,461.9665,TMP00311487,,32TMP00132954,Junction,10kV,,,True,0
TMP00311946,Junction,接头,438.2088,461.9665,TMP00311946,,32TMP00132954,Junction,10kV,,,True,0
TMP00311492,Junction,接头,456.225,468.3385,TMP00311492,,32TMP00132954,Junction,10kV,,,True,0
TMP00311495,Junction,接头,433.6887,470.937,TMP00311495,,32TMP00132954,Junction,10kV,,,True,0
TMP00311959,Junction,接头,437.7764,470.937,TMP00311959,,32TMP00132954,Junction,10kV,,,True,0
TMP00311965,Junction,接头,419.4838,484.6267,TMP00311965,,32TMP00132954,Junction,10kV,,,True,0
TMP00311498,Junction,接头,415.3961,484.6267,TMP00311498,,32TMP00132954,Junction,10kV,,,True,0
TMP00311501,Junction,接头,475.0289,489.6992,TMP00311501,,32TMP00132954,Junction,10kV,,,True,0
TMP00311979,Junction,接头,479.1166,489.6992,TMP00311979,,32TMP00132954,Junction,10kV,,,True,0
TMP00311504,Junction,接头,463.9938,481.3041,TMP00311504,,32TMP00132954,Junction,10kV,,,True,0
TMP00311987,Junction,接头,468.0815,481.3041,TMP00311987,,32TMP00132954,Junction,10kV,,,True,0
TMP00311507,Junction,接头,462.9013,504.1704,TMP00311507,,32TMP00132954,Junction,10kV,,,True,0
TMP00311998,Junction,接头,466.9891,504.1704,TMP00311998,,32TMP00132954,Junction,10kV,,,True,0
TMP00311513,Junction,接头,425.6204,498.4398,TMP00311513,,32TMP00132954,Junction,10kV,,,True,0
TMP00311418,Junction,接头,407.9942,518.1676,TMP00311418,,32TMP00132954,Junction,10kV,,,True,0
TMP00311415,Junction,接头,400.4393,518.1676,TMP00311415,,32TMP00132954,Junction,10kV,,,True,0
TMP00312012,Junction,接头,413.9764,531.3206,TMP00312012,,32TMP00132954,Junction,10kV,,,True,0
TMP00311421,Junction,接头,410.0689,531.3206,TMP00311421,,32TMP00132954,Junction,10kV,,,True,0
TMP00312025,Junction,接头,369.1866,554.657,TMP00312025,,32TMP00132954,Junction,10kV,,,True,0
TMP00311445,Junction,接头,365.0988,554.657,TMP00311445,,32TMP00132954,Junction,10kV,,,True,0
TMP00312034,Junction,接头,412.7863,549.9709,TMP00312034,,32TMP00132954,Junction,10kV,,,True,0
TMP00311451,Junction,接头,408.6986,549.9709,TMP00311451,,32TMP00132954,Junction,10kV,,,True,0
TMP00311454,Junction,接头,412.5439,566.1541,TMP00311454,,32TMP00132954,Junction,10kV,,,True,0
TMP00312050,Junction,接头,416.6316,566.1541,TMP00312050,,32TMP00132954,Junction,10kV,,,True,0
TMP00311457,Junction,接头,421.3502,550.7164,TMP00311457,,32TMP00132954,Junction,10kV,,,True,0
TMP00312063,Junction,接头,427.1909,550.7164,TMP00312063,,32TMP00132954,Junction,10kV,,,True,0
TMP00311475,Junction,接头,506.0831,519.7514,TMP00311475,,32TMP00132954,Junction,10kV,,,True,0
TMP00312076,Junction,接头,511.9238,519.7514,TMP00312076,,32TMP00132954,Junction,10kV,,,True,0
TMP00311510,Junction,接头,452.3884,487.0458,TMP00311510,,32TMP00132954,Junction,10kV,,,True,0
TMP00312087,Junction,接头,456.4761,487.0458,TMP00312087,,32TMP00132954,Junction,10kV,,,True,0
TMP00311519,Junction,接头,368.151,519.5756,TMP00311519,,32TMP00132954,Junction,10kV,,,True,0
TMP00311522,Junction,接头,375.7071,519.5756,TMP00311522,,32TMP00132954,Junction,10kV,,,True,0
TMP00312098,Junction,接头,371.9291,520.7089,TMP00312098,,32TMP00132954,Junction,10kV,,,True,0
TMP00312150,Junction,接头,359.8706,524.6752,TMP00312150,,32TMP00132954,Junction,10kV,,,True,0
TMP00312158,Junction,接头,363.9583,524.6752,TMP00312158,,32TMP00132954,Junction,10kV,,,True,0
TMP00046232,Junction,接头,357.812,522.6409,TMP00046232,00000终端头922060,0202,Junction,10kV,,,True,0
TMP00046231,Junction,接头,357.812,525.953,TMP00046231,00000终端头918510,0202,Junction,10kV,,,True,0
TMP00046230,Junction,接头,396.6573,509.0075,TMP00046230,00000终端头957286,0202,Junction,10kV,,,True,0
TMP00046229,Junction,接头,385.2525,508.9465,TMP00046229,00000终端头988037,0202,Junction,10kV,,,True,0
TMP00046228,Junction,接头,333.261,501.1257,TMP00046228,00000终端头466820,0202,Junction,10kV,,,True,0
TMP00312164,Junction,接头,333.2144,499.6775,TMP00312164,,32TMP00132954,Junction,10kV,,,True,0
TMP00312174,Junction,接头,337.3021,499.6775,TMP00312174,,32TMP00132954,Junction,10kV,,,True,0
TMP00046227,Junction,接头,365.2463,499.1131,TMP00046227,00000终端头198672,0202,Junction,10kV,,,True,0
TMP00312178,Junction,接头,365.1996,495.2361,TMP00312178,,32TMP00132954,Junction,10kV,,,True,0
TMP00312188,Junction,接头,369.2873,495.2361,TMP00312188,,32TMP00132954,Junction,10kV,,,True,0
TMP00046226,Junction,接头,380.5312,490.8407,TMP00046226,00000终端头506362,0202,Junction,10kV,,,True,0
TMP00312192,Junction,接头,380.4845,486.9637,TMP00312192,,32TMP00132954,Junction,10kV,,,True,0
TMP00312204,Junction,接头,384.5723,486.9637,TMP00312204,,32TMP00132954,Junction,10kV,,,True,0
TMP00046225,Junction,接头,387.4684,503.6611,TMP00046225,00000终端头197689,0202,Junction,10kV,,,True,0
TMP00312206,Junction,接头,387.478,498.3506,TMP00312206,,32TMP00132954,Junction,10kV,,,True,0
TMP00312218,Junction,接头,391.5657,498.3506,TMP00312218,,32TMP00132954,Junction,10kV,,,True,0
TMP00046224,Junction,接头,389.2537,539.381,TMP00046224,00000终端头584398,0202,Junction,10kV,,,True,0
TMP00312220,Junction,接头,389.2071,537.671,TMP00312220,,32TMP00132954,Junction,10kV,,,True,0
TMP00312232,Junction,接头,393.2948,537.671,TMP00312232,,32TMP00132954,Junction,10kV,,,True,0
TMP00046223,Junction,接头,432.7005,495.5954,TMP00046223,00000终端头584578,0202,Junction,10kV,,,True,0
TMP00312241,Junction,接头,436.7415,494.1472,TMP00312241,,32TMP00132954,Junction,10kV,,,True,0
TMP00312234,Junction,接头,432.6538,494.1472,TMP00312234,,32TMP00132954,Junction,10kV,,,True,0
TMP00312250,Junction,接头,530.4949,513.9242,TMP00312250,,32TMP00132954,Junction,10kV,,,True,0
TMP00046222,Junction,接头,523.6825,513.2023,TMP00046222,00000终端头963363,0202,Junction,10kV,,,True,0
TMP00046221,Junction,接头,530.3499,517.4343,TMP00046221,00000终端头936663,0202,Junction,10kV,,,True,0
TMP00046220,Junction,接头,504.1802,484.5427,TMP00046220,00000示1#环网箱102－LINE215_线LINE231_示分5#种号最间接头,0203,Junction,10kV,,,True,0
TMP00046219,Junction,接头,504.1802,480.2504,TMP00046219,00000示1#环网箱102－LINE215_线LINE231_示分5#二号最间接头,0203,Junction,10kV,,,True,0
TMP00046218,Junction,接头,504.0867,428.5661,TMP00046218,TMP00131370#-LINE231_示2#SUB020_开关站101种号最间接头,0203,Junction,10kV,,,True,0
TMP00046217,Junction,接头,504.1802,477.3773,TMP00046217,00000示分5#,0202,Junction,10kV,,,True,0
TMP00046216,Junction,接头,504.0867,432.2163,TMP00046216,TMP00131370#,0202,Junction,10kV,,,True,0
TMP00046215,Junction,接头,509.6941,455.3191,TMP00046215,TMP00131374#,0202,Junction,10kV,,,True,0
TMP00046214,Junction,接头,512.9219,455.3191,TMP00046214,TMP00131373#,0202,Junction,10kV,,,True,0
TMP00046213,Junction,接头,523.1018,455.313,TMP00046213,00000终端头506373,0202,Junction,10kV,,,True,0
TMP00046212,Junction,接头,488.0387,478.7436,TMP00046212,00000终端头586691,0202,Junction,10kV,,,True,0
TMP00046211,Junction,接头,483.0883,466.5698,TMP00046211,00000示分6白4,0202,Junction,10kV,,,True,0
TMP00046210,Junction,接头,475.0134,466.2901,TMP00046210,00000明3#争101,0202,Junction,10kV,,,True,0
TMP00046209,Junction,接头,479.8484,466.2901,TMP00046209,00000明3#争102,0202,Junction,10kV,,,True,0
TMP00046208,Junction,接头,465.6688,466.2901,TMP00046208,00000电站101,0202,Junction,10kV,,,True,0
TMP00312275,Junction,接头,488.0005,475.4795,TMP00312275,,32TMP00132954,Junction,10kV,,,True,0
TMP00312306,Junction,接头,491.4413,475.4795,TMP00312306,,32TMP00132954,Junction,10kV,,,True,0
TMP00312284,Junction,接头,465.6306,464.5557,TMP00312284,,32TMP00132954,Junction,10kV,,,True,0
TMP00312312,Junction,接头,469.0714,464.5557,TMP00312312,,32TMP00132954,Junction,10kV,,,True,0
TMP00312272,Junction,接头,525.404,454.0986,TMP00312272,,32TMP00132954,Junction,10kV,,,True,0
TMP00312321,Junction,接头,529.4917,454.0986,TMP00312321,,32TMP00132954,Junction,10kV,,,True,0
TMP00312278,Junction,接头,474.9723,463.195,TMP00312278,,32TMP00132954,Junction,10kV,,,True,0
TMP00312281,Junction,接头,479.8893,463.195,TMP00312281,,32TMP00132954,Junction,10kV,,,True,0
TMP00046207,Junction,接头,504.1802,491.5314,TMP00046207,00000示1#环网箱102,0202,Junction,10kV,,,True,0
TMP00312339,Junction,接头,503.7965,419.1553,TMP00312339,,32TMP00132954,Junction,10kV,,,True,0
TMP00312343,Junction,接头,506.3996,419.1553,TMP00312343,,32TMP00132954,Junction,10kV,,,True,0
TMP00312347,Junction,接头,509.0027,419.1553,TMP00312347,,32TMP00132954,Junction,10kV,,,True,0
TMP00312350,Junction,接头,511.6059,419.1553,TMP00312350,,32TMP00132954,Junction,10kV,,,True,0
TMP00046206,Junction,接头,503.9763,423.1732,TMP00046206,00000SUB020_开关站101,0202,Junction,10kV,,,True,0
TMP00312362,Junction,接头,357.9613,517.451,TMP00312362,,32TMP00132954,Junction,10kV,,,True,0
TMP00312371,Junction,接头,354.3527,517.451,TMP00312371,,32TMP00132954,Junction,10kV,,,True,0
TMP00312378,Junction,接头,355.5556,517.451,TMP00312378,,32TMP00132954,Junction,10kV,,,True,0
TMP00312384,Junction,接头,356.7584,517.451,TMP00312384,,32TMP00132954,Junction,10kV,,,True,0
TMP00312391,Junction,接头,358.9978,517.4681,TMP00312391,,32TMP00132954,Junction,10kV,,,True,0
TMP00312396,Junction,接头,360.2006,517.4681,TMP00312396,,32TMP00132954,Junction,10kV,,,True,0
TMP00046205,Junction,接头,354.3692,519.7825,TMP00046205,TMP00131374#环网箱101,0202,Junction,10kV,,,True,0
TMP00046204,Junction,接头,328.726,509.8524,TMP00046204,00000终端头466819,0202,Junction,10kV,,,True,0
TMP00046203,Junction,接头,347.083,479.0153,TMP00046203,00000终端头510947,0202,Junction,10kV,,,True,0
TMP00046202,Junction,接头,377.1755,499.5675,TMP00046202,00000终端头506361,0202,Junction,10kV,,,True,0
TMP00046201,Junction,接头,374.5598,498.2574,TMP00046201,00000终端头198671,0202,Junction,10kV,,,True,0
TMP00046200,Junction,接头,521.4752,455.3281,TMP00046200,00000终端头506372,0202,Junction,10kV,,,True,0
TMP00046199,Junction,接头,486.5277,469.8563,TMP00046199,00000终端头586690,0202,Junction,10kV,,,True,0
TMP00046198,Junction,接头,500.5414,491.7911,TMP00046198,00000终端头203161,0202,Junction,10kV,,,True,0
TMP00046197,Junction,接头,426.4137,560.5741,TMP00046197,00000终端头506051,0202,Junction,10kV,,,True,0
TMP00046196,Junction,接头,421.7581,553.5524,TMP00046196,00000终端头506383,0202,Junction,10kV,,,True,0
TMP00046195,Junction,接头,410.8264,561.3222,TMP00046195,00000终端头463830,0202,Junction,10kV,,,True,0
TMP00046194,Junction,接头,371.4781,556.951,TMP00046194,00000终端头463510,0202,Junction,10kV,,,True,0
TMP00046193,Junction,接头,390.3577,564.1762,TMP00046193,00000终端头506351,0202,Junction,10kV,,,True,0
TMP00046192,Junction,接头,445.819,554.8973,TMP00046192,00000终端头586715,0202,Junction,10kV,,,True,0
TMP00046191,Junction,接头,454.5108,560.6596,TMP00046191,00000终端头506644,0202,Junction,10kV,,,True,0
TMP00046190,Junction,接头,493.8761,551.2785,TMP00046190,00000终端头506054,0202,Junction,10kV,,,True,0
TMP00046189,Junction,接头,504.2962,514.2205,TMP00046189,00000终端头573744,0202,Junction,10kV,,,True,0
TMP00046188,Junction,接头,440.3655,465.4668,TMP00046188,00000终端头506181,0202,Junction,10kV,,,True,0
TMP00046187,Junction,接头,444.6467,452.5699,TMP00046187,00000终端头506258,0202,Junction,10kV,,,True,0
TMP00046186,Junction,接头,441.3983,456.2077,TMP00046186,00000终端头203402,0202,Junction,10kV,,,True,0
TMP00046185,Junction,接头,448.1644,461.4235,TMP00046185,00000终端头463822,0202,Junction,10kV,,,True,0
TMP00046184,Junction,接头,436.2329,472.6352,TMP00046184,00000终端头573373,0202,Junction,10kV,,,True,0
TMP00046183,Junction,接头,430.5058,488.9751,TMP00046183,00000终端头584557,0202,Junction,10kV,,,True,0
TMP00046182,Junction,接头,421.7714,486.3539,TMP00046182,00000终端头506276,0202,Junction,10kV,,,True,0
TMP00046181,Junction,接头,472.1936,492.3862,TMP00046181,00000终端头479511,0202,Junction,10kV,,,True,0
TMP00046180,Junction,接头,461.3948,553.6201,TMP00046180,00000终端头463711,0202,Junction,10kV,,,True,0
TMP00046179,Junction,接头,461.1714,498.7779,TMP00046179,00000终端头506069,0202,Junction,10kV,,,True,0
TMP00046178,Junction,接头,452.761,489.8512,TMP00046178,00000终端头573485,0202,Junction,10kV,,,True,0
TMP00046177,Junction,接头,382.9333,512.3879,TMP00046177,00000终端头197688,0202,Junction,10kV,,,True,0
TMP00046176,Junction,接头,380.9868,539.381,TMP00046176,00000终端头584392,0202,Junction,10kV,,,True,0
TMP00312458,Junction,接头,409.6975,513.7432,TMP00312458,,32TMP00132954,Junction,10kV,,,True,0
TMP00046175,Junction,接头,400.6598,514.5067,TMP00046175,00000终端头921423,0202,Junction,10kV,,,True,0
TMP00046174,Junction,接头,409.6134,514.7739,TMP00046174,00000终端头924542,0202,Junction,10kV,,,True,0
TMP00312466,Junction,接头,373.4329,544.4551,TMP00312466,,32TMP00132954,Junction,10kV,,,True,0
TMP00046173,Junction,接头,377.8722,546.7242,TMP00046173,00000终端头906632,0202,Junction,10kV,,,True,0
TMP00046172,Junction,接头,378.4965,540.2505,TMP00046172,00000终端头965085,0202,Junction,10kV,,,True,0
TMP00046171,Junction,接头,381.5381,508.1231,TMP00046171,00000终端头958070,0202,Junction,10kV,,,True,0
TMP00312479,Junction,接头,377.3635,512.5064,TMP00312479,,32TMP00132954,Junction,10kV,,,True,0
TMP00312482,Junction,接头,378.3556,512.5064,TMP00312482,,32TMP00132954,Junction,10kV,,,True,0
TMP00046170,Junction,接头,381.2989,513.4667,TMP00046170,00000终端头931877,0202,Junction,10kV,,,True,0
TMP00046169,Junction,接头,355.8997,519.7206,TMP00046169,00000终端头584452,0202,Junction,10kV,,,True,0
TMP00312487,Junction,接头,358.4967,531.0839,TMP00312487,,32TMP00132954,Junction,10kV,,,True,0
TMP00046168,Junction,接头,355.9079,533.8102,TMP00046168,00000终端头584470,0202,Junction,10kV,,,True,0
TMP00046167,Junction,接头,472.2659,548.9881,TMP00046167,TMP00312934,0202,Junction,10kV,,,True,0
TMP00312494,Junction,接头,471.3494,547.018,TMP00312494,,32TMP00132954,Junction,10kV,,,True,0
TMP00312506,Junction,接头,475.9357,547.018,TMP00312506,,32TMP00132954,Junction,10kV,,,True,0
TMP00046166,Junction,接头,472.8383,552.2573,TMP00046166,TMP00312936,0202,Junction,10kV,,,True,0
TMP00312515,Junction,接头,484.0888,499.4906,TMP00312515,,32TMP00132954,Junction,10kV,,,True,0
TMP00046165,Junction,接头,502.5781,493.9811,TMP00046165,00000终端头914654,0202,Junction,10kV,,,True,0
TMP00046164,Junction,接头,484.2166,501.948,TMP00046164,00000终端头917633,0202,Junction,10kV,,,True,0
TMP00312527,Junction,接头,468.5072,498.1964,TMP00312527,,32TMP00132954,Junction,10kV,,,True,0
TMP00046163,Junction,接头,465.9672,496.1594,TMP00046163,00000终端头931442,0202,Junction,10kV,,,True,0
TMP00046162,Junction,接头,468.4556,499.3497,TMP00046162,00000终端头940580,0202,Junction,10kV,,,True,0
TMP00312534,Junction,接头,379.1984,553.0684,TMP00312534,,32TMP00132954,Junction,10kV,,,True,0
TMP00312538,Junction,接头,377.6286,553.0535,TMP00312538,,32TMP00132954,Junction,10kV,,,True,0
TMP00312542,Junction,接头,376.0259,553.0758,TMP00312542,,32TMP00132954,Junction,10kV,,,True,0
TMP00312553,Junction,接头,380.691,553.047,TMP00312553,,32TMP00132954,Junction,10kV,,,True,0
TMP00046161,Junction,接头,376.1201,554.524,TMP00046161,00000SUB020_开关站101开关,0202,Junction,10kV,,,True,0
TMP00046160,Junction,接头,376.1452,556.7497,TMP00046160,00000败支74#,0202,Junction,10kV,,,True,0
TMP00046409,PowerTransformer,变压器,343.1413,493.6024,TMP00046409,配变2186,0110,PowerTransformer,10kV,,,False,1
TMP00046408,PowerTransformer,变压器,514.2821,499.3532,TMP00046408,配变2185,0110,PowerTransformer,10kV,,,False,1
TMP00046407,PowerTransformer,变压器,512.0732,496.7861,TMP00046407,配变2184,0110,PowerTransformer,10kV,,,False,1
TMP00046406,PowerTransformer,变压器,382.7285,562.3685,TMP00046406,配变2183,0110,PowerTransformer,10kV,,,False,1
TMP00046405,PowerTransformer,变压器,385.4383,561.133,TMP00046405,配变2182,0110,PowerTransformer,10kV,,,False,1
TMP00046404,PowerTransformer,变压器,388.408,551.0786,TMP00046404,配变2181,0110,PowerTransformer,10kV,,,False,1
TMP00046403,PowerTransformer,变压器,394.776,559.2976,TMP00046403,配变2180,0110,PowerTransformer,10kV,,,False,1
TMP00046402,PowerTransformer,变压器,398.3591,551.6392,TMP00046402,配变2179,0110,PowerTransformer,10kV,,,False,1
TMP00046401,PowerTransformer,变压器,399.1928,562.0764,TMP00046401,配变2178,0110,PowerTransformer,10kV,,,False,1
TMP00046400,PowerTransformer,变压器,403.839,559.8856,TMP00046400,配变2177,0110,PowerTransformer,10kV,,,False,1
TMP00046399,PowerTransformer,变压器,417.9509,545.9507,TMP00046399,配变2176,0110,PowerTransformer,10kV,,,False,1
TMP00046398,PowerTransformer,变压器,420.2662,561.6526,TMP00046398,配变2175,0110,PowerTransformer,10kV,,,False,1
TMP00046397,PowerTransformer,变压器,436.0971,550.6841,TMP00046397,配变2174,0110,PowerTransformer,10kV,,,False,1
TMP00046396,PowerTransformer,变压器,443.4937,561.1897,TMP00046396,配变2173,0110,PowerTransformer,10kV,,,False,1
TMP00046395,PowerTransformer,变压器,452.3032,561.1897,TMP00046395,配变2172,0110,PowerTransformer,10kV,,,False,1
TMP00046394,PowerTransformer,变压器,453.5547,554.2971,TMP00046394,配变2171,0110,PowerTransformer,10kV,,,False,1
TMP00046393,PowerTransformer,变压器,463.9016,559.1119,TMP00046393,配变2170,0110,PowerTransformer,10kV,,,False,1
TMP00046392,PowerTransformer,变压器,469.4519,564.8347,TMP00046392,配变2169,0110,PowerTransformer,10kV,,,False,1
TMP00046391,PowerTransformer,变压器,474.1444,559.8023,TMP00046391,配变2168,0110,PowerTransformer,10kV,,,False,1
TMP00046390,PowerTransformer,变压器,478.7512,551.0186,TMP00046390,配变2167,0110,PowerTransformer,10kV,,,False,1
TMP00046389,PowerTransformer,变压器,478.7651,562.0544,TMP00046389,配变2166,0110,PowerTransformer,10kV,,,False,1
TMP00046388,PowerTransformer,变压器,483.0049,560.3903,TMP00046388,配变2165,0110,PowerTransformer,10kV,,,False,1
TMP00046387,PowerTransformer,变压器,488.0023,554.0289,TMP00046387,配变2164,0110,PowerTransformer,10kV,,,False,1
TMP00046386,PowerTransformer,变压器,437.1724,476.7078,TMP00046386,配变2163,0110,PowerTransformer,10kV,,,False,1
TMP00046385,PowerTransformer,变压器,441.6234,480.8237,TMP00046385,配变2162,0110,PowerTransformer,10kV,,,False,1
TMP00046384,PowerTransformer,变压器,427.5701,475.0731,TMP00046384,配变2161,0110,PowerTransformer,10kV,,,False,1
TMP00046383,PowerTransformer,变压器,466.4335,494.5569,TMP00046383,配变2160,0110,PowerTransformer,10kV,,,False,1
TMP00046382,PowerTransformer,变压器,455.4004,494.8813,TMP00046382,配变2159,0110,PowerTransformer,10kV,,,False,1
TMP00046381,PowerTransformer,变压器,447.1303,494.8711,TMP00046381,配变2158,0110,PowerTransformer,10kV,,,False,1
TMP00046380,PowerTransformer,变压器,419.6731,512.4079,TMP00046380,配变2157,0110,PowerTransformer,10kV,,,False,1
TMP00046379,PowerTransformer,变压器,413.934,503.1477,TMP00046379,配变2156,0110,PowerTransformer,10kV,,,False,1
TMP00046378,PowerTransformer,变压器,416.4764,502.3575,TMP00046378,配变2155,0110,PowerTransformer,10kV,,,False,1
TMP00046514,PowerTransformer,变压器,319.4027,497.7281,TMP00046514,配变2291,0302,PowerTransformer,10kV,,,False,1
TMP00046513,PowerTransformer,变压器,330.059,520.0764,TMP00046513,配变2290,0302,PowerTransformer,10kV,,,False,1
TMP00046528,PowerTransformer,变压器,345.0506,464.9595,TMP00046528,配变2305,0302,PowerTransformer,10kV,,,False,1
TMP00046527,PowerTransformer,变压器,350.5296,451.6573,TMP00046527,配变2304,0302,PowerTransformer,10kV,,,False,1
TMP00046510,PowerTransformer,变压器,486.3378,490.1906,TMP00046510,配变2287,0302,PowerTransformer,10kV,,,False,1
TMP00046520,PowerTransformer,变压器,534.1532,505.0842,TMP00046520,配变2297,0302,PowerTransformer,10kV,,,False,1
TMP00046488,PowerTransformer,变压器,394.0865,569.8796,TMP00046488,配变2265,0302,PowerTransformer,10kV,,,False,1
TMP00046500,PowerTransformer,变压器,430.1778,565.8929,TMP00046500,配变2277,0302,PowerTransformer,10kV,,,False,1
TMP00046501,PowerTransformer,变压器,431.2685,566.0975,TMP00046501,配变2278,0302,PowerTransformer,10kV,,,False,1
TMP00046526,PowerTransformer,变压器,447.2622,551.3357,TMP00046526,配变2303,0302,PowerTransformer,10kV,,,False,1
TMP00046487,PowerTransformer,变压器,458.2998,566.388,TMP00046487,配变2264,0302,PowerTransformer,10kV,,,False,1
TMP00046506,PowerTransformer,变压器,463.0449,550.2185,TMP00046506,配变2283,0302,PowerTransformer,10kV,,,False,1
TMP00046508,PowerTransformer,变压器,494.037,547.6454,TMP00046508,配变2285,0302,PowerTransformer,10kV,,,False,1
TMP00046491,PowerTransformer,变压器,446.2736,448.6227,TMP00046491,配变2268,0302,PowerTransformer,10kV,,,False,1
TMP00046509,PowerTransformer,变压器,436.472,454.174,TMP00046509,配变2286,0302,PowerTransformer,10kV,,,False,1
TMP00046503,PowerTransformer,变压器,452.5261,457.3325,TMP00046503,配变2280,0302,PowerTransformer,10kV,,,False,1
TMP00046504,PowerTransformer,变压器,456.3036,457.3478,TMP00046504,配变2281,0302,PowerTransformer,10kV,,,False,1
TMP00046505,PowerTransformer,变压器,454.4148,457.3478,TMP00046505,配变2282,0302,PowerTransformer,10kV,,,False,1
TMP00046492,PowerTransformer,变压器,436.1649,461.8642,TMP00046492,配变2269,0302,PowerTransformer,10kV,,,False,1
TMP00046518,PowerTransformer,变压器,458.4589,468.897,TMP00046518,配变2295,0302,PowerTransformer,10kV,,,False,1
TMP00046530,PowerTransformer,变压器,435.7325,470.8348,TMP00046530,配变2307,0302,PowerTransformer,10kV,,,False,1
TMP00046489,PowerTransformer,变压器,417.44,484.5245,TMP00046489,配变2266,0302,PowerTransformer,10kV,,,False,1
TMP00046499,PowerTransformer,变压器,477.0728,489.597,TMP00046499,配变2276,0302,PowerTransformer,10kV,,,False,1
TMP00046515,PowerTransformer,变压器,466.0376,481.8151,TMP00046515,配变2292,0302,PowerTransformer,10kV,,,False,1
TMP00046493,PowerTransformer,变压器,464.9452,504.0682,TMP00046493,配变2270,0302,PowerTransformer,10kV,,,False,1
TMP00046517,PowerTransformer,变压器,427.8418,498.9951,TMP00046517,配变2294,0302,PowerTransformer,10kV,,,False,1
TMP00046539,PowerTransformer,变压器,402.328,518.2869,TMP00046539,配变2316,0302,PowerTransformer,10kV,,,False,0
TMP00046540,PowerTransformer,变压器,404.2075,518.2869,TMP00046540,配变2317,0302,PowerTransformer,10kV,,,False,0
TMP00046541,PowerTransformer,变压器,406.1148,518.2869,TMP00046541,配变2318,0302,PowerTransformer,10kV,,,False,0
TMP00046537,PowerTransformer,变压器,411.3714,531.6463,TMP00046537,配变2314,0302,PowerTransformer,10kV,,,False,0
TMP00046538,PowerTransformer,变压器,412.6739,531.6463,TMP00046538,配变2315,0302,PowerTransformer,10kV,,,False,0
TMP00046553,PowerTransformer,变压器,367.1427,554.5548,TMP00046553,配变2330,0302,PowerTransformer,10kV,,,False,1
TMP00046550,PowerTransformer,变压器,410.7425,549.8687,TMP00046550,配变2327,0302,PowerTransformer,10kV,,,False,1
TMP00046556,PowerTransformer,变压器,414.5877,566.0519,TMP00046556,配变2333,0302,PowerTransformer,10kV,,,False,1
TMP00046554,PowerTransformer,变压器,425.244,550.619,TMP00046554,配变2331,0302,PowerTransformer,10kV,,,False,1
TMP00046555,PowerTransformer,变压器,423.297,550.619,TMP00046555,配变2332,0302,PowerTransformer,10kV,,,False,1
TMP00046557,PowerTransformer,变压器,508.03,519.6541,TMP00046557,配变2334,0302,PowerTransformer,10kV,,,False,1
TMP00046558,PowerTransformer,变压器,509.9769,519.6541,TMP00046558,配变2335,0302,PowerTransformer,10kV,,,False,1
TMP00046559,PowerTransformer,变压器,454.4322,486.9435,TMP00046559,配变2336,0302,PowerTransformer,10kV,,,False,1
TMP00046533,PowerTransformer,变压器,373.8181,520.0478,TMP00046533,配变2310,0302,PowerTransformer,10kV,,,False,1
TMP00046534,PowerTransformer,变压器,369.9399,519.2828,TMP00046534,配变2311,0302,PowerTransformer,10kV,,,False,1
TMP00046544,PowerTransformer,变压器,361.9145,524.573,TMP00046544,配变2321,0302,PowerTransformer,10kV,,,False,1
TMP00046502,PowerTransformer,变压器,335.2583,499.5752,TMP00046502,配变2279,0302,PowerTransformer,10kV,,,False,1
TMP00046511,PowerTransformer,变压器,367.2435,495.1339,TMP00046511,配变2288,0302,PowerTransformer,10kV,,,False,1
TMP00046490,PowerTransformer,变压器,382.5284,486.8615,TMP00046490,配变2267,0302,PowerTransformer,10kV,,,False,1
TMP00046512,PowerTransformer,变压器,389.5218,498.2484,TMP00046512,配变2289,0302,PowerTransformer,10kV,,,False,1
TMP00046494,PowerTransformer,变压器,391.2509,537.5688,TMP00046494,配变2271,0302,PowerTransformer,10kV,,,False,1
TMP00046529,PowerTransformer,变压器,434.6977,494.0451,TMP00046529,配变2306,0302,PowerTransformer,10kV,,,False,1
TMP00046542,PowerTransformer,变压器,532.7289,514.4827,TMP00046542,配变2319,0302,PowerTransformer,10kV,,,False,1
TMP00046377,PowerTransformer,变压器,499.5962,440.837,TMP00046377,配变2154,0110,PowerTransformer,10kV,,,False,1
TMP00046376,PowerTransformer,变压器,509.2056,440.8222,TMP00046376,配变2153,0110,PowerTransformer,10kV,,,False,1
TMP00046375,PowerTransformer,变压器,515.9771,457.3468,TMP00046375,配变2152,0110,PowerTransformer,10kV,,,False,1
TMP00046374,PowerTransformer,变压器,514.6903,450.5814,TMP00046374,配变2151,0110,PowerTransformer,10kV,,,False,1
TMP00046373,PowerTransformer,变压器,494.3459,470.9928,TMP00046373,配变2150,0110,PowerTransformer,10kV,,,False,1
TMP00046372,PowerTransformer,变压器,497.8602,470.6004,TMP00046372,配变2149,0110,PowerTransformer,10kV,,,False,1
TMP00046525,PowerTransformer,变压器,489.7209,475.3935,TMP00046525,配变2302,0302,PowerTransformer,10kV,,,False,1
TMP00046524,PowerTransformer,变压器,467.351,464.9859,TMP00046524,配变2301,0302,PowerTransformer,10kV,,,False,1
TMP00046560,PowerTransformer,变压器,527.4478,453.9964,TMP00046560,配变2337,0302,PowerTransformer,10kV,,,False,1
TMP00046535,PowerTransformer,变压器,478.2503,463.6048,TMP00046535,配变2312,0302,PowerTransformer,10kV,,,False,1
TMP00046536,PowerTransformer,变压器,476.6113,463.6048,TMP00046536,配变2313,0302,PowerTransformer,10kV,,,False,1
TMP00046370,PowerTransformer,变压器,386.3141,558.6265,TMP00046370,配变2147,0110,PowerTransformer,10kV,,,False,1
TMP00046516,PowerTransformer,变压器,412.7066,513.6079,TMP00046516,配变2293,0302,PowerTransformer,10kV,,,False,1
TMP00046545,PowerTransformer,变压器,375.0692,544.4406,TMP00046545,配变2322,0302,PowerTransformer,10kV,,,False,1
TMP00046546,PowerTransformer,变压器,376.2002,544.4406,TMP00046546,配变2323,0302,PowerTransformer,10kV,,,False,1
TMP00046369,PowerTransformer,变压器,512.9574,443.9701,TMP00046369,配变2146,0110,PowerTransformer,10kV,,,False,1
TMP00046548,PowerTransformer,变压器,379.3886,512.5075,TMP00046548,配变2325,0302,PowerTransformer,10kV,,,False,1
TMP00046549,PowerTransformer,变压器,361.0712,531.252,TMP00046549,配变2326,0302,PowerTransformer,10kV,,,False,1
TMP00046368,PowerTransformer,变压器,437.2821,567.5294,TMP00046368,配变2145,0110,PowerTransformer,10kV,,,False,1
TMP00046521,PowerTransformer,变压器,473.6425,546.9033,TMP00046521,配变2298,0302,PowerTransformer,10kV,,,False,1
TMP00046543,PowerTransformer,变压器,486.1327,499.3885,TMP00046543,配变2320,0302,PowerTransformer,10kV,,,False,1
TMP00046547,PowerTransformer,变压器,470.551,498.0942,TMP00046547,配变2324,0302,PowerTransformer,10kV,,,False,1
TMP00048671,Breaker,断路器,300.1363,508.3373,TMP00048671,开关02442,0305,Breaker,10kV,,,False,1
TMP00043952,Breaker,断路器,345.5487,496.6241,TMP00043952,开关00028,0111,Breaker,10kV,,,False,1
TMP00043951,Breaker,断路器,351.4394,495.027,TMP00043951,开关00027,0111,Breaker,10kV,,,False,1
TMP00043950,Breaker,断路器,413.1599,508.3373,TMP00043950,开关00026,0111,Breaker,10kV,,,False,1
TMP00043949,Breaker,断路器,509.5787,508.3373,TMP00043949,开关00025,0111,Breaker,10kV,,,False,1
TMP00043948,Breaker,断路器,486.5895,556.7045,TMP00043948,开关00024,0111,Breaker,10kV,,,False,1
TMP00043947,Breaker,断路器,468.4807,555.9574,TMP00043947,开关00023,0111,Breaker,10kV,,,False,1
TMP00043946,Breaker,断路器,409.0822,555.9574,TMP00043946,开关00022,0111,Breaker,10kV,,,False,1
TMP00043945,Breaker,断路器,410.7691,558.2121,TMP00043945,开关00021,0111,Breaker,10kV,,,False,1
TMP00043944,Breaker,断路器,426.3592,558.2121,TMP00043944,开关00020,0111,Breaker,10kV,,,False,1
TMP00043943,Breaker,断路器,493.8929,553.1644,TMP00043943,开关00019,0111,Breaker,10kV,,,False,1
TMP00043942,Breaker,断路器,504.3547,512.0657,TMP00043942,开关00018,0111,Breaker,10kV,,,False,1
TMP00043941,Breaker,断路器,444.6133,503.3841,TMP00043941,开关00017,0111,Breaker,10kV,,,False,1
TMP00043940,Breaker,断路器,445.3604,470.4848,TMP00043940,开关00016,0111,Breaker,10kV,,,False,1
TMP00043939,Breaker,断路器,444.6133,454.7386,TMP00043939,开关00015,0111,Breaker,10kV,,,False,1
TMP00043938,Breaker,断路器,438.7753,486.407,TMP00043938,开关00014,0111,Breaker,10kV,,,False,1
TMP00043937,Breaker,断路器,429.5846,487.4958,TMP00043937,开关00013,0111,Breaker,10kV,,,False,1
TMP00043936,Breaker,断路器,449.9544,492.4637,TMP00043936,开关00012,0111,Breaker,10kV,,,False,1
TMP00043935,Breaker,断路器,464.3774,490.9562,TMP00043935,开关00011,0111,Breaker,10kV,,,False,1
TMP00043955,Breaker,断路器,400.6279,502.9705,TMP00043955,开关00031,0305,Breaker,10kV,,,False,1
TMP00043956,Breaker,断路器,398.7378,502.9705,TMP00043956,开关00032,0305,Breaker,10kV,,,False,1
TMP00043953,Breaker,断路器,500.5236,487.1833,TMP00043953,开关00029,0305,Breaker,10kV,,,False,1
TMP00043954,Breaker,断路器,502.4135,487.1833,TMP00043954,开关00030,0305,Breaker,10kV,,,False,1
TMP00043973,Breaker,断路器,521.7185,503.4476,TMP00043973,开关00049,0305,Breaker,10kV,,,False,1
TMP00043974,Breaker,断路器,523.6083,503.4476,TMP00043974,开关00050,0305,Breaker,10kV,,,False,1
TMP00043934,Breaker,断路器,504.0867,469.2594,TMP00043934,开关00010,0111,Breaker,10kV,,,False,1
TMP00043933,Breaker,断路器,501.0566,446.9403,TMP00043933,开关00009,0111,Breaker,10kV,,,False,1
TMP00043932,Breaker,断路器,499.8078,466.5698,TMP00043932,开关00008,0111,Breaker,10kV,,,False,1
TMP00043931,Breaker,断路器,484.0672,466.5698,TMP00043931,开关00007,0111,Breaker,10kV,,,False,1
TMP00043930,Breaker,断路器,417.618,511.083,TMP00043930,开关00006,0111,Breaker,10kV,,,False,1
TMP00043957,Breaker,断路器,357.9613,515.2859,TMP00043957,开关00033,0305,Breaker,10kV,,,False,1
TMP00043958,Breaker,断路器,354.3527,515.2859,TMP00043958,开关00034,0305,Breaker,10kV,,,False,1
TMP00043959,Breaker,断路器,355.5556,515.2859,TMP00043959,开关00035,0305,Breaker,10kV,,,False,1
TMP00043960,Breaker,断路器,356.7584,515.2859,TMP00043960,开关00036,0305,Breaker,10kV,,,False,1
TMP00043961,Breaker,断路器,358.9978,515.303,TMP00043961,开关00037,0305,Breaker,10kV,,,False,1
TMP00043962,Breaker,断路器,360.2006,515.303,TMP00043962,开关00038,0305,Breaker,10kV,,,False,1
TMP00043929,Breaker,断路器,508.8316,506.9601,TMP00043929,开关00005,0111,Breaker,10kV,,,False,1
TMP00043928,Breaker,断路器,513.8368,455.3328,TMP00043928,开关00004,0111,Breaker,10kV,,,False,1
TMP00043927,Breaker,断路器,420.3447,556.6838,TMP00043927,开关00003,0111,Breaker,10kV,,,False,1
TMP00043926,Breaker,断路器,495.1424,556.6897,TMP00043926,开关00002,0111,Breaker,10kV,,,False,1
TMP00043925,Breaker,断路器,421.7666,555.2804,TMP00043925,开关00001,0111,Breaker,10kV,,,False,1
TMP00043968,Breaker,断路器,379.2012,551.0816,TMP00043968,开关00044,0305,Breaker,10kV,,,False,1
TMP00043969,Breaker,断路器,377.6315,551.0667,TMP00043969,开关00045,0305,Breaker,10kV,,,False,1
TMP00043970,Breaker,断路器,376.0288,551.089,TMP00043970,开关00046,0305,Breaker,10kV,,,False,1
TMP00043971,Breaker,断路器,374.2529,551.6282,TMP00043971,开关00047,0305,Breaker,10kV,,,False,1
TMP00043972,Breaker,断路器,380.6939,551.0602,TMP00043972,开关00048,0305,Breaker,10kV,,,False,1
TMP00044443,Fuse,熔断器,344.7185,493.6024,TMP00044443,刀闸0066,0115,Fuse,10kV,,,False,0
TMP00044442,Fuse,熔断器,346.4715,487.6748,TMP00044442,刀闸0065,0115,Fuse,10kV,,,False,0
TMP00044441,Fuse,熔断器,347.6373,495.027,TMP00044441,刀闸0064,0115,Fuse,10kV,,,False,0
TMP00044440,Fuse,熔断器,417.4111,505.1582,TMP00044440,刀闸0063,0115,Fuse,10kV,,,False,0
TMP00044439,Fuse,熔断器,419.6407,510.488,TMP00044439,刀闸0062,0115,Fuse,10kV,,,False,1
TMP00044438,Fuse,熔断器,513.1601,500.1976,TMP00044438,刀闸0061,0115,Fuse,10kV,,,False,0
TMP00044437,Fuse,熔断器,512.0732,498.3633,TMP00044437,刀闸0060,0115,Fuse,10kV,,,False,0
TMP00044436,Fuse,熔断器,478.7582,554.2511,TMP00044436,刀闸0059,0115,Fuse,10kV,,,False,0
TMP00044435,Fuse,熔断器,478.7582,558.8831,TMP00044435,刀闸0058,0115,Fuse,10kV,,,False,0
TMP00044434,Fuse,熔断器,463.9016,557.5347,TMP00044434,刀闸0057,0115,Fuse,10kV,,,False,0
TMP00044433,Fuse,熔断器,462.2778,555.6175,TMP00044433,刀闸0056,0115,Fuse,10kV,,,False,0
TMP00044432,Fuse,熔断器,454.4811,557.5347,TMP00044432,刀闸0055,0115,Fuse,10kV,,,False,0
TMP00044431,Fuse,熔断器,453.5547,555.8744,TMP00044431,刀闸0054,0115,Fuse,10kV,,,False,0
TMP00044430,Fuse,熔断器,452.2962,557.5347,TMP00044430,刀闸0053,0115,Fuse,10kV,,,False,0
TMP00044429,Fuse,熔断器,443.4867,557.5347,TMP00044429,刀闸0052,0115,Fuse,10kV,,,False,0
TMP00044428,Fuse,熔断器,436.104,554.1713,TMP00044428,刀闸0051,0115,Fuse,10kV,,,False,0
TMP00044427,Fuse,熔断器,420.2593,559.2306,TMP00044427,刀闸0050,0115,Fuse,10kV,,,False,0
TMP00044426,Fuse,熔断器,403.839,557.5347,TMP00044426,刀闸0049,0115,Fuse,10kV,,,False,0
TMP00044425,Fuse,熔断器,398.3661,555.0264,TMP00044425,刀闸0048,0115,Fuse,10kV,,,False,0
TMP00044424,Fuse,熔断器,399.1859,559.2075,TMP00044424,刀闸0047,0115,Fuse,10kV,,,False,0
TMP00044423,Fuse,熔断器,390.2678,557.5347,TMP00044423,刀闸0046,0115,Fuse,10kV,,,False,0
TMP00044422,Fuse,熔断器,388.4149,553.8742,TMP00044422,刀闸0045,0115,Fuse,10kV,,,False,0
TMP00044421,Fuse,熔断器,385.4314,558.688,TMP00044421,刀闸0044,0115,Fuse,10kV,,,False,0
TMP00044420,Fuse,熔断器,383.5431,560.0666,TMP00044420,刀闸0043,0115,Fuse,10kV,,,False,0
TMP00044419,Fuse,熔断器,392.3112,559.3045,TMP00044419,刀闸0042,0115,Fuse,10kV,,,False,0
TMP00044418,Fuse,熔断器,390.2678,561.0611,TMP00044418,刀闸0041,0115,Fuse,10kV,,,False,0
TMP00044417,Fuse,熔断器,417.9578,555.28,TMP00044417,刀闸0040,0115,Fuse,10kV,,,False,0
TMP00044416,Fuse,熔断器,417.9578,549.3013,TMP00044416,刀闸0039,0115,Fuse,10kV,,,False,0
TMP00044415,Fuse,熔断器,469.445,558.1291,TMP00044415,刀闸0038,0115,Fuse,10kV,,,False,0
TMP00044414,Fuse,熔断器,469.445,562.1723,TMP00044414,刀闸0037,0115,Fuse,10kV,,,False,0
TMP00044413,Fuse,熔断器,471.588,559.8092,TMP00044413,刀闸0036,0115,Fuse,10kV,,,False,0
TMP00044412,Fuse,熔断器,484.0815,558.2284,TMP00044412,刀闸0035,0115,Fuse,10kV,,,False,0
TMP00044411,Fuse,熔断器,490.9334,554.022,TMP00044411,刀闸0034,0115,Fuse,10kV,,,False,0
TMP00044410,Fuse,熔断器,445.4434,461.4661,TMP00044410,刀闸0033,0115,Fuse,10kV,,,False,0
TMP00044409,Fuse,熔断器,443.7831,456.2461,TMP00044409,刀闸0032,0115,Fuse,10kV,,,False,0
TMP00044408,Fuse,熔断器,443.2967,465.381,TMP00044408,刀闸0031,0115,Fuse,10kV,,,False,0
TMP00044407,Fuse,熔断器,435.4968,480.658,TMP00044407,刀闸0030,0115,Fuse,10kV,,,False,0
TMP00044406,Fuse,熔断器,437.0691,479.9773,TMP00044406,刀闸0029,0115,Fuse,10kV,,,False,0
TMP00044405,Fuse,熔断器,439.4915,480.658,TMP00044405,刀闸0028,0115,Fuse,10kV,,,False,0
TMP00044404,Fuse,熔断器,430.8503,475.0662,TMP00044404,刀闸0027,0115,Fuse,10kV,,,False,0
TMP00044403,Fuse,熔断器,424.5718,486.407,TMP00044403,刀闸0026,0115,Fuse,10kV,,,False,0
TMP00044402,Fuse,熔断器,447.1303,493.2939,TMP00044402,刀闸0025,0115,Fuse,10kV,,,False,0
TMP00044401,Fuse,熔断器,452.8338,491.6748,TMP00044401,刀闸0024,0115,Fuse,10kV,,,False,0
TMP00044400,Fuse,熔断器,458.8017,494.794,TMP00044400,刀闸0023,0115,Fuse,10kV,,,False,0
TMP00044399,Fuse,熔断器,463.6066,494.5388,TMP00044399,刀闸0022,0115,Fuse,10kV,,,False,0
TMP00044398,Fuse,熔断器,461.1265,496.7775,TMP00044398,刀闸0021,0115,Fuse,10kV,,,False,0
TMP00044397,Fuse,熔断器,425.901,505.2864,TMP00044397,刀闸0020,0115,Fuse,10kV,,,False,0
TMP00044445,Fuse,熔断器,394.9575,505.3332,TMP00044445,刀闸0068,0309,Fuse,10kV,,,False,0
TMP00044444,Fuse,熔断器,494.854,488.9787,TMP00044444,刀闸0067,0309,Fuse,10kV,,,False,0
TMP00044447,Fuse,熔断器,516.0488,505.243,TMP00044447,刀闸0070,0309,Fuse,10kV,,,False,0
TMP00044396,Fuse,熔断器,435.6719,474.6102,TMP00044396,刀闸0019,0115,Fuse,10kV,,,False,1
TMP00044395,Fuse,熔断器,447.1355,555.5158,TMP00044395,刀闸0018,0115,Fuse,10kV,,,False,1
TMP00044394,Fuse,熔断器,501.7848,440.8821,TMP00044394,刀闸0017,0115,Fuse,10kV,,,False,0
TMP00044393,Fuse,熔断器,506.5912,440.828,TMP00044393,刀闸0016,0115,Fuse,10kV,,,False,0
TMP00044392,Fuse,熔断器,508.2957,455.3191,TMP00044392,刀闸0015,0115,Fuse,10kV,,,False,0
TMP00044391,Fuse,熔断器,514.6961,452.4074,TMP00044391,刀闸0014,0115,Fuse,10kV,,,False,0
TMP00044390,Fuse,熔断器,515.9771,456.0184,TMP00044390,刀闸0013,0115,Fuse,10kV,,,False,0
TMP00044389,Fuse,熔断器,519.3133,455.3245,TMP00044389,刀闸0012,0115,Fuse,10kV,,,False,0
TMP00044388,Fuse,熔断器,497.8542,468.2659,TMP00044388,刀闸0011,0115,Fuse,10kV,,,False,0
TMP00044387,Fuse,熔断器,494.3401,468.6312,TMP00044387,刀闸0010,0115,Fuse,10kV,,,False,0
TMP00044386,Fuse,熔断器,486.5046,467.7696,TMP00044386,刀闸0009,0115,Fuse,10kV,,,False,0
TMP00044446,Fuse,熔断器,353.1499,516.4286,TMP00044446,刀闸0069,0309,Fuse,10kV,,,False,1
TMP00044385,Fuse,熔断器,507.9949,445.5384,TMP00044385,刀闸0008,0115,Fuse,10kV,,,False,0
TMP00044384,Fuse,熔断器,469.6841,492.5069,TMP00044384,刀闸0007,0115,Fuse,10kV,,,False,1
TMP00044383,Fuse,熔断器,436.8239,565.5316,TMP00044383,刀闸0006,0115,Fuse,10kV,,,False,0
TMP00044382,Fuse,熔断器,463.3919,495.4692,TMP00044382,刀闸0005,0115,Fuse,10kV,,,False,1
TMP00000284,Substation,站房,308.0123,504.0963,TMP00000284,站房000085,zf07,Substation,10kV,,,False,1
TMP00000279,Substation,站房,323.1685,504.0963,TMP00000279,站房000080,zf07,Substation,10kV,,,False,1
TMP00000278,Substation,站房,347.4749,504.0963,TMP00000278,站房000079,zf07,Substation,10kV,,,False,1
TMP00000282,Substation,站房,344.1372,475.1063,TMP00000282,站房000083,zf07,Substation,10kV,,,False,1
TMP00000276,Substation,站房,363.3783,504.0963,TMP00000276,站房000077,zf07,Substation,10kV,,,False,1
TMP00000275,Substation,站房,378.5346,504.0963,TMP00000275,站房000076,zf07,Substation,10kV,,,False,1
TMP00000280,Substation,站房,394.0021,501.6266,TMP00000280,站房000081,zf07,Substation,10kV,,,False,1
TMP00000281,Substation,站房,493.8987,485.8397,TMP00000281,站房000082,zf07,Substation,10kV,,,False,1
TMP00000285,Substation,站房,515.0935,502.104,TMP00000285,站房000086,zf07,Substation,10kV,,,False,1
TMP00000283,Substation,站房,375.9965,534.0718,TMP00000283,站房000084,zf07,Substation,10kV,,,False,1
TMP00000277,Substation,站房,371.6969,493.8753,TMP00000277,站房000078,zf07,Substation,10kV,,,False,1
TMP00000227,Substation,站房,316.3266,494.5394,TMP00000227,站房000028,zf08,Substation,10kV,,,False,1
TMP00000228,Substation,站房,326.9829,516.8878,TMP00000228,站房000029,zf08,Substation,10kV,,,False,1
TMP00000262,Substation,站房,341.9744,461.7708,TMP00000262,站房000063,zf08,Substation,10kV,,,False,1
TMP00000263,Substation,站房,347.4534,448.4686,TMP00000263,站房000064,zf08,Substation,10kV,,,False,1
TMP00000231,Substation,站房,483.2617,487.0019,TMP00000231,站房000032,zf08,Substation,10kV,,,False,1
TMP00000270,Substation,站房,531.077,501.8955,TMP00000270,站房000071,zf08,Substation,10kV,,,False,1
TMP00000250,Substation,站房,391.0103,566.6909,TMP00000250,站房000051,zf08,Substation,10kV,,,False,1
TMP00000238,Substation,站房,427.1017,562.7042,TMP00000238,站房000039,zf08,Substation,10kV,,,False,1
TMP00000264,Substation,站房,444.186,548.147,TMP00000264,站房000065,zf08,Substation,10kV,,,False,1
TMP00000251,Substation,站房,455.2237,563.1993,TMP00000251,站房000052,zf08,Substation,10kV,,,False,1
TMP00000235,Substation,站房,459.9688,547.0298,TMP00000235,站房000036,zf08,Substation,10kV,,,False,1
TMP00000233,Substation,站房,490.9609,544.4567,TMP00000233,站房000034,zf08,Substation,10kV,,,False,1
TMP00000247,Substation,站房,443.1974,445.434,TMP00000247,站房000048,zf08,Substation,10kV,,,False,1
TMP00000232,Substation,站房,433.3959,450.9853,TMP00000232,站房000033,zf08,Substation,10kV,,,False,1
TMP00000236,Substation,站房,449.6826,454.3994,TMP00000236,站房000037,zf08,Substation,10kV,,,False,1
TMP00000246,Substation,站房,433.0887,458.6755,TMP00000246,站房000047,zf08,Substation,10kV,,,False,1
TMP00000272,Substation,站房,455.0938,465.4136,TMP00000272,站房000073,zf08,Substation,10kV,,,False,1
TMP00000260,Substation,站房,432.6564,467.646,TMP00000260,站房000061,zf08,Substation,10kV,,,False,1
TMP00000249,Substation,站房,414.3638,481.3358,TMP00000249,站房000050,zf08,Substation,10kV,,,False,1
TMP00000239,Substation,站房,473.9966,486.4083,TMP00000239,站房000040,zf08,Substation,10kV,,,False,1
TMP00000226,Substation,站房,462.9615,478.6264,TMP00000226,站房000027,zf08,Substation,10kV,,,False,1
TMP00000245,Substation,站房,461.869,500.8795,TMP00000245,站房000046,zf08,Substation,10kV,,,False,1
TMP00000273,Substation,站房,424.483,495.5312,TMP00000273,站房000074,zf08,Substation,10kV,,,False,1
TMP00000200,Substation,站房,399.4845,515.6915,TMP00000200,站房000001,zf06,Substation,10kV,,,False,1
TMP00000201,Substation,站房,408.282,529.6067,TMP00000201,站房000002,zf06,Substation,10kV,,,False,1
TMP00000209,Substation,站房,364.0665,551.366,TMP00000209,站房000010,zf06,Substation,10kV,,,False,1
TMP00000212,Substation,站房,407.6663,546.68,TMP00000212,站房000013,zf06,Substation,10kV,,,False,1
TMP00000207,Substation,站房,411.5116,562.8631,TMP00000207,站房000008,zf06,Substation,10kV,,,False,1
TMP00000208,Substation,站房,420.3663,547.5806,TMP00000208,站房000009,zf06,Substation,10kV,,,False,1
TMP00000206,Substation,站房,505.0993,516.6156,TMP00000206,站房000007,zf06,Substation,10kV,,,False,1
TMP00000205,Substation,站房,451.3561,483.7549,TMP00000205,站房000006,zf06,Substation,10kV,,,False,1
TMP00000203,Substation,站房,367.1962,517.0991,TMP00000203,站房000004,zf06,Substation,10kV,,,False,1
TMP00000221,Substation,站房,358.8383,521.3843,TMP00000221,站房000022,zf08,Substation,10kV,,,False,1
TMP00000237,Substation,站房,332.1821,496.3866,TMP00000237,站房000038,zf08,Substation,10kV,,,False,1
TMP00000230,Substation,站房,364.1673,491.9452,TMP00000230,站房000031,zf08,Substation,10kV,,,False,1
TMP00000248,Substation,站房,379.4522,483.6728,TMP00000248,站房000049,zf08,Substation,10kV,,,False,1
TMP00000229,Substation,站房,386.4457,495.0597,TMP00000229,站房000030,zf08,Substation,10kV,,,False,1
TMP00000244,Substation,站房,388.1748,534.38,TMP00000244,站房000045,zf08,Substation,10kV,,,False,1
TMP00000261,Substation,站房,431.6215,490.8564,TMP00000261,站房000062,zf08,Substation,10kV,,,False,1
TMP00000223,Substation,站房,529.3638,510.9993,TMP00000223,站房000024,zf08,Substation,10kV,,,False,1
TMP00000265,Substation,站房,487.13,472.7061,TMP00000265,站房000066,zf08,Substation,10kV,,,False,1
TMP00000266,Substation,站房,464.76,462.2985,TMP00000266,站房000067,zf08,Substation,10kV,,,False,1
TMP00000204,Substation,站房,524.3717,450.8077,TMP00000204,站房000005,zf06,Substation,10kV,,,False,1
TMP00000202,Substation,站房,474.1424,461.0435,TMP00000202,站房000003,zf06,Substation,10kV,,,False,1
TMP00000274,Substation,站房,502.4845,415.7505,TMP00000274,站房000075,zf07,Substation,10kV,,,False,1
TMP00000215,Substation,站房,352.5381,514.4232,TMP00000215,站房000016,zf07,Substation,10kV,,,False,1
TMP00000216,Substation,站房,408.9256,511.2853,TMP00000216,站房000017,zf08,Substation,10kV,,,False,1
TMP00000220,Substation,站房,372.725,542.8507,TMP00000220,站房000021,zf08,Substation,10kV,,,False,1
TMP00000218,Substation,站房,376.3509,510.1653,TMP00000218,站房000019,zf08,Substation,10kV,,,False,1
TMP00000217,Substation,站房,356.4689,527.9514,TMP00000217,站房000018,zf08,Substation,10kV,,,False,1
TMP00000269,Substation,站房,470.1925,543.3282,TMP00000269,站房000070,zf08,Substation,10kV,,,False,1
TMP00000222,Substation,站房,483.0565,496.1997,TMP00000222,站房000023,zf08,Substation,10kV,,,False,1
TMP00000219,Substation,站房,467.4749,494.9055,TMP00000219,站房000020,zf08,Substation,10kV,,,False,1
TMP00000213,Substation,站房,373.4109,549.0214,TMP00000213,站房000014,zf07,Substation,10kV,,,False,1
TMP00000198,Substation,站房,295.6311,507.6651,TMP00000198,,zf01,Substation,10kV,,,False,0
TMP00044020,LoadBreakSwitch,负荷开关,310.9413,505.4792,TMP00044020,开关00106,0307,LoadBreakSwitch,10kV,,,False,1
TMP00044019,LoadBreakSwitch,负荷开关,312.8872,505.4792,TMP00044019,开关00105,0307,LoadBreakSwitch,10kV,,,False,1
TMP00044018,LoadBreakSwitch,负荷开关,314.833,505.4792,TMP00044018,开关00104,0307,LoadBreakSwitch,10kV,,,False,1
TMP00044017,LoadBreakSwitch,负荷开关,308.9956,505.4792,TMP00044017,开关00103,0307,LoadBreakSwitch,10kV,,,False,1
TMP00044016,LoadBreakSwitch,负荷开关,324.1518,505.4792,TMP00044016,开关00102,0307,LoadBreakSwitch,10kV,,,False,1
TMP00044015,LoadBreakSwitch,负荷开关,328.0434,505.4792,TMP00044015,开关00101,0307,LoadBreakSwitch,10kV,,,False,1
TMP00044014,LoadBreakSwitch,负荷开关,329.9892,505.4792,TMP00044014,开关00100,0307,LoadBreakSwitch,10kV,,,False,1
TMP00044013,LoadBreakSwitch,负荷开关,326.0976,505.4792,TMP00044013,开关00099,0307,LoadBreakSwitch,10kV,,,False,1
TMP00044012,LoadBreakSwitch,负荷开关,348.4582,505.4792,TMP00044012,开关00098,0307,LoadBreakSwitch,10kV,,,False,1
TMP00044011,LoadBreakSwitch,负荷开关,352.3498,505.4792,TMP00044011,开关00097,0307,LoadBreakSwitch,10kV,,,False,1
TMP00044010,LoadBreakSwitch,负荷开关,350.404,505.4792,TMP00044010,开关00096,0307,LoadBreakSwitch,10kV,,,False,1
TMP00044009,LoadBreakSwitch,负荷开关,354.2956,505.4792,TMP00044009,开关00095,0307,LoadBreakSwitch,10kV,,,False,1
TMP00044008,LoadBreakSwitch,负荷开关,345.1204,476.4891,TMP00044008,开关00094,0307,LoadBreakSwitch,10kV,,,False,1
TMP00044007,LoadBreakSwitch,负荷开关,347.0662,476.4891,TMP00044007,开关00093,0307,LoadBreakSwitch,10kV,,,False,1
TMP00044006,LoadBreakSwitch,负荷开关,349.012,476.4891,TMP00044006,开关00092,0307,LoadBreakSwitch,10kV,,,False,1
TMP00044005,LoadBreakSwitch,负荷开关,350.9578,476.4891,TMP00044005,开关00091,0307,LoadBreakSwitch,10kV,,,False,1
TMP00044004,LoadBreakSwitch,负荷开关,368.2532,505.4792,TMP00044004,开关00090,0307,LoadBreakSwitch,10kV,,,False,1
TMP00044003,LoadBreakSwitch,负荷开关,370.199,505.4792,TMP00044003,开关00089,0307,LoadBreakSwitch,10kV,,,False,1
TMP00044002,LoadBreakSwitch,负荷开关,366.3074,505.4792,TMP00044002,开关00088,0307,LoadBreakSwitch,10kV,,,False,1
TMP00044001,LoadBreakSwitch,负荷开关,364.3616,505.4792,TMP00044001,开关00087,0307,LoadBreakSwitch,10kV,,,False,1
TMP00044000,LoadBreakSwitch,负荷开关,381.4636,505.4792,TMP00044000,开关00086,0307,LoadBreakSwitch,10kV,,,False,1
TMP00043999,LoadBreakSwitch,负荷开关,385.3552,505.4792,TMP00043999,开关00085,0307,LoadBreakSwitch,10kV,,,False,1
TMP00043998,LoadBreakSwitch,负荷开关,383.4094,505.4792,TMP00043998,开关00084,0307,LoadBreakSwitch,10kV,,,False,1
TMP00043997,LoadBreakSwitch,负荷开关,379.5179,505.4792,TMP00043997,开关00083,0307,LoadBreakSwitch,10kV,,,False,1
TMP00043996,LoadBreakSwitch,负荷开关,396.8477,502.9705,TMP00043996,开关00082,0307,LoadBreakSwitch,10kV,,,False,1
TMP00043995,LoadBreakSwitch,负荷开关,402.5181,502.9705,TMP00043995,开关00081,0307,LoadBreakSwitch,10kV,,,False,1
TMP00043994,LoadBreakSwitch,负荷开关,394.9575,502.9705,TMP00043994,开关00080,0307,LoadBreakSwitch,10kV,,,False,1
TMP00043993,LoadBreakSwitch,负荷开关,494.854,487.1833,TMP00043993,开关00079,0307,LoadBreakSwitch,10kV,,,False,1
TMP00043992,LoadBreakSwitch,负荷开关,496.7438,487.1833,TMP00043992,开关00078,0307,LoadBreakSwitch,10kV,,,False,1
TMP00043991,LoadBreakSwitch,负荷开关,498.6337,487.1833,TMP00043991,开关00077,0307,LoadBreakSwitch,10kV,,,False,1
TMP00043978,LoadBreakSwitch,负荷开关,516.0488,503.4476,TMP00043978,开关00064,0307,LoadBreakSwitch,10kV,,,False,1
TMP00043977,LoadBreakSwitch,负荷开关,517.9387,503.4476,TMP00043977,开关00063,0307,LoadBreakSwitch,10kV,,,False,1
TMP00043976,LoadBreakSwitch,负荷开关,519.8286,503.4476,TMP00043976,开关00062,0307,LoadBreakSwitch,10kV,,,False,1
TMP00043990,LoadBreakSwitch,负荷开关,376.9798,535.4546,TMP00043990,开关00076,0307,LoadBreakSwitch,10kV,,,False,1
TMP00043989,LoadBreakSwitch,负荷开关,378.9256,535.4546,TMP00043989,开关00075,0307,LoadBreakSwitch,10kV,,,False,1
TMP00043988,LoadBreakSwitch,负荷开关,380.8714,535.4546,TMP00043988,开关00074,0307,LoadBreakSwitch,10kV,,,False,1
TMP00043987,LoadBreakSwitch,负荷开关,382.8172,535.4546,TMP00043987,开关00073,0307,LoadBreakSwitch,10kV,,,False,1
TMP00043986,LoadBreakSwitch,负荷开关,376.5718,495.2581,TMP00043986,开关00072,0307,LoadBreakSwitch,10kV,,,False,1
TMP00043985,LoadBreakSwitch,负荷开关,372.6802,495.2581,TMP00043985,开关00071,0307,LoadBreakSwitch,10kV,,,False,1
TMP00043984,LoadBreakSwitch,负荷开关,374.626,495.2581,TMP00043984,开关00070,0307,LoadBreakSwitch,10kV,,,False,1
TMP00043983,LoadBreakSwitch,负荷开关,378.5175,495.2581,TMP00043983,开关00069,0307,LoadBreakSwitch,10kV,,,False,1
TMP00044046,LoadBreakSwitch,负荷开关,317.3589,495.9908,TMP00044046,开关00127,0307,LoadBreakSwitch,10kV,,,False,1
TMP00044045,LoadBreakSwitch,负荷开关,321.4466,495.9908,TMP00044045,开关00126,0307,LoadBreakSwitch,10kV,,,False,1
TMP00044044,LoadBreakSwitch,负荷开关,319.4027,495.9908,TMP00044044,开关00125,0307,LoadBreakSwitch,10kV,,,False,1
TMP00044043,LoadBreakSwitch,负荷开关,328.0152,518.3392,TMP00044043,开关00124,0307,LoadBreakSwitch,10kV,,,False,1
TMP00044042,LoadBreakSwitch,负荷开关,330.059,518.3392,TMP00044042,开关00123,0307,LoadBreakSwitch,10kV,,,False,1
TMP00044041,LoadBreakSwitch,负荷开关,332.1029,518.3392,TMP00044041,开关00122,0307,LoadBreakSwitch,10kV,,,False,1
TMP00044157,LoadBreakSwitch,负荷开关,343.0067,463.2222,TMP00044157,开关00193,0307,LoadBreakSwitch,10kV,,,False,1
TMP00044156,LoadBreakSwitch,负荷开关,347.0945,463.2222,TMP00044156,开关00192,0307,LoadBreakSwitch,10kV,,,False,1
TMP00044155,LoadBreakSwitch,负荷开关,345.0506,463.2222,TMP00044155,开关00191,0307,LoadBreakSwitch,10kV,,,False,1
TMP00044154,LoadBreakSwitch,负荷开关,352.5734,449.92,TMP00044154,开关00190,0307,LoadBreakSwitch,10kV,,,False,1
TMP00044153,LoadBreakSwitch,负荷开关,348.4857,449.92,TMP00044153,开关00189,0307,LoadBreakSwitch,10kV,,,False,1
TMP00044152,LoadBreakSwitch,负荷开关,350.5296,449.92,TMP00044152,开关00188,0307,LoadBreakSwitch,10kV,,,False,1
TMP00044034,LoadBreakSwitch,负荷开关,484.294,488.4533,TMP00044034,开关00115,0307,LoadBreakSwitch,10kV,,,False,1
TMP00044033,LoadBreakSwitch,负荷开关,486.3378,488.4533,TMP00044033,开关00114,0307,LoadBreakSwitch,10kV,,,False,1
TMP00044032,LoadBreakSwitch,负荷开关,488.3817,488.4533,TMP00044032,开关00113,0307,LoadBreakSwitch,10kV,,,False,1
TMP00044172,LoadBreakSwitch,负荷开关,532.1093,503.3469,TMP00044172,开关00205,0307,LoadBreakSwitch,10kV,,,False,1
TMP00044171,LoadBreakSwitch,负荷开关,534.1532,503.3469,TMP00044171,开关00204,0307,LoadBreakSwitch,10kV,,,False,1
TMP00044170,LoadBreakSwitch,负荷开关,536.1971,503.3469,TMP00044170,开关00203,0307,LoadBreakSwitch,10kV,,,False,1
TMP00044084,LoadBreakSwitch,负荷开关,392.0426,568.1423,TMP00044084,开关00144,0307,LoadBreakSwitch,10kV,,,False,1
TMP00044083,LoadBreakSwitch,负荷开关,394.0865,568.1423,TMP00044083,开关00143,0307,LoadBreakSwitch,10kV,,,False,1
TMP00044082,LoadBreakSwitch,负荷开关,396.1304,568.1423,TMP00044082,开关00142,0307,LoadBreakSwitch,10kV,,,False,1
TMP00044121,LoadBreakSwitch,负荷开关,428.134,564.1557,TMP00044121,开关00169,0307,LoadBreakSwitch,10kV,,,False,1
TMP00044120,LoadBreakSwitch,负荷开关,430.1778,564.1557,TMP00044120,开关00168,0307,LoadBreakSwitch,10kV,,,False,1
TMP00044119,LoadBreakSwitch,负荷开关,432.2217,564.1557,TMP00044119,开关00167,0307,LoadBreakSwitch,10kV,,,False,1
TMP00044118,LoadBreakSwitch,负荷开关,431.2504,564.141,TMP00044118,开关00166,0307,LoadBreakSwitch,10kV,,,False,0
TMP00044151,LoadBreakSwitch,负荷开关,445.2183,549.5984,TMP00044151,开关00187,0307,LoadBreakSwitch,10kV,,,False,1
TMP00044150,LoadBreakSwitch,负荷开关,447.2622,549.5984,TMP00044150,开关00186,0307,LoadBreakSwitch,10kV,,,False,1
TMP00044149,LoadBreakSwitch,负荷开关,449.3061,549.5984,TMP00044149,开关00185,0307,LoadBreakSwitch,10kV,,,False,1
TMP00044081,LoadBreakSwitch,负荷开关,456.256,564.6507,TMP00044081,开关00141,0307,LoadBreakSwitch,10kV,,,False,1
TMP00044080,LoadBreakSwitch,负荷开关,458.2998,564.6507,TMP00044080,开关00140,0307,LoadBreakSwitch,10kV,,,False,1
TMP00044079,LoadBreakSwitch,负荷开关,460.3437,564.6507,TMP00044079,开关00139,0307,LoadBreakSwitch,10kV,,,False,1
TMP00044057,LoadBreakSwitch,负荷开关,461.0011,548.4812,TMP00044057,开关00138,0307,LoadBreakSwitch,10kV,,,False,1
TMP00044056,LoadBreakSwitch,负荷开关,465.0888,548.4812,TMP00044056,开关00137,0307,LoadBreakSwitch,10kV,,,False,1
TMP00044055,LoadBreakSwitch,负荷开关,463.0449,548.4812,TMP00044055,开关00136,0307,LoadBreakSwitch,10kV,,,False,1
TMP00044028,LoadBreakSwitch,负荷开关,491.9932,545.9082,TMP00044028,开关00109,0307,LoadBreakSwitch,10kV,,,False,1
TMP00044027,LoadBreakSwitch,负荷开关,494.037,545.9082,TMP00044027,开关00108,0307,LoadBreakSwitch,10kV,,,False,1
TMP00044026,LoadBreakSwitch,负荷开关,496.0809,545.9082,TMP00044026,开关00107,0307,LoadBreakSwitch,10kV,,,False,1
TMP00044093,LoadBreakSwitch,负荷开关,444.2297,446.8854,TMP00044093,开关00153,0307,LoadBreakSwitch,10kV,,,False,1
TMP00044092,LoadBreakSwitch,负荷开关,446.2736,446.8854,TMP00044092,开关00152,0307,LoadBreakSwitch,10kV,,,False,1
TMP00044091,LoadBreakSwitch,负荷开关,448.3174,446.8854,TMP00044091,开关00151,0307,LoadBreakSwitch,10kV,,,False,1
TMP00044031,LoadBreakSwitch,负荷开关,434.4281,452.4367,TMP00044031,开关00112,0307,LoadBreakSwitch,10kV,,,False,1
TMP00044030,LoadBreakSwitch,负荷开关,438.5159,452.4367,TMP00044030,开关00111,0307,LoadBreakSwitch,10kV,,,False,1
TMP00044029,LoadBreakSwitch,负荷开关,436.472,452.4367,TMP00044029,开关00110,0307,LoadBreakSwitch,10kV,,,False,1
TMP00044054,LoadBreakSwitch,负荷开关,450.6373,455.7423,TMP00044054,开关00135,0307,LoadBreakSwitch,10kV,,,False,1
TMP00044053,LoadBreakSwitch,负荷开关,452.5261,455.7423,TMP00044053,开关00134,0307,LoadBreakSwitch,10kV,,,False,1
TMP00044052,LoadBreakSwitch,负荷开关,456.3036,455.7423,TMP00044052,开关00133,0307,LoadBreakSwitch,10kV,,,False,1
TMP00044051,LoadBreakSwitch,负荷开关,454.4148,455.7423,TMP00044051,开关00132,0307,LoadBreakSwitch,10kV,,,False,1
TMP00044050,LoadBreakSwitch,负荷开关,458.1923,455.7423,TMP00044050,开关00131,0307,LoadBreakSwitch,10kV,,,False,1
TMP00044096,LoadBreakSwitch,负荷开关,434.121,460.127,TMP00044096,开关00156,0307,LoadBreakSwitch,10kV,,,False,1
TMP00044095,LoadBreakSwitch,负荷开关,438.2088,460.127,TMP00044095,开关00155,0307,LoadBreakSwitch,10kV,,,False,1
TMP00044094,LoadBreakSwitch,负荷开关,436.1649,460.127,TMP00044094,开关00154,0307,LoadBreakSwitch,10kV,,,False,1
TMP00044166,LoadBreakSwitch,负荷开关,456.225,466.9981,TMP00044166,开关00202,0307,LoadBreakSwitch,10kV,,,False,1
TMP00044165,LoadBreakSwitch,负荷开关,458.4589,466.9981,TMP00044165,开关00201,0307,LoadBreakSwitch,10kV,,,False,1
TMP00044127,LoadBreakSwitch,负荷开关,435.7325,469.0975,TMP00044127,开关00175,0307,LoadBreakSwitch,10kV,,,False,1
TMP00044126,LoadBreakSwitch,负荷开关,433.6887,469.0975,TMP00044126,开关00174,0307,LoadBreakSwitch,10kV,,,False,1
TMP00044125,LoadBreakSwitch,负荷开关,437.7764,469.0975,TMP00044125,开关00173,0307,LoadBreakSwitch,10kV,,,False,1
TMP00044087,LoadBreakSwitch,负荷开关,419.4838,482.7872,TMP00044087,开关00147,0307,LoadBreakSwitch,10kV,,,False,1
TMP00044086,LoadBreakSwitch,负荷开关,415.3961,482.7872,TMP00044086,开关00146,0307,LoadBreakSwitch,10kV,,,False,1
TMP00044085,LoadBreakSwitch,负荷开关,417.44,482.7872,TMP00044085,开关00145,0307,LoadBreakSwitch,10kV,,,False,1
TMP00044117,LoadBreakSwitch,负荷开关,475.0289,487.8597,TMP00044117,开关00165,0307,LoadBreakSwitch,10kV,,,False,1
TMP00044116,LoadBreakSwitch,负荷开关,479.1166,487.8597,TMP00044116,开关00164,0307,LoadBreakSwitch,10kV,,,False,1
TMP00044115,LoadBreakSwitch,负荷开关,477.0728,487.8597,TMP00044115,开关00163,0307,LoadBreakSwitch,10kV,,,False,1
TMP00044049,LoadBreakSwitch,负荷开关,463.9938,480.0778,TMP00044049,开关00130,0307,LoadBreakSwitch,10kV,,,False,1
TMP00044048,LoadBreakSwitch,负荷开关,466.0376,480.0778,TMP00044048,开关00129,0307,LoadBreakSwitch,10kV,,,False,1
TMP00044047,LoadBreakSwitch,负荷开关,468.0815,480.0778,TMP00044047,开关00128,0307,LoadBreakSwitch,10kV,,,False,1
TMP00044099,LoadBreakSwitch,负荷开关,464.9452,502.3309,TMP00044099,开关00159,0307,LoadBreakSwitch,10kV,,,False,1
TMP00044098,LoadBreakSwitch,负荷开关,462.9013,502.3309,TMP00044098,开关00158,0307,LoadBreakSwitch,10kV,,,False,1
TMP00044097,LoadBreakSwitch,负荷开关,466.9891,502.3309,TMP00044097,开关00157,0307,LoadBreakSwitch,10kV,,,False,1
TMP00044164,LoadBreakSwitch,负荷开关,425.6204,497.1069,TMP00044164,开关00200,0307,LoadBreakSwitch,10kV,,,False,1
TMP00044163,LoadBreakSwitch,负荷开关,427.8418,497.1069,TMP00044163,开关00199,0307,LoadBreakSwitch,10kV,,,False,1
TMP00044206,LoadBreakSwitch,负荷开关,407.9942,517.0343,TMP00044206,开关00239,0307,LoadBreakSwitch,10kV,,,False,1
TMP00044205,LoadBreakSwitch,负荷开关,402.328,517.0343,TMP00044205,开关00238,0307,LoadBreakSwitch,10kV,,,False,1
TMP00044204,LoadBreakSwitch,负荷开关,404.2168,517.0343,TMP00044204,开关00237,0307,LoadBreakSwitch,10kV,,,False,1
TMP00044203,LoadBreakSwitch,负荷开关,406.1055,517.0343,TMP00044203,开关00236,0307,LoadBreakSwitch,10kV,,,False,1
TMP00044202,LoadBreakSwitch,负荷开关,400.4393,517.0343,TMP00044202,开关00235,0307,LoadBreakSwitch,10kV,,,False,1
TMP00044201,LoadBreakSwitch,负荷开关,413.9764,530.5391,TMP00044201,开关00234,0307,LoadBreakSwitch,10kV,,,False,1
TMP00044200,LoadBreakSwitch,负荷开关,411.3714,530.5391,TMP00044200,开关00233,0307,LoadBreakSwitch,10kV,,,False,1
TMP00044199,LoadBreakSwitch,负荷开关,410.0689,530.5391,TMP00044199,开关00232,0307,LoadBreakSwitch,10kV,,,False,1
TMP00044198,LoadBreakSwitch,负荷开关,412.6739,530.5391,TMP00044198,开关00231,0307,LoadBreakSwitch,10kV,,,False,1
TMP00044215,LoadBreakSwitch,负荷开关,367.1427,552.8175,TMP00044215,开关00242,0307,LoadBreakSwitch,10kV,,,False,1
TMP00044214,LoadBreakSwitch,负荷开关,369.1866,552.8175,TMP00044214,开关00241,0307,LoadBreakSwitch,10kV,,,False,1
TMP00044213,LoadBreakSwitch,负荷开关,365.0988,552.8175,TMP00044213,开关00240,0307,LoadBreakSwitch,10kV,,,False,1
TMP00044235,LoadBreakSwitch,负荷开关,412.7863,548.1314,TMP00044235,开关00262,0307,LoadBreakSwitch,10kV,,,False,1
TMP00044234,LoadBreakSwitch,负荷开关,410.7425,548.1314,TMP00044234,开关00261,0307,LoadBreakSwitch,10kV,,,False,1
TMP00044233,LoadBreakSwitch,负荷开关,408.6986,548.1314,TMP00044233,开关00260,0307,LoadBreakSwitch,10kV,,,False,1
TMP00044222,LoadBreakSwitch,负荷开关,414.5877,564.3146,TMP00044222,开关00249,0307,LoadBreakSwitch,10kV,,,False,1
TMP00044221,LoadBreakSwitch,负荷开关,412.5439,564.3146,TMP00044221,开关00248,0307,LoadBreakSwitch,10kV,,,False,1
TMP00044220,LoadBreakSwitch,负荷开关,416.6316,564.3146,TMP00044220,开关00247,0307,LoadBreakSwitch,10kV,,,False,1
TMP00044219,LoadBreakSwitch,负荷开关,425.244,548.9641,TMP00044219,开关00246,0307,LoadBreakSwitch,10kV,,,False,1
TMP00044218,LoadBreakSwitch,负荷开关,421.3502,548.9641,TMP00044218,开关00245,0307,LoadBreakSwitch,10kV,,,False,1
TMP00044217,LoadBreakSwitch,负荷开关,423.297,548.9641,TMP00044217,开关00244,0307,LoadBreakSwitch,10kV,,,False,1
TMP00044216,LoadBreakSwitch,负荷开关,427.1909,548.9641,TMP00044216,开关00243,0307,LoadBreakSwitch,10kV,,,False,1
TMP00044226,LoadBreakSwitch,负荷开关,506.0831,517.9992,TMP00044226,开关00253,0307,LoadBreakSwitch,10kV,,,False,1
TMP00044225,LoadBreakSwitch,负荷开关,508.03,517.9992,TMP00044225,开关00252,0307,LoadBreakSwitch,10kV,,,False,1
TMP00044224,LoadBreakSwitch,负荷开关,509.9769,517.9992,TMP00044224,开关00251,0307,LoadBreakSwitch,10kV,,,False,1
TMP00044223,LoadBreakSwitch,负荷开关,511.9238,517.9992,TMP00044223,开关00250,0307,LoadBreakSwitch,10kV,,,False,1
TMP00044229,LoadBreakSwitch,负荷开关,452.3884,485.2063,TMP00044229,开关00256,0307,LoadBreakSwitch,10kV,,,False,1
TMP00044228,LoadBreakSwitch,负荷开关,454.4322,485.2063,TMP00044228,开关00255,0307,LoadBreakSwitch,10kV,,,False,1
TMP00044227,LoadBreakSwitch,负荷开关,456.4761,485.2063,TMP00044227,开关00254,0307,LoadBreakSwitch,10kV,,,False,1
TMP00044193,LoadBreakSwitch,负荷开关,373.8181,518.4421,TMP00044193,开关00226,0307,LoadBreakSwitch,10kV,,,False,1
TMP00044192,LoadBreakSwitch,负荷开关,368.151,518.4421,TMP00044192,开关00225,0307,LoadBreakSwitch,10kV,,,False,1
TMP00044191,LoadBreakSwitch,负荷开关,375.7071,518.4421,TMP00044191,开关00224,0307,LoadBreakSwitch,10kV,,,False,1
TMP00044190,LoadBreakSwitch,负荷开关,371.9291,518.4421,TMP00044190,开关00223,0307,LoadBreakSwitch,10kV,,,False,1
TMP00044179,LoadBreakSwitch,负荷开关,359.8706,522.8357,TMP00044179,开关00212,0307,LoadBreakSwitch,10kV,,,False,1
TMP00044178,LoadBreakSwitch,负荷开关,361.9145,522.8357,TMP00044178,开关00211,0307,LoadBreakSwitch,10kV,,,False,1
TMP00044177,LoadBreakSwitch,负荷开关,363.9583,522.8357,TMP00044177,开关00210,0307,LoadBreakSwitch,10kV,,,False,1
TMP00044124,LoadBreakSwitch,负荷开关,333.2144,497.838,TMP00044124,开关00172,0307,LoadBreakSwitch,10kV,,,False,1
TMP00044123,LoadBreakSwitch,负荷开关,337.3021,497.838,TMP00044123,开关00171,0307,LoadBreakSwitch,10kV,,,False,1
TMP00044122,LoadBreakSwitch,负荷开关,335.2583,497.838,TMP00044122,开关00170,0307,LoadBreakSwitch,10kV,,,False,1
TMP00044037,LoadBreakSwitch,负荷开关,365.1996,493.3966,TMP00044037,开关00118,0307,LoadBreakSwitch,10kV,,,False,1
TMP00044036,LoadBreakSwitch,负荷开关,369.2873,493.3966,TMP00044036,开关00117,0307,LoadBreakSwitch,10kV,,,False,1
TMP00044035,LoadBreakSwitch,负荷开关,367.2435,493.3966,TMP00044035,开关00116,0307,LoadBreakSwitch,10kV,,,False,1
TMP00044090,LoadBreakSwitch,负荷开关,380.4845,485.1242,TMP00044090,开关00150,0307,LoadBreakSwitch,10kV,,,False,1
TMP00044089,LoadBreakSwitch,负荷开关,382.5284,485.1242,TMP00044089,开关00149,0307,LoadBreakSwitch,10kV,,,False,1
TMP00044088,LoadBreakSwitch,负荷开关,384.5723,485.1242,TMP00044088,开关00148,0307,LoadBreakSwitch,10kV,,,False,1
TMP00044040,LoadBreakSwitch,负荷开关,387.478,496.5111,TMP00044040,开关00121,0307,LoadBreakSwitch,10kV,,,False,1
TMP00044039,LoadBreakSwitch,负荷开关,389.5218,496.5111,TMP00044039,开关00120,0307,LoadBreakSwitch,10kV,,,False,1
TMP00044038,LoadBreakSwitch,负荷开关,391.5657,496.5111,TMP00044038,开关00119,0307,LoadBreakSwitch,10kV,,,False,1
TMP00044102,LoadBreakSwitch,负荷开关,389.2071,535.8315,TMP00044102,开关00162,0307,LoadBreakSwitch,10kV,,,False,1
TMP00044101,LoadBreakSwitch,负荷开关,391.2509,535.8315,TMP00044101,开关00161,0307,LoadBreakSwitch,10kV,,,False,1
TMP00044100,LoadBreakSwitch,负荷开关,393.2948,535.8315,TMP00044100,开关00160,0307,LoadBreakSwitch,10kV,,,False,1
TMP00044160,LoadBreakSwitch,负荷开关,436.7415,492.3078,TMP00044160,开关00196,0307,LoadBreakSwitch,10kV,,,False,1
TMP00044159,LoadBreakSwitch,负荷开关,432.6538,492.3078,TMP00044159,开关00195,0307,LoadBreakSwitch,10kV,,,False,1
TMP00044158,LoadBreakSwitch,负荷开关,434.6977,492.3078,TMP00044158,开关00194,0307,LoadBreakSwitch,10kV,,,False,1
TMP00044174,LoadBreakSwitch,负荷开关,530.4949,512.5838,TMP00044174,开关00207,0307,LoadBreakSwitch,10kV,,,False,1
TMP00044173,LoadBreakSwitch,负荷开关,532.7289,512.5838,TMP00044173,开关00206,0307,LoadBreakSwitch,10kV,,,False,1
TMP00044148,LoadBreakSwitch,负荷开关,488.0005,473.9312,TMP00044148,开关00184,0307,LoadBreakSwitch,10kV,,,False,1
TMP00044147,LoadBreakSwitch,负荷开关,489.7209,473.9312,TMP00044147,开关00183,0307,LoadBreakSwitch,10kV,,,False,1
TMP00044146,LoadBreakSwitch,负荷开关,491.4413,473.9312,TMP00044146,开关00182,0307,LoadBreakSwitch,10kV,,,False,1
TMP00044145,LoadBreakSwitch,负荷开关,465.6306,463.5235,TMP00044145,开关00181,0307,LoadBreakSwitch,10kV,,,False,1
TMP00044144,LoadBreakSwitch,负荷开关,467.351,463.5235,TMP00044144,开关00180,0307,LoadBreakSwitch,10kV,,,False,1
TMP00044143,LoadBreakSwitch,负荷开关,469.0714,463.5235,TMP00044143,开关00179,0307,LoadBreakSwitch,10kV,,,False,1
TMP00044232,LoadBreakSwitch,负荷开关,525.404,452.2591,TMP00044232,开关00259,0307,LoadBreakSwitch,10kV,,,False,1
TMP00044231,LoadBreakSwitch,负荷开关,529.4917,452.2591,TMP00044231,开关00258,0307,LoadBreakSwitch,10kV,,,False,1
TMP00044230,LoadBreakSwitch,负荷开关,527.4478,452.2591,TMP00044230,开关00257,0307,LoadBreakSwitch,10kV,,,False,1
TMP00044197,LoadBreakSwitch,负荷开关,478.2503,462.2116,TMP00044197,开关00230,0307,LoadBreakSwitch,10kV,,,False,1
TMP00044196,LoadBreakSwitch,负荷开关,474.9723,462.2116,TMP00044196,开关00229,0307,LoadBreakSwitch,10kV,,,False,1
TMP00044195,LoadBreakSwitch,负荷开关,479.8893,462.2116,TMP00044195,开关00228,0307,LoadBreakSwitch,10kV,,,False,1
TMP00044194,LoadBreakSwitch,负荷开关,476.6113,462.2116,TMP00044194,开关00227,0307,LoadBreakSwitch,10kV,,,False,1
TMP00043982,LoadBreakSwitch,负荷开关,503.7965,417.5934,TMP00043982,开关00068,0307,LoadBreakSwitch,10kV,,,False,1
TMP00043981,LoadBreakSwitch,负荷开关,506.3996,417.5934,TMP00043981,开关00067,0307,LoadBreakSwitch,10kV,,,False,1
TMP00043980,LoadBreakSwitch,负荷开关,509.0027,417.5934,TMP00043980,开关00066,0307,LoadBreakSwitch,10kV,,,False,1
TMP00043979,LoadBreakSwitch,负荷开关,511.6059,417.5934,TMP00043979,开关00065,0307,LoadBreakSwitch,10kV,,,False,1
TMP00043975,LoadBreakSwitch,负荷开关,353.1499,515.2859,TMP00043975,开关00061,0307,LoadBreakSwitch,10kV,,,False,1
TMP00044162,LoadBreakSwitch,负荷开关,409.6975,512.3723,TMP00044162,开关00198,0307,LoadBreakSwitch,10kV,,,False,0
TMP00044161,LoadBreakSwitch,负荷开关,412.7066,512.3132,TMP00044161,开关00197,0307,LoadBreakSwitch,10kV,,,False,0
TMP00044182,LoadBreakSwitch,负荷开关,373.4289,543.5087,TMP00044182,开关00215,0307,LoadBreakSwitch,10kV,,,False,0
TMP00044181,LoadBreakSwitch,负荷开关,375.0677,543.5087,TMP00044181,开关00214,0307,LoadBreakSwitch,10kV,,,False,0
TMP00044180,LoadBreakSwitch,负荷开关,376.1972,543.5087,TMP00044180,开关00213,0307,LoadBreakSwitch,10kV,,,False,0
TMP00044187,LoadBreakSwitch,负荷开关,379.3862,510.8074,TMP00044187,开关00220,0307,LoadBreakSwitch,10kV,,,False,1
TMP00044186,LoadBreakSwitch,负荷开关,377.366,510.8074,TMP00044186,开关00219,0307,LoadBreakSwitch,10kV,,,False,1
TMP00044185,LoadBreakSwitch,负荷开关,378.3556,510.8074,TMP00044185,开关00218,0307,LoadBreakSwitch,10kV,,,False,1
TMP00044189,LoadBreakSwitch,负荷开关,358.4967,529.8425,TMP00044189,开关00222,0307,LoadBreakSwitch,10kV,,,False,0
TMP00044188,LoadBreakSwitch,负荷开关,360.7917,529.7608,TMP00044188,开关00221,0307,LoadBreakSwitch,10kV,,,False,0
TMP00044136,LoadBreakSwitch,负荷开关,471.3494,544.9542,TMP00044136,开关00178,0307,LoadBreakSwitch,10kV,,,False,1
TMP00044135,LoadBreakSwitch,负荷开关,473.6425,544.9542,TMP00044135,开关00177,0307,LoadBreakSwitch,10kV,,,False,1
TMP00044134,LoadBreakSwitch,负荷开关,475.9357,544.9542,TMP00044134,开关00176,0307,LoadBreakSwitch,10kV,,,False,1
TMP00044176,LoadBreakSwitch,负荷开关,484.0888,497.6512,TMP00044176,开关00209,0307,LoadBreakSwitch,10kV,,,False,1
TMP00044175,LoadBreakSwitch,负荷开关,486.1327,497.6512,TMP00044175,开关00208,0307,LoadBreakSwitch,10kV,,,False,1
TMP00044184,LoadBreakSwitch,负荷开关,468.5072,496.3569,TMP00044184,开关00217,0307,LoadBreakSwitch,10kV,,,False,1
TMP00044183,LoadBreakSwitch,负荷开关,470.551,496.3569,TMP00044183,开关00216,0307,LoadBreakSwitch,10kV,,,False,1
TMP00044584,BusbarSection,母线,308.0227,504.1171,TMP00044584,TMP00131370#SUB020_开关LINE370_线,0311,BusbarSection,10kV,,,False,0
TMP00044589,BusbarSection,母线,323.1789,504.1171,TMP00044589,TMP00131373#环网箱母线,0311,BusbarSection,10kV,,,False,0
TMP00044590,BusbarSection,母线,347.4853,504.1171,TMP00044590,TMP00131371#环网箱母线,0311,BusbarSection,10kV,,,False,0
TMP00044586,BusbarSection,母线,344.1475,475.1271,TMP00044586,00000饭开关LINE370_线,0311,BusbarSection,10kV,,,False,0
TMP00044592,BusbarSection,母线,363.3887,504.1171,TMP00044592,TMP00131372#环网箱103母线,0311,BusbarSection,10kV,,,False,0
TMP00044593,BusbarSection,母线,378.5449,504.1171,TMP00044593,TMP00131368#环网箱母线,0311,BusbarSection,10kV,,,False,0
TMP00044588,BusbarSection,母线,394.0125,501.6474,TMP00044588,TMP00131366#环网箱母线,0311,BusbarSection,10kV,,,False,0
TMP00044587,BusbarSection,母线,493.909,485.8605,TMP00044587,00000示1#SUB020_开关LINE370_线,0311,BusbarSection,10kV,,,False,0
TMP00044600,BusbarSection,母线,515.1039,502.1247,TMP00044600,00000SUB020_开关LINE370_线,0311,BusbarSection,10kV,,,False,0
TMP00044585,BusbarSection,母线,376.0069,534.0926,TMP00044585,00000饭开关LINE370_线,0311,BusbarSection,10kV,,,False,0
TMP00044591,BusbarSection,母线,371.7073,493.8961,TMP00044591,00000关LINE370_线,0311,BusbarSection,10kV,,,False,0
TMP00044545,BusbarSection,母线,316.337,494.5601,TMP00044545,TMP00131370#箱变母线,0311,BusbarSection,10kV,,,False,0
TMP00044544,BusbarSection,母线,326.9933,516.9085,TMP00044544,TMP00131374#箱变母线,0311,BusbarSection,10kV,,,False,0
TMP00044559,BusbarSection,母线,341.9848,461.7915,TMP00044559,00000饭配电LINE370_线,0311,BusbarSection,10kV,,,False,1
TMP00044558,BusbarSection,母线,347.4638,448.4893,TMP00044558,00000饭配电LINE370_线,0311,BusbarSection,10kV,,,False,1
TMP00044541,BusbarSection,母线,483.2721,487.0227,TMP00044541,00000律母线,0311,BusbarSection,10kV,,,False,0
TMP00044551,BusbarSection,母线,531.0874,501.9162,TMP00044551,00000形导真个行者劳母线,0311,BusbarSection,10kV,,,False,0
TMP00044522,BusbarSection,母线,391.0207,566.7116,TMP00044522,TMP00132364母线,0311,BusbarSection,10kV,,,False,1
TMP00044534,BusbarSection,母线,427.1121,562.725,TMP00044534,TMP00132363母线,0311,BusbarSection,10kV,,,False,1
TMP00044557,BusbarSection,母线,444.1964,548.1677,TMP00044557,00000饭配电站8112480550母线,0311,BusbarSection,10kV,,,False,1
TMP00044521,BusbarSection,母线,455.2341,563.22,TMP00044521,TMP00132362母,0311,BusbarSection,10kV,,,False,1
TMP00044537,BusbarSection,母线,459.9792,547.0505,TMP00044537,TMP00132361母线,0311,BusbarSection,10kV,,,False,1
TMP00044539,BusbarSection,母线,490.9712,544.4775,TMP00044539,00000北助个行者劳变电所母线,0311,BusbarSection,10kV,,,False,0
TMP00044525,BusbarSection,母线,443.2078,445.4547,TMP00044525,00000饭配电LINE370_线,0311,BusbarSection,10kV,,,False,0
TMP00044540,BusbarSection,母线,433.4062,451.006,TMP00044540,00000饭配电LINE370_线,0311,BusbarSection,10kV,,,False,0
TMP00044536,BusbarSection,母线,449.693,454.4202,TMP00044536,TMP00132360母线,0311,BusbarSection,10kV,,,False,1
TMP00044526,BusbarSection,母线,433.0991,458.6963,TMP00044526,TMP00132359母线,0311,BusbarSection,10kV,,,False,1
TMP00044549,BusbarSection,母线,455.108,465.4344,TMP00044549,00000儿最界（急书）SUB020_配电LINE370_线,0311,BusbarSection,10kV,,,False,0
TMP00044561,BusbarSection,母线,432.6668,467.6668,TMP00044561,00000工开SUB020_配电LINE370_线,0311,BusbarSection,10kV,,,False,0
TMP00044523,BusbarSection,母线,414.3742,481.3565,TMP00044523,00000容母线,0311,BusbarSection,10kV,,,False,1
TMP00044533,BusbarSection,母线,474.007,486.429,TMP00044533,00000母线,0311,BusbarSection,10kV,,,False,0
TMP00044546,BusbarSection,母线,462.9719,478.6471,TMP00044546,00000配电LINE370_线,0311,BusbarSection,10kV,,,False,0
TMP00044527,BusbarSection,母线,461.8794,500.9002,TMP00044527,00000母线,0311,BusbarSection,10kV,,,False,0
TMP00044548,BusbarSection,母线,424.5097,495.552,TMP00044548,00000书SUB020_配电LINE370_线,0311,BusbarSection,10kV,,,False,0
TMP00044567,BusbarSection,母线,399.4949,515.7122,TMP00044567,00000配电LINE370_线,0311,BusbarSection,10kV,,,False,0
TMP00044566,BusbarSection,母线,409.4177,529.6274,TMP00044566,00000配电LINE370_线,0311,BusbarSection,10kV,,,False,0
TMP00044578,BusbarSection,母线,364.0769,551.3868,TMP00044578,00000线,0311,BusbarSection,10kV,,,False,0
TMP00044575,BusbarSection,母线,407.6767,546.7007,TMP00044575,00000电所1母线,0311,BusbarSection,10kV,,,False,1
TMP00044580,BusbarSection,母线,411.522,562.8839,TMP00044580,00000电所2母线,0311,BusbarSection,10kV,,,False,1
TMP00044579,BusbarSection,母线,420.3767,547.6013,TMP00044579,00000母线,0311,BusbarSection,10kV,,,False,0
TMP00044581,BusbarSection,母线,505.1096,516.6364,TMP00044581,00000二角变母线,0311,BusbarSection,10kV,,,False,0
TMP00044582,BusbarSection,母线,451.3665,483.7756,TMP00044582,00000线,0311,BusbarSection,10kV,,,False,0
TMP00044564,BusbarSection,母线,367.2065,517.1198,TMP00044564,00000员教母线,0311,BusbarSection,10kV,,,False,0
TMP00044570,BusbarSection,母线,358.8487,521.405,TMP00044570,00000)织始速常个行者劳(著长2)母线,0311,BusbarSection,10kV,,,False,1
TMP00044535,BusbarSection,母线,332.1925,496.4073,TMP00044535,00000书箱变母线,0311,BusbarSection,10kV,,,False,1
TMP00044542,BusbarSection,母线,364.1777,491.9659,TMP00044542,TMP00132358母线,0311,BusbarSection,10kV,,,False,1
TMP00044524,BusbarSection,母线,379.4626,483.6935,TMP00044524,00000书箱变母线,0311,BusbarSection,10kV,,,False,0
TMP00044543,BusbarSection,母线,386.456,495.0804,TMP00044543,00000最路箱变母线,0311,BusbarSection,10kV,,,False,0
TMP00044528,BusbarSection,母线,388.1852,534.4008,TMP00044528,00000变母线,0311,BusbarSection,10kV,,,False,0
TMP00044560,BusbarSection,母线,431.6319,490.8771,TMP00044560,00000母线,0311,BusbarSection,10kV,,,False,0
TMP00044568,BusbarSection,母线,529.3779,511.02,TMP00044568,00000助个行者劳母线1,0311,BusbarSection,10kV,,,False,1
TMP00044556,BusbarSection,母线,487.1403,472.7269,TMP00044556,00000#SUB020_配电站8079706104母线,0311,BusbarSection,10kV,,,False,1
TMP00044555,BusbarSection,母线,464.7705,462.3192,TMP00044555,00000电LINE370_线,0311,BusbarSection,10kV,,,False,0
TMP00044583,BusbarSection,母线,524.3821,450.8284,TMP00044583,00000度所母线,0311,BusbarSection,10kV,,,False,0
TMP00044565,BusbarSection,母线,474.1528,461.0643,TMP00044565,00000明3#配电LINE370_线,0311,BusbarSection,10kV,,,False,0
TMP00044594,BusbarSection,母线,502.4949,415.7712,TMP00044594,00000示2#环网箱母线,0311,BusbarSection,10kV,,,False,0
TMP00044597,BusbarSection,母线,352.5485,514.4439,TMP00044597,00000饭开关LINE370_线,0311,BusbarSection,10kV,,,False,1
TMP00044547,BusbarSection,母线,408.9359,511.3061,TMP00044547,00000范波金客个行者劳提刻行县三街分者劳1#变母线,0311,BusbarSection,10kV,,,False,1
TMP00044571,BusbarSection,母线,372.7354,542.8715,TMP00044571,00000书箱变母线,0311,BusbarSection,10kV,,,False,1
TMP00044573,BusbarSection,母线,376.7233,510.1861,TMP00044573,00000变母线,0311,BusbarSection,10kV,,,False,1
TMP00044574,BusbarSection,母线,356.4793,527.9722,TMP00044574,00000书SUB020_配电LINE370_线,0311,BusbarSection,10kV,,,False,1
TMP00044552,BusbarSection,母线,470.2029,543.349,TMP00044552,00000线,0311,BusbarSection,10kV,,,False,0
TMP00044569,BusbarSection,母线,483.0669,496.2205,TMP00044569,00000范波金客个行者劳提刻行县三街分者劳母线,0311,BusbarSection,10kV,,,False,1
TMP00044572,BusbarSection,母线,467.4852,494.9262,TMP00044572,00000如个SUB010_开广最界导较所母线,0311,BusbarSection,10kV,,,False,1
TMP00044599,BusbarSection,母线,373.4213,549.0421,TMP00044599,00000SUB020_开关LINE370_线,0311,BusbarSection,10kV,,,False,1
TMP00131880,BusbarSection,母线,296.2849,507.8092,TMP00131880,00000次母线,0311,BusbarSection,10kV,,,False,1
TMP00045909,CurrentTransformer,电流互感器,396.2806,504.1046,TMP00045909,CT005,0313,CurrentTransformer,10kV,,,False,0
TMP00045910,CurrentTransformer,电流互感器,400.0609,505.8057,TMP00045910,CT006,0313,CurrentTransformer,10kV,,,False,0
TMP00045911,CurrentTransformer,电流互感器,401.9511,504.1046,TMP00045911,CT007,0313,CurrentTransformer,10kV,,,False,0
TMP00045912,CurrentTransformer,电流互感器,398.1708,505.8057,TMP00045912,CT008,0313,CurrentTransformer,10kV,,,False,0
TMP00045905,CurrentTransformer,电流互感器,496.7438,488.3173,TMP00045905,CT001,0313,CurrentTransformer,10kV,,,False,0
TMP00045906,CurrentTransformer,电流互感器,498.6337,488.3173,TMP00045906,CT002,0313,CurrentTransformer,10kV,,,False,0
TMP00045907,CurrentTransformer,电流互感器,500.5236,490.0182,TMP00045907,CT003,0313,CurrentTransformer,10kV,,,False,0
TMP00045908,CurrentTransformer,电流互感器,502.4135,490.0182,TMP00045908,CT004,0313,CurrentTransformer,10kV,,,False,0
TMP00045928,CurrentTransformer,电流互感器,521.7185,506.2824,TMP00045928,CT024,0313,CurrentTransformer,10kV,,,False,0
TMP00045929,CurrentTransformer,电流互感器,523.6083,506.2824,TMP00045929,CT025,0313,CurrentTransformer,10kV,,,False,0
TMP00045930,CurrentTransformer,电流互感器,517.9387,504.5816,TMP00045930,CT026,0313,CurrentTransformer,10kV,,,False,0
TMP00045913,CurrentTransformer,电流互感器,519.8286,504.5816,TMP00045913,CT009,0313,CurrentTransformer,10kV,,,False,0
TMP00045914,CurrentTransformer,电流互感器,357.9613,517.0902,TMP00045914,CT010,0313,CurrentTransformer,10kV,,,False,1
TMP00045915,CurrentTransformer,电流互感器,354.3527,517.0902,TMP00045915,CT011,0313,CurrentTransformer,10kV,,,False,1
TMP00045916,CurrentTransformer,电流互感器,355.5556,517.0902,TMP00045916,CT012,0313,CurrentTransformer,10kV,,,False,1
TMP00045917,CurrentTransformer,电流互感器,356.7584,517.0902,TMP00045917,CT013,0313,CurrentTransformer,10kV,,,False,1
TMP00045918,CurrentTransformer,电流互感器,358.9978,517.1073,TMP00045918,CT014,0313,CurrentTransformer,10kV,,,False,1
TMP00045919,CurrentTransformer,电流互感器,360.2006,517.1073,TMP00045919,CT015,0313,CurrentTransformer,10kV,,,False,1
TMP00045924,CurrentTransformer,电流互感器,376.0176,552.1083,TMP00045924,CT020,0313,CurrentTransformer,10kV,,,False,1
TMP00045925,CurrentTransformer,电流互感器,377.6204,552.086,TMP00045925,CT021,0313,CurrentTransformer,10kV,,,False,1
TMP00045926,CurrentTransformer,电流互感器,379.1901,552.1009,TMP00045926,CT022,0313,CurrentTransformer,10kV,,,False,1
TMP00045927,CurrentTransformer,电流互感器,380.6828,552.0795,TMP00045927,CT023,0313,CurrentTransformer,10kV,,,False,1
TMP00044478,GroundDisconnector,接地隔离开关,397.4147,504.9433,TMP00044478,地刀0006,0306,GroundDisconnector,10kV,,,False,0
TMP00044479,GroundDisconnector,接地隔离开关,401.195,506.6444,TMP00044479,地刀0007,0306,GroundDisconnector,10kV,,,False,0
TMP00044480,GroundDisconnector,接地隔离开关,403.0851,504.9433,TMP00044480,地刀0008,0306,GroundDisconnector,10kV,,,False,0
TMP00044481,GroundDisconnector,接地隔离开关,395.5246,504.9433,TMP00044481,地刀0009,0306,GroundDisconnector,10kV,,,False,0
TMP00044482,GroundDisconnector,接地隔离开关,399.3048,506.6444,TMP00044482,地刀0010,0306,GroundDisconnector,10kV,,,False,0
TMP00044473,GroundDisconnector,接地隔离开关,495.421,488.589,TMP00044473,地刀0001,0306,GroundDisconnector,10kV,,,False,0
TMP00044474,GroundDisconnector,接地隔离开关,497.3108,488.589,TMP00044474,地刀0002,0306,GroundDisconnector,10kV,,,False,0
TMP00044475,GroundDisconnector,接地隔离开关,499.2007,488.589,TMP00044475,地刀0003,0306,GroundDisconnector,10kV,,,False,0
TMP00044476,GroundDisconnector,接地隔离开关,501.0905,490.2898,TMP00044476,地刀0004,0306,GroundDisconnector,10kV,,,False,0
TMP00044477,GroundDisconnector,接地隔离开关,502.9804,490.2898,TMP00044477,地刀0005,0306,GroundDisconnector,10kV,,,False,0
TMP00044503,GroundDisconnector,接地隔离开关,522.2854,504.8532,TMP00044503,地刀0031,0306,GroundDisconnector,10kV,,,False,0
TMP00044504,GroundDisconnector,接地隔离开关,524.1753,504.8532,TMP00044504,地刀0032,0306,GroundDisconnector,10kV,,,False,0
TMP00044505,GroundDisconnector,接地隔离开关,516.6158,504.8532,TMP00044505,地刀0033,0306,GroundDisconnector,10kV,,,False,0
TMP00044506,GroundDisconnector,接地隔离开关,518.5057,504.8532,TMP00044506,地刀0034,0306,GroundDisconnector,10kV,,,False,0
TMP00044507,GroundDisconnector,接地隔离开关,520.3955,504.8532,TMP00044507,地刀0035,0306,GroundDisconnector,10kV,,,False,0
TMP00044509,GroundDisconnector,接地隔离开关,358.3221,516.1805,TMP00044509,地刀0037,0306,GroundDisconnector,10kV,,,False,1
TMP00044510,GroundDisconnector,接地隔离开关,353.5107,516.1805,TMP00044510,地刀0038,0306,GroundDisconnector,10kV,,,False,1
TMP00044511,GroundDisconnector,接地隔离开关,354.7136,516.1805,TMP00044511,地刀0039,0306,GroundDisconnector,10kV,,,False,1
TMP00044512,GroundDisconnector,接地隔离开关,355.9164,516.1805,TMP00044512,地刀0040,0306,GroundDisconnector,10kV,,,False,1
TMP00044513,GroundDisconnector,接地隔离开关,357.1193,516.1805,TMP00044513,地刀0041,0306,GroundDisconnector,10kV,,,False,1
TMP00044514,GroundDisconnector,接地隔离开关,359.3586,516.1977,TMP00044514,地刀0042,0306,GroundDisconnector,10kV,,,False,1
TMP00044508,GroundDisconnector,接地隔离开关,360.5615,516.1977,TMP00044508,地刀0036,0306,GroundDisconnector,10kV,,,False,1
TMP00044498,GroundDisconnector,接地隔离开关,374.7222,550.486,TMP00044498,地刀0026,0306,GroundDisconnector,10kV,,,False,1
TMP00044499,GroundDisconnector,接地隔离开关,376.5379,551.704,TMP00044499,地刀0027,0306,GroundDisconnector,10kV,,,False,1
TMP00044500,GroundDisconnector,接地隔离开关,378.1744,551.7138,TMP00044500,地刀0028,0306,GroundDisconnector,10kV,,,False,1
TMP00044501,GroundDisconnector,接地隔离开关,379.6845,551.704,TMP00044501,地刀0029,0306,GroundDisconnector,10kV,,,False,1
TMP00044502,GroundDisconnector,接地隔离开关,381.243,551.6845,TMP00044502,地刀0030,0306,GroundDisconnector,10kV,,,False,1
TMP00044453,Disconnector,隔离开关,400.6279,504.6716,TMP00044453,刀闸0073,0306,Disconnector,10kV,,,False,0
TMP00044454,Disconnector,隔离开关,398.7378,504.6716,TMP00044454,刀闸0074,0306,Disconnector,10kV,,,False,0
TMP00044451,Disconnector,隔离开关,500.5236,488.8843,TMP00044451,刀闸0071,0306,Disconnector,10kV,,,False,0
TMP00044452,Disconnector,隔离开关,502.4135,488.8843,TMP00044452,刀闸0072,0306,Disconnector,10kV,,,False,0
TMP00044471,Disconnector,隔离开关,521.7185,505.1485,TMP00044471,刀闸0091,0306,Disconnector,10kV,,,False,0
TMP00044472,Disconnector,隔离开关,523.6083,505.1485,TMP00044472,刀闸0092,0306,Disconnector,10kV,,,False,0
TMP00044455,Disconnector,隔离开关,357.9613,516.3685,TMP00044455,刀闸0075,0306,Disconnector,10kV,,,False,1
TMP00044456,Disconnector,隔离开关,354.3527,516.3685,TMP00044456,刀闸0076,0306,Disconnector,10kV,,,False,1
TMP00044457,Disconnector,隔离开关,355.5556,516.3685,TMP00044457,刀闸0077,0306,Disconnector,10kV,,,False,1
TMP00044458,Disconnector,隔离开关,356.7584,516.3685,TMP00044458,刀闸0078,0306,Disconnector,10kV,,,False,1
TMP00044459,Disconnector,隔离开关,358.9978,516.3856,TMP00044459,刀闸0079,0306,Disconnector,10kV,,,False,1
TMP00044460,Disconnector,隔离开关,360.2006,516.3856,TMP00044460,刀闸0080,0306,Disconnector,10kV,,,False,1
TMP00044601,PotentialTransformer,电压互感器,394.9575,506.5618,TMP00044601,PT001,0314,PotentialTransformer,10kV,,,False,0
TMP00044602,PotentialTransformer,电压互感器,494.854,490.2071,TMP00044602,PT002,0314,PotentialTransformer,10kV,,,False,0
TMP00044603,PotentialTransformer,电压互感器,516.0488,506.4714,TMP00044603,PT003,0314,PotentialTransformer,10kV,,,False,0
TMP00044604,PotentialTransformer,电压互感器,353.1499,516.8496,TMP00044604,PT004,0314,PotentialTransformer,10kV,,,False,1
TMP00044605,PotentialTransformer,电压互感器,374.2471,553.0586,TMP00044605,PT005,0314,PotentialTransformer,10kV,,,False,1
TMP00046103,EnergyConsumer,负荷,494.3401,465.7528,TMP00046103,用户1561,370000,EnergyConsumer,10kV,,,False,1
TMP00046102,EnergyConsumer,负荷,435.5386,557.3363,TMP00046102,用户1562,370000,EnergyConsumer,10kV,,,False,1
TMP00046101,EnergyConsumer,负荷,512.0732,499.6955,TMP00046101,用户1563,370000,EnergyConsumer,10kV,,,False,1
TMP00046100,EnergyConsumer,负荷,383.8871,558.35,TMP00046100,用户1564,370000,EnergyConsumer,10kV,,,False,1
TMP00046099,EnergyConsumer,负荷,385.0371,557.2067,TMP00046099,用户1565,370000,EnergyConsumer,10kV,,,False,1
TMP00046098,EnergyConsumer,负荷,388.4149,555.7398,TMP00046098,用户1566,370000,EnergyConsumer,10kV,,,False,1
TMP00046097,EnergyConsumer,负荷,390.7999,559.3045,TMP00046097,用户1567,370000,EnergyConsumer,10kV,,,False,1
TMP00046096,EnergyConsumer,负荷,399.433,556.2987,TMP00046096,用户1568,370000,EnergyConsumer,10kV,,,False,1
TMP00046095,EnergyConsumer,负荷,399.1859,557.2766,TMP00046095,用户1569,370000,EnergyConsumer,10kV,,,False,1
TMP00046094,EnergyConsumer,负荷,417.9578,551.0423,TMP00046094,用户1570,370000,EnergyConsumer,10kV,,,False,1
TMP00046093,EnergyConsumer,负荷,419.4594,557.575,TMP00046093,用户1571,370000,EnergyConsumer,10kV,,,False,1
TMP00046092,EnergyConsumer,负荷,436.104,555.9861,TMP00046092,用户1572,370000,EnergyConsumer,10kV,,,False,1
TMP00046091,EnergyConsumer,负荷,443.4867,559.7905,TMP00046091,用户1573,370000,EnergyConsumer,10kV,,,False,1
TMP00046090,EnergyConsumer,负荷,452.2962,559.7905,TMP00046090,用户1574,370000,EnergyConsumer,10kV,,,False,1
TMP00046089,EnergyConsumer,负荷,469.445,560.4066,TMP00046089,用户1575,370000,EnergyConsumer,10kV,,,False,1
TMP00046088,EnergyConsumer,负荷,469.8387,559.8092,TMP00046088,用户1576,370000,EnergyConsumer,10kV,,,False,1
TMP00046087,EnergyConsumer,负荷,478.7582,555.7992,TMP00046087,用户1577,370000,EnergyConsumer,10kV,,,False,1
TMP00046086,EnergyConsumer,负荷,478.7582,557.2461,TMP00046086,用户1578,370000,EnergyConsumer,10kV,,,False,1
TMP00046085,EnergyConsumer,负荷,493.1234,554.022,TMP00046085,用户1579,370000,EnergyConsumer,10kV,,,False,1
TMP00046084,EnergyConsumer,负荷,437.0691,478.2601,TMP00046084,用户1580,370000,EnergyConsumer,10kV,,,False,1
TMP00046083,EnergyConsumer,负荷,437.7267,480.658,TMP00046083,用户1581,370000,EnergyConsumer,10kV,,,False,1
TMP00046082,EnergyConsumer,负荷,432.7882,475.0662,TMP00046082,用户1582,370000,EnergyConsumer,10kV,,,False,1
TMP00046081,EnergyConsumer,负荷,461.9035,494.0457,TMP00046081,用户1583,370000,EnergyConsumer,10kV,,,False,1
TMP00046080,EnergyConsumer,负荷,460.5082,494.1745,TMP00046080,用户1584,370000,EnergyConsumer,10kV,,,False,1
TMP00046079,EnergyConsumer,负荷,419.4547,509.1756,TMP00046079,用户1585,370000,EnergyConsumer,10kV,,,False,1
TMP00046078,EnergyConsumer,负荷,415.6255,503.6719,TMP00046078,用户1586,370000,EnergyConsumer,10kV,,,False,1
TMP00046077,EnergyConsumer,负荷,347.083,478.3477,TMP00046077,用户1587,370000,EnergyConsumer,10kV,,,False,0
TMP00046076,EnergyConsumer,负荷,500.5195,491.1881,TMP00046076,用户1588,370000,EnergyConsumer,10kV,,,False,0
TMP00046075,EnergyConsumer,负荷,527.7199,508.3373,TMP00046075,用户1589,370000,EnergyConsumer,10kV,,,False,1
TMP00046074,EnergyConsumer,负荷,390.3128,563.1621,TMP00046074,用户1590,370000,EnergyConsumer,10kV,,,False,0
TMP00046073,EnergyConsumer,负荷,426.3864,559.7525,TMP00046073,用户1591,370000,EnergyConsumer,10kV,,,False,0
TMP00046072,EnergyConsumer,负荷,447.0208,555.2065,TMP00046072,用户1592,370000,EnergyConsumer,10kV,,,False,0
TMP00046071,EnergyConsumer,负荷,454.496,559.6406,TMP00046071,用户1593,370000,EnergyConsumer,10kV,,,False,0
TMP00046070,EnergyConsumer,负荷,461.3897,554.0753,TMP00046070,用户1594,370000,EnergyConsumer,10kV,,,False,0
TMP00046069,EnergyConsumer,负荷,493.8845,551.8692,TMP00046069,用户1595,370000,EnergyConsumer,10kV,,,False,0
TMP00046068,EnergyConsumer,负荷,444.63,453.0732,TMP00046068,用户1596,370000,EnergyConsumer,10kV,,,False,0
TMP00046067,EnergyConsumer,负荷,442.0472,456.2269,TMP00046067,用户1597,370000,EnergyConsumer,10kV,,,False,0
TMP00046066,EnergyConsumer,负荷,447.3474,461.4448,TMP00046066,用户1598,370000,EnergyConsumer,10kV,,,False,0
TMP00046065,EnergyConsumer,负荷,441.2876,465.4239,TMP00046065,用户1599,370000,EnergyConsumer,10kV,,,False,0
TMP00046064,EnergyConsumer,负荷,451.3482,470.4848,TMP00046064,用户1600,370000,EnergyConsumer,10kV,,,False,1
TMP00046063,EnergyConsumer,负荷,436.3367,473.2384,TMP00046063,用户1601,370000,EnergyConsumer,10kV,,,False,0
TMP00046062,EnergyConsumer,负荷,422.6281,486.3804,TMP00046062,用户1602,370000,EnergyConsumer,10kV,,,False,0
TMP00046061,EnergyConsumer,负荷,471.4611,492.425,TMP00046061,用户1603,370000,EnergyConsumer,10kV,,,False,0
TMP00046060,EnergyConsumer,负荷,461.149,497.969,TMP00046060,用户1604,370000,EnergyConsumer,10kV,,,False,0
TMP00046059,EnergyConsumer,负荷,425.901,503.7145,TMP00046059,用户1605,370000,EnergyConsumer,10kV,,,False,1
TMP00046058,EnergyConsumer,负荷,409.0822,553.7148,TMP00046058,用户1606,370000,EnergyConsumer,10kV,,,False,1
TMP00046057,EnergyConsumer,负荷,410.7977,560.1265,TMP00046057,用户1607,370000,EnergyConsumer,10kV,,,False,0
TMP00046056,EnergyConsumer,负荷,421.7691,554.0153,TMP00046056,用户1608,370000,EnergyConsumer,10kV,,,False,0
TMP00046055,EnergyConsumer,负荷,504.3255,513.4953,TMP00046055,用户1609,370000,EnergyConsumer,10kV,,,False,0
TMP00046054,EnergyConsumer,负荷,452.7665,490.1989,TMP00046054,用户1610,370000,EnergyConsumer,10kV,,,False,0
TMP00046053,EnergyConsumer,负荷,357.812,521.4594,TMP00046053,用户1611,370000,EnergyConsumer,10kV,,,False,1
TMP00046052,EnergyConsumer,负荷,328.3763,508.2612,TMP00046052,用户1612,370000,EnergyConsumer,10kV,,,False,0
TMP00046051,EnergyConsumer,负荷,374.6013,497.3532,TMP00046051,用户1613,370000,EnergyConsumer,10kV,,,False,0
TMP00046050,EnergyConsumer,负荷,376.8653,498.0083,TMP00046050,用户1614,370000,EnergyConsumer,10kV,,,False,0
TMP00046049,EnergyConsumer,负荷,383.163,509.529,TMP00046049,用户1615,370000,EnergyConsumer,10kV,,,False,0
TMP00046048,EnergyConsumer,负荷,380.9207,538.0133,TMP00046048,用户1616,370000,EnergyConsumer,10kV,,,False,0
TMP00046047,EnergyConsumer,负荷,430.0452,488.5877,TMP00046047,用户1617,370000,EnergyConsumer,10kV,,,False,0
TMP00046046,EnergyConsumer,负荷,523.6807,511.6118,TMP00046046,用户1618,370000,EnergyConsumer,10kV,,,False,1
TMP00046045,EnergyConsumer,负荷,504.9252,440.828,TMP00046045,用户1619,370000,EnergyConsumer,10kV,,,False,1
TMP00046044,EnergyConsumer,负荷,514.6961,454.4166,TMP00046044,用户1620,370000,EnergyConsumer,10kV,,,False,1
TMP00046043,EnergyConsumer,负荷,494.3401,467.1256,TMP00046043,用户1621,370000,EnergyConsumer,10kV,,,False,1
TMP00046042,EnergyConsumer,负荷,497.8542,466.9765,TMP00046042,用户1622,370000,EnergyConsumer,10kV,,,False,1
TMP00046041,EnergyConsumer,负荷,486.5162,469.2707,TMP00046041,用户1623,370000,EnergyConsumer,10kV,,,False,0
TMP00046040,EnergyConsumer,负荷,520.852,455.3263,TMP00046040,用户1624,370000,EnergyConsumer,10kV,,,False,0
TMP00046039,EnergyConsumer,负荷,417.6223,512.9589,TMP00046039,用户1625,370000,EnergyConsumer,10kV,,,False,1
TMP00046038,EnergyConsumer,负荷,400.9202,512.3491,TMP00046038,用户1626,370000,EnergyConsumer,10kV,,,False,1
TMP00046037,EnergyConsumer,负荷,378.9423,537.3132,TMP00046037,用户1627,370000,EnergyConsumer,10kV,,,False,0
TMP00046036,EnergyConsumer,负荷,509.6873,443.9824,TMP00046036,用户1628,370000,EnergyConsumer,10kV,,,False,1
TMP00046035,EnergyConsumer,负荷,356.3313,518.5934,TMP00046035,用户1629,370000,EnergyConsumer,10kV,,,False,0
TMP00046034,EnergyConsumer,负荷,435.6895,560.0449,TMP00046034,用户1630,370000,EnergyConsumer,10kV,,,False,0
TMP00046033,EnergyConsumer,负荷,468.6692,552.1952,TMP00046033,用户1631,370000,EnergyConsumer,10kV,,,False,0
TMP00046032,EnergyConsumer,负荷,502.3739,492.6828,TMP00046032,用户1632,370000,EnergyConsumer,10kV,,,False,0
TMP00046031,EnergyConsumer,负荷,466.0389,495.6503,TMP00046031,用户1633,370000,EnergyConsumer,10kV,,,False,1
TMP00046030,EnergyConsumer,负荷,372.2431,556.9695,TMP00046030,用户1634,370000,EnergyConsumer,10kV,,,False,0
TMP00044241,CompositeSwitch,组合开关,379.2041,549.862,TMP00044241,开关00056,0306,CompositeSwitch,10kV,,,False,1
TMP00044242,CompositeSwitch,组合开关,377.6343,549.8471,TMP00044242,开关00057,0306,CompositeSwitch,10kV,,,False,1
TMP00044243,CompositeSwitch,组合开关,376.0316,549.8694,TMP00044243,开关00058,0306,CompositeSwitch,10kV,,,False,1
TMP00044244,CompositeSwitch,组合开关,374.2585,549.9156,TMP00044244,开关00059,0306,CompositeSwitch,10kV,,,False,1
TMP00044245,CompositeSwitch,组合开关,380.6968,549.8503,TMP00044245,开关00060,0306,CompositeSwitch,10kV,,,False,1
