element_id,element_type,element_type_cn,x,y,object_id,object_name,psr_type,layer,voltage_level,css_class,stroke_color,is_junction,related_text_count,terminal_index,terminal_x,terminal_y
TMP_26143f4d-fe2b-45c0-8640-2befe3efb7f5,PowerTransformer,变压器,404.7536,97.5837,TMP00046497,配变2274,0302,TMP00132367,10kV,lkv10,,False,39,1,404.7536,98.2894
TMP_26143f4d-fe2b-45c0-8640-2befe3efb7f5,PowerTransformer,变压器,404.7536,97.5837,TMP00046497,配变2274,0302,TMP00132367,10kV,lkv10,,False,39,2,404.7536,96.8779
TMP_abc662fa-ee8d-404f-925c-44834c4eeae0,PowerTransformer,变压器,427.2941,77.2654,TMP00046367,配变2144,0110,TMP00132367,10kV,lkv10,,False,16,1,428.6841,77.2654
TMP_abc662fa-ee8d-404f-925c-44834c4eeae0,PowerTransformer,变压器,427.2941,77.2654,TMP00046367,配变2144,0110,TMP00132367,10kV,lkv10,,False,16,2,425.9749,77.2654
TMP_ae6f7886-5779-4614-bd22-bf57da940de8,PowerTransformer,变压器,435.404,45.6265,TMP00046498,配变2275,0302,TMP00132367,10kV,lkv10,,False,1,1,435.404,46.4875
TMP_ae6f7886-5779-4614-bd22-bf57da940de8,PowerTransformer,变压器,435.404,45.6265,TMP00046498,配变2275,0302,TMP00132367,10kV,lkv10,,False,1,2,435.404,44.7654
TMP_974fdb81-3a60-4775-a056-e0682fab3d52,PowerTransformer,变压器,445.8531,77.0987,TMP00046522,配变2299,0302,TMP00132367,10kV,lkv10,,False,2,1,445.8531,78.5026
TMP_974fdb81-3a60-4775-a056-e0682fab3d52,PowerTransformer,变压器,445.8531,77.0987,TMP00046522,配变2299,0302,TMP00132367,10kV,lkv10,,False,2,2,445.8531,75.6947
TMP_218c7d23-4cc3-49e7-ada8-86a6528b4edb,PowerTransformer,变压器,441.6909,92.8795,TMP00046366,配变2143,0110,TMP00132367,10kV,lkv10,,False,3,1,440.3009,92.8795
TMP_218c7d23-4cc3-49e7-ada8-86a6528b4edb,PowerTransformer,变压器,441.6909,92.8795,TMP00046366,配变2143,0110,TMP00132367,10kV,lkv10,,False,3,2,443.0101,92.8795
TMP_77c7da7a-c14b-440e-91ca-e5127888d959,PowerTransformer,变压器,506.018,261.8764,TMP00046365,配变2142,0110,TMP00132367,10kV,lkv10,,False,50,1,506.0046,260.1853
TMP_77c7da7a-c14b-440e-91ca-e5127888d959,PowerTransformer,变压器,506.018,261.8764,TMP00046365,配变2142,0110,TMP00132367,10kV,lkv10,,False,50,2,506.0046,263.5117
TMP_c7bfb5a3-e7a4-4226-b153-f35910a79812,PowerTransformer,变压器,574.6366,289.0355,TMP00046364,配变2141,0110,TMP00132367,10kV,lkv10,,False,59,1,574.65,290.7266
TMP_c7bfb5a3-e7a4-4226-b153-f35910a79812,PowerTransformer,变压器,574.6366,289.0355,TMP00046364,配变2141,0110,TMP00132367,10kV,lkv10,,False,59,2,574.65,287.4002
TMP_60e30710-1f02-462a-b775-fb018ccde95a,PowerTransformer,变压器,590.0217,304.3117,TMP00046363,配变2140,0110,TMP00132367,10kV,lkv10,,False,28,1,590.0127,303.1841
TMP_60e30710-1f02-462a-b775-fb018ccde95a,PowerTransformer,变压器,590.0217,304.3117,TMP00046363,配变2140,0110,TMP00132367,10kV,lkv10,,False,28,2,590.0127,305.4023
TMP_d9bfab0b-905b-4a47-bacc-f45921ea8c61,PowerTransformer,变压器,619.1819,304.3117,TMP00046362,配变2139,0110,TMP00132367,10kV,lkv10,,False,13,1,619.1819,302.598
TMP_d9bfab0b-905b-4a47-bacc-f45921ea8c61,PowerTransformer,变压器,619.1819,304.3117,TMP00046362,配变2139,0110,TMP00132367,10kV,lkv10,,False,13,2,619.1819,305.9382
TMP_0996d4f5-11bd-41b3-934c-778c3f155f99,PowerTransformer,变压器,646.8633,298.442,TMP00046361,配变2138,0110,TMP00132367,10kV,lkv10,,False,1,1,645.1496,298.442
TMP_0996d4f5-11bd-41b3-934c-778c3f155f99,PowerTransformer,变压器,646.8633,298.442,TMP00046361,配变2138,0110,TMP00132367,10kV,lkv10,,False,1,2,648.4898,298.442
TMP_f0af95f5-e9b0-4187-a80f-1fb23f3d5c79,PowerTransformer,变压器,623.1635,292.1151,TMP00046360,配变2137,0110,TMP00132367,10kV,lkv10,,False,1,1,623.1729,293.2962
TMP_f0af95f5-e9b0-4187-a80f-1fb23f3d5c79,PowerTransformer,变压器,623.1635,292.1151,TMP00046360,配变2137,0110,TMP00132367,10kV,lkv10,,False,1,2,623.1729,290.9729
TMP_4a7dbc08-4528-4c0a-a714-76af4097a4d0,PowerTransformer,变压器,612.7246,293.4258,TMP00046359,配变2136,0110,TMP00132367,10kV,lkv10,,False,1,1,613.7244,293.3812
TMP_4a7dbc08-4528-4c0a-a714-76af4097a4d0,PowerTransformer,变压器,612.7246,293.4258,TMP00046359,配变2136,0110,TMP00132367,10kV,lkv10,,False,1,2,611.7572,293.4533
TMP_47387e1b-2b38-43c2-a24c-46f57077c2bc,PowerTransformer,变压器,614.4406,291.697,TMP00046358,配变2135,0110,TMP00132367,10kV,lkv10,,False,1,1,614.4495,292.8143
TMP_47387e1b-2b38-43c2-a24c-46f57077c2bc,PowerTransformer,变压器,614.4406,291.697,TMP00046358,配变2135,0110,TMP00132367,10kV,lkv10,,False,1,2,614.4495,290.6164
TMP_ef5b982e-a966-4e16-960d-0dc6616f8a12,PowerTransformer,变压器,611.9982,319.291,TMP00046357,配变2134,0110,TMP00132367,10kV,lkv10,,False,1,1,611.9982,317.5773
TMP_ef5b982e-a966-4e16-960d-0dc6616f8a12,PowerTransformer,变压器,611.9982,319.291,TMP00046357,配变2134,0110,TMP00132367,10kV,lkv10,,False,1,2,611.9982,320.9174
TMP_b33f6c66-78d6-4c51-8414-af6d691532e5,PowerTransformer,变压器,596.697,290.8773,TMP00046356,配变2133,0110,TMP00132367,10kV,lkv10,,False,1,1,596.697,292.591
TMP_b33f6c66-78d6-4c51-8414-af6d691532e5,PowerTransformer,变压器,596.697,290.8773,TMP00046356,配变2133,0110,TMP00132367,10kV,lkv10,,False,1,2,596.697,289.2508
TMP_621b96e4-de77-4449-bf8d-85916c1d1c68,PowerTransformer,变压器,585.6506,289.2165,TMP00046355,配变2132,0110,TMP00132367,10kV,lkv10,,False,1,1,585.6506,290.9302
TMP_621b96e4-de77-4449-bf8d-85916c1d1c68,PowerTransformer,变压器,585.6506,289.2165,TMP00046355,配变2132,0110,TMP00132367,10kV,lkv10,,False,1,2,585.6506,287.59
TMP_36afd2d1-58b1-4c1b-8c6c-88f646a1cc9c,PowerTransformer,变压器,581.5502,321.2679,TMP00046354,配变2131,0110,TMP00132367,10kV,lkv10,,False,1,1,581.5368,319.5769
TMP_36afd2d1-58b1-4c1b-8c6c-88f646a1cc9c,PowerTransformer,变压器,581.5502,321.2679,TMP00046354,配变2131,0110,TMP00132367,10kV,lkv10,,False,1,2,581.5368,322.9033
TMP_c5b9d6f9-4346-42cd-b236-3780a11e0443,PowerTransformer,变压器,570.4009,303.1594,TMP00046353,配变2130,0110,TMP00132367,10kV,lkv10,,False,7,1,570.3919,302.0162
TMP_c5b9d6f9-4346-42cd-b236-3780a11e0443,PowerTransformer,变压器,570.4009,303.1594,TMP00046353,配变2130,0110,TMP00132367,10kV,lkv10,,False,7,2,570.3919,304.265
TMP_9c7a930b-f80d-4ae8-8d81-514de2e47969,PowerTransformer,变压器,563.5113,289.5331,TMP00046352,配变2129,0110,TMP00132367,10kV,lkv10,,False,13,1,563.5246,291.2241
TMP_9c7a930b-f80d-4ae8-8d81-514de2e47969,PowerTransformer,变压器,563.5113,289.5331,TMP00046352,配变2129,0110,TMP00132367,10kV,lkv10,,False,13,2,563.5246,287.8977
TMP_84111d19-51e9-4ca0-bc49-4e25cbac2048,PowerTransformer,变压器,537.8223,291.521,TMP00046351,配变2128,0110,TMP00132367,10kV,lkv10,,False,38,1,537.8223,293.2348
TMP_84111d19-51e9-4ca0-bc49-4e25cbac2048,PowerTransformer,变压器,537.8223,291.521,TMP00046351,配变2128,0110,TMP00132367,10kV,lkv10,,False,38,2,537.8223,289.8946
TMP_e06d16f5-8bc7-4435-a7d1-52ceff84b239,PowerTransformer,变压器,537.8223,338.3193,TMP00046350,配变2127,0110,TMP00132367,10kV,lkv10,,False,12,1,537.8223,336.6056
TMP_e06d16f5-8bc7-4435-a7d1-52ceff84b239,PowerTransformer,变压器,537.8223,338.3193,TMP00046350,配变2127,0110,TMP00132367,10kV,lkv10,,False,12,2,537.8223,339.9458
TMP_1c0f1fcc-d422-47e8-bdff-b469ea41f85e,PowerTransformer,变压器,531.3595,321.029,TMP00046349,配变2126,0110,TMP00132367,10kV,lkv10,,False,1,1,533.0732,321.029
TMP_1c0f1fcc-d422-47e8-bdff-b469ea41f85e,PowerTransformer,变压器,531.3595,321.029,TMP00046349,配变2126,0110,TMP00132367,10kV,lkv10,,False,1,2,529.733,321.029
TMP_45cc3ac4-cc1d-4e68-ad7a-e5975bd08cad,PowerTransformer,变压器,560.9608,304.5756,TMP00046348,配变2125,0110,TMP00132367,10kV,lkv10,,False,1,1,560.0199,304.583
TMP_45cc3ac4-cc1d-4e68-ad7a-e5975bd08cad,PowerTransformer,变压器,560.9608,304.5756,TMP00046348,配变2125,0110,TMP00132367,10kV,lkv10,,False,1,2,561.8708,304.583
TMP_6c3648f9-647b-4352-8815-33cabc5ba69a,PowerTransformer,变压器,532.6995,292.6449,TMP00046347,配变2124,0110,TMP00132367,10kV,lkv10,,False,6,1,532.6995,294.3586
TMP_6c3648f9-647b-4352-8815-33cabc5ba69a,PowerTransformer,变压器,532.6995,292.6449,TMP00046347,配变2124,0110,TMP00132367,10kV,lkv10,,False,6,2,532.6995,291.0184
TMP_7633b82e-1c80-4b02-8c57-523fd1fe5f76,PowerTransformer,变压器,523.276,305.0974,TMP00046346,配变2123,0110,TMP00132367,10kV,lkv10,,False,6,1,523.2627,303.4064
TMP_7633b82e-1c80-4b02-8c57-523fd1fe5f76,PowerTransformer,变压器,523.276,305.0974,TMP00046346,配变2123,0110,TMP00132367,10kV,lkv10,,False,6,2,523.2627,306.7328
TMP_d1717ff4-f67c-4273-8068-d61a2757719f,PowerTransformer,变压器,521.2853,286.9119,TMP00046345,配变2122,0110,TMP00132367,10kV,lkv10,,False,1,1,521.2936,287.9624
TMP_d1717ff4-f67c-4273-8068-d61a2757719f,PowerTransformer,变压器,521.2853,286.9119,TMP00046345,配变2122,0110,TMP00132367,10kV,lkv10,,False,1,2,521.2936,285.896
TMP_f76dbd8a-d232-4338-8a0b-c3f06c21f331,PowerTransformer,变压器,516.2707,303.1594,TMP00046344,配变2121,0110,TMP00132367,10kV,lkv10,,False,1,1,516.2633,302.226
TMP_f76dbd8a-d232-4338-8a0b-c3f06c21f331,PowerTransformer,变压器,516.2707,303.1594,TMP00046344,配变2121,0110,TMP00132367,10kV,lkv10,,False,1,2,516.2633,304.0621
TMP_c5dc9be5-510f-4d53-bc23-c2eb8613991c,PowerTransformer,变压器,434.3992,246.5185,TMP00046343,配变2120,0110,TMP00132367,10kV,lkv10,,False,53,1,434.4073,247.5431
TMP_c5dc9be5-510f-4d53-bc23-c2eb8613991c,PowerTransformer,变压器,434.3992,246.5185,TMP00046343,配变2120,0110,TMP00132367,10kV,lkv10,,False,53,2,434.4073,245.5278
TMP_cda94a36-64f0-4271-9f9c-6d4ba4b0616c,PowerTransformer,变压器,348.5432,268.5273,TMP00046342,配变2119,0110,TMP00132367,10kV,lkv10,,False,79,1,348.5432,266.8136
TMP_cda94a36-64f0-4271-9f9c-6d4ba4b0616c,PowerTransformer,变压器,348.5432,268.5273,TMP00046342,配变2119,0110,TMP00132367,10kV,lkv10,,False,79,2,348.5432,270.1538
TMP_ef7efd2d-df5a-4567-81a3-d6501d5992ce,PowerTransformer,变压器,343.9341,259.3093,TMP00046341,配变2118,0110,TMP00132367,10kV,lkv10,,False,1,1,343.9257,258.2459
TMP_ef7efd2d-df5a-4567-81a3-d6501d5992ce,PowerTransformer,变压器,343.9341,259.3093,TMP00046341,配变2118,0110,TMP00132367,10kV,lkv10,,False,1,2,343.9257,260.3376
TMP_e41b0377-93ee-4b03-9a0d-36f42f5f5afc,PowerTransformer,变压器,343.9341,244.0331,TMP00046340,配变2117,0110,TMP00132367,10kV,lkv10,,False,1,1,343.9475,245.7242
TMP_e41b0377-93ee-4b03-9a0d-36f42f5f5afc,PowerTransformer,变压器,343.9341,244.0331,TMP00046340,配变2117,0110,TMP00132367,10kV,lkv10,,False,1,2,343.9475,242.3978
TMP_b83a07d5-b380-43ca-bc4b-b975dca5bb93,PowerTransformer,变压器,203.5648,232.6651,TMP00046339,配变2116,0110,TMP00132367,10kV,lkv10,,False,77,1,203.5741,233.8346
TMP_b83a07d5-b380-43ca-bc4b-b975dca5bb93,PowerTransformer,变压器,203.5648,232.6651,TMP00046339,配变2116,0110,TMP00132367,10kV,lkv10,,False,77,2,203.5741,231.534
TMP_5971cf03-2278-4d9d-a8da-26cdf23dc35c,PowerTransformer,变压器,197.3182,241.5834,TMP00046338,配变2115,0110,TMP00132367,10kV,lkv10,,False,14,1,199.0319,241.5834
TMP_5971cf03-2278-4d9d-a8da-26cdf23dc35c,PowerTransformer,变压器,197.3182,241.5834,TMP00046338,配变2115,0110,TMP00132367,10kV,lkv10,,False,14,2,195.6917,241.5834
TMP_044d1032-5e7c-48e0-83dc-429a03cf42da,PowerTransformer,变压器,139.3757,225.9215,TMP00046337,配变2114,0110,TMP00132367,10kV,lkv10,,False,28,1,139.3846,227.058
TMP_044d1032-5e7c-48e0-83dc-429a03cf42da,PowerTransformer,变压器,139.3757,225.9215,TMP00046337,配变2114,0110,TMP00132367,10kV,lkv10,,False,28,2,139.3846,224.8225
TMP_43b8faf9-17c4-4d75-85e7-e0e92d381975,PowerTransformer,变压器,137.2758,230.8698,TMP00046336,配变2113,0110,TMP00132367,10kV,lkv10,,False,17,1,138.9896,230.8698
TMP_43b8faf9-17c4-4d75-85e7-e0e92d381975,PowerTransformer,变压器,137.2758,230.8698,TMP00046336,配变2113,0110,TMP00132367,10kV,lkv10,,False,17,2,135.6494,230.8698
TMP_5b21cf6a-e12f-43da-bf14-e9510fdccc3b,PowerTransformer,变压器,82.8229,262.947,TMP00046335,配变2112,0110,TMP00132367,10kV,lkv10,,False,23,1,82.8096,261.2559
TMP_5b21cf6a-e12f-43da-bf14-e9510fdccc3b,PowerTransformer,变压器,82.8229,262.947,TMP00046335,配变2112,0110,TMP00132367,10kV,lkv10,,False,23,2,82.8096,264.5823
TMP_3a49331b-cc64-4a9f-a9d4-63be01b21437,PowerTransformer,变压器,87.8174,246.5185,TMP00046334,配变2111,0110,TMP00132367,10kV,lkv10,,False,6,1,87.8241,247.3656
TMP_3a49331b-cc64-4a9f-a9d4-63be01b21437,PowerTransformer,变压器,87.8174,246.5185,TMP00046334,配变2111,0110,TMP00132367,10kV,lkv10,,False,6,2,87.8241,245.6994
TMP_2c64c80f-ee6c-4782-9750-a745b7778434,PowerTransformer,变压器,95.4221,258.157,TMP00046333,配变2110,0110,TMP00132367,10kV,lkv10,,False,1,1,95.4137,257.0852
TMP_2c64c80f-ee6c-4782-9750-a745b7778434,PowerTransformer,变压器,95.4221,258.157,TMP00046333,配变2110,0110,TMP00132367,10kV,lkv10,,False,1,2,95.4137,259.1936
TMP_a79658fd-7690-4a18-9a24-bffcd85f713c,PowerTransformer,变压器,124.2844,258.157,TMP00046332,配变2109,0110,TMP00132367,10kV,lkv10,,False,1,1,124.2844,256.4433
TMP_a79658fd-7690-4a18-9a24-bffcd85f713c,PowerTransformer,变压器,124.2844,258.157,TMP00046332,配变2109,0110,TMP00132367,10kV,lkv10,,False,1,2,124.2844,259.7835
TMP_a9760907-db65-469d-aab0-145177fdbd6e,PowerTransformer,变压器,148.8454,258.157,TMP00046331,配变2108,0110,TMP00132367,10kV,lkv10,,False,5,1,148.8454,256.4433
TMP_a9760907-db65-469d-aab0-145177fdbd6e,PowerTransformer,变压器,148.8454,258.157,TMP00046331,配变2108,0110,TMP00132367,10kV,lkv10,,False,5,2,148.8454,259.7835
TMP_28761561-fc4e-4179-94ce-e99d0c5560ed,PowerTransformer,变压器,158.3784,245.3663,TMP00046330,配变2107,0110,TMP00132367,10kV,lkv10,,False,1,1,158.3853,246.2363
TMP_28761561-fc4e-4179-94ce-e99d0c5560ed,PowerTransformer,变压器,158.3784,245.3663,TMP00046330,配变2107,0110,TMP00132367,10kV,lkv10,,False,1,2,158.3853,244.525
TMP_49e646cc-0a2c-485e-aa18-4d10a178af42,PowerTransformer,变压器,190.7746,194.0775,TMP00046329,配变2106,0110,TMP00132367,10kV,lkv10,,False,17,1,189.0836,194.0909
TMP_49e646cc-0a2c-485e-aa18-4d10a178af42,PowerTransformer,变压器,190.7746,194.0775,TMP00046329,配变2106,0110,TMP00132367,10kV,lkv10,,False,17,2,192.41,194.0909
TMP_22325510-a50b-4605-bc60-7ccb3b2d227c,PowerTransformer,变压器,157.7519,184.4859,TMP00046328,配变2105,0110,TMP00132367,10kV,lkv10,,False,6,1,157.7652,186.1769
TMP_22325510-a50b-4605-bc60-7ccb3b2d227c,PowerTransformer,变压器,157.7519,184.4859,TMP00046328,配变2105,0110,TMP00132367,10kV,lkv10,,False,6,2,157.7652,182.8506
TMP_fc880865-495d-4800-a81c-f25c5de892f3,PowerTransformer,变压器,152.4466,189.949,TMP00046327,配变2104,0110,TMP00132367,10kV,lkv10,,False,1,1,154.1377,189.9357
TMP_fc880865-495d-4800-a81c-f25c5de892f3,PowerTransformer,变压器,152.4466,189.949,TMP00046327,配变2104,0110,TMP00132367,10kV,lkv10,,False,1,2,150.8113,189.9357
TMP_df061877-824c-4965-b5e6-8decf1874a69,PowerTransformer,变压器,147.8086,194.7209,TMP00046326,配变2103,0110,TMP00132367,10kV,lkv10,,False,1,1,149.4996,194.7075
TMP_df061877-824c-4965-b5e6-8decf1874a69,PowerTransformer,变压器,147.8086,194.7209,TMP00046326,配变2103,0110,TMP00132367,10kV,lkv10,,False,1,2,146.1732,194.7075
TMP_60ae0112-04bd-4f6f-97f1-873225612421,PowerTransformer,变压器,149.3724,198.6527,TMP00046325,配变2102,0110,TMP00132367,10kV,lkv10,,False,1,1,149.359,196.9617
TMP_60ae0112-04bd-4f6f-97f1-873225612421,PowerTransformer,变压器,149.3724,198.6527,TMP00046325,配变2102,0110,TMP00132367,10kV,lkv10,,False,1,2,149.359,200.2881
TMP_3a41a5e5-5fbf-4f2b-818c-18fb53c05913,PowerTransformer,变压器,164.4768,202.6453,TMP00046324,配变2101,0110,TMP00132367,10kV,lkv10,,False,1,1,164.4686,201.6141
TMP_3a41a5e5-5fbf-4f2b-818c-18fb53c05913,PowerTransformer,变压器,164.4768,202.6453,TMP00046324,配变2101,0110,TMP00132367,10kV,lkv10,,False,1,2,164.4686,203.6425
TMP_841fc2ec-a6ec-40ae-8c33-77de7532acd8,PowerTransformer,变压器,180.4619,182.6487,TMP00046323,配变2100,0110,TMP00132367,10kV,lkv10,,False,1,1,179.6975,182.6548
TMP_841fc2ec-a6ec-40ae-8c33-77de7532acd8,PowerTransformer,变压器,180.4619,182.6487,TMP00046323,配变2100,0110,TMP00132367,10kV,lkv10,,False,1,2,181.2011,182.6548
TMP_6bec1034-28a4-4764-ab22-cd1e6ca1e14a,PowerTransformer,变压器,186.0314,203.1506,TMP00046322,配变2099,0110,TMP00132367,10kV,lkv10,,False,1,1,184.3404,203.164
TMP_6bec1034-28a4-4764-ab22-cd1e6ca1e14a,PowerTransformer,变压器,186.0314,203.1506,TMP00046322,配变2099,0110,TMP00132367,10kV,lkv10,,False,1,2,187.6668,203.164
TMP_9fd74bdf-5c22-4a9b-8adb-79ebbfe34a2e,PowerTransformer,变压器,168.3663,209.9815,TMP00046321,配变2098,0110,TMP00132367,10kV,lkv10,,False,1,1,169.2171,209.9747
TMP_9fd74bdf-5c22-4a9b-8adb-79ebbfe34a2e,PowerTransformer,变压器,168.3663,209.9815,TMP00046321,配变2098,0110,TMP00132367,10kV,lkv10,,False,1,2,167.5435,209.9747
TMP_496f8829-6fa4-4672-b520-e052dde934fe,PowerTransformer,变压器,186.0314,218.7164,TMP00046320,配变2097,0110,TMP00132367,10kV,lkv10,,False,1,1,184.3404,218.7297
TMP_496f8829-6fa4-4672-b520-e052dde934fe,PowerTransformer,变压器,186.0314,218.7164,TMP00046320,配变2097,0110,TMP00132367,10kV,lkv10,,False,1,2,187.6668,218.7297
TMP_5976b4e5-eb5d-4323-8380-9043ca4a26c1,PowerTransformer,变压器,182.9191,235.5046,TMP00046319,配变2096,0110,TMP00132367,10kV,lkv10,,False,1,1,182.0554,235.5114
TMP_5976b4e5-eb5d-4323-8380-9043ca4a26c1,PowerTransformer,变压器,182.9191,235.5046,TMP00046319,配变2096,0110,TMP00132367,10kV,lkv10,,False,1,2,183.7544,235.5114
TMP_760d4cfe-3f74-47cc-8669-d9d2bd5e352c,PowerTransformer,变压器,171.1277,238.4604,TMP00046318,配变2095,0110,TMP00132367,10kV,lkv10,,False,1,1,172.0917,238.4528
TMP_760d4cfe-3f74-47cc-8669-d9d2bd5e352c,PowerTransformer,变压器,171.1277,238.4604,TMP00046318,配变2095,0110,TMP00132367,10kV,lkv10,,False,1,2,170.1955,238.4528
TMP_521fa3ee-a65f-46e8-b025-eac2afb6228b,PowerTransformer,变压器,180.4619,241.401,TMP00046317,配变2094,0110,TMP00132367,10kV,lkv10,,False,1,1,179.705,241.407
TMP_521fa3ee-a65f-46e8-b025-eac2afb6228b,PowerTransformer,变压器,180.4619,241.401,TMP00046317,配变2094,0110,TMP00132367,10kV,lkv10,,False,1,2,181.1938,241.407
TMP_02b3ecb1-08bb-4400-94d4-14e4ad722e19,PowerTransformer,变压器,171.1277,243.2044,TMP00046316,配变2093,0110,TMP00132367,10kV,lkv10,,False,1,1,172.0603,243.197
TMP_02b3ecb1-08bb-4400-94d4-14e4ad722e19,PowerTransformer,变压器,171.1277,243.2044,TMP00046316,配变2093,0110,TMP00132367,10kV,lkv10,,False,1,2,170.2258,243.197
TMP_5478e210-319e-4fd3-966e-bd733e554ac7,PowerTransformer,变压器,203.5648,286.5071,TMP00046315,配变2092,0110,TMP00132367,10kV,lkv10,,False,8,1,203.5514,284.8161
TMP_5478e210-319e-4fd3-966e-bd733e554ac7,PowerTransformer,变压器,203.5648,286.5071,TMP00046315,配变2092,0110,TMP00132367,10kV,lkv10,,False,8,2,203.5514,288.1425
TMP_04c676f3-a4ef-44a6-9a79-62494c1f5b2a,PowerTransformer,变压器,217.875,262.6721,TMP00046314,配变2091,0110,TMP00132367,10kV,lkv10,,False,18,1,216.184,262.6854
TMP_04c676f3-a4ef-44a6-9a79-62494c1f5b2a,PowerTransformer,变压器,217.875,262.6721,TMP00046314,配变2091,0110,TMP00132367,10kV,lkv10,,False,18,2,219.5103,262.6854
TMP_82dca2d5-f471-40a2-afc3-afc2847dea33,PowerTransformer,变压器,212.359,258.1594,TMP00046313,配变2090,0110,TMP00132367,10kV,lkv10,,False,1,1,212.3724,259.8504
TMP_82dca2d5-f471-40a2-afc3-afc2847dea33,PowerTransformer,变压器,212.359,258.1594,TMP00046313,配变2090,0110,TMP00132367,10kV,lkv10,,False,1,2,212.3724,256.524
TMP_76d6bc33-c6ce-42b6-81d4-dfe1bb155968,PowerTransformer,变压器,211.6693,238.6105,TMP00046312,配变2089,0110,TMP00132367,10kV,lkv10,,False,1,1,213.383,238.6105
TMP_76d6bc33-c6ce-42b6-81d4-dfe1bb155968,PowerTransformer,变压器,211.6693,238.6105,TMP00046312,配变2089,0110,TMP00132367,10kV,lkv10,,False,1,2,210.0428,238.6105
TMP_09af8011-8c6b-4540-a86a-505c35a8cb55,PowerTransformer,变压器,225.5542,210.8984,TMP00046311,配变2088,0110,TMP00132367,10kV,lkv10,,False,1,1,225.5542,212.6122
TMP_09af8011-8c6b-4540-a86a-505c35a8cb55,PowerTransformer,变压器,225.5542,210.8984,TMP00046311,配变2088,0110,TMP00132367,10kV,lkv10,,False,1,2,225.5542,209.272
TMP_81dd722d-beea-4e3e-9d89-83e97d729885,PowerTransformer,变压器,230.1117,243.844,TMP00046310,配变2087,0110,TMP00132367,10kV,lkv10,,False,4,1,230.1117,245.5578
TMP_81dd722d-beea-4e3e-9d89-83e97d729885,PowerTransformer,变压器,230.1117,243.844,TMP00046310,配变2087,0110,TMP00132367,10kV,lkv10,,False,4,2,230.1117,242.2176
TMP_7b55bb22-58df-43ce-aa8d-e9fe39d7da7a,PowerTransformer,变压器,230.2912,271.282,TMP00046309,配变2086,0110,TMP00132367,10kV,lkv10,,False,4,1,230.2825,270.1779
TMP_7b55bb22-58df-43ce-aa8d-e9fe39d7da7a,PowerTransformer,变压器,230.2912,271.282,TMP00046309,配变2086,0110,TMP00132367,10kV,lkv10,,False,4,2,230.2825,272.3497
TMP_98156dc3-44cd-47f2-b6c3-a41442362d7b,PowerTransformer,变压器,245.6667,241.4513,TMP00046308,配变2085,0110,TMP00132367,10kV,lkv10,,False,12,1,245.6801,243.1423
TMP_98156dc3-44cd-47f2-b6c3-a41442362d7b,PowerTransformer,变压器,245.6667,241.4513,TMP00046308,配变2085,0110,TMP00132367,10kV,lkv10,,False,12,2,245.6801,239.8159
TMP_d13cda82-0bbd-4f84-a519-d1a40543487b,PowerTransformer,变压器,239.9642,244.7774,TMP00046307,配变2084,0110,TMP00132367,10kV,lkv10,,False,1,1,241.6552,244.764
TMP_d13cda82-0bbd-4f84-a519-d1a40543487b,PowerTransformer,变压器,239.9642,244.7774,TMP00046307,配变2084,0110,TMP00132367,10kV,lkv10,,False,1,2,238.3288,244.764
TMP_f144f1f3-e089-4ffd-a3c8-c820a2f975d5,PowerTransformer,变压器,254.5544,262.947,TMP00046410,配变2187,0110,TMP00132367,10kV,lkv10,,False,13,1,254.5411,261.2559
TMP_f144f1f3-e089-4ffd-a3c8-c820a2f975d5,PowerTransformer,变压器,254.5544,262.947,TMP00046410,配变2187,0110,TMP00132367,10kV,lkv10,,False,13,2,254.5411,264.5823
TMP_dbbc1d03-3de2-4f53-afef-0d032cbf3244,PowerTransformer,变压器,259.2232,239.7975,TMP00046480,配变2257,0110,TMP00132367,10kV,lkv10,,False,1,1,259.2335,241.1
TMP_dbbc1d03-3de2-4f53-afef-0d032cbf3244,PowerTransformer,变压器,259.2232,239.7975,TMP00046480,配变2257,0110,TMP00132367,10kV,lkv10,,False,1,2,259.2335,238.5378
TMP_1054f75a-369a-4817-af47-48c9273f90dd,PowerTransformer,变压器,251.5154,268.875,TMP00046479,配变2256,0110,TMP00132367,10kV,lkv10,,False,2,1,252.222,268.8694
TMP_1054f75a-369a-4817-af47-48c9273f90dd,PowerTransformer,变压器,251.5154,268.875,TMP00046479,配变2256,0110,TMP00132367,10kV,lkv10,,False,2,2,250.832,268.8694
TMP_17164fa2-90ac-4acd-aa62-934c179da308,PowerTransformer,变压器,264.2482,247.0271,TMP00046478,配变2255,0110,TMP00132367,10kV,lkv10,,False,1,1,264.2482,248.7409
TMP_17164fa2-90ac-4acd-aa62-934c179da308,PowerTransformer,变压器,264.2482,247.0271,TMP00046478,配变2255,0110,TMP00132367,10kV,lkv10,,False,1,2,264.2482,245.4007
TMP_a039096d-5b54-4148-8c63-44f9ef9fdc9c,PowerTransformer,变压器,379.1745,276.5261,TMP00046477,配变2254,0110,TMP00132367,10kV,lkv10,,False,42,1,378.2495,276.5335
TMP_a039096d-5b54-4148-8c63-44f9ef9fdc9c,PowerTransformer,变压器,379.1745,276.5261,TMP00046477,配变2254,0110,TMP00132367,10kV,lkv10,,False,42,2,380.0691,276.5335
TMP_95ab0031-774b-4344-84eb-e8eba3e93d60,PowerTransformer,变压器,381.418,283.1314,TMP00046476,配变2253,0110,TMP00132367,10kV,lkv10,,False,8,1,380.676,283.1372
TMP_95ab0031-774b-4344-84eb-e8eba3e93d60,PowerTransformer,变压器,381.418,283.1314,TMP00046476,配变2253,0110,TMP00132367,10kV,lkv10,,False,8,2,382.1355,283.1372
TMP_ffbda263-d2d3-435e-8e43-e58e8933bd4d,PowerTransformer,变压器,350.2994,316.7608,TMP00046475,配变2252,0110,TMP00132367,10kV,lkv10,,False,29,1,351.9904,316.7475
TMP_ffbda263-d2d3-435e-8e43-e58e8933bd4d,PowerTransformer,变压器,350.2994,316.7608,TMP00046475,配变2252,0110,TMP00132367,10kV,lkv10,,False,29,2,348.664,316.7475
TMP_81a0a55d-ff02-4e58-87db-3de8d253a652,PowerTransformer,变压器,353.2123,319.6062,TMP00046474,配变2251,0110,TMP00132367,10kV,lkv10,,False,6,1,353.1989,317.9152
TMP_81a0a55d-ff02-4e58-87db-3de8d253a652,PowerTransformer,变压器,353.2123,319.6062,TMP00046474,配变2251,0110,TMP00132367,10kV,lkv10,,False,6,2,353.1989,321.2416
TMP_abe6ca7d-928a-46aa-860c-d611e872401f,PowerTransformer,变压器,367.8324,310.9416,TMP00046473,配变2250,0110,TMP00132367,10kV,lkv10,,False,5,1,367.841,312.0207
TMP_abe6ca7d-928a-46aa-860c-d611e872401f,PowerTransformer,变压器,367.8324,310.9416,TMP00046473,配变2250,0110,TMP00132367,10kV,lkv10,,False,5,2,367.841,309.8981
TMP_14b58733-759c-4892-81b5-72af8a198ec3,PowerTransformer,变压器,367.5362,332.062,TMP00046472,配变2249,0110,TMP00132367,10kV,lkv10,,False,8,1,369.25,332.062
TMP_14b58733-759c-4892-81b5-72af8a198ec3,PowerTransformer,变压器,367.5362,332.062,TMP00046472,配变2249,0110,TMP00132367,10kV,lkv10,,False,8,2,365.9098,332.062
TMP_faafb46e-d9cf-419f-b318-7f196f280c46,PowerTransformer,变压器,378.6661,320.2176,TMP00046471,配变2248,0110,TMP00132367,10kV,lkv10,,False,6,1,376.9524,320.2176
TMP_faafb46e-d9cf-419f-b318-7f196f280c46,PowerTransformer,变压器,378.6661,320.2176,TMP00046471,配变2248,0110,TMP00132367,10kV,lkv10,,False,6,2,380.2926,320.2176
TMP_0850141f-78c7-4626-a591-1816d72c4499,PowerTransformer,变压器,456.0344,314.4563,TMP00046470,配变2247,0110,TMP00132367,10kV,lkv10,,False,12,1,455.2945,314.4621
TMP_0850141f-78c7-4626-a591-1816d72c4499,PowerTransformer,变压器,456.0344,314.4563,TMP00046470,配变2247,0110,TMP00132367,10kV,lkv10,,False,12,2,456.75,314.4621
TMP_a2a8700d-3285-4f45-8cd6-5a8da5aee9b3,PowerTransformer,变压器,427.8108,309.7893,TMP00046469,配变2246,0110,TMP00132367,10kV,lkv10,,False,16,1,427.8108,311.5031
TMP_a2a8700d-3285-4f45-8cd6-5a8da5aee9b3,PowerTransformer,变压器,427.8108,309.7893,TMP00046469,配变2246,0110,TMP00132367,10kV,lkv10,,False,16,2,427.8108,308.1629
TMP_ff8fd893-54af-427a-b59d-d7f25203eb7d,PowerTransformer,变压器,403.4783,322.4391,TMP00046468,配变2245,0110,TMP00132367,10kV,lkv10,,False,1,1,403.4649,320.7481
TMP_ff8fd893-54af-427a-b59d-d7f25203eb7d,PowerTransformer,变压器,403.4783,322.4391,TMP00046468,配变2245,0110,TMP00132367,10kV,lkv10,,False,1,2,403.4649,324.0745
TMP_298f74fd-f44e-4410-8acd-2cdcbc9a1da7,PowerTransformer,变压器,390.5522,303.8471,TMP00046467,配变2244,0110,TMP00132367,10kV,lkv10,,False,1,1,390.5656,305.5382
TMP_298f74fd-f44e-4410-8acd-2cdcbc9a1da7,PowerTransformer,变压器,390.5522,303.8471,TMP00046467,配变2244,0110,TMP00132367,10kV,lkv10,,False,1,2,390.5656,302.2118
TMP_7f3f57f1-cedd-43b0-9372-beaa93578cd4,PowerTransformer,变压器,381.6673,288.2438,TMP00046466,配变2243,0110,TMP00132367,10kV,lkv10,,False,1,1,381.6673,289.9576
TMP_7f3f57f1-cedd-43b0-9372-beaa93578cd4,PowerTransformer,变压器,381.6673,288.2438,TMP00046466,配变2243,0110,TMP00132367,10kV,lkv10,,False,1,2,381.6673,286.6174
TMP_344ff237-c410-412a-9fff-3b3a44c582c8,PowerTransformer,变压器,410.5912,297.8033,TMP00046465,配变2242,0110,TMP00132367,10kV,lkv10,,False,1,1,408.8774,297.8033
TMP_344ff237-c410-412a-9fff-3b3a44c582c8,PowerTransformer,变压器,410.5912,297.8033,TMP00046465,配变2242,0110,TMP00132367,10kV,lkv10,,False,1,2,412.2176,297.8033
TMP_29a287a4-9ef7-4463-a03f-b932c69852bb,PowerTransformer,变压器,284.918,289.1968,TMP00046464,配变2241,0110,TMP00132367,10kV,lkv10,,False,16,1,286.6318,289.1968
TMP_29a287a4-9ef7-4463-a03f-b932c69852bb,PowerTransformer,变压器,284.918,289.1968,TMP00046464,配变2241,0110,TMP00132367,10kV,lkv10,,False,16,2,283.2916,289.1968
TMP_d893756b-948a-47ca-ad32-e5b1bc4bfc96,PowerTransformer,变压器,299.2601,298.6949,TMP00046463,配变2240,0110,TMP00132367,10kV,lkv10,,False,14,1,299.2518,297.6369
TMP_d893756b-948a-47ca-ad32-e5b1bc4bfc96,PowerTransformer,变压器,299.2601,298.6949,TMP00046463,配变2240,0110,TMP00132367,10kV,lkv10,,False,14,2,299.2518,299.718
TMP_087e52b6-9a8c-4255-a181-88c4692dc2f2,PowerTransformer,变压器,311.2621,278.6767,TMP00046462,配变2239,0110,TMP00132367,10kV,lkv10,,False,2,1,311.2754,280.3677
TMP_087e52b6-9a8c-4255-a181-88c4692dc2f2,PowerTransformer,变压器,311.2621,278.6767,TMP00046462,配变2239,0110,TMP00132367,10kV,lkv10,,False,2,2,311.2754,277.0414
TMP_06768cfc-58cb-4a44-b509-4c3aded7b9fd,PowerTransformer,变压器,306.5103,282.0744,TMP00046461,配变2238,0110,TMP00132367,10kV,lkv10,,False,1,1,308.2013,282.0611
TMP_06768cfc-58cb-4a44-b509-4c3aded7b9fd,PowerTransformer,变压器,306.5103,282.0744,TMP00046461,配变2238,0110,TMP00132367,10kV,lkv10,,False,1,2,304.875,282.0611
TMP_21b86f13-1d97-4796-801b-f1e7bd95d9bf,PowerTransformer,变压器,338.424,298.6406,TMP00046460,配变2237,0110,TMP00132367,10kV,lkv10,,False,1,1,338.4106,296.9495
TMP_21b86f13-1d97-4796-801b-f1e7bd95d9bf,PowerTransformer,变压器,338.424,298.6406,TMP00046460,配变2237,0110,TMP00132367,10kV,lkv10,,False,1,2,338.4106,300.2759
TMP_82b0861d-0306-4ac8-90cd-f5b9d6be1017,PowerTransformer,变压器,351.7131,284.3683,TMP00046459,配变2236,0110,TMP00132367,10kV,lkv10,,False,1,1,349.9993,284.3683
TMP_82b0861d-0306-4ac8-90cd-f5b9d6be1017,PowerTransformer,变压器,351.7131,284.3683,TMP00046459,配变2236,0110,TMP00132367,10kV,lkv10,,False,1,2,353.3395,284.3683
TMP_f7d517a9-5173-4cfb-afe1-3a45dcdc22a3,PowerTransformer,变压器,356.5447,297.8233,TMP00046458,配变2235,0110,TMP00132367,10kV,lkv10,,False,1,1,356.5313,296.1323
TMP_f7d517a9-5173-4cfb-afe1-3a45dcdc22a3,PowerTransformer,变压器,356.5447,297.8233,TMP00046458,配变2235,0110,TMP00132367,10kV,lkv10,,False,1,2,356.5313,299.4587
TMP_985da837-9b84-43fb-a63c-0f8f98d9b1b8,PowerTransformer,变压器,365.2423,276.5412,TMP00046457,配变2234,0110,TMP00132367,10kV,lkv10,,False,1,1,365.2423,278.255
TMP_985da837-9b84-43fb-a63c-0f8f98d9b1b8,PowerTransformer,变压器,365.2423,276.5412,TMP00046457,配变2234,0110,TMP00132367,10kV,lkv10,,False,1,2,365.2423,274.9148
TMP_7ad96fa6-f6ae-47d7-bc73-321a26eaf398,PowerTransformer,变压器,361.6238,279.2939,TMP00046456,配变2233,0110,TMP00132367,10kV,lkv10,,False,1,1,359.9332,279.3349
TMP_7ad96fa6-f6ae-47d7-bc73-321a26eaf398,PowerTransformer,变压器,361.6238,279.2939,TMP00046456,配变2233,0110,TMP00132367,10kV,lkv10,,False,1,2,363.2591,279.2805
TMP_cc6d638d-4f4e-4033-98ea-360bf02edf8d,PowerTransformer,变压器,359.2048,268.4533,TMP00046455,配变2232,0110,TMP00132367,10kV,lkv10,,False,1,1,360.8958,268.44
TMP_cc6d638d-4f4e-4033-98ea-360bf02edf8d,PowerTransformer,变压器,359.2048,268.4533,TMP00046455,配变2232,0110,TMP00132367,10kV,lkv10,,False,1,2,357.5694,268.44
TMP_99e85dce-45d7-4671-a735-6ff6a8185c36,PowerTransformer,变压器,365.5427,260.2826,TMP00046454,配变2231,0110,TMP00132367,10kV,lkv10,,False,1,1,367.1852,260.3106
TMP_99e85dce-45d7-4671-a735-6ff6a8185c36,PowerTransformer,变压器,365.5427,260.2826,TMP00046454,配变2231,0110,TMP00132367,10kV,lkv10,,False,1,2,363.8726,260.3106
TMP_065be228-2e33-400e-841f-f4c56e86668f,PowerTransformer,变压器,374.3843,244.8815,TMP00046453,配变2230,0110,TMP00132367,10kV,lkv10,,False,3,1,374.3976,246.5725
TMP_065be228-2e33-400e-841f-f4c56e86668f,PowerTransformer,变压器,374.3843,244.8815,TMP00046453,配变2230,0110,TMP00132367,10kV,lkv10,,False,3,2,374.3976,243.2462
TMP_285f1153-ff25-47cf-90b8-adfa00f32178,PowerTransformer,变压器,385.735,260.3949,TMP00046452,配变2229,0110,TMP00132367,10kV,lkv10,,False,4,1,385.7217,258.7038
TMP_285f1153-ff25-47cf-90b8-adfa00f32178,PowerTransformer,变压器,385.735,260.3949,TMP00046452,配变2229,0110,TMP00132367,10kV,lkv10,,False,4,2,385.7217,262.0302
TMP_68111b4e-97d0-4837-8f72-99f8c07c9728,PowerTransformer,变压器,392.7638,257.918,TMP00046451,配变2228,0110,TMP00132367,10kV,lkv10,,False,1,1,391.0727,257.9314
TMP_68111b4e-97d0-4837-8f72-99f8c07c9728,PowerTransformer,变压器,392.7638,257.918,TMP00046451,配变2228,0110,TMP00132367,10kV,lkv10,,False,1,2,394.3991,257.9314
TMP_478d6574-e662-49e8-9fb6-197e106c497f,PowerTransformer,变压器,401.0448,247.356,TMP00046450,配变2227,0110,TMP00132367,10kV,lkv10,,False,1,1,401.0581,249.0471
TMP_478d6574-e662-49e8-9fb6-197e106c497f,PowerTransformer,变压器,401.0448,247.356,TMP00046450,配变2227,0110,TMP00132367,10kV,lkv10,,False,1,2,401.0581,245.7207
TMP_b21b17aa-4199-444e-bf30-c5707219ed17,PowerTransformer,变压器,406.1706,267.2084,TMP00046449,配变2226,0110,TMP00132367,10kV,lkv10,,False,1,1,406.1706,265.4946
TMP_b21b17aa-4199-444e-bf30-c5707219ed17,PowerTransformer,变压器,406.1706,267.2084,TMP00046449,配变2226,0110,TMP00132367,10kV,lkv10,,False,1,2,406.1706,268.8348
TMP_7a63b84f-5125-4d49-a195-c2705de2eed9,PowerTransformer,变压器,410.9421,258.5561,TMP00046448,配变2225,0110,TMP00132367,10kV,lkv10,,False,1,1,410.2693,258.5614
TMP_7a63b84f-5125-4d49-a195-c2705de2eed9,PowerTransformer,变压器,410.9421,258.5561,TMP00046448,配变2225,0110,TMP00132367,10kV,lkv10,,False,1,2,411.5928,258.5614
TMP_3e8e51d9-4a13-4bb9-b16c-661585022a5d,PowerTransformer,变压器,401.6081,255.6079,TMP00046447,配变2224,0110,TMP00132367,10kV,lkv10,,False,1,1,403.3219,255.6079
TMP_3e8e51d9-4a13-4bb9-b16c-661585022a5d,PowerTransformer,变压器,401.6081,255.6079,TMP00046447,配变2224,0110,TMP00132367,10kV,lkv10,,False,1,2,399.9817,255.6079
TMP_22fbc589-c3f6-4d92-b5bb-fa0813cf185f,PowerTransformer,变压器,406.2752,247.0271,TMP00046446,配变2223,0110,TMP00132367,10kV,lkv10,,False,1,1,406.2846,248.2145
TMP_22fbc589-c3f6-4d92-b5bb-fa0813cf185f,PowerTransformer,变压器,406.2752,247.0271,TMP00046446,配变2223,0110,TMP00132367,10kV,lkv10,,False,1,2,406.2846,245.8789
TMP_5c1514e5-eb61-4d12-972d-70b69ccec2b0,PowerTransformer,变压器,431.0004,239.1995,TMP00046445,配变2222,0110,TMP00132367,10kV,lkv10,,False,1,1,430.1916,239.2059
TMP_5c1514e5-eb61-4d12-972d-70b69ccec2b0,PowerTransformer,变压器,431.0004,239.1995,TMP00046445,配变2222,0110,TMP00132367,10kV,lkv10,,False,1,2,431.7825,239.2059
TMP_b9330e56-86a9-413d-87da-e8edab7a31d0,PowerTransformer,变压器,416.0968,245.5015,TMP00046444,配变2221,0110,TMP00132367,10kV,lkv10,,False,1,1,417.7878,245.4882
TMP_b9330e56-86a9-413d-87da-e8edab7a31d0,PowerTransformer,变压器,416.0968,245.5015,TMP00046444,配变2221,0110,TMP00132367,10kV,lkv10,,False,1,2,414.4614,245.4882
TMP_2088d004-1859-4eff-97d4-530284fecb09,PowerTransformer,变压器,430.9426,261.6138,TMP00046443,配变2220,0110,TMP00132367,10kV,lkv10,,False,1,1,430.9426,259.9001
TMP_2088d004-1859-4eff-97d4-530284fecb09,PowerTransformer,变压器,430.9426,261.6138,TMP00046443,配变2220,0110,TMP00132367,10kV,lkv10,,False,1,2,430.9426,263.2402
TMP_850e70ee-85c4-4693-871d-61c50c6d5147,PowerTransformer,变压器,450.6194,270.0596,TMP00046442,配变2219,0110,TMP00132367,10kV,lkv10,,False,17,1,448.9057,270.0596
TMP_850e70ee-85c4-4693-871d-61c50c6d5147,PowerTransformer,变压器,450.6194,270.0596,TMP00046442,配变2219,0110,TMP00132367,10kV,lkv10,,False,17,2,452.2459,270.0596
TMP_490d4821-6ff0-4b9d-ac5d-2dab0ff98cc9,PowerTransformer,变压器,446.0443,274.9218,TMP00046441,配变2218,0110,TMP00132367,10kV,lkv10,,False,1,1,446.0309,273.2308
TMP_490d4821-6ff0-4b9d-ac5d-2dab0ff98cc9,PowerTransformer,变压器,446.0443,274.9218,TMP00046441,配变2218,0110,TMP00132367,10kV,lkv10,,False,1,2,446.0309,276.5572
TMP_42fc28b3-dd5e-403f-b9ff-13af49b3da63,PowerTransformer,变压器,441.6088,255.286,TMP00046440,配变2217,0110,TMP00132367,10kV,lkv10,,False,1,1,442.6132,255.2781
TMP_42fc28b3-dd5e-403f-b9ff-13af49b3da63,PowerTransformer,变压器,441.6088,255.286,TMP00046440,配变2217,0110,TMP00132367,10kV,lkv10,,False,1,2,440.6374,255.2781
TMP_a91d404a-96be-4f8a-a965-9fbc7a23a408,PowerTransformer,变压器,466.759,245.8749,TMP00046439,配变2216,0110,TMP00132367,10kV,lkv10,,False,2,1,466.759,247.5886
TMP_a91d404a-96be-4f8a-a965-9fbc7a23a408,PowerTransformer,变压器,466.759,245.8749,TMP00046439,配变2216,0110,TMP00132367,10kV,lkv10,,False,2,2,466.759,244.2484
TMP_0a3689a4-8cd7-4b71-ad64-aacd95fc31f9,PowerTransformer,变压器,474.8248,261.6138,TMP00046438,配变2215,0110,TMP00132367,10kV,lkv10,,False,1,1,474.8248,259.9001
TMP_0a3689a4-8cd7-4b71-ad64-aacd95fc31f9,PowerTransformer,变压器,474.8248,261.6138,TMP00046438,配变2215,0110,TMP00132367,10kV,lkv10,,False,1,2,474.8248,263.2402
TMP_4779a466-61f6-421a-a92a-1b9023856074,PowerTransformer,变压器,505.3141,246.0911,TMP00046437,配变2214,0110,TMP00132367,10kV,lkv10,,False,1,1,505.3141,247.8049
TMP_4779a466-61f6-421a-a92a-1b9023856074,PowerTransformer,变压器,505.3141,246.0911,TMP00046437,配变2214,0110,TMP00132367,10kV,lkv10,,False,1,2,505.3141,244.4647
TMP_b88b06b1-c020-4c5a-930e-6fecccf2b02e,PowerTransformer,变压器,498.9803,246.5163,TMP00046436,配变2213,0110,TMP00132367,10kV,lkv10,,False,1,1,500.6713,246.5029
TMP_b88b06b1-c020-4c5a-930e-6fecccf2b02e,PowerTransformer,变压器,498.9803,246.5163,TMP00046436,配变2213,0110,TMP00132367,10kV,lkv10,,False,1,2,497.3449,246.5029
TMP_c3f1c2ed-444f-4ad4-a3fa-172004df9768,PowerTransformer,变压器,510.6216,246.8818,TMP00046435,配变2212,0110,TMP00132367,10kV,lkv10,,False,5,1,510.6315,248.1418
TMP_c3f1c2ed-444f-4ad4-a3fa-172004df9768,PowerTransformer,变压器,510.6216,246.8818,TMP00046435,配变2212,0110,TMP00132367,10kV,lkv10,,False,5,2,510.6315,245.6633
TMP_9a115517-7106-4fe3-8ae8-d12b6445cba5,PowerTransformer,变压器,514.8288,261.4846,TMP00046434,配变2211,0110,TMP00132367,10kV,lkv10,,False,5,1,514.8154,259.7936
TMP_9a115517-7106-4fe3-8ae8-d12b6445cba5,PowerTransformer,变压器,514.8288,261.4846,TMP00046434,配变2211,0110,TMP00132367,10kV,lkv10,,False,5,2,514.8154,263.1199
TMP_34f6a40c-4c85-49ed-a476-8af4ed62e4a1,PowerTransformer,变压器,519.3556,230.8842,TMP00046433,配变2210,0110,TMP00132367,10kV,lkv10,,False,1,1,519.3556,232.598
TMP_34f6a40c-4c85-49ed-a476-8af4ed62e4a1,PowerTransformer,变压器,519.3556,230.8842,TMP00046433,配变2210,0110,TMP00132367,10kV,lkv10,,False,1,2,519.3556,229.2578
TMP_fc491a72-0ee0-4693-869e-47a1ebbfb182,PowerTransformer,变压器,529.1966,247.6226,TMP00046432,配变2209,0110,TMP00132367,10kV,lkv10,,False,16,1,529.2054,248.7403
TMP_fc491a72-0ee0-4693-869e-47a1ebbfb182,PowerTransformer,变压器,529.1966,247.6226,TMP00046432,配变2209,0110,TMP00132367,10kV,lkv10,,False,16,2,529.2054,246.5418
TMP_56d3e7ef-b9c2-4e58-b2fe-0639ece86ff9,PowerTransformer,变压器,534.5329,258.157,TMP00046431,配变2208,0110,TMP00132367,10kV,lkv10,,False,1,1,534.5235,256.9662
TMP_56d3e7ef-b9c2-4e58-b2fe-0639ece86ff9,PowerTransformer,变压器,534.5329,258.157,TMP00046431,配变2208,0110,TMP00132367,10kV,lkv10,,False,1,2,534.5235,259.3087
TMP_89fb6053-8775-44ec-acbf-4bab7f5fed9b,PowerTransformer,变压器,536.358,247.4872,TMP00046430,配变2207,0110,TMP00132367,10kV,lkv10,,False,1,1,536.3665,248.5602
TMP_89fb6053-8775-44ec-acbf-4bab7f5fed9b,PowerTransformer,变压器,536.358,247.4872,TMP00046430,配变2207,0110,TMP00132367,10kV,lkv10,,False,1,2,536.3665,246.4495
TMP_302d8dfa-0e1b-44a7-8dc4-ea255da33118,PowerTransformer,变压器,542.342,263.2215,TMP00046429,配变2206,0110,TMP00132367,10kV,lkv10,,False,1,1,542.3287,261.5304
TMP_302d8dfa-0e1b-44a7-8dc4-ea255da33118,PowerTransformer,变压器,542.342,263.2215,TMP00046429,配变2206,0110,TMP00132367,10kV,lkv10,,False,1,2,542.3287,264.8568
TMP_7441e77b-7efe-43da-bad0-3b502452bd7f,PowerTransformer,变压器,477.5035,161.3863,TMP00046428,配变2205,0110,TMP00132367,10kV,lkv10,,False,35,1,479.1945,161.373
TMP_7441e77b-7efe-43da-bad0-3b502452bd7f,PowerTransformer,变压器,477.5035,161.3863,TMP00046428,配变2205,0110,TMP00132367,10kV,lkv10,,False,35,2,475.8681,161.373
TMP_a8a6ae37-b998-43d1-8dab-709c00793f09,PowerTransformer,变压器,465.3194,121.0155,TMP00046427,配变2204,0110,TMP00132367,10kV,lkv10,,False,20,1,466.2952,121.0078
TMP_a8a6ae37-b998-43d1-8dab-709c00793f09,PowerTransformer,变压器,465.3194,121.0155,TMP00046427,配变2204,0110,TMP00132367,10kV,lkv10,,False,20,2,464.3757,121.0078
TMP_8dc1a2fb-4659-424a-9105-28736e37c52c,PowerTransformer,变压器,504.9671,319.9742,TMP00046507,配变2284,0302,TMP00132367,10kV,lkv10,,False,1,1,504.9671,321.0366
TMP_8dc1a2fb-4659-424a-9105-28736e37c52c,PowerTransformer,变压器,504.9671,319.9742,TMP00046507,配变2284,0302,TMP00132367,10kV,lkv10,,False,1,2,504.9671,318.9118
TMP_57a3f1e0-f86e-436e-974e-2e337b76e2b0,PowerTransformer,变压器,465.5555,275.5389,TMP00046495,配变2272,0302,TMP00132367,10kV,lkv10,,False,1,1,465.5555,276.6012
TMP_57a3f1e0-f86e-436e-974e-2e337b76e2b0,PowerTransformer,变压器,465.5555,275.5389,TMP00046495,配变2272,0302,TMP00132367,10kV,lkv10,,False,1,2,465.5555,274.4765
TMP_30f3b5e7-9ff6-464c-9a79-1b7694b7d683,PowerTransformer,变压器,179.0133,167.1551,TMP00046481,配变2258,0302,TMP00132367,10kV,lkv10,,False,1,1,179.0133,168.2175
TMP_30f3b5e7-9ff6-464c-9a79-1b7694b7d683,PowerTransformer,变压器,179.0133,167.1551,TMP00046481,配变2258,0302,TMP00132367,10kV,lkv10,,False,1,2,179.0133,166.0927
TMP_5f51c2ef-b416-4082-b342-2b90edac51fb,PowerTransformer,变压器,271.651,296.1602,TMP00046482,配变2259,0302,TMP00132367,10kV,lkv10,,False,1,1,271.651,297.2226
TMP_5f51c2ef-b416-4082-b342-2b90edac51fb,PowerTransformer,变压器,271.651,296.1602,TMP00046482,配变2259,0302,TMP00132367,10kV,lkv10,,False,1,2,271.651,295.0978
TMP_00022728-3a68-4082-9f9d-cb8e629d8c95,PowerTransformer,变压器,379.6059,397.9924,TMP00046483,配变2260,0302,TMP00132367,10kV,lkv10,,False,8,1,379.6059,399.0548
TMP_00022728-3a68-4082-9f9d-cb8e629d8c95,PowerTransformer,变压器,379.6059,397.9924,TMP00046483,配变2260,0302,TMP00132367,10kV,lkv10,,False,8,2,379.6059,396.93
TMP_ff58a753-7d60-4b1e-b273-1b436ee70c2a,PowerTransformer,变压器,430.1426,224.2788,TMP00046484,配变2261,0302,TMP00132367,10kV,lkv10,,False,1,1,430.1426,225.3411
TMP_ff58a753-7d60-4b1e-b273-1b436ee70c2a,PowerTransformer,变压器,430.1426,224.2788,TMP00046484,配变2261,0302,TMP00132367,10kV,lkv10,,False,1,2,430.1426,223.2164
TMP_98f6bb61-a5a8-4793-a4cc-b6e80d320add,PowerTransformer,变压器,457.4678,234.681,TMP00046485,配变2262,0302,TMP00132367,10kV,lkv10,,False,1,1,457.4678,235.7434
TMP_98f6bb61-a5a8-4793-a4cc-b6e80d320add,PowerTransformer,变压器,457.4678,234.681,TMP00046485,配变2262,0302,TMP00132367,10kV,lkv10,,False,1,2,457.4678,233.6186
TMP_abbc7cd6-8dcb-4c1a-b925-426f491b2ef0,PowerTransformer,变压器,528.6366,275.216,TMP00046523,配变2300,0302,TMP00132367,10kV,lkv10,,False,1,1,528.6366,274.1536
TMP_abbc7cd6-8dcb-4c1a-b925-426f491b2ef0,PowerTransformer,变压器,528.6366,275.216,TMP00046523,配变2300,0302,TMP00132367,10kV,lkv10,,False,1,2,528.6366,276.2784
TMP_57c390ef-a8e5-4412-b608-28a7202b72b9,PowerTransformer,变压器,539.779,96.2176,TMP00046531,配变2308,0302,TMP00132367,10kV,lkv10,,False,33,1,539.779,97.2799
TMP_57c390ef-a8e5-4412-b608-28a7202b72b9,PowerTransformer,变压器,539.779,96.2176,TMP00046531,配变2308,0302,TMP00132367,10kV,lkv10,,False,33,2,539.779,95.1552
TMP_a6c3aa09-68a1-4925-8ffb-be97a3ca956d,PowerTransformer,变压器,565.3454,110.1519,TMP00046532,配变2309,0302,TMP00132367,10kV,lkv10,,False,4,1,565.3454,111.2143
TMP_a6c3aa09-68a1-4925-8ffb-be97a3ca956d,PowerTransformer,变压器,565.3454,110.1519,TMP00046532,配变2309,0302,TMP00132367,10kV,lkv10,,False,4,2,565.3454,109.0895
TMP_501a3070-48b9-42dc-813b-b38161718ed7,PowerTransformer,变压器,495.5715,180.3669,TMP00046519,配变2296,0302,TMP00132367,10kV,lkv10,,False,6,1,495.5103,178.6358
TMP_501a3070-48b9-42dc-813b-b38161718ed7,PowerTransformer,变压器,495.5715,180.3669,TMP00046519,配变2296,0302,TMP00132367,10kV,lkv10,,False,6,2,495.6328,182.098
TMP_9d8c68fe-5efc-4470-bfdb-922c121f0a89,PowerTransformer,变压器,507.9835,141.9513,TMP00046496,配变2273,0302,TMP00132367,10kV,lkv10,,False,6,1,507.9835,143.0137
TMP_9d8c68fe-5efc-4470-bfdb-922c121f0a89,PowerTransformer,变压器,507.9835,141.9513,TMP00046496,配变2273,0302,TMP00132367,10kV,lkv10,,False,6,2,507.9835,140.8889
TMP_ff3170f6-8052-44bc-ad97-6e2ec6d13f5b,PowerTransformer,变压器,475.0168,96.3677,TMP00046486,配变2263,0302,TMP00132367,10kV,lkv10,,False,1,1,475.0168,97.4301
TMP_ff3170f6-8052-44bc-ad97-6e2ec6d13f5b,PowerTransformer,变压器,475.0168,96.3677,TMP00046486,配变2263,0302,TMP00132367,10kV,lkv10,,False,1,2,475.0168,95.3054
TMP_63a40ba5-6805-40e0-8168-29343e9017b2,PowerTransformer,变压器,108.4746,234.379,TMP00046552,配变2329,0302,TMP00132367,10kV,lkv10,,False,1,1,108.4746,235.4414
TMP_63a40ba5-6805-40e0-8168-29343e9017b2,PowerTransformer,变压器,108.4746,234.379,TMP00046552,配变2329,0302,TMP00132367,10kV,lkv10,,False,1,2,108.4746,233.3166
TMP_2ff754fe-459c-443c-b3ac-7e74c3631454,PowerTransformer,变压器,153.5907,224.6971,TMP00046426,配变2203,0110,TMP00132367,10kV,lkv10,,False,1,1,153.6041,226.3881
TMP_2ff754fe-459c-443c-b3ac-7e74c3631454,PowerTransformer,变压器,153.5907,224.6971,TMP00046426,配变2203,0110,TMP00132367,10kV,lkv10,,False,1,2,153.6041,223.0617
TMP_ac5b4084-fda4-47e7-aacf-d9dcd5548015,PowerTransformer,变压器,461.0088,143.2397,TMP00046425,配变2202,0110,TMP00132367,10kV,lkv10,,False,1,1,460.9955,141.5486
TMP_ac5b4084-fda4-47e7-aacf-d9dcd5548015,PowerTransformer,变压器,461.0088,143.2397,TMP00046425,配变2202,0110,TMP00132367,10kV,lkv10,,False,1,2,460.9955,144.875
TMP_3397b1cb-4e20-4ede-9de5-dd4fba8b52bf,PowerTransformer,变压器,397.2382,311.6295,TMP00046424,配变2201,0110,TMP00132367,10kV,lkv10,,False,1,1,395.5244,311.6295
TMP_3397b1cb-4e20-4ede-9de5-dd4fba8b52bf,PowerTransformer,变压器,397.2382,311.6295,TMP00046424,配变2201,0110,TMP00132367,10kV,lkv10,,False,1,2,398.8646,311.6295
TMP_803ce27b-9a02-4908-b2b2-e0a4f64182fc,PowerTransformer,变压器,87.6138,109.1354,TMP00046423,配变2200,0110,TMP00132367,10kV,lkv10,,False,1,1,89.3276,109.1354
TMP_803ce27b-9a02-4908-b2b2-e0a4f64182fc,PowerTransformer,变压器,87.6138,109.1354,TMP00046423,配变2200,0110,TMP00132367,10kV,lkv10,,False,1,2,85.9874,109.1354
TMP_40d609f1-f5cd-4882-9aea-ae99d341d15b,PowerTransformer,变压器,551.5694,266.2589,TMP00046422,配变2199,0110,TMP00132367,10kV,lkv10,,False,1,1,551.5694,267.9726
TMP_40d609f1-f5cd-4882-9aea-ae99d341d15b,PowerTransformer,变压器,551.5694,266.2589,TMP00046422,配变2199,0110,TMP00132367,10kV,lkv10,,False,1,2,551.5694,264.6324
TMP_ab29010c-f677-49fc-81c1-7a8c151bc917,PowerTransformer,变压器,555.198,277.8622,TMP00046421,配变2198,0110,TMP00132367,10kV,lkv10,,False,1,1,555.198,279.5759
TMP_ab29010c-f677-49fc-81c1-7a8c151bc917,PowerTransformer,变压器,555.198,277.8622,TMP00046421,配变2198,0110,TMP00132367,10kV,lkv10,,False,1,2,555.198,276.2357
TMP_5817e36e-b673-46a5-bd3a-26c41766d1b9,PowerTransformer,变压器,193.0732,259.9589,TMP00046419,配变2196,0110,TMP00132367,10kV,lkv10,,False,1,1,193.0732,258.7984
TMP_5817e36e-b673-46a5-bd3a-26c41766d1b9,PowerTransformer,变压器,193.0732,259.9589,TMP00046419,配变2196,0110,TMP00132367,10kV,lkv10,,False,1,2,193.0732,261.0604
TMP_3193fe9e-5cc5-46c1-acfb-2b9e44a0453e,PowerTransformer,变压器,218.7674,249.0107,TMP00046418,配变2195,0110,TMP00132367,10kV,lkv10,,False,1,1,217.6223,249.0197
TMP_3193fe9e-5cc5-46c1-acfb-2b9e44a0453e,PowerTransformer,变压器,218.7674,249.0107,TMP00046418,配变2195,0110,TMP00132367,10kV,lkv10,,False,1,2,219.8749,249.0197
TMP_331a8e22-e786-4209-a677-465c44c09411,PowerTransformer,变压器,119.7001,75.3544,TMP00046417,配变2194,0110,TMP00132367,10kV,lkv10,,False,1,1,120.8453,75.3453
TMP_331a8e22-e786-4209-a677-465c44c09411,PowerTransformer,变压器,119.7001,75.3544,TMP00046417,配变2194,0110,TMP00132367,10kV,lkv10,,False,1,2,118.5926,75.3453
TMP_c0f3963b-e04f-47d0-9392-5502002c1136,PowerTransformer,变压器,46.8383,241.9442,TMP00046551,配变2328,0302,TMP00132367,10kV,lkv10,,False,1,1,46.8383,242.872
TMP_c0f3963b-e04f-47d0-9392-5502002c1136,PowerTransformer,变压器,46.8383,241.9442,TMP00046551,配变2328,0302,TMP00132367,10kV,lkv10,,False,1,2,46.8383,241.0164
TMP_11355432-941e-49e9-9c7c-ed46f030341d,PowerTransformer,变压器,588.8008,311.1874,TMP00046416,配变2193,0110,TMP00132367,10kV,lkv10,,False,1,1,587.087,311.1885
TMP_11355432-941e-49e9-9c7c-ed46f030341d,PowerTransformer,变压器,588.8008,311.1874,TMP00046416,配变2193,0110,TMP00132367,10kV,lkv10,,False,1,2,590.4272,311.1863
TMP_fb5abf47-4594-4f9d-85dc-4e7a5b928d03,PowerTransformer,变压器,519.436,266.8885,TMP00046415,配变2192,0110,TMP00132367,10kV,lkv10,,False,1,1,519.4286,265.1748
TMP_fb5abf47-4594-4f9d-85dc-4e7a5b928d03,PowerTransformer,变压器,519.436,266.8885,TMP00046415,配变2192,0110,TMP00132367,10kV,lkv10,,False,1,2,519.4429,268.5149
TMP_26dfaced-cafd-4310-a405-2a9f0716e101,PowerTransformer,变压器,239.2366,260.7817,TMP00046414,配变2191,0110,TMP00132367,10kV,lkv10,,False,1,1,240.9504,260.7817
TMP_26dfaced-cafd-4310-a405-2a9f0716e101,PowerTransformer,变压器,239.2366,260.7817,TMP00046414,配变2191,0110,TMP00132367,10kV,lkv10,,False,1,2,237.6102,260.7817
TMP_04c0b7f9-7c6c-466b-82e3-e02d042211c3,PowerTransformer,变压器,337.0254,284.4929,TMP00046413,配变2190,0110,TMP00132367,10kV,lkv10,,False,1,1,335.3117,284.4929
TMP_04c0b7f9-7c6c-466b-82e3-e02d042211c3,PowerTransformer,变压器,337.0254,284.4929,TMP00046413,配变2190,0110,TMP00132367,10kV,lkv10,,False,1,2,338.6519,284.4929
TMP_3f761614-22e8-4728-8f13-da84740608f4,PowerTransformer,变压器,321.2181,306.8674,TMP00046412,配变2189,0110,TMP00132367,10kV,lkv10,,False,1,1,322.9318,306.8577
TMP_3f761614-22e8-4728-8f13-da84740608f4,PowerTransformer,变压器,321.2181,306.8674,TMP00046412,配变2189,0110,TMP00132367,10kV,lkv10,,False,1,2,319.5916,306.8765
TMP_72ed1956-44ff-45dc-977c-1007f7ff668b,PowerTransformer,变压器,163.4366,190.1351,TMP00046411,配变2188,0110,TMP00132367,10kV,lkv10,,False,1,1,162.065,190.1459
TMP_72ed1956-44ff-45dc-977c-1007f7ff668b,PowerTransformer,变压器,163.4366,190.1351,TMP00046411,配变2188,0110,TMP00132367,10kV,lkv10,,False,1,2,164.763,190.1459
TMP_95943bb2-82be-4d24-a956-971b9c11f139,Breaker,断路器,387.975,107.0438,TMP00048670,开关03300,0305,TMP00132951,10kV,lkv10,,False,8,1,387.2241,107.0438
TMP_95943bb2-82be-4d24-a956-971b9c11f139,Breaker,断路器,387.975,107.0438,TMP00048670,开关03300,0305,TMP00132951,10kV,lkv10,,False,8,2,388.7349,107.0438
TMP_c4eb779c-fbad-4ba9-8480-25f8b7d865b5,Breaker,断路器,410.1792,107.0823,TMP00043924,开关00036,0111,TMP00132951,10kV,lkv10,,False,8,1,409.3845,107.0823
TMP_c4eb779c-fbad-4ba9-8480-25f8b7d865b5,Breaker,断路器,410.1792,107.0823,TMP00043924,开关00036,0111,TMP00132951,10kV,lkv10,,False,8,2,410.9583,107.0823
TMP_5dd806f6-28da-4c1a-a080-cb1192eba02d,Breaker,断路器,433.9682,82.6059,TMP00043923,开关00035,0111,TMP00132951,10kV,lkv10,,False,1,1,432.8382,82.6059
TMP_5dd806f6-28da-4c1a-a080-cb1192eba02d,Breaker,断路器,433.9682,82.6059,TMP00043923,开关00035,0111,TMP00132951,10kV,lkv10,,False,1,2,435.076,82.6059
TMP_1d8fa7b2-21dc-448e-8bf4-3e813b8878cc,Breaker,断路器,432.7934,68.253,TMP00043922,开关00034,0111,TMP00132951,10kV,lkv10,,False,1,1,432.7934,69.383
TMP_1d8fa7b2-21dc-448e-8bf4-3e813b8878cc,Breaker,断路器,432.7934,68.253,TMP00043922,开关00034,0111,TMP00132951,10kV,lkv10,,False,1,2,432.7934,67.1451
TMP_387ab684-1286-4133-9d0f-bb7f8d5f71f8,Breaker,断路器,446.1204,128.1511,TMP00043921,开关00033,0111,TMP00132951,10kV,lkv10,,False,2,1,444.7272,128.1511
TMP_387ab684-1286-4133-9d0f-bb7f8d5f71f8,Breaker,断路器,446.1204,128.1511,TMP00043921,开关00033,0111,TMP00132951,10kV,lkv10,,False,2,2,447.4862,128.1511
TMP_941fd7b3-8bb6-4fe1-9de9-e50e55472a5e,Breaker,断路器,541.602,128.1511,TMP00043920,开关00032,0111,TMP00132951,10kV,lkv10,,False,4,1,540.2088,128.1511
TMP_941fd7b3-8bb6-4fe1-9de9-e50e55472a5e,Breaker,断路器,541.602,128.1511,TMP00043920,开关00032,0111,TMP00132951,10kV,lkv10,,False,4,2,542.9679,128.1511
TMP_d2ecc314-43f8-48c4-873d-ffc963c20728,Breaker,断路器,497.5642,293.4264,TMP00043919,开关00031,0111,TMP00132951,10kV,lkv10,,False,1,1,497.5642,292.0331
TMP_d2ecc314-43f8-48c4-873d-ffc963c20728,Breaker,断路器,497.5642,293.4264,TMP00043919,开关00031,0111,TMP00132951,10kV,lkv10,,False,1,2,497.5642,294.7922
TMP_8b0971d3-ad63-40cd-ba8f-dfb85f032685,Breaker,断路器,497.5642,299.9408,TMP00043918,开关00030,0111,TMP00132951,10kV,lkv10,,False,1,1,497.5642,298.5476
TMP_8b0971d3-ad63-40cd-ba8f-dfb85f032685,Breaker,断路器,497.5642,299.9408,TMP00043918,开关00030,0111,TMP00132951,10kV,lkv10,,False,1,2,497.5642,301.3067
TMP_2c885d46-df32-455a-aad4-dcd02b28a22c,Breaker,断路器,486.5404,253.49,TMP00043917,开关00029,0111,TMP00132951,10kV,lkv10,,False,1,1,485.1472,253.49
TMP_2c885d46-df32-455a-aad4-dcd02b28a22c,Breaker,断路器,486.5404,253.49,TMP00043917,开关00029,0111,TMP00132951,10kV,lkv10,,False,1,2,487.9062,253.49
TMP_f20145d2-b4ac-4490-b5ee-4a6255102390,Breaker,断路器,458.1526,256.4125,TMP00043916,开关00028,0111,TMP00132951,10kV,lkv10,,False,1,1,458.1526,255.0193
TMP_f20145d2-b4ac-4490-b5ee-4a6255102390,Breaker,断路器,458.1526,256.4125,TMP00043916,开关00028,0111,TMP00132951,10kV,lkv10,,False,1,2,458.1526,257.7784
TMP_79401958-f0c0-4f58-84f4-3dc935eb6156,Breaker,断路器,426.3335,252.0417,TMP00043915,开关00027,0111,TMP00132951,10kV,lkv10,,False,1,1,426.3335,253.4349
TMP_79401958-f0c0-4f58-84f4-3dc935eb6156,Breaker,断路器,426.3335,252.0417,TMP00043915,开关00027,0111,TMP00132951,10kV,lkv10,,False,1,2,426.3335,250.6758
TMP_ddcf8663-91e5-47c4-b79a-0ca4f80c008d,Breaker,断路器,353.7621,253.49,TMP00043914,开关00026,0111,TMP00132951,10kV,lkv10,,False,1,1,355.1553,253.49
TMP_ddcf8663-91e5-47c4-b79a-0ca4f80c008d,Breaker,断路器,353.7621,253.49,TMP00043914,开关00026,0111,TMP00132951,10kV,lkv10,,False,1,2,352.3963,253.49
TMP_1eb74d1c-7362-43ba-a595-87546414460a,Breaker,断路器,166.3661,253.49,TMP00043913,开关00025,0111,TMP00132951,10kV,lkv10,,False,1,1,167.7593,253.49
TMP_1eb74d1c-7362-43ba-a595-87546414460a,Breaker,断路器,166.3661,253.49,TMP00043913,开关00025,0111,TMP00132951,10kV,lkv10,,False,1,2,165.0002,253.49
TMP_8a6cb165-9f80-422c-a744-4e94443cb6da,Breaker,断路器,141.6873,253.49,TMP00043912,开关00024,0111,TMP00132951,10kV,lkv10,,False,1,1,143.0805,253.49
TMP_8a6cb165-9f80-422c-a744-4e94443cb6da,Breaker,断路器,141.6873,253.49,TMP00043912,开关00024,0111,TMP00132951,10kV,lkv10,,False,1,2,140.3214,253.49
TMP_f99f0b31-ca97-4a89-a29e-c4ba77c316a0,Breaker,断路器,105.256,252.0417,TMP00043911,开关00023,0111,TMP00132951,10kV,lkv10,,False,1,1,105.256,253.4349
TMP_f99f0b31-ca97-4a89-a29e-c4ba77c316a0,Breaker,断路器,105.256,252.0417,TMP00043911,开关00023,0111,TMP00132951,10kV,lkv10,,False,1,2,105.256,250.6758
TMP_cd5f9b7d-87e0-4714-87f1-24ea5e875dfb,Breaker,断路器,65.826,253.49,TMP00043910,开关00022,0111,TMP00132951,10kV,lkv10,,False,1,1,64.4328,253.49
TMP_cd5f9b7d-87e0-4714-87f1-24ea5e875dfb,Breaker,断路器,65.826,253.49,TMP00043910,开关00022,0111,TMP00132951,10kV,lkv10,,False,1,2,67.1919,253.49
TMP_ed51f8b0-bf85-435f-8ad7-aad611042a5c,Breaker,断路器,175.7947,250.8895,TMP00043909,开关00021,0111,TMP00132951,10kV,lkv10,,False,1,1,175.7947,252.2827
TMP_ed51f8b0-bf85-435f-8ad7-aad611042a5c,Breaker,断路器,175.7947,250.8895,TMP00043909,开关00021,0111,TMP00132951,10kV,lkv10,,False,1,2,175.7947,249.5236
TMP_0cba4932-5fa0-4fdb-b6f6-f456718c5185,Breaker,断路器,264.2482,258.2085,TMP00043908,开关00020,0111,TMP00132951,10kV,lkv10,,False,1,1,264.2482,259.6017
TMP_0cba4932-5fa0-4fdb-b6f6-f456718c5185,Breaker,断路器,264.2482,258.2085,TMP00043908,开关00020,0111,TMP00132951,10kV,lkv10,,False,1,2,264.2482,256.8426
TMP_eafd0924-50c3-4be8-b05a-dfd3fb53b7af,Breaker,断路器,264.2482,274.9324,TMP00043907,开关00019,0111,TMP00132951,10kV,lkv10,,False,1,1,264.2482,273.5392
TMP_eafd0924-50c3-4be8-b05a-dfd3fb53b7af,Breaker,断路器,264.2482,274.9324,TMP00043907,开关00019,0111,TMP00132951,10kV,lkv10,,False,1,2,264.2482,276.2982
TMP_23deee88-cfcf-4cb9-9b2c-4e949895b84a,Breaker,断路器,374.847,314.4563,TMP00043906,开关00018,0111,TMP00132951,10kV,lkv10,,False,1,1,373.4538,314.4563
TMP_23deee88-cfcf-4cb9-9b2c-4e949895b84a,Breaker,断路器,374.847,314.4563,TMP00043906,开关00018,0111,TMP00132951,10kV,lkv10,,False,1,2,376.2128,314.4563
TMP_f86045bf-a897-40c7-b17c-f62ccfbb0b3b,Breaker,断路器,375.7693,297.8033,TMP00043905,开关00017,0111,TMP00132951,10kV,lkv10,,False,1,1,374.376,297.8033
TMP_f86045bf-a897-40c7-b17c-f62ccfbb0b3b,Breaker,断路器,375.7693,297.8033,TMP00043905,开关00017,0111,TMP00132951,10kV,lkv10,,False,1,2,377.1351,297.8033
TMP_a0e6ed27-720f-4e8a-a2f6-583d74b603d0,Breaker,断路器,453.4083,250.8895,TMP00043904,开关00016,0111,TMP00132951,10kV,lkv10,,False,1,1,453.4083,252.2827
TMP_a0e6ed27-720f-4e8a-a2f6-583d74b603d0,Breaker,断路器,453.4083,250.8895,TMP00043904,开关00016,0111,TMP00132951,10kV,lkv10,,False,1,2,453.4083,249.5236
TMP_ef5271b3-9ce5-4023-9188-ea7fb8890ce1,Breaker,断路器,535.8516,110.3265,TMP00043903,开关00015,0111,TMP00132951,10kV,lkv10,,False,1,1,535.8516,111.7197
TMP_ef5271b3-9ce5-4023-9188-ea7fb8890ce1,Breaker,断路器,535.8516,110.3265,TMP00043903,开关00015,0111,TMP00132951,10kV,lkv10,,False,1,2,535.8516,108.9607
TMP_af614e7a-8da9-4618-ba15-056a10b01e0d,Breaker,断路器,541.0787,117.6714,TMP00043902,开关00014,0111,TMP00132951,10kV,lkv10,,False,1,1,539.6855,117.6714
TMP_af614e7a-8da9-4618-ba15-056a10b01e0d,Breaker,断路器,541.0787,117.6714,TMP00043902,开关00014,0111,TMP00132951,10kV,lkv10,,False,1,2,542.4445,117.6714
TMP_ea820a69-a003-40f4-84e6-c9d90166b187,Breaker,断路器,487.7402,130.7517,TMP00043901,开关00013,0111,TMP00132951,10kV,lkv10,,False,1,1,487.7402,129.3585
TMP_ea820a69-a003-40f4-84e6-c9d90166b187,Breaker,断路器,487.7402,130.7517,TMP00043901,开关00013,0111,TMP00132951,10kV,lkv10,,False,1,2,487.7402,132.1176
TMP_e351631c-0a41-442e-8cd7-c72772a38a80,Breaker,断路器,487.7402,166.7485,TMP00043900,开关00012,0111,TMP00132951,10kV,lkv10,,False,1,1,487.7402,165.3553
TMP_e351631c-0a41-442e-8cd7-c72772a38a80,Breaker,断路器,487.7402,166.7485,TMP00043900,开关00012,0111,TMP00132951,10kV,lkv10,,False,1,2,487.7402,168.1144
TMP_c8ede696-5738-47cb-8fe6-601bd9d3ae2a,Breaker,断路器,89.655,254.5877,TMP00043899,开关00011,0111,TMP00132951,10kV,lkv10,,False,1,1,88.2618,254.5877
TMP_c8ede696-5738-47cb-8fe6-601bd9d3ae2a,Breaker,断路器,89.655,254.5877,TMP00043899,开关00011,0111,TMP00132951,10kV,lkv10,,False,1,2,91.0209,254.5877
TMP_eb6ae59f-41cb-4464-b411-5a23d6960959,Breaker,断路器,521.2258,256.4665,TMP00043898,开关00010,0111,TMP00132951,10kV,lkv10,,False,1,1,521.2258,255.3758
TMP_eb6ae59f-41cb-4464-b411-5a23d6960959,Breaker,断路器,521.2258,256.4665,TMP00043898,开关00010,0111,TMP00132951,10kV,lkv10,,False,1,2,521.2258,257.5359
TMP_cd80c2b8-4dbd-432c-b866-b9b68670a591,Breaker,断路器,438.2066,99.8947,TMP00043897,开关00009,0111,TMP00132951,10kV,lkv10,,False,1,1,437.0208,99.8947
TMP_cd80c2b8-4dbd-432c-b866-b9b68670a591,Breaker,断路器,438.2066,99.8947,TMP00043897,开关00009,0111,TMP00132951,10kV,lkv10,,False,1,2,439.3691,99.8947
TMP_5b0bc5be-70b1-47ce-a0d4-e8442f7d978d,Breaker,断路器,416.4308,128.0251,TMP00043896,开关00008,0111,TMP00132951,10kV,lkv10,,False,1,1,415.2491,128.0251
TMP_5b0bc5be-70b1-47ce-a0d4-e8442f7d978d,Breaker,断路器,416.4308,128.0251,TMP00043896,开关00008,0111,TMP00132951,10kV,lkv10,,False,1,2,417.5893,128.0251
TMP_465d0457-fd73-48e5-9cd4-934a10ec0ed7,Breaker,断路器,426.1236,100.0127,TMP00043895,开关00007,0111,TMP00132951,10kV,lkv10,,False,1,1,427.3487,100.0043
TMP_465d0457-fd73-48e5-9cd4-934a10ec0ed7,Breaker,断路器,426.1236,100.0127,TMP00043895,开关00007,0111,TMP00132951,10kV,lkv10,,False,1,2,424.9225,100.0211
TMP_53ba3a9f-74b0-4a8f-9472-e3bcea75c982,Breaker,断路器,372.2185,257.2758,TMP00043894,开关00006,0111,TMP00132951,10kV,lkv10,,False,1,1,372.2185,256.4811
TMP_53ba3a9f-74b0-4a8f-9472-e3bcea75c982,Breaker,断路器,372.2185,257.2758,TMP00043894,开关00006,0111,TMP00132951,10kV,lkv10,,False,1,2,372.2185,258.055
TMP_dbd89e79-7d36-48f3-97c9-1a71783cbed7,Breaker,断路器,372.1889,303.7572,TMP00043893,开关00005,0111,TMP00132951,10kV,lkv10,,False,1,1,372.1889,302.9624
TMP_dbd89e79-7d36-48f3-97c9-1a71783cbed7,Breaker,断路器,372.1889,303.7572,TMP00043893,开关00005,0111,TMP00132951,10kV,lkv10,,False,1,2,372.1889,304.5363
TMP_829553c4-4a2a-4911-acee-7adf9818b574,Breaker,断路器,432.7051,96.7816,TMP00043892,开关00004,0111,TMP00132951,10kV,lkv10,,False,1,1,432.7051,97.5763
TMP_829553c4-4a2a-4911-acee-7adf9818b574,Breaker,断路器,432.7051,96.7816,TMP00043892,开关00004,0111,TMP00132951,10kV,lkv10,,False,1,2,432.7051,96.0024
TMP_ee7ded70-c232-40c1-87f0-a8c9e96b39f7,Breaker,断路器,85.4886,27.3757,TMP00314477,开关03301,0111,TMP00132951,10kV,lkv10,,False,1,1,86.2833,27.3757
TMP_ee7ded70-c232-40c1-87f0-a8c9e96b39f7,Breaker,断路器,85.4886,27.3757,TMP00314477,开关03301,0111,TMP00132951,10kV,lkv10,,False,1,2,84.7094,27.3757
TMP_b149a1c1-daf3-499d-b68f-f80a4074886b,Disconnector,隔离开关,432.7934,70.6025,TMP00044450,刀闸0148,0113,TMP00132979,10kV,lkv10,,False,0,1,432.7934,71.9061
TMP_b149a1c1-daf3-499d-b68f-f80a4074886b,Disconnector,隔离开关,432.7934,70.6025,TMP00044450,刀闸0148,0113,TMP00132979,10kV,lkv10,,False,0,2,432.7934,69.2988
TMP_04453445-098d-4759-86f3-f666a452b262,Disconnector,隔离开关,411.9498,127.9746,TMP00044449,刀闸0147,0113,TMP00132979,10kV,lkv10,,False,1,1,410.5632,127.9746
TMP_04453445-098d-4759-86f3-f666a452b262,Disconnector,隔离开关,411.9498,127.9746,TMP00044449,刀闸0147,0113,TMP00132979,10kV,lkv10,,False,1,2,413.3365,127.9746
TMP_8eb2e828-70aa-4c27-865c-48411942b244,Disconnector,隔离开关,422.5207,128.0268,TMP00044448,刀闸0146,0113,TMP00132979,10kV,lkv10,,False,1,1,421.1756,128.0268
TMP_8eb2e828-70aa-4c27-865c-48411942b244,Disconnector,隔离开关,422.5207,128.0268,TMP00044448,刀闸0146,0113,TMP00132979,10kV,lkv10,,False,1,2,423.8659,128.0268
TMP_2954006d-6783-4759-82bb-650e2dd74216,LoadBreakSwitch,负荷开关,402.1205,95.3456,TMP00044111,开关00072,0307,TMP00132955,10kV,lkv10,,False,1,1,402.1205,94.6374
TMP_2954006d-6783-4759-82bb-650e2dd74216,LoadBreakSwitch,负荷开关,402.1205,95.3456,TMP00044111,开关00072,0307,TMP00132955,10kV,lkv10,,False,1,2,402.1205,96.0537
TMP_4a377c40-ad92-4efb-ad2e-d53c44ef8e8d,LoadBreakSwitch,负荷开关,404.7536,95.3456,TMP00044110,开关00071,0307,TMP00132955,10kV,lkv10,,False,1,1,404.7536,94.6374
TMP_4a377c40-ad92-4efb-ad2e-d53c44ef8e8d,LoadBreakSwitch,负荷开关,404.7536,95.3456,TMP00044110,开关00071,0307,TMP00132955,10kV,lkv10,,False,1,2,404.7536,96.0537
TMP_87c64fe4-9c7e-43e7-a14b-1934eebcc1e5,LoadBreakSwitch,负荷开关,407.3867,95.3456,TMP00044109,开关00070,0307,TMP00132955,10kV,lkv10,,False,1,1,407.3867,94.6374
TMP_87c64fe4-9c7e-43e7-a14b-1934eebcc1e5,LoadBreakSwitch,负荷开关,407.3867,95.3456,TMP00044109,开关00070,0307,TMP00132955,10kV,lkv10,,False,1,2,407.3867,96.0537
TMP_daa6f377-9f9d-42d5-9929-1b3f85ee184b,LoadBreakSwitch,负荷开关,432.1916,42.8959,TMP00044114,开关00075,0307,TMP00132955,10kV,lkv10,,False,1,1,432.1916,42.032
TMP_daa6f377-9f9d-42d5-9929-1b3f85ee184b,LoadBreakSwitch,负荷开关,432.1916,42.8959,TMP00044114,开关00075,0307,TMP00132955,10kV,lkv10,,False,1,2,432.1916,43.7599
TMP_d8b392ab-3091-4604-babf-27bfc897df73,LoadBreakSwitch,负荷开关,438.6164,42.8959,TMP00044113,开关00074,0307,TMP00132955,10kV,lkv10,,False,1,1,438.6164,42.032
TMP_d8b392ab-3091-4604-babf-27bfc897df73,LoadBreakSwitch,负荷开关,438.6164,42.8959,TMP00044113,开关00074,0307,TMP00132955,10kV,lkv10,,False,1,2,438.6164,43.7599
TMP_e66bfb3b-6cfc-4535-b498-8010a958ef39,LoadBreakSwitch,负荷开关,435.404,42.8959,TMP00044112,开关00073,0307,TMP00132955,10kV,lkv10,,False,1,1,435.404,42.032
TMP_e66bfb3b-6cfc-4535-b498-8010a958ef39,LoadBreakSwitch,负荷开关,435.404,42.8959,TMP00044112,开关00073,0307,TMP00132955,10kV,lkv10,,False,1,2,435.404,43.7599
TMP_869bb545-b407-4999-8498-49e1e00a726b,LoadBreakSwitch,负荷开关,442.656,74.6151,TMP00044139,开关00084,0307,TMP00132955,10kV,lkv10,,False,1,1,442.656,73.7512
TMP_869bb545-b407-4999-8498-49e1e00a726b,LoadBreakSwitch,负荷开关,442.656,74.6151,TMP00044139,开关00084,0307,TMP00132955,10kV,lkv10,,False,1,2,442.656,75.4791
TMP_525490b3-3e86-4ec7-b898-535815200048,LoadBreakSwitch,负荷开关,449.0807,74.6151,TMP00044138,开关00083,0307,TMP00132955,10kV,lkv10,,False,1,1,449.0807,73.7512
TMP_525490b3-3e86-4ec7-b898-535815200048,LoadBreakSwitch,负荷开关,449.0807,74.6151,TMP00044138,开关00083,0307,TMP00132955,10kV,lkv10,,False,1,2,449.0807,75.4791
TMP_7dc67606-8f96-4379-bf8b-2d20b85b8e1e,LoadBreakSwitch,负荷开关,445.8684,74.6151,TMP00044137,开关00082,0307,TMP00132955,10kV,lkv10,,False,1,1,445.8684,73.7512
TMP_7dc67606-8f96-4379-bf8b-2d20b85b8e1e,LoadBreakSwitch,负荷开关,445.8684,74.6151,TMP00044137,开关00082,0307,TMP00132955,10kV,lkv10,,False,1,2,445.8684,75.4791
TMP_d2ce6ad9-b38c-42e7-be58-35a1afadd9fc,LoadBreakSwitch,负荷开关,463.6481,72.82,TMP00044025,开关00042,0307,TMP00132955,10kV,lkv10,,False,0,1,463.6481,72.0166
TMP_d2ce6ad9-b38c-42e7-be58-35a1afadd9fc,LoadBreakSwitch,负荷开关,463.6481,72.82,TMP00044025,开关00042,0307,TMP00132955,10kV,lkv10,,False,0,2,463.6481,73.6235
TMP_c05e43c3-01cd-493c-accb-0237a7820790,LoadBreakSwitch,负荷开关,465.0444,72.8265,TMP00044024,开关00041,0307,TMP00132955,10kV,lkv10,,False,0,1,465.0444,72.0231
TMP_c05e43c3-01cd-493c-accb-0237a7820790,LoadBreakSwitch,负荷开关,465.0444,72.8265,TMP00044024,开关00041,0307,TMP00132955,10kV,lkv10,,False,0,2,465.0444,73.6299
TMP_0ef3fa94-8d0a-4032-99ce-912a6cb809e1,LoadBreakSwitch,负荷开关,501.0036,316.6053,TMP00044060,开关00045,0307,TMP00132955,10kV,lkv10,,False,1,1,501.0036,315.5394
TMP_0ef3fa94-8d0a-4032-99ce-912a6cb809e1,LoadBreakSwitch,负荷开关,501.0036,316.6053,TMP00044060,开关00045,0307,TMP00132955,10kV,lkv10,,False,1,2,501.0036,317.6712
TMP_207b7aa3-4cfe-41ba-b607-124d43223107,LoadBreakSwitch,负荷开关,508.9305,316.6053,TMP00044059,开关00044,0307,TMP00132955,10kV,lkv10,,False,1,1,508.9305,315.5394
TMP_207b7aa3-4cfe-41ba-b607-124d43223107,LoadBreakSwitch,负荷开关,508.9305,316.6053,TMP00044059,开关00044,0307,TMP00132955,10kV,lkv10,,False,1,2,508.9305,317.6712
TMP_111ae9ef-b053-4d04-8bcc-cc4f696c595e,LoadBreakSwitch,负荷开关,504.9671,316.6053,TMP00044058,开关00043,0307,TMP00132955,10kV,lkv10,,False,1,1,504.9671,315.5394
TMP_111ae9ef-b053-4d04-8bcc-cc4f696c595e,LoadBreakSwitch,负荷开关,504.9671,316.6053,TMP00044058,开关00043,0307,TMP00132955,10kV,lkv10,,False,1,2,504.9671,317.6712
TMP_5d82534d-a3e6-4eca-b722-fddef39a4c2e,LoadBreakSwitch,负荷开关,461.5921,272.1699,TMP00044105,开关00066,0307,TMP00132955,10kV,lkv10,,False,1,1,461.5921,271.104
TMP_5d82534d-a3e6-4eca-b722-fddef39a4c2e,LoadBreakSwitch,负荷开关,461.5921,272.1699,TMP00044105,开关00066,0307,TMP00132955,10kV,lkv10,,False,1,2,461.5921,273.2359
TMP_0a62863a-ec08-4190-94e2-3bc7bbb452a5,LoadBreakSwitch,负荷开关,465.5555,272.1699,TMP00044104,开关00065,0307,TMP00132955,10kV,lkv10,,False,1,1,465.5555,271.104
TMP_0a62863a-ec08-4190-94e2-3bc7bbb452a5,LoadBreakSwitch,负荷开关,465.5555,272.1699,TMP00044104,开关00065,0307,TMP00132955,10kV,lkv10,,False,1,2,465.5555,273.2359
TMP_91999833-c668-49fb-ad5e-d11925e05556,LoadBreakSwitch,负荷开关,469.5189,272.1699,TMP00044103,开关00064,0307,TMP00132955,10kV,lkv10,,False,1,1,469.5189,271.104
TMP_91999833-c668-49fb-ad5e-d11925e05556,LoadBreakSwitch,负荷开关,469.5189,272.1699,TMP00044103,开关00064,0307,TMP00132955,10kV,lkv10,,False,1,2,469.5189,273.2359
TMP_f9c07350-b918-480c-b8df-d9d4109bba9d,LoadBreakSwitch,负荷开关,175.0499,163.7862,TMP00044063,开关00048,0307,TMP00132955,10kV,lkv10,,False,1,1,175.0499,162.7203
TMP_f9c07350-b918-480c-b8df-d9d4109bba9d,LoadBreakSwitch,负荷开关,175.0499,163.7862,TMP00044063,开关00048,0307,TMP00132955,10kV,lkv10,,False,1,2,175.0499,164.8522
TMP_30731c23-065a-4a54-95fa-d179db79c77f,LoadBreakSwitch,负荷开关,179.0133,163.7862,TMP00044062,开关00047,0307,TMP00132955,10kV,lkv10,,False,1,1,179.0133,162.7203
TMP_30731c23-065a-4a54-95fa-d179db79c77f,LoadBreakSwitch,负荷开关,179.0133,163.7862,TMP00044062,开关00047,0307,TMP00132955,10kV,lkv10,,False,1,2,179.0133,164.8522
TMP_fa54e706-7f59-4fa7-9837-d843b69a3120,LoadBreakSwitch,负荷开关,182.9767,163.7862,TMP00044061,开关00046,0307,TMP00132955,10kV,lkv10,,False,1,1,182.9767,162.7203
TMP_fa54e706-7f59-4fa7-9837-d843b69a3120,LoadBreakSwitch,负荷开关,182.9767,163.7862,TMP00044061,开关00046,0307,TMP00132955,10kV,lkv10,,False,1,2,182.9767,164.8522
TMP_3478ad24-eb5d-47c1-b4ff-59292e59b838,LoadBreakSwitch,负荷开关,267.6876,292.7913,TMP00044066,开关00051,0307,TMP00132955,10kV,lkv10,,False,1,1,267.6876,291.7253
TMP_3478ad24-eb5d-47c1-b4ff-59292e59b838,LoadBreakSwitch,负荷开关,267.6876,292.7913,TMP00044066,开关00051,0307,TMP00132955,10kV,lkv10,,False,1,2,267.6876,293.8572
TMP_d5a528eb-ac5a-403c-8d31-a7c2a727e802,LoadBreakSwitch,负荷开关,275.6145,292.7913,TMP00044065,开关00050,0307,TMP00132955,10kV,lkv10,,False,1,1,275.6145,291.7253
TMP_d5a528eb-ac5a-403c-8d31-a7c2a727e802,LoadBreakSwitch,负荷开关,275.6145,292.7913,TMP00044065,开关00050,0307,TMP00132955,10kV,lkv10,,False,1,2,275.6145,293.8572
TMP_68c94906-f587-4b70-9668-a6e3527fbc87,LoadBreakSwitch,负荷开关,271.651,292.7913,TMP00044064,开关00049,0307,TMP00132955,10kV,lkv10,,False,1,1,271.651,291.7253
TMP_68c94906-f587-4b70-9668-a6e3527fbc87,LoadBreakSwitch,负荷开关,271.651,292.7913,TMP00044064,开关00049,0307,TMP00132955,10kV,lkv10,,False,1,2,271.651,293.8572
TMP_8a5dc6f8-dca1-4649-9379-f756c5ee1ae5,LoadBreakSwitch,负荷开关,375.6426,394.6236,TMP00044069,开关00054,0307,TMP00132955,10kV,lkv10,,False,4,1,375.6426,393.5576
TMP_8a5dc6f8-dca1-4649-9379-f756c5ee1ae5,LoadBreakSwitch,负荷开关,375.6426,394.6236,TMP00044069,开关00054,0307,TMP00132955,10kV,lkv10,,False,4,2,375.6426,395.6895
TMP_2a489c67-8f91-4e79-b540-5c0bd870b7e6,LoadBreakSwitch,负荷开关,383.5693,394.6236,TMP00044068,开关00053,0307,TMP00132955,10kV,lkv10,,False,1,1,383.5693,393.5576
TMP_2a489c67-8f91-4e79-b540-5c0bd870b7e6,LoadBreakSwitch,负荷开关,383.5693,394.6236,TMP00044068,开关00053,0307,TMP00132955,10kV,lkv10,,False,1,2,383.5693,395.6895
TMP_09c5e931-14b3-413e-bcb6-1404c77d9aaf,LoadBreakSwitch,负荷开关,379.6059,394.6236,TMP00044067,开关00052,0307,TMP00132955,10kV,lkv10,,False,1,1,379.6059,393.5576
TMP_09c5e931-14b3-413e-bcb6-1404c77d9aaf,LoadBreakSwitch,负荷开关,379.6059,394.6236,TMP00044067,开关00052,0307,TMP00132955,10kV,lkv10,,False,1,2,379.6059,395.6895
TMP_fa715896-1b91-4a11-9206-8709b920281d,LoadBreakSwitch,负荷开关,426.1792,220.9099,TMP00044072,开关00057,0307,TMP00132955,10kV,lkv10,,False,1,1,426.1792,219.8439
TMP_fa715896-1b91-4a11-9206-8709b920281d,LoadBreakSwitch,负荷开关,426.1792,220.9099,TMP00044072,开关00057,0307,TMP00132955,10kV,lkv10,,False,1,2,426.1792,221.9758
TMP_5cfe0f2e-056f-4cad-8540-bdb66c807b66,LoadBreakSwitch,负荷开关,434.106,220.9099,TMP00044071,开关00056,0307,TMP00132955,10kV,lkv10,,False,1,1,434.106,219.8439
TMP_5cfe0f2e-056f-4cad-8540-bdb66c807b66,LoadBreakSwitch,负荷开关,434.106,220.9099,TMP00044071,开关00056,0307,TMP00132955,10kV,lkv10,,False,1,2,434.106,221.9758
TMP_39e8ac87-25ac-47f6-91b2-1bb2dd06f98e,LoadBreakSwitch,负荷开关,430.1426,220.9099,TMP00044070,开关00055,0307,TMP00132955,10kV,lkv10,,False,1,1,430.1426,219.8439
TMP_39e8ac87-25ac-47f6-91b2-1bb2dd06f98e,LoadBreakSwitch,负荷开关,430.1426,220.9099,TMP00044070,开关00055,0307,TMP00132955,10kV,lkv10,,False,1,2,430.1426,221.9758
TMP_2440fcb0-5647-48b5-a9d5-9d1aaaca8bde,LoadBreakSwitch,负荷开关,453.5044,231.3121,TMP00044075,开关00060,0307,TMP00132955,10kV,lkv10,,False,1,1,453.5044,230.2462
TMP_2440fcb0-5647-48b5-a9d5-9d1aaaca8bde,LoadBreakSwitch,负荷开关,453.5044,231.3121,TMP00044075,开关00060,0307,TMP00132955,10kV,lkv10,,False,1,2,453.5044,232.3781
TMP_14c4406d-b3f5-43a6-a1e1-1a9bbdf5711c,LoadBreakSwitch,负荷开关,457.4678,231.3121,TMP00044074,开关00059,0307,TMP00132955,10kV,lkv10,,False,1,1,457.4678,230.2462
TMP_14c4406d-b3f5-43a6-a1e1-1a9bbdf5711c,LoadBreakSwitch,负荷开关,457.4678,231.3121,TMP00044074,开关00059,0307,TMP00132955,10kV,lkv10,,False,1,2,457.4678,232.3781
TMP_85b4d502-876c-455c-a400-558285feec50,LoadBreakSwitch,负荷开关,461.4312,231.3121,TMP00044073,开关00058,0307,TMP00132955,10kV,lkv10,,False,1,1,461.4312,230.2462
TMP_85b4d502-876c-455c-a400-558285feec50,LoadBreakSwitch,负荷开关,461.4312,231.3121,TMP00044073,开关00058,0307,TMP00132955,10kV,lkv10,,False,1,2,461.4312,232.3781
TMP_fb7faf7a-3ba7-472e-985b-4da00321ef8b,LoadBreakSwitch,负荷开关,524.6731,271.8471,TMP00044142,开关00087,0307,TMP00132955,10kV,lkv10,,False,1,1,524.6731,270.7812
TMP_fb7faf7a-3ba7-472e-985b-4da00321ef8b,LoadBreakSwitch,负荷开关,524.6731,271.8471,TMP00044142,开关00087,0307,TMP00132955,10kV,lkv10,,False,1,2,524.6731,272.9131
TMP_e4a75e26-e4bf-4176-967a-85c20cf3ae04,LoadBreakSwitch,负荷开关,532.6,271.8471,TMP00044141,开关00086,0307,TMP00132955,10kV,lkv10,,False,1,1,532.6,270.7812
TMP_e4a75e26-e4bf-4176-967a-85c20cf3ae04,LoadBreakSwitch,负荷开关,532.6,271.8471,TMP00044141,开关00086,0307,TMP00132955,10kV,lkv10,,False,1,2,532.6,272.9131
TMP_f28519ea-f459-4487-8b50-1502638dc61c,LoadBreakSwitch,负荷开关,528.6366,271.8471,TMP00044140,开关00085,0307,TMP00132955,10kV,lkv10,,False,1,1,528.6366,270.7812
TMP_f28519ea-f459-4487-8b50-1502638dc61c,LoadBreakSwitch,负荷开关,528.6366,271.8471,TMP00044140,开关00085,0307,TMP00132955,10kV,lkv10,,False,1,2,528.6366,272.9131
TMP_33f974a6-4333-48ef-b8a0-f503afac3546,LoadBreakSwitch,负荷开关,535.8156,92.8487,TMP00044130,开关00078,0307,TMP00132955,10kV,lkv10,,False,1,1,535.8156,91.7828
TMP_33f974a6-4333-48ef-b8a0-f503afac3546,LoadBreakSwitch,负荷开关,535.8156,92.8487,TMP00044130,开关00078,0307,TMP00132955,10kV,lkv10,,False,1,2,535.8156,93.9146
TMP_3d91d5e5-3733-4040-a9e3-e72d405dfc20,LoadBreakSwitch,负荷开关,539.779,92.8487,TMP00044129,开关00077,0307,TMP00132955,10kV,lkv10,,False,1,1,539.779,91.7828
TMP_3d91d5e5-3733-4040-a9e3-e72d405dfc20,LoadBreakSwitch,负荷开关,539.779,92.8487,TMP00044129,开关00077,0307,TMP00132955,10kV,lkv10,,False,1,2,539.779,93.9146
TMP_116e821b-c3f0-4ef4-a52c-9369b3c5ae10,LoadBreakSwitch,负荷开关,543.7424,92.8487,TMP00044128,开关00076,0307,TMP00132955,10kV,lkv10,,False,1,1,543.7424,91.7828
TMP_116e821b-c3f0-4ef4-a52c-9369b3c5ae10,LoadBreakSwitch,负荷开关,543.7424,92.8487,TMP00044128,开关00076,0307,TMP00132955,10kV,lkv10,,False,1,2,543.7424,93.9146
TMP_ded3329e-f79f-447b-9ca5-21ea00e775f2,LoadBreakSwitch,负荷开关,561.382,106.783,TMP00044133,开关00081,0307,TMP00132955,10kV,lkv10,,False,1,1,561.382,105.7171
TMP_ded3329e-f79f-447b-9ca5-21ea00e775f2,LoadBreakSwitch,负荷开关,561.382,106.783,TMP00044133,开关00081,0307,TMP00132955,10kV,lkv10,,False,1,2,561.382,107.849
TMP_29752e62-8f90-470a-878f-81a5b04f92c9,LoadBreakSwitch,负荷开关,565.3454,106.783,TMP00044132,开关00080,0307,TMP00132955,10kV,lkv10,,False,1,1,565.3454,105.7171
TMP_29752e62-8f90-470a-878f-81a5b04f92c9,LoadBreakSwitch,负荷开关,565.3454,106.783,TMP00044132,开关00080,0307,TMP00132955,10kV,lkv10,,False,1,2,565.3454,107.849
TMP_7dd7e56e-a938-46f6-9c48-b7d7197628d7,LoadBreakSwitch,负荷开关,569.3088,106.783,TMP00044131,开关00079,0307,TMP00132955,10kV,lkv10,,False,1,1,569.3088,105.7171
TMP_7dd7e56e-a938-46f6-9c48-b7d7197628d7,LoadBreakSwitch,负荷开关,569.3088,106.783,TMP00044131,开关00079,0307,TMP00132955,10kV,lkv10,,False,1,2,569.3088,107.849
TMP_0fa451e6-3438-483c-8814-ecdebdb9326d,LoadBreakSwitch,负荷开关,491.7648,177.4155,TMP00044169,开关00090,0307,TMP00132955,10kV,lkv10,,False,1,1,491.7648,176.3495
TMP_0fa451e6-3438-483c-8814-ecdebdb9326d,LoadBreakSwitch,负荷开关,491.7648,177.4155,TMP00044169,开关00090,0307,TMP00132955,10kV,lkv10,,False,1,2,491.7648,178.4814
TMP_67df68aa-66c9-47f0-9c93-ee2553916eb2,LoadBreakSwitch,负荷开关,499.6916,177.4155,TMP00044168,开关00089,0307,TMP00132955,10kV,lkv10,,False,1,1,499.6916,176.3495
TMP_67df68aa-66c9-47f0-9c93-ee2553916eb2,LoadBreakSwitch,负荷开关,499.6916,177.4155,TMP00044168,开关00089,0307,TMP00132955,10kV,lkv10,,False,1,2,499.6916,178.4814
TMP_57c907d0-410c-4dc9-8e9d-8e006571970e,LoadBreakSwitch,负荷开关,495.7282,177.4155,TMP00044167,开关00088,0307,TMP00132955,10kV,lkv10,,False,1,1,495.7282,176.3495
TMP_57c907d0-410c-4dc9-8e9d-8e006571970e,LoadBreakSwitch,负荷开关,495.7282,177.4155,TMP00044167,开关00088,0307,TMP00132955,10kV,lkv10,,False,1,2,495.7282,178.4814
TMP_54dafe55-cfbb-481b-b44f-f62f9f6a57d8,LoadBreakSwitch,负荷开关,511.9469,138.5824,TMP00044108,开关00069,0307,TMP00132955,10kV,lkv10,,False,1,1,511.9469,137.5165
TMP_54dafe55-cfbb-481b-b44f-f62f9f6a57d8,LoadBreakSwitch,负荷开关,511.9469,138.5824,TMP00044108,开关00069,0307,TMP00132955,10kV,lkv10,,False,1,2,511.9469,139.6483
TMP_3495afed-8951-4ff9-93d2-21948c1c73e4,LoadBreakSwitch,负荷开关,504.0201,138.5824,TMP00044107,开关00068,0307,TMP00132955,10kV,lkv10,,False,1,1,504.0201,137.5165
TMP_3495afed-8951-4ff9-93d2-21948c1c73e4,LoadBreakSwitch,负荷开关,504.0201,138.5824,TMP00044107,开关00068,0307,TMP00132955,10kV,lkv10,,False,1,2,504.0201,139.6483
TMP_a19cadba-0f8f-4ce2-b187-22ac8b908358,LoadBreakSwitch,负荷开关,507.9835,138.5824,TMP00044106,开关00067,0307,TMP00132955,10kV,lkv10,,False,1,1,507.9835,137.5165
TMP_a19cadba-0f8f-4ce2-b187-22ac8b908358,LoadBreakSwitch,负荷开关,507.9835,138.5824,TMP00044106,开关00067,0307,TMP00132955,10kV,lkv10,,False,1,2,507.9835,139.6483
TMP_ec5eefc6-987c-40c8-8937-e5c0e5ad51b3,LoadBreakSwitch,负荷开关,478.9802,92.9989,TMP00044078,开关00063,0307,TMP00132955,10kV,lkv10,,False,1,1,478.9802,91.9329
TMP_ec5eefc6-987c-40c8-8937-e5c0e5ad51b3,LoadBreakSwitch,负荷开关,478.9802,92.9989,TMP00044078,开关00063,0307,TMP00132955,10kV,lkv10,,False,1,2,478.9802,94.0648
TMP_b834f3c1-89ac-4a6e-9a46-2a52a3e0c08b,LoadBreakSwitch,负荷开关,475.0168,92.9989,TMP00044077,开关00062,0307,TMP00132955,10kV,lkv10,,False,1,1,475.0168,91.9329
TMP_b834f3c1-89ac-4a6e-9a46-2a52a3e0c08b,LoadBreakSwitch,负荷开关,475.0168,92.9989,TMP00044077,开关00062,0307,TMP00132955,10kV,lkv10,,False,1,2,475.0168,94.0648
TMP_dd3a527a-3a0b-4a72-9c75-d0a92c862004,LoadBreakSwitch,负荷开关,471.0534,92.9989,TMP00044076,开关00061,0307,TMP00132955,10kV,lkv10,,False,1,1,471.0534,91.9329
TMP_dd3a527a-3a0b-4a72-9c75-d0a92c862004,LoadBreakSwitch,负荷开关,471.0534,92.9989,TMP00044076,开关00061,0307,TMP00132955,10kV,lkv10,,False,1,2,471.0534,94.0648
TMP_6d656434-3b95-4c79-95ab-7cded4ea7ce6,LoadBreakSwitch,负荷开关,104.5112,231.0101,TMP00044212,开关00096,0307,TMP00132955,10kV,lkv10,,False,1,1,104.5112,229.9442
TMP_6d656434-3b95-4c79-95ab-7cded4ea7ce6,LoadBreakSwitch,负荷开关,104.5112,231.0101,TMP00044212,开关00096,0307,TMP00132955,10kV,lkv10,,False,1,2,104.5112,232.0761
TMP_2f747daf-9738-4618-a94c-01805857aa51,LoadBreakSwitch,负荷开关,108.4746,231.0101,TMP00044211,开关00095,0307,TMP00132955,10kV,lkv10,,False,1,1,108.4746,229.9442
TMP_2f747daf-9738-4618-a94c-01805857aa51,LoadBreakSwitch,负荷开关,108.4746,231.0101,TMP00044211,开关00095,0307,TMP00132955,10kV,lkv10,,False,1,2,108.4746,232.0761
TMP_d0718468-d839-4d5d-b197-46ba52765dc9,LoadBreakSwitch,负荷开关,112.438,231.0101,TMP00044210,开关00094,0307,TMP00132955,10kV,lkv10,,False,1,1,112.438,229.9442
TMP_d0718468-d839-4d5d-b197-46ba52765dc9,LoadBreakSwitch,负荷开关,112.438,231.0101,TMP00044210,开关00094,0307,TMP00132955,10kV,lkv10,,False,1,2,112.438,232.0761
TMP_21337544-95b5-4daf-82dc-7987cd671413,LoadBreakSwitch,负荷开关,87.8724,260.9205,TMP00044023,开关00040,0307,TMP00132955,10kV,lkv10,,False,0,1,87.8724,260.4207
TMP_21337544-95b5-4daf-82dc-7987cd671413,LoadBreakSwitch,负荷开关,87.8724,260.9205,TMP00044023,开关00040,0307,TMP00132955,10kV,lkv10,,False,0,2,87.8724,261.4202
TMP_f9007577-55e7-46f3-8e94-3702e1588a4a,LoadBreakSwitch,负荷开关,89.7404,260.7321,TMP00044022,开关00039,0307,TMP00132955,10kV,lkv10,,False,0,1,89.7404,260.2324
TMP_f9007577-55e7-46f3-8e94-3702e1588a4a,LoadBreakSwitch,负荷开关,89.7404,260.7321,TMP00044022,开关00039,0307,TMP00132955,10kV,lkv10,,False,0,2,89.7404,261.2319
TMP_54b64c4a-9f4d-4eb3-be34-e71053893f3c,LoadBreakSwitch,负荷开关,88.681,260.8389,TMP00044021,开关00038,0307,TMP00132955,10kV,lkv10,,False,0,1,88.681,260.3391
TMP_54b64c4a-9f4d-4eb3-be34-e71053893f3c,LoadBreakSwitch,负荷开关,88.681,260.8389,TMP00044021,开关00038,0307,TMP00132955,10kV,lkv10,,False,0,2,88.681,261.3387
TMP_942b91e3-06c3-4b9f-8211-ed03285784dc,LoadBreakSwitch,负荷开关,50.2996,239.0021,TMP00044209,开关00093,0307,TMP00132955,10kV,lkv10,,False,1,1,50.2996,238.0711
TMP_942b91e3-06c3-4b9f-8211-ed03285784dc,LoadBreakSwitch,负荷开关,50.2996,239.0021,TMP00044209,开关00093,0307,TMP00132955,10kV,lkv10,,False,1,2,50.2996,239.933
TMP_7d6d1022-465f-4991-b609-3e941e69aab3,LoadBreakSwitch,负荷开关,43.377,239.0021,TMP00044208,开关00092,0307,TMP00132955,10kV,lkv10,,False,1,1,43.377,238.0711
TMP_7d6d1022-465f-4991-b609-3e941e69aab3,LoadBreakSwitch,负荷开关,43.377,239.0021,TMP00044208,开关00092,0307,TMP00132955,10kV,lkv10,,False,1,2,43.377,239.933
TMP_4f163e7a-59de-4c6a-9bad-a18f18ab4f9b,LoadBreakSwitch,负荷开关,46.8383,239.0021,TMP00044207,开关00091,0307,TMP00132955,10kV,lkv10,,False,1,1,46.8383,238.0711
TMP_4f163e7a-59de-4c6a-9bad-a18f18ab4f9b,LoadBreakSwitch,负荷开关,46.8383,239.0021,TMP00044207,开关00091,0307,TMP00132955,10kV,lkv10,,False,1,2,46.8383,239.933
TMP_b65e46fb-98b0-4522-b400-316f1a069414,Fuse,熔断器,416.938,100.0071,TMP00044381,刀闸0145,0115,TMP00132371,10kV,lkv10,,False,1,1,418.3401,100.0071
TMP_b65e46fb-98b0-4522-b400-316f1a069414,Fuse,熔断器,416.938,100.0071,TMP00044381,刀闸0145,0115,TMP00132371,10kV,lkv10,,False,1,2,415.536,100.0071
TMP_3fcba902-6f6d-4613-93e2-523cd08e46b7,Fuse,熔断器,431.4881,77.2334,TMP00044380,刀闸0144,0115,TMP00132371,10kV,lkv10,,False,0,1,433.1972,77.2334
TMP_3fcba902-6f6d-4613-93e2-523cd08e46b7,Fuse,熔断器,431.4881,77.2334,TMP00044380,刀闸0144,0115,TMP00132371,10kV,lkv10,,False,0,2,429.7791,77.2334
TMP_240a56a0-c7c7-4e94-9211-ce78bf65d5e6,Fuse,熔断器,434.0987,74.8421,TMP00044379,刀闸0143,0115,TMP00132371,10kV,lkv10,,False,0,1,432.3896,74.8421
TMP_240a56a0-c7c7-4e94-9211-ce78bf65d5e6,Fuse,熔断器,434.0987,74.8421,TMP00044379,刀闸0143,0115,TMP00132371,10kV,lkv10,,False,0,2,435.8078,74.8421
TMP_950656bd-559c-46bb-bb4f-f23fb6e1084a,Fuse,熔断器,436.6901,92.9106,TMP00044378,刀闸0142,0115,TMP00132371,10kV,lkv10,,False,1,1,434.981,92.9106
TMP_950656bd-559c-46bb-bb4f-f23fb6e1084a,Fuse,熔断器,436.6901,92.9106,TMP00044378,刀闸0142,0115,TMP00132371,10kV,lkv10,,False,1,2,438.3992,92.9106
TMP_faebce4e-2f87-47aa-9d8c-a0aa84325bdf,Fuse,熔断器,471.1388,126.5418,TMP00044377,刀闸0141,0115,TMP00132371,10kV,lkv10,,False,0,1,471.1388,128.649
TMP_faebce4e-2f87-47aa-9d8c-a0aa84325bdf,Fuse,熔断器,471.1388,126.5418,TMP00044377,刀闸0141,0115,TMP00132371,10kV,lkv10,,False,0,2,471.1388,124.4347
TMP_ee73ebb6-94a7-4649-9868-0a45f43f5ab7,Fuse,熔断器,535.8516,126.5418,TMP00044376,刀闸0140,0115,TMP00132371,10kV,lkv10,,False,1,1,535.8516,128.649
TMP_ee73ebb6-94a7-4649-9868-0a45f43f5ab7,Fuse,熔断器,535.8516,126.5418,TMP00044376,刀闸0140,0115,TMP00132371,10kV,lkv10,,False,1,2,535.8516,124.4347
TMP_a170d89b-6b21-4556-b0ed-bca0f3a194be,Fuse,熔断器,536.294,250.5102,TMP00044375,刀闸0139,0115,TMP00132371,10kV,lkv10,,False,0,1,536.294,251.6372
TMP_a170d89b-6b21-4556-b0ed-bca0f3a194be,Fuse,熔断器,536.294,250.5102,TMP00044375,刀闸0139,0115,TMP00132371,10kV,lkv10,,False,0,2,536.294,249.3833
TMP_f577b5c7-0487-4559-ae6f-c6316d777edd,Fuse,熔断器,534.6123,255.7932,TMP00044374,刀闸0138,0115,TMP00132371,10kV,lkv10,,False,0,1,534.6123,254.78
TMP_f577b5c7-0487-4559-ae6f-c6316d777edd,Fuse,熔断器,534.6123,255.7932,TMP00044374,刀闸0138,0115,TMP00132371,10kV,lkv10,,False,0,2,534.6123,256.8063
TMP_28d40225-fff8-4b6a-b723-0ac121aace00,Fuse,熔断器,529.1529,251.2259,TMP00044373,刀闸0137,0115,TMP00132371,10kV,lkv10,,False,0,1,529.1529,252.3684
TMP_28d40225-fff8-4b6a-b723-0ac121aace00,Fuse,熔断器,529.1529,251.2259,TMP00044373,刀闸0137,0115,TMP00132371,10kV,lkv10,,False,0,2,529.1529,250.0835
TMP_cc6ea9ff-4da6-46f1-8c9c-26bf20051f00,Fuse,熔断器,506.2512,257.506,TMP00044372,刀闸0136,0115,TMP00132371,10kV,lkv10,,False,0,1,506.2512,256.159
TMP_cc6ea9ff-4da6-46f1-8c9c-26bf20051f00,Fuse,熔断器,506.2512,257.506,TMP00044372,刀闸0136,0115,TMP00132371,10kV,lkv10,,False,0,2,506.2512,258.853
TMP_0eedd22d-6ded-4eee-b627-0e7f09e993ef,Fuse,熔断器,516.3067,300.9833,TMP00044371,刀闸0135,0115,TMP00132371,10kV,lkv10,,False,0,1,516.3067,299.9194
TMP_0eedd22d-6ded-4eee-b627-0e7f09e993ef,Fuse,熔断器,516.3067,300.9833,TMP00044371,刀闸0135,0115,TMP00132371,10kV,lkv10,,False,0,2,516.3067,302.0472
TMP_609756af-8b7f-40f2-b5a0-b8da3b64490c,Fuse,熔断器,523.4031,301.6268,TMP00044370,刀闸0134,0115,TMP00132371,10kV,lkv10,,False,0,1,523.4031,300.4682
TMP_609756af-8b7f-40f2-b5a0-b8da3b64490c,Fuse,熔断器,523.4031,301.6268,TMP00044370,刀闸0134,0115,TMP00132371,10kV,lkv10,,False,0,2,523.4031,302.7854
TMP_becbb2c2-cdb6-4458-9537-34b914b40dce,Fuse,熔断器,570.3482,300.7857,TMP00044369,刀闸0133,0115,TMP00132371,10kV,lkv10,,False,0,1,570.3482,300.1087
TMP_becbb2c2-cdb6-4458-9537-34b914b40dce,Fuse,熔断器,570.3482,300.7857,TMP00044369,刀闸0133,0115,TMP00132371,10kV,lkv10,,False,0,2,570.3482,301.4627
TMP_c9a7c849-22bb-49c5-a72f-f19489248efa,Fuse,熔断器,574.6366,292.0932,TMP00044368,刀闸0132,0115,TMP00132371,10kV,lkv10,,False,0,1,574.6366,294.2004
TMP_c9a7c849-22bb-49c5-a72f-f19489248efa,Fuse,熔断器,574.6366,292.0932,TMP00044368,刀闸0132,0115,TMP00132371,10kV,lkv10,,False,0,2,574.6366,289.9861
TMP_137d474d-24b9-43bb-b962-4af358a55a65,Fuse,熔断器,590.087,301.8653,TMP00044367,刀闸0131,0115,TMP00132371,10kV,lkv10,,False,0,1,590.087,300.9279
TMP_137d474d-24b9-43bb-b962-4af358a55a65,Fuse,熔断器,590.087,301.8653,TMP00044367,刀闸0131,0115,TMP00132371,10kV,lkv10,,False,0,2,590.087,302.8026
TMP_1c5d312f-897b-4235-b1d8-db60b501a16d,Fuse,熔断器,614.4797,294.497,TMP00044366,刀闸0130,0115,TMP00132371,10kV,lkv10,,False,0,1,614.4797,295.6209
TMP_1c5d312f-897b-4235-b1d8-db60b501a16d,Fuse,熔断器,614.4797,294.497,TMP00044366,刀闸0130,0115,TMP00132371,10kV,lkv10,,False,0,2,614.4797,293.3732
TMP_933b59ee-23df-410c-92fe-ac4860f264dd,Fuse,熔断器,619.1819,301.254,TMP00044365,刀闸0129,0115,TMP00132371,10kV,lkv10,,False,0,1,619.1819,299.1468
TMP_933b59ee-23df-410c-92fe-ac4860f264dd,Fuse,熔断器,619.1819,301.254,TMP00044365,刀闸0129,0115,TMP00132371,10kV,lkv10,,False,0,2,619.1819,303.3611
TMP_e944929c-0727-4965-837e-65e585bbf92c,Fuse,熔断器,622.9027,295.5496,TMP00044364,刀闸0128,0115,TMP00132371,10kV,lkv10,,False,0,1,622.9027,296.7115
TMP_e944929c-0727-4965-837e-65e585bbf92c,Fuse,熔断器,622.9027,295.5496,TMP00044364,刀闸0128,0115,TMP00132371,10kV,lkv10,,False,0,2,622.9027,294.3878
TMP_6ab68230-560d-4a85-955e-ef25fb950c8d,Fuse,熔断器,643.8057,298.442,TMP00044363,刀闸0127,0115,TMP00132371,10kV,lkv10,,False,0,1,641.6985,298.442
TMP_6ab68230-560d-4a85-955e-ef25fb950c8d,Fuse,熔断器,643.8057,298.442,TMP00044363,刀闸0127,0115,TMP00132371,10kV,lkv10,,False,0,2,645.9128,298.442
TMP_0541c3a1-b6b2-499d-a2bf-a84094af239d,Fuse,熔断器,611.9982,316.2334,TMP00044362,刀闸0126,0115,TMP00132371,10kV,lkv10,,False,0,1,611.9982,314.1262
TMP_0541c3a1-b6b2-499d-a2bf-a84094af239d,Fuse,熔断器,611.9982,316.2334,TMP00044362,刀闸0126,0115,TMP00132371,10kV,lkv10,,False,0,2,611.9982,318.3405
TMP_66ef5c42-1abb-4793-8d34-47deb568f045,Fuse,熔断器,596.697,293.9349,TMP00044361,刀闸0125,0115,TMP00132371,10kV,lkv10,,False,0,1,596.697,296.0421
TMP_66ef5c42-1abb-4793-8d34-47deb568f045,Fuse,熔断器,596.697,293.9349,TMP00044361,刀闸0125,0115,TMP00132371,10kV,lkv10,,False,0,2,596.697,291.8278
TMP_820622bb-7201-48bb-b88e-f965aeff5b6a,Fuse,熔断器,585.6506,292.2741,TMP00044360,刀闸0124,0115,TMP00132371,10kV,lkv10,,False,0,1,585.6506,294.3813
TMP_820622bb-7201-48bb-b88e-f965aeff5b6a,Fuse,熔断器,585.6506,292.2741,TMP00044360,刀闸0124,0115,TMP00132371,10kV,lkv10,,False,0,2,585.6506,290.167
TMP_05a2fdea-2ae9-4568-9073-447850a3731c,Fuse,熔断器,581.5502,318.2103,TMP00044359,刀闸0123,0115,TMP00132371,10kV,lkv10,,False,0,1,581.5502,316.1031
TMP_05a2fdea-2ae9-4568-9073-447850a3731c,Fuse,熔断器,581.5502,318.2103,TMP00044359,刀闸0123,0115,TMP00132371,10kV,lkv10,,False,0,2,581.5502,320.3175
TMP_de981cb1-8712-4ad9-b189-69c4b60dc333,Fuse,熔断器,563.1041,292.9688,TMP00044358,刀闸0122,0115,TMP00132371,10kV,lkv10,,False,0,1,563.1041,294.0908
TMP_de981cb1-8712-4ad9-b189-69c4b60dc333,Fuse,熔断器,563.1041,292.9688,TMP00044358,刀闸0122,0115,TMP00132371,10kV,lkv10,,False,0,2,563.1041,291.8468
TMP_78112bbe-6adb-46c4-8020-008142284ccf,Fuse,熔断器,537.8223,294.5786,TMP00044357,刀闸0121,0115,TMP00132371,10kV,lkv10,,False,0,1,537.8223,296.6858
TMP_78112bbe-6adb-46c4-8020-008142284ccf,Fuse,熔断器,537.8223,294.5786,TMP00044357,刀闸0121,0115,TMP00132371,10kV,lkv10,,False,0,2,537.8223,292.4715
TMP_b7564617-a4ec-47e4-9eb0-3e085482635a,Fuse,熔断器,539.4317,304.5756,TMP00044356,刀闸0120,0115,TMP00132371,10kV,lkv10,,False,1,1,537.3245,304.5756
TMP_b7564617-a4ec-47e4-9eb0-3e085482635a,Fuse,熔断器,539.4317,304.5756,TMP00044356,刀闸0120,0115,TMP00132371,10kV,lkv10,,False,1,2,541.5389,304.5756
TMP_43703c16-bf60-4640-8b54-13f7fbd57597,Fuse,熔断器,537.8223,335.2617,TMP00044355,刀闸0119,0115,TMP00132371,10kV,lkv10,,False,0,1,537.8223,333.1545
TMP_43703c16-bf60-4640-8b54-13f7fbd57597,Fuse,熔断器,537.8223,335.2617,TMP00044355,刀闸0119,0115,TMP00132371,10kV,lkv10,,False,0,2,537.8223,337.3688
TMP_93f1fbf6-a251-444d-b1fc-14fd741828dd,Fuse,熔断器,534.4171,321.029,TMP00044354,刀闸0118,0115,TMP00132371,10kV,lkv10,,False,0,1,536.5243,321.029
TMP_93f1fbf6-a251-444d-b1fc-14fd741828dd,Fuse,熔断器,534.4171,321.029,TMP00044354,刀闸0118,0115,TMP00132371,10kV,lkv10,,False,0,2,532.3099,321.029
TMP_520b0fc3-ce69-4320-9fa8-3db172b6684a,Fuse,熔断器,558.8437,304.5611,TMP00044353,刀闸0117,0115,TMP00132371,10kV,lkv10,,False,0,1,557.974,304.5611
TMP_520b0fc3-ce69-4320-9fa8-3db172b6684a,Fuse,熔断器,558.8437,304.5611,TMP00044353,刀闸0117,0115,TMP00132371,10kV,lkv10,,False,0,2,559.7134,304.5611
TMP_a67098fa-99bb-4808-b879-933103989a93,Fuse,熔断器,532.7564,295.7309,TMP00044352,刀闸0116,0115,TMP00132371,10kV,lkv10,,False,0,1,532.7564,297.8381
TMP_a67098fa-99bb-4808-b879-933103989a93,Fuse,熔断器,532.7564,295.7309,TMP00044352,刀闸0116,0115,TMP00132371,10kV,lkv10,,False,0,2,532.7564,293.6237
TMP_2fefdfca-6da1-4013-ac0d-98925264eeff,Fuse,熔断器,521.1766,289.3186,TMP00044351,刀闸0115,0115,TMP00132371,10kV,lkv10,,False,0,1,521.1766,290.4449
TMP_2fefdfca-6da1-4013-ac0d-98925264eeff,Fuse,熔断器,521.1766,289.3186,TMP00044351,刀闸0115,0115,TMP00132371,10kV,lkv10,,False,0,2,521.1766,288.1922
TMP_6e9e402e-c409-43a3-92fa-ff42a4576245,Fuse,熔断器,434.3992,248.9065,TMP00044350,刀闸0114,0115,TMP00132371,10kV,lkv10,,False,0,1,434.3992,250.1191
TMP_6e9e402e-c409-43a3-92fa-ff42a4576245,Fuse,熔断器,434.3992,248.9065,TMP00044350,刀闸0114,0115,TMP00132371,10kV,lkv10,,False,0,2,434.3992,247.6939
TMP_2a85a253-8e9a-410d-87c5-c1a9cbd90682,Fuse,熔断器,401.0615,250.7178,TMP00044349,刀闸0113,0115,TMP00132371,10kV,lkv10,,False,0,1,401.0615,251.537
TMP_2a85a253-8e9a-410d-87c5-c1a9cbd90682,Fuse,熔断器,401.0615,250.7178,TMP00044349,刀闸0113,0115,TMP00132371,10kV,lkv10,,False,0,2,401.0615,249.8985
TMP_638b826a-c7a8-4a54-8f8b-169d093b4f5d,Fuse,熔断器,348.5432,265.4697,TMP00044348,刀闸0112,0115,TMP00132371,10kV,lkv10,,False,0,1,348.5432,263.3625
TMP_638b826a-c7a8-4a54-8f8b-169d093b4f5d,Fuse,熔断器,348.5432,265.4697,TMP00044348,刀闸0112,0115,TMP00132371,10kV,lkv10,,False,0,2,348.5432,267.5768
TMP_b0be74e4-66bc-4167-baec-3f2da1c6c185,Fuse,熔断器,344.0397,256.9897,TMP00044347,刀闸0111,0115,TMP00132371,10kV,lkv10,,False,0,1,344.0397,255.9763
TMP_b0be74e4-66bc-4167-baec-3f2da1c6c185,Fuse,熔断器,344.0397,256.9897,TMP00044347,刀闸0111,0115,TMP00132371,10kV,lkv10,,False,0,2,344.0397,258.0031
TMP_2e7df08c-fbb1-4044-9625-c80936cf4f01,Fuse,熔断器,343.9341,247.0908,TMP00044346,刀闸0110,0115,TMP00132371,10kV,lkv10,,False,0,1,343.9341,249.198
TMP_2e7df08c-fbb1-4044-9625-c80936cf4f01,Fuse,熔断器,343.9341,247.0908,TMP00044346,刀闸0110,0115,TMP00132371,10kV,lkv10,,False,0,2,343.9341,244.9836
TMP_d07fb732-0472-47f5-a262-487a00ab07f6,Fuse,熔断器,225.5542,251.8808,TMP00044345,刀闸0109,0115,TMP00132371,10kV,lkv10,,False,0,1,225.5542,253.9879
TMP_d07fb732-0472-47f5-a262-487a00ab07f6,Fuse,熔断器,225.5542,251.8808,TMP00044345,刀闸0109,0115,TMP00132371,10kV,lkv10,,False,0,2,225.5542,249.7736
TMP_a9adebc5-dbb3-4c66-8d57-ac10222ad689,Fuse,熔断器,203.5648,255.0994,TMP00044344,刀闸0108,0115,TMP00132371,10kV,lkv10,,False,0,1,203.5648,252.9922
TMP_a9adebc5-dbb3-4c66-8d57-ac10222ad689,Fuse,熔断器,203.5648,255.0994,TMP00044344,刀闸0108,0115,TMP00132371,10kV,lkv10,,False,0,2,203.5648,257.2066
TMP_e8088242-f3d5-4f70-9b37-dcbb9b0e820d,Fuse,熔断器,201.9554,241.6135,TMP00044343,刀闸0107,0115,TMP00132371,10kV,lkv10,,False,0,1,204.0626,241.6135
TMP_e8088242-f3d5-4f70-9b37-dcbb9b0e820d,Fuse,熔断器,201.9554,241.6135,TMP00044343,刀闸0107,0115,TMP00132371,10kV,lkv10,,False,0,2,199.8483,241.6135
TMP_d887a082-7cae-4044-8458-fced519b785d,Fuse,熔断器,203.5648,235.7227,TMP00044342,刀闸0106,0115,TMP00132371,10kV,lkv10,,False,0,1,203.5648,236.5476
TMP_d887a082-7cae-4044-8458-fced519b785d,Fuse,熔断器,203.5648,235.7227,TMP00044342,刀闸0106,0115,TMP00132371,10kV,lkv10,,False,0,2,203.5648,234.8979
TMP_1a41b207-22e1-4701-be94-6589c02a902b,Fuse,熔断器,210.7439,248.8811,TMP00044341,刀闸0105,0115,TMP00132371,10kV,lkv10,,False,0,1,208.6367,248.8811
TMP_1a41b207-22e1-4701-be94-6589c02a902b,Fuse,熔断器,210.7439,248.8811,TMP00044341,刀闸0105,0115,TMP00132371,10kV,lkv10,,False,0,2,212.8511,248.8811
TMP_f69824d1-872e-42c7-8d33-7a03f5ca1781,Fuse,熔断器,148.8454,255.0994,TMP00044340,刀闸0104,0115,TMP00132371,10kV,lkv10,,False,0,1,148.8454,252.9922
TMP_f69824d1-872e-42c7-8d33-7a03f5ca1781,Fuse,熔断器,148.8454,255.0994,TMP00044340,刀闸0104,0115,TMP00132371,10kV,lkv10,,False,0,2,148.8454,257.2065
TMP_812cbe02-6a03-4158-8e93-9f64f6a72cfc,Fuse,熔断器,141.5263,230.8698,TMP00044339,刀闸0103,0115,TMP00132371,10kV,lkv10,,False,1,1,143.6335,230.8698
TMP_812cbe02-6a03-4158-8e93-9f64f6a72cfc,Fuse,熔断器,141.5263,230.8698,TMP00044339,刀闸0103,0115,TMP00132371,10kV,lkv10,,False,1,2,139.4192,230.8698
TMP_34575a0e-c2d0-4d9d-95cb-ce93f3c38a3b,Fuse,熔断器,124.2844,255.0994,TMP00044338,刀闸0102,0115,TMP00132371,10kV,lkv10,,False,0,1,124.2844,252.9922
TMP_34575a0e-c2d0-4d9d-95cb-ce93f3c38a3b,Fuse,熔断器,124.2844,255.0994,TMP00044338,刀闸0102,0115,TMP00132371,10kV,lkv10,,False,0,2,124.2844,257.2065
TMP_59f66cfb-e604-470c-8312-483aa5bc7e4d,Fuse,熔断器,95.4136,255.5801,TMP00044337,刀闸0101,0115,TMP00132371,10kV,lkv10,,False,0,1,95.4136,254.3818
TMP_59f66cfb-e604-470c-8312-483aa5bc7e4d,Fuse,熔断器,95.4136,255.5801,TMP00044337,刀闸0101,0115,TMP00132371,10kV,lkv10,,False,0,2,95.4136,256.7783
TMP_61d50b9d-e3ea-448b-a4cc-2a641b9bf536,Fuse,熔断器,82.8094,259.8893,TMP00044336,刀闸0100,0115,TMP00132371,10kV,lkv10,,False,0,1,82.8094,257.7821
TMP_61d50b9d-e3ea-448b-a4cc-2a641b9bf536,Fuse,熔断器,82.8094,259.8893,TMP00044336,刀闸0100,0115,TMP00132371,10kV,lkv10,,False,0,2,82.8094,261.9965
TMP_409b8046-1fe1-4cc0-bd7e-906e84f8b959,Fuse,熔断器,87.8242,248.744,TMP00044335,刀闸0099,0115,TMP00132371,10kV,lkv10,,False,0,1,87.8242,249.6658
TMP_409b8046-1fe1-4cc0-bd7e-906e84f8b959,Fuse,熔断器,87.8242,248.744,TMP00044335,刀闸0099,0115,TMP00132371,10kV,lkv10,,False,0,2,87.8242,247.8222
TMP_531be489-e35a-484f-80b9-513fa643629f,Fuse,熔断器,158.3854,247.4275,TMP00044334,刀闸0098,0115,TMP00132371,10kV,lkv10,,False,0,1,158.3854,248.324
TMP_531be489-e35a-484f-80b9-513fa643629f,Fuse,熔断器,158.3854,247.4275,TMP00044334,刀闸0098,0115,TMP00132371,10kV,lkv10,,False,0,2,158.3854,246.5311
TMP_ee0980fa-6f74-4f4f-8f00-c0e806990eb1,Fuse,熔断器,173.132,243.197,TMP00044333,刀闸0097,0115,TMP00132371,10kV,lkv10,,False,0,1,174.1555,243.197
TMP_ee0980fa-6f74-4f4f-8f00-c0e806990eb1,Fuse,熔断器,173.132,243.197,TMP00044333,刀闸0097,0115,TMP00132371,10kV,lkv10,,False,0,2,172.1084,243.197
TMP_eb000007-1726-4aa1-8323-9b0ad629ad2b,Fuse,熔断器,178.2515,241.3579,TMP00044332,刀闸0096,0115,TMP00132371,10kV,lkv10,,False,0,1,177.4172,241.3579
TMP_eb000007-1726-4aa1-8323-9b0ad629ad2b,Fuse,熔断器,178.2515,241.3579,TMP00044332,刀闸0096,0115,TMP00132371,10kV,lkv10,,False,0,2,179.0858,241.3579
TMP_848a1180-c51f-44ec-8c40-35b71320f77f,Fuse,熔断器,173.1463,238.4528,TMP00044331,刀闸0095,0115,TMP00132371,10kV,lkv10,,False,0,1,174.0474,238.4528
TMP_848a1180-c51f-44ec-8c40-35b71320f77f,Fuse,熔断器,173.1463,238.4528,TMP00044331,刀闸0095,0115,TMP00132371,10kV,lkv10,,False,0,2,172.2453,238.4528
TMP_dd191659-13e0-408c-90e2-b67ece660d82,Fuse,熔断器,178.5363,235.4788,TMP00044330,刀闸0094,0115,TMP00132371,10kV,lkv10,,False,0,1,177.5124,235.4788
TMP_dd191659-13e0-408c-90e2-b67ece660d82,Fuse,熔断器,178.5363,235.4788,TMP00044330,刀闸0094,0115,TMP00132371,10kV,lkv10,,False,0,2,179.5601,235.4788
TMP_0d3bfd72-70b5-47a6-9b5c-49a9ea777dc6,Fuse,熔断器,174.1855,233.7086,TMP00044329,刀闸0093,0115,TMP00132371,10kV,lkv10,,False,0,1,176.2926,233.7086
TMP_0d3bfd72-70b5-47a6-9b5c-49a9ea777dc6,Fuse,熔断器,174.1855,233.7086,TMP00044329,刀闸0093,0115,TMP00132371,10kV,lkv10,,False,0,2,172.0783,233.7086
TMP_3e6281e2-976b-4bc3-a963-b21fefc1846c,Fuse,熔断器,186.3079,193.9104,TMP00044328,刀闸0092,0115,TMP00132371,10kV,lkv10,,False,0,1,184.2007,193.9104
TMP_3e6281e2-976b-4bc3-a963-b21fefc1846c,Fuse,熔断器,186.3079,193.9104,TMP00044328,刀闸0092,0115,TMP00132371,10kV,lkv10,,False,0,2,188.4151,193.9104
TMP_696b4b23-6790-4c41-98fe-1b3bbb389a9c,Fuse,熔断器,151.4727,195.7893,TMP00044327,刀闸0091,0115,TMP00132371,10kV,lkv10,,False,0,1,152.5549,195.7893
TMP_696b4b23-6790-4c41-98fe-1b3bbb389a9c,Fuse,熔断器,151.4727,195.7893,TMP00044327,刀闸0091,0115,TMP00132371,10kV,lkv10,,False,0,2,150.3906,195.7893
TMP_e4b81bd4-c683-443b-980a-fb7de90c5e8a,Fuse,熔断器,164.4685,200.2818,TMP00044326,刀闸0090,0115,TMP00132371,10kV,lkv10,,False,0,1,164.4685,199.3993
TMP_e4b81bd4-c683-443b-980a-fb7de90c5e8a,Fuse,熔断器,164.4685,200.2818,TMP00044326,刀闸0090,0115,TMP00132371,10kV,lkv10,,False,0,2,164.4685,201.1642
TMP_345e28d3-cd5b-4bf3-a334-85e5c0d4df89,Fuse,熔断器,178.6,182.6487,TMP00044325,刀闸0089,0115,TMP00132371,10kV,lkv10,,False,0,1,177.9534,182.6487
TMP_345e28d3-cd5b-4bf3-a334-85e5c0d4df89,Fuse,熔断器,178.6,182.6487,TMP00044325,刀闸0089,0115,TMP00132371,10kV,lkv10,,False,0,2,179.2465,182.6487
TMP_c90f73b1-edf5-492f-ade7-0b5140d1dacc,Fuse,熔断器,175.7947,179.5653,TMP00044324,刀闸0088,0115,TMP00132371,10kV,lkv10,,False,1,1,175.7947,181.6725
TMP_c90f73b1-edf5-492f-ade7-0b5140d1dacc,Fuse,熔断器,175.7947,179.5653,TMP00044324,刀闸0088,0115,TMP00132371,10kV,lkv10,,False,1,2,175.7947,177.4582
TMP_6f3f5321-aa62-4bf7-9c86-1ee54c2d924a,Fuse,熔断器,182.974,203.1641,TMP00044323,刀闸0087,0115,TMP00132371,10kV,lkv10,,False,0,1,180.8668,203.1641
TMP_6f3f5321-aa62-4bf7-9c86-1ee54c2d924a,Fuse,熔断器,182.974,203.1641,TMP00044323,刀闸0087,0115,TMP00132371,10kV,lkv10,,False,0,2,185.0811,203.1641
TMP_c381511c-d3a0-4526-8170-195f482dae05,Fuse,熔断器,181.1312,209.9746,TMP00044322,刀闸0086,0115,TMP00132371,10kV,lkv10,,False,1,1,179.024,209.9746
TMP_c381511c-d3a0-4526-8170-195f482dae05,Fuse,熔断器,181.1312,209.9746,TMP00044322,刀闸0086,0115,TMP00132371,10kV,lkv10,,False,1,2,183.2384,209.9746
TMP_e7282b43-46da-4d4c-8c5e-9501b6f8a7d4,Fuse,熔断器,171.3217,209.9746,TMP00044321,刀闸0085,0115,TMP00132371,10kV,lkv10,,False,0,1,172.4658,209.9746
TMP_e7282b43-46da-4d4c-8c5e-9501b6f8a7d4,Fuse,熔断器,171.3217,209.9746,TMP00044321,刀闸0085,0115,TMP00132371,10kV,lkv10,,False,0,2,170.1777,209.9746
TMP_9a6c6db8-8a21-4388-9c6f-e8a6f8464e73,Fuse,熔断器,182.974,218.7164,TMP00044320,刀闸0084,0115,TMP00132371,10kV,lkv10,,False,0,1,180.8668,218.7164
TMP_9a6c6db8-8a21-4388-9c6f-e8a6f8464e73,Fuse,熔断器,182.974,218.7164,TMP00044320,刀闸0084,0115,TMP00132371,10kV,lkv10,,False,0,2,185.0811,218.7164
TMP_8ba94609-cb2f-4f5a-b7a0-c9cd82df2a7a,Fuse,熔断器,203.5648,283.4494,TMP00044319,刀闸0083,0115,TMP00132371,10kV,lkv10,,False,0,1,203.5648,281.3423
TMP_8ba94609-cb2f-4f5a-b7a0-c9cd82df2a7a,Fuse,熔断器,203.5648,283.4494,TMP00044319,刀闸0083,0115,TMP00132371,10kV,lkv10,,False,0,2,203.5648,285.5566
TMP_9942e8fd-4c80-4362-a587-5866a83e0cd1,Fuse,熔断器,210.4221,262.7146,TMP00044318,刀闸0082,0115,TMP00132371,10kV,lkv10,,False,0,1,208.315,262.7146
TMP_9942e8fd-4c80-4362-a587-5866a83e0cd1,Fuse,熔断器,210.4221,262.7146,TMP00044318,刀闸0082,0115,TMP00132371,10kV,lkv10,,False,0,2,212.5293,262.7146
TMP_f19b09f7-db0a-4c67-a735-1b4dcc55898a,Fuse,熔断器,214.7269,238.6105,TMP00044317,刀闸0081,0115,TMP00132371,10kV,lkv10,,False,0,1,216.8341,238.6105
TMP_f19b09f7-db0a-4c67-a735-1b4dcc55898a,Fuse,熔断器,214.7269,238.6105,TMP00044317,刀闸0081,0115,TMP00132371,10kV,lkv10,,False,0,2,212.6197,238.6105
TMP_de364787-1f0e-475a-b3c6-2888e1e11803,Fuse,熔断器,225.5542,213.956,TMP00044316,刀闸0080,0115,TMP00132371,10kV,lkv10,,False,0,1,225.5542,216.0632
TMP_de364787-1f0e-475a-b3c6-2888e1e11803,Fuse,熔断器,225.5542,213.956,TMP00044316,刀闸0080,0115,TMP00132371,10kV,lkv10,,False,0,2,225.5542,211.8489
TMP_ea19ab1b-45ad-45e7-9b30-2841c23715c1,Fuse,熔断器,230.1117,247.9475,TMP00044315,刀闸0079,0115,TMP00132371,10kV,lkv10,,False,0,1,230.1117,250.0547
TMP_ea19ab1b-45ad-45e7-9b30-2841c23715c1,Fuse,熔断器,230.1117,247.9475,TMP00044315,刀闸0079,0115,TMP00132371,10kV,lkv10,,False,0,2,230.1117,245.8403
TMP_8f881afe-fe22-44d8-8b7b-e02d71b06e3e,Fuse,熔断器,230.2369,258.8136,TMP00044314,刀闸0078,0115,TMP00132371,10kV,lkv10,,False,0,1,230.2369,256.7064
TMP_8f881afe-fe22-44d8-8b7b-e02d71b06e3e,Fuse,熔断器,230.2369,258.8136,TMP00044314,刀闸0078,0115,TMP00132371,10kV,lkv10,,False,0,2,230.2369,260.9207
TMP_63718228-f9f7-4e82-bf5b-3a46a6fae0c0,Fuse,熔断器,230.2912,268.478,TMP00044313,刀闸0077,0115,TMP00132371,10kV,lkv10,,False,0,1,230.2912,267.4107
TMP_63718228-f9f7-4e82-bf5b-3a46a6fae0c0,Fuse,熔断器,230.2912,268.478,TMP00044313,刀闸0077,0115,TMP00132371,10kV,lkv10,,False,0,2,230.2912,269.5454
TMP_48883dfd-2c8d-43d5-8dcc-9e143fcd49da,Fuse,熔断器,244.6985,247.0908,TMP00044312,刀闸0076,0115,TMP00132371,10kV,lkv10,,False,0,1,244.6985,249.198
TMP_48883dfd-2c8d-43d5-8dcc-9e143fcd49da,Fuse,熔断器,244.6985,247.0908,TMP00044312,刀闸0076,0115,TMP00132371,10kV,lkv10,,False,0,2,244.6985,244.9836
TMP_13e069ad-3734-46a5-a5e6-e297eaf43ab9,Fuse,熔断器,254.5409,259.8893,TMP00044311,刀闸0075,0115,TMP00132371,10kV,lkv10,,False,0,1,254.5409,257.7821
TMP_13e069ad-3734-46a5-a5e6-e297eaf43ab9,Fuse,熔断器,254.5409,259.8893,TMP00044311,刀闸0075,0115,TMP00132371,10kV,lkv10,,False,0,2,254.5409,261.9965
TMP_16372cb5-eb31-42c3-a538-de553130cf40,Fuse,熔断器,259.2338,242.8552,TMP00044310,刀闸0074,0115,TMP00132371,10kV,lkv10,,False,0,1,259.2338,243.9082
TMP_16372cb5-eb31-42c3-a538-de553130cf40,Fuse,熔断器,259.2338,242.8552,TMP00044310,刀闸0074,0115,TMP00132371,10kV,lkv10,,False,0,2,259.2338,241.8021
TMP_0e7fe5e6-257a-4f2e-8c5e-eeb4d76aeba7,Fuse,熔断器,253.2928,268.875,TMP00044309,刀闸0073,0115,TMP00132371,10kV,lkv10,,False,0,1,254.0565,268.875
TMP_0e7fe5e6-257a-4f2e-8c5e-eeb4d76aeba7,Fuse,熔断器,253.2928,268.875,TMP00044309,刀闸0073,0115,TMP00132371,10kV,lkv10,,False,0,2,252.5291,268.875
TMP_381900ef-2383-4368-a1db-9336e46b8088,Fuse,熔断器,264.2482,250.0848,TMP00044308,刀闸0072,0115,TMP00132371,10kV,lkv10,,False,1,1,264.2482,252.192
TMP_381900ef-2383-4368-a1db-9336e46b8088,Fuse,熔断器,264.2482,250.0848,TMP00044308,刀闸0072,0115,TMP00132371,10kV,lkv10,,False,1,2,264.2482,247.9776
TMP_7d418628-4494-4755-be4f-1ef15c3f922e,Fuse,熔断器,368.6002,260.2826,TMP00044307,刀闸0071,0115,TMP00132371,10kV,lkv10,,False,1,1,370.7073,260.2826
TMP_7d418628-4494-4755-be4f-1ef15c3f922e,Fuse,熔断器,368.6002,260.2826,TMP00044307,刀闸0071,0115,TMP00132371,10kV,lkv10,,False,1,2,366.493,260.2826
TMP_fd3858ab-2b5d-4c45-837e-e558e6297ec8,Fuse,熔断器,377.0408,276.4739,TMP00044306,刀闸0070,0115,TMP00132371,10kV,lkv10,,False,0,1,375.994,276.4739
TMP_fd3858ab-2b5d-4c45-837e-e558e6297ec8,Fuse,熔断器,377.0408,276.4739,TMP00044306,刀闸0070,0115,TMP00132371,10kV,lkv10,,False,0,2,378.0875,276.4739
TMP_f961b605-44ef-4ae9-b2e1-ec0fa26b32c6,Fuse,熔断器,379.5054,283.0995,TMP00044305,刀闸0069,0115,TMP00132371,10kV,lkv10,,False,0,1,378.507,283.0995
TMP_f961b605-44ef-4ae9-b2e1-ec0fa26b32c6,Fuse,熔断器,379.5054,283.0995,TMP00044305,刀闸0069,0115,TMP00132371,10kV,lkv10,,False,0,2,380.5038,283.0995
TMP_72711326-16d8-488a-934b-d51b7bcffaf6,Fuse,熔断器,370.2253,289.1968,TMP00044304,刀闸0068,0115,TMP00132371,10kV,lkv10,,False,1,1,372.3324,289.1968
TMP_72711326-16d8-488a-934b-d51b7bcffaf6,Fuse,熔断器,370.2253,289.1968,TMP00044304,刀闸0068,0115,TMP00132371,10kV,lkv10,,False,1,2,368.1181,289.1968
TMP_bc19daed-d56c-4bb7-9d57-2336f2d68db9,Fuse,熔断器,355.3169,316.7608,TMP00044303,刀闸0067,0115,TMP00132371,10kV,lkv10,,False,0,1,357.424,316.7608
TMP_bc19daed-d56c-4bb7-9d57-2336f2d68db9,Fuse,熔断器,355.3169,316.7608,TMP00044303,刀闸0067,0115,TMP00132371,10kV,lkv10,,False,0,2,353.2097,316.7608
TMP_abc4bb7f-0da1-4d72-b9d2-b86c591cfc4e,Fuse,熔断器,367.8004,313.4247,TMP00044302,刀闸0066,0115,TMP00132371,10kV,lkv10,,False,0,1,367.8004,314.3546
TMP_abc4bb7f-0da1-4d72-b9d2-b86c591cfc4e,Fuse,熔断器,367.8004,313.4247,TMP00044302,刀闸0066,0115,TMP00132371,10kV,lkv10,,False,0,2,367.8004,312.4948
TMP_524fe1db-7921-43f3-b5c6-18aeee6783e7,Fuse,熔断器,370.5937,332.062,TMP00044301,刀闸0065,0115,TMP00132371,10kV,lkv10,,False,0,1,372.7009,332.062
TMP_524fe1db-7921-43f3-b5c6-18aeee6783e7,Fuse,熔断器,370.5937,332.062,TMP00044301,刀闸0065,0115,TMP00132371,10kV,lkv10,,False,0,2,368.4865,332.062
TMP_651467bf-b203-49ad-9a6e-350cf6f0f5c2,Fuse,熔断器,372.2031,351.277,TMP00044300,刀闸0064,0115,TMP00132371,10kV,lkv10,,False,1,1,372.2031,349.1699
TMP_651467bf-b203-49ad-9a6e-350cf6f0f5c2,Fuse,熔断器,372.2031,351.277,TMP00044300,刀闸0064,0115,TMP00132371,10kV,lkv10,,False,1,2,372.2031,353.3842
TMP_c75bcfb4-42cc-42de-9a39-4edb63222e75,Fuse,熔断器,372.2031,377.1124,TMP00044299,刀闸0063,0115,TMP00132371,10kV,lkv10,,False,0,1,372.2031,375.0052
TMP_c75bcfb4-42cc-42de-9a39-4edb63222e75,Fuse,熔断器,372.2031,377.1124,TMP00044299,刀闸0063,0115,TMP00132371,10kV,lkv10,,False,0,2,372.2031,379.2196
TMP_ffed23d8-01b5-43f7-b40b-50f79b84b2da,Fuse,熔断器,375.6083,320.2176,TMP00044298,刀闸0062,0115,TMP00132371,10kV,lkv10,,False,1,1,373.5011,320.2176
TMP_ffed23d8-01b5-43f7-b40b-50f79b84b2da,Fuse,熔断器,375.6083,320.2176,TMP00044298,刀闸0062,0115,TMP00132371,10kV,lkv10,,False,1,2,377.7155,320.2176
TMP_261d0974-f873-4c50-8468-b389851a6aaf,Fuse,熔断器,427.8108,312.847,TMP00044297,刀闸0061,0115,TMP00132371,10kV,lkv10,,False,0,1,427.8108,314.9542
TMP_261d0974-f873-4c50-8468-b389851a6aaf,Fuse,熔断器,427.8108,312.847,TMP00044297,刀闸0061,0115,TMP00132371,10kV,lkv10,,False,0,2,427.8108,310.7398
TMP_565ea3e2-395b-42ee-80c9-b5b436ffde82,Fuse,熔断器,454.1444,314.3797,TMP00044296,刀闸0060,0115,TMP00132371,10kV,lkv10,,False,0,1,453.2357,314.3797
TMP_565ea3e2-395b-42ee-80c9-b5b436ffde82,Fuse,熔断器,454.1444,314.3797,TMP00044296,刀闸0060,0115,TMP00132371,10kV,lkv10,,False,0,2,455.0531,314.3797
TMP_e0c066ce-8c56-4cef-9a78-0fe609ada3ef,Fuse,熔断器,403.4783,319.3815,TMP00044295,刀闸0059,0115,TMP00132371,10kV,lkv10,,False,0,1,403.4783,317.2743
TMP_e0c066ce-8c56-4cef-9a78-0fe609ada3ef,Fuse,熔断器,403.4783,319.3815,TMP00044295,刀闸0059,0115,TMP00132371,10kV,lkv10,,False,0,2,403.4783,321.4887
TMP_ad1dbb95-34a1-4eb4-bc60-4d0a4c16bf5f,Fuse,熔断器,390.5522,306.9048,TMP00044294,刀闸0058,0115,TMP00132371,10kV,lkv10,,False,0,1,390.5522,309.012
TMP_ad1dbb95-34a1-4eb4-bc60-4d0a4c16bf5f,Fuse,熔断器,390.5522,306.9048,TMP00044294,刀闸0058,0115,TMP00132371,10kV,lkv10,,False,0,2,390.5522,304.7976
TMP_37a64424-3646-4d1e-a329-50e867a110b2,Fuse,熔断器,381.6714,292.6452,TMP00044293,刀闸0057,0115,TMP00132371,10kV,lkv10,,False,0,1,381.6714,294.7524
TMP_37a64424-3646-4d1e-a329-50e867a110b2,Fuse,熔断器,381.6714,292.6452,TMP00044293,刀闸0057,0115,TMP00132371,10kV,lkv10,,False,0,2,381.6714,290.5381
TMP_a622ddda-abf8-4201-9517-0a3341d8b788,Fuse,熔断器,407.5337,297.8033,TMP00044292,刀闸0056,0115,TMP00132371,10kV,lkv10,,False,0,1,405.4265,297.8033
TMP_a622ddda-abf8-4201-9517-0a3341d8b788,Fuse,熔断器,407.5337,297.8033,TMP00044292,刀闸0056,0115,TMP00132371,10kV,lkv10,,False,0,2,409.6409,297.8033
TMP_48a4fe7f-051a-4e65-959b-5052dc59fee8,Fuse,熔断器,299.2601,290.8061,TMP00044291,刀闸0055,0115,TMP00132371,10kV,lkv10,,False,1,1,299.2601,288.6989
TMP_48a4fe7f-051a-4e65-959b-5052dc59fee8,Fuse,熔断器,299.2601,290.8061,TMP00044291,刀闸0055,0115,TMP00132371,10kV,lkv10,,False,1,2,299.2601,292.9132
TMP_a75088e4-45f1-4383-a284-173d17347ddf,Fuse,熔断器,287.9756,289.1968,TMP00044290,刀闸0054,0115,TMP00132371,10kV,lkv10,,False,0,1,290.0828,289.1968
TMP_a75088e4-45f1-4383-a284-173d17347ddf,Fuse,熔断器,287.9756,289.1968,TMP00044290,刀闸0054,0115,TMP00132371,10kV,lkv10,,False,0,2,285.8685,289.1968
TMP_e71c5ebb-cb38-4864-9f82-a09b450c2146,Fuse,熔断器,299.2121,296.5009,TMP00044289,刀闸0053,0115,TMP00132371,10kV,lkv10,,False,0,1,299.2121,295.5563
TMP_e71c5ebb-cb38-4864-9f82-a09b450c2146,Fuse,熔断器,299.2121,296.5009,TMP00044289,刀闸0053,0115,TMP00132371,10kV,lkv10,,False,0,2,299.2121,297.4455
TMP_e1559d81-aba9-45f1-b63e-7173cac43d6b,Fuse,熔断器,311.2719,284.2717,TMP00044288,刀闸0052,0115,TMP00132371,10kV,lkv10,,False,0,1,311.2719,286.3788
TMP_e1559d81-aba9-45f1-b63e-7173cac43d6b,Fuse,熔断器,311.2719,284.2717,TMP00044288,刀闸0052,0115,TMP00132371,10kV,lkv10,,False,0,2,311.2719,282.1645
TMP_559600c0-a4bc-45e6-9713-7eda9042670a,Fuse,熔断器,338.4076,295.1761,TMP00044287,刀闸0051,0115,TMP00132371,10kV,lkv10,,False,0,1,338.4076,293.7765
TMP_559600c0-a4bc-45e6-9713-7eda9042670a,Fuse,熔断器,338.4076,295.1761,TMP00044287,刀闸0051,0115,TMP00132371,10kV,lkv10,,False,0,2,338.4076,296.5756
TMP_8dfee01e-9708-47ce-a1f5-ee521d55921c,Fuse,熔断器,347.5442,284.3579,TMP00044286,刀闸0050,0115,TMP00132371,10kV,lkv10,,False,0,1,345.437,284.3579
TMP_8dfee01e-9708-47ce-a1f5-ee521d55921c,Fuse,熔断器,347.5442,284.3579,TMP00044286,刀闸0050,0115,TMP00132371,10kV,lkv10,,False,0,2,349.6514,284.3579
TMP_f9d503bc-bbc2-45f2-902f-91ce27565eaa,Fuse,熔断器,356.5447,294.7657,TMP00044285,刀闸0049,0115,TMP00132371,10kV,lkv10,,False,0,1,356.5447,292.6585
TMP_f9d503bc-bbc2-45f2-902f-91ce27565eaa,Fuse,熔断器,356.5447,294.7657,TMP00044285,刀闸0049,0115,TMP00132371,10kV,lkv10,,False,0,2,356.5447,296.8728
TMP_7e0582c7-5732-4f70-bc4e-4e3f145585d8,Fuse,熔断器,367.3495,279.2806,TMP00044284,刀闸0048,0115,TMP00132371,10kV,lkv10,,False,1,1,369.4566,279.2806
TMP_7e0582c7-5732-4f70-bc4e-4e3f145585d8,Fuse,熔断器,367.3495,279.2806,TMP00044284,刀闸0048,0115,TMP00132371,10kV,lkv10,,False,1,2,365.2423,279.2806
TMP_fb586c55-1336-4e4d-ac8e-3aebf5f08a32,Fuse,熔断器,362.2626,268.4533,TMP00044283,刀闸0047,0115,TMP00132371,10kV,lkv10,,False,0,1,364.3697,268.4533
TMP_fb586c55-1336-4e4d-ac8e-3aebf5f08a32,Fuse,熔断器,362.2626,268.4533,TMP00044283,刀闸0047,0115,TMP00132371,10kV,lkv10,,False,0,2,360.1554,268.4533
TMP_524dec35-cdbe-4a47-a63a-68166df6fe3a,Fuse,熔断器,374.1596,248.0034,TMP00044282,刀闸0046,0115,TMP00132371,10kV,lkv10,,False,0,1,374.1596,249.0908
TMP_524dec35-cdbe-4a47-a63a-68166df6fe3a,Fuse,熔断器,374.1596,248.0034,TMP00044282,刀闸0046,0115,TMP00132371,10kV,lkv10,,False,0,2,374.1596,246.916
TMP_e9c685d1-03e1-4bbf-a885-aff528c23c71,Fuse,熔断器,387.6395,256.2516,TMP00044281,刀闸0045,0115,TMP00132371,10kV,lkv10,,False,0,1,387.6395,255.7631
TMP_e9c685d1-03e1-4bbf-a885-aff528c23c71,Fuse,熔断器,387.6395,256.2516,TMP00044281,刀闸0045,0115,TMP00132371,10kV,lkv10,,False,0,2,387.6395,256.7401
TMP_b8df574d-7eb3-4dea-b723-85c0cb761919,Fuse,熔断器,404.6659,255.6079,TMP00044280,刀闸0044,0115,TMP00132371,10kV,lkv10,,False,0,1,406.773,255.6079
TMP_b8df574d-7eb3-4dea-b723-85c0cb761919,Fuse,熔断器,404.6659,255.6079,TMP00044280,刀闸0044,0115,TMP00132371,10kV,lkv10,,False,0,2,402.5587,255.6079
TMP_ac22a543-6166-46b4-95c9-6ba441f1457a,Fuse,熔断器,409.0118,258.5561,TMP00044279,刀闸0043,0115,TMP00132371,10kV,lkv10,,False,0,1,408.1833,258.5561
TMP_ac22a543-6166-46b4-95c9-6ba441f1457a,Fuse,熔断器,409.0118,258.5561,TMP00044279,刀闸0043,0115,TMP00132371,10kV,lkv10,,False,0,2,409.8403,258.5561
TMP_ca3fe577-6163-42f6-8dfa-f30c7900fb52,Fuse,熔断器,406.2752,263.1383,TMP00044278,刀闸0042,0115,TMP00132371,10kV,lkv10,,False,0,1,406.2752,261.9178
TMP_ca3fe577-6163-42f6-8dfa-f30c7900fb52,Fuse,熔断器,406.2752,263.1383,TMP00044278,刀闸0042,0115,TMP00132371,10kV,lkv10,,False,0,2,406.2752,264.3589
TMP_0cefc008-0b5e-4c02-ac28-323fe158ffa7,Fuse,熔断器,406.2554,249.5482,TMP00044277,刀闸0041,0115,TMP00132371,10kV,lkv10,,False,0,1,406.2554,250.6895
TMP_0cefc008-0b5e-4c02-ac28-323fe158ffa7,Fuse,熔断器,406.2554,249.5482,TMP00044277,刀闸0041,0115,TMP00132371,10kV,lkv10,,False,0,2,406.2554,248.4069
TMP_479cac12-f261-44d9-b631-8f64ccdc67a6,Fuse,熔断器,429.1168,239.1519,TMP00044276,刀闸0040,0115,TMP00132371,10kV,lkv10,,False,0,1,428.144,239.1519
TMP_479cac12-f261-44d9-b631-8f64ccdc67a6,Fuse,熔断器,429.1168,239.1519,TMP00044276,刀闸0040,0115,TMP00132371,10kV,lkv10,,False,0,2,430.0896,239.1519
TMP_7abecb6f-ed88-4b3b-9d91-27908c98d559,Fuse,熔断器,426.3335,236.1161,TMP00044275,刀闸0039,0115,TMP00132371,10kV,lkv10,,False,0,1,426.3335,238.2233
TMP_7abecb6f-ed88-4b3b-9d91-27908c98d559,Fuse,熔断器,426.3335,236.1161,TMP00044275,刀闸0039,0115,TMP00132371,10kV,lkv10,,False,0,2,426.3335,234.0089
TMP_f3d7352f-345e-4aff-ab1b-4b8b2e547b8c,Fuse,熔断器,419.1544,245.5015,TMP00044274,刀闸0038,0115,TMP00132371,10kV,lkv10,,False,0,1,421.2616,245.5015
TMP_f3d7352f-345e-4aff-ab1b-4b8b2e547b8c,Fuse,熔断器,419.1544,245.5015,TMP00044274,刀闸0038,0115,TMP00132371,10kV,lkv10,,False,0,2,417.0473,245.5015
TMP_ebf92919-df23-49f6-87fe-6199f11ad1bb,Fuse,熔断器,430.9426,258.5561,TMP00044273,刀闸0037,0115,TMP00132371,10kV,lkv10,,False,0,1,430.9426,256.449
TMP_ebf92919-df23-49f6-87fe-6199f11ad1bb,Fuse,熔断器,430.9426,258.5561,TMP00044273,刀闸0037,0115,TMP00132371,10kV,lkv10,,False,0,2,430.9426,260.6633
TMP_1b355c93-262b-4c0c-af58-a014bfe79e0b,Fuse,熔断器,444.0011,255.286,TMP00044272,刀闸0036,0115,TMP00132371,10kV,lkv10,,False,0,1,444.6019,255.286
TMP_1b355c93-262b-4c0c-af58-a014bfe79e0b,Fuse,熔断器,444.0011,255.286,TMP00044272,刀闸0036,0115,TMP00132371,10kV,lkv10,,False,0,2,443.4003,255.286
TMP_e44b6178-b466-4ac7-8152-0e150e3f1c4f,Fuse,熔断器,445.8405,268.7623,TMP00044271,刀闸0035,0115,TMP00132371,10kV,lkv10,,False,0,1,445.8405,267.997
TMP_e44b6178-b466-4ac7-8152-0e150e3f1c4f,Fuse,熔断器,445.8405,268.7623,TMP00044271,刀闸0035,0115,TMP00132371,10kV,lkv10,,False,0,2,445.8405,269.5275
TMP_ca61c574-2d4b-495c-94f6-fd060850d7d3,Fuse,熔断器,466.759,248.9326,TMP00044270,刀闸0034,0115,TMP00132371,10kV,lkv10,,False,1,1,466.759,251.0397
TMP_ca61c574-2d4b-495c-94f6-fd060850d7d3,Fuse,熔断器,466.759,248.9326,TMP00044270,刀闸0034,0115,TMP00132371,10kV,lkv10,,False,1,2,466.759,246.8254
TMP_22bb7432-e558-4eb5-b3ea-6828af3b0163,Fuse,熔断器,474.8248,258.5561,TMP00044269,刀闸0033,0115,TMP00132371,10kV,lkv10,,False,0,1,474.8248,256.449
TMP_22bb7432-e558-4eb5-b3ea-6828af3b0163,Fuse,熔断器,474.8248,258.5561,TMP00044269,刀闸0033,0115,TMP00132371,10kV,lkv10,,False,0,2,474.8248,260.6633
TMP_e749e75b-c7c0-4345-8c2c-18e33a0c4101,Fuse,熔断器,501.9398,249.4971,TMP00044268,刀闸0032,0115,TMP00132371,10kV,lkv10,,False,0,1,501.9398,250.9371
TMP_e749e75b-c7c0-4345-8c2c-18e33a0c4101,Fuse,熔断器,501.9398,249.4971,TMP00044268,刀闸0032,0115,TMP00132371,10kV,lkv10,,False,0,2,501.9398,248.0571
TMP_64e49801-b5c5-40b8-9dc9-32a895c76025,Fuse,熔断器,510.4898,249.9945,TMP00044267,刀闸0031,0115,TMP00132371,10kV,lkv10,,False,0,1,510.4898,251.1885
TMP_64e49801-b5c5-40b8-9dc9-32a895c76025,Fuse,熔断器,510.4898,249.9945,TMP00044267,刀闸0031,0115,TMP00132371,10kV,lkv10,,False,0,2,510.4898,248.8006
TMP_3bafb1c4-5023-41fb-8e5a-a69a6556921f,Fuse,熔断器,514.8607,257.7871,TMP00044266,刀闸0030,0115,TMP00132371,10kV,lkv10,,False,0,1,514.8607,256.693
TMP_3bafb1c4-5023-41fb-8e5a-a69a6556921f,Fuse,熔断器,514.8607,257.7871,TMP00044266,刀闸0030,0115,TMP00132371,10kV,lkv10,,False,0,2,514.8607,258.8813
TMP_f271cdf5-31a6-4f97-9593-5b6d8187e73a,Fuse,熔断器,519.4378,235.7492,TMP00044265,刀闸0029,0115,TMP00132371,10kV,lkv10,,False,0,1,519.4378,237.8563
TMP_f271cdf5-31a6-4f97-9593-5b6d8187e73a,Fuse,熔断器,519.4378,235.7492,TMP00044265,刀闸0029,0115,TMP00132371,10kV,lkv10,,False,0,2,519.4378,233.642
TMP_754a64bd-7201-465f-8214-fd06add41828,Fuse,熔断器,542.3771,258.5248,TMP00044264,刀闸0028,0115,TMP00132371,10kV,lkv10,,False,0,1,542.3771,257.2324
TMP_754a64bd-7201-465f-8214-fd06add41828,Fuse,熔断器,542.3771,258.5248,TMP00044264,刀闸0028,0115,TMP00132371,10kV,lkv10,,False,0,2,542.3771,259.8172
TMP_f1e384c3-6418-445a-acf1-8c4905de4c6f,Fuse,熔断器,489.3493,152.2712,TMP00044263,刀闸0027,0115,TMP00132371,10kV,lkv10,,False,1,1,487.2422,152.2712
TMP_f1e384c3-6418-445a-acf1-8c4905de4c6f,Fuse,熔断器,489.3493,152.2712,TMP00044263,刀闸0027,0115,TMP00132371,10kV,lkv10,,False,1,2,491.4565,152.2712
TMP_d6b05d2a-c880-401e-aa0e-a118c87bc063,Fuse,熔断器,498.7864,163.5042,TMP00044262,刀闸0026,0115,TMP00132371,10kV,lkv10,,False,1,1,496.6792,163.5042
TMP_d6b05d2a-c880-401e-aa0e-a118c87bc063,Fuse,熔断器,498.7864,163.5042,TMP00044262,刀闸0026,0115,TMP00132371,10kV,lkv10,,False,1,2,500.8935,163.5042
TMP_6cea0231-9cb9-49c7-890a-26a199ca967c,Fuse,熔断器,480.5613,161.3863,TMP00044261,刀闸0025,0115,TMP00132371,10kV,lkv10,,False,0,1,482.6685,161.3863
TMP_6cea0231-9cb9-49c7-890a-26a199ca967c,Fuse,熔断器,480.5613,161.3863,TMP00044261,刀闸0025,0115,TMP00132371,10kV,lkv10,,False,0,2,478.4541,161.3863
TMP_20bea5eb-b7d7-48d0-a8eb-0e774bcedf45,Fuse,熔断器,471.1388,119.4062,TMP00044260,刀闸0024,0115,TMP00132371,10kV,lkv10,,False,1,1,471.1388,121.5133
TMP_20bea5eb-b7d7-48d0-a8eb-0e774bcedf45,Fuse,熔断器,471.1388,119.4062,TMP00044260,刀闸0024,0115,TMP00132371,10kV,lkv10,,False,1,2,471.1388,117.299
TMP_73139ae2-6508-426a-92a8-68ffd863fa72,Fuse,熔断器,467.5994,121.1286,TMP00044259,刀闸0023,0115,TMP00132371,10kV,lkv10,,False,0,1,468.5045,121.1286
TMP_73139ae2-6508-426a-92a8-68ffd863fa72,Fuse,熔断器,467.5994,121.1286,TMP00044259,刀闸0023,0115,TMP00132371,10kV,lkv10,,False,0,2,466.6944,121.1286
TMP_6158a135-3d20-4ad7-bc70-4fdb93a3f537,Fuse,熔断器,178.8828,237.3726,TMP00044258,刀闸0022,0115,TMP00132371,10kV,lkv10,,False,1,1,177.5681,236.0579
TMP_6158a135-3d20-4ad7-bc70-4fdb93a3f537,Fuse,熔断器,178.8828,237.3726,TMP00044258,刀闸0022,0115,TMP00132371,10kV,lkv10,,False,1,2,180.6357,239.1255
TMP_ca0e433c-5b6b-4ca8-aaac-97cc50d2c629,Fuse,熔断器,460.9464,136.0041,TMP00044257,刀闸0021,0115,TMP00132371,10kV,lkv10,,False,1,1,460.9464,134.1449
TMP_ca0e433c-5b6b-4ca8-aaac-97cc50d2c629,Fuse,熔断器,460.9464,136.0041,TMP00044257,刀闸0021,0115,TMP00132371,10kV,lkv10,,False,1,2,460.9464,138.4831
TMP_4d09c557-4dee-4d3c-8beb-8db9b46c79cf,Fuse,熔断器,392.4355,311.7288,TMP00044256,刀闸0020,0115,TMP00132371,10kV,lkv10,,False,1,1,390.3283,311.7288
TMP_4d09c557-4dee-4d3c-8beb-8db9b46c79cf,Fuse,熔断器,392.4355,311.7288,TMP00044256,刀闸0020,0115,TMP00132371,10kV,lkv10,,False,1,2,394.5426,311.7288
TMP_69a3702f-b971-4644-a45a-62439e1b5994,Fuse,熔断器,99.7885,121.4808,TMP00044255,刀闸0019,0115,TMP00132371,10kV,lkv10,,False,1,1,101.8957,121.4808
TMP_69a3702f-b971-4644-a45a-62439e1b5994,Fuse,熔断器,99.7885,121.4808,TMP00044255,刀闸0019,0115,TMP00132371,10kV,lkv10,,False,1,2,97.6814,121.4808
TMP_9bbafddf-8ead-4f11-9c86-7fff48da1172,Fuse,熔断器,551.4068,261.2433,TMP00044254,刀闸0018,0115,TMP00132371,10kV,lkv10,,False,1,1,551.4068,263.3505
TMP_9bbafddf-8ead-4f11-9c86-7fff48da1172,Fuse,熔断器,551.4068,261.2433,TMP00044254,刀闸0018,0115,TMP00132371,10kV,lkv10,,False,1,2,551.4068,259.1362
TMP_3ab30009-34cb-413e-8df1-466afb62cc4b,Fuse,熔断器,555.0351,272.8465,TMP00044253,刀闸0017,0115,TMP00132371,10kV,lkv10,,False,1,1,555.0351,274.9537
TMP_3ab30009-34cb-413e-8df1-466afb62cc4b,Fuse,熔断器,555.0351,272.8465,TMP00044253,刀闸0017,0115,TMP00132371,10kV,lkv10,,False,1,2,555.0351,270.7394
TMP_6f74aa6a-0f29-4ede-bc41-f21479673ec7,Fuse,熔断器,193.0076,256.686,TMP00044252,刀闸0016,0115,TMP00132371,10kV,lkv10,,False,1,1,192.934,254.7973
TMP_6f74aa6a-0f29-4ede-bc41-f21479673ec7,Fuse,熔断器,193.0076,256.686,TMP00044252,刀闸0016,0115,TMP00132371,10kV,lkv10,,False,1,2,193.0811,258.5747
TMP_3a2e185b-28e2-443b-a12a-f2dfb2aafa09,Fuse,熔断器,519.513,263.0597,TMP00044251,刀闸0015,0115,TMP00132371,10kV,lkv10,,False,1,1,519.513,261.6577
TMP_3a2e185b-28e2-443b-a12a-f2dfb2aafa09,Fuse,熔断器,519.513,263.0597,TMP00044251,刀闸0015,0115,TMP00132371,10kV,lkv10,,False,1,2,519.513,264.4617
TMP_8122557d-2289-48a9-90d2-b6dae42a05d4,Fuse,熔断器,80.0958,86.0249,TMP00044250,刀闸0014,0115,TMP00132371,10kV,lkv10,,False,1,1,81.4978,86.0249
TMP_8122557d-2289-48a9-90d2-b6dae42a05d4,Fuse,熔断器,80.0958,86.0249,TMP00044250,刀闸0014,0115,TMP00132371,10kV,lkv10,,False,1,2,78.6937,86.0249
TMP_4b2c119a-db75-4df9-b4a1-1e1b3b9eef76,Fuse,熔断器,333.5511,284.4923,TMP00044249,刀闸0013,0115,TMP00132371,10kV,lkv10,,False,1,1,332.1491,284.4923
TMP_4b2c119a-db75-4df9-b4a1-1e1b3b9eef76,Fuse,熔断器,333.5511,284.4923,TMP00044249,刀闸0013,0115,TMP00132371,10kV,lkv10,,False,1,2,334.9531,284.4923
TMP_1a18efc6-c86a-4384-b8a8-e09559c8f22e,Fuse,熔断器,107.2238,101.2297,TMP00044248,刀闸0012,0115,TMP00132371,10kV,lkv10,,False,1,1,108.6258,101.2297
TMP_1a18efc6-c86a-4384-b8a8-e09559c8f22e,Fuse,熔断器,107.2238,101.2297,TMP00044248,刀闸0012,0115,TMP00132371,10kV,lkv10,,False,1,2,105.8217,101.2297
TMP_4864ccf3-76e7-4e85-b75e-d0c13bd7aa0d,Fuse,熔断器,192.7745,102.6491,TMP00044247,刀闸0011,0115,TMP00132371,10kV,lkv10,,False,1,1,194.1765,102.6491
TMP_4864ccf3-76e7-4e85-b75e-d0c13bd7aa0d,Fuse,熔断器,192.7745,102.6491,TMP00044247,刀闸0011,0115,TMP00132371,10kV,lkv10,,False,1,2,191.3724,102.6491
TMP_576b3f88-6a44-4b80-80bd-070ce303a000,Fuse,熔断器,157.7,191.4438,TMP00044246,刀闸0010,0115,TMP00132371,10kV,lkv10,,False,1,1,157.7,192.8458
TMP_576b3f88-6a44-4b80-80bd-070ce303a000,Fuse,熔断器,157.7,191.4438,TMP00044246,刀闸0010,0115,TMP00132371,10kV,lkv10,,False,1,2,157.7,190.0417
TMP_d9368f3f-7bb3-422a-930e-738595121fad,Junction,连接点,114.6353,31.1253,TMP00046159,TMP00131370,0202,TMP00312810,10kV,lkv10,,True,0,1,114.6353,31.1253
TMP_b60ecebf-925e-4897-9e6b-25812f738c6f,Junction,连接点,402.6519,107.0438,TMP00046158,00000,0202,TMP00312810,10kV,lkv10,,True,0,1,402.6519,107.0438
TMP_7553b9d0-468e-4b28-a75f-3bdcffbd4986,Junction,连接点,393.5149,107.0438,TMP00313541,,32TMP00132954,TMP00312810,10kV,lkv10,,True,0,1,393.5149,107.0438
TMP_8a45e7c1-8ff0-4662-85e6-9b9b9b20e010,Junction,连接点,412.641,100.0071,TMP00046157,00000终端头510346,0202,TMP00312810,10kV,lkv10,,True,0,1,412.641,100.0071
TMP_0c5c7c7b-d74e-4950-aa2d-02ffd3679d7d,Junction,连接点,402.1205,97.7153,TMP00313555,,32TMP00132954,TMP00312810,10kV,lkv10,,True,0,1,402.1205,97.7153
TMP_651c6c38-5f3d-41d6-8abe-efc52e8cf507,Junction,连接点,407.3867,97.7153,TMP00313563,,32TMP00132954,TMP00312810,10kV,lkv10,,True,0,1,407.3867,97.7153
TMP_b25a2230-b8c7-4b88-ad56-61fef688728f,Junction,连接点,402.6121,99.5788,TMP00046156,00000终端头510347,0202,TMP00312810,10kV,lkv10,,True,0,1,402.6121,99.5788
TMP_cf353b1d-7965-4c49-959b-50f331352849,Junction,连接点,432.7934,61.8134,TMP00046155,00000终端头497241,0202,TMP00312810,10kV,lkv10,,True,0,1,432.7934,61.8134
TMP_62beca87-55a0-4499-b450-90ddb6be133c,Junction,连接点,432.1916,45.7871,TMP00313584,,32TMP00132954,TMP00312810,10kV,lkv10,,True,0,1,432.1916,45.7871
TMP_4fc94dc9-248a-4989-84f8-7d359bedecda,Junction,连接点,438.6164,45.7871,TMP00313590,,32TMP00132954,TMP00312810,10kV,lkv10,,True,0,1,438.6164,45.7871
TMP_e52d4ec9-5216-4cb0-8bad-94d9fcdc806f,Junction,连接点,442.656,77.5062,TMP00313598,,32TMP00132954,TMP00312810,10kV,lkv10,,True,0,1,442.656,77.5062
TMP_08c1cc47-ff10-410d-b53f-f3374330b747,Junction,连接点,449.0807,77.5062,TMP00313604,,32TMP00132954,TMP00312810,10kV,lkv10,,True,0,1,449.0807,77.5062
TMP_c2ee320d-2f25-44e2-be3a-f357a4a63a10,Junction,连接点,432.7934,57.4466,TMP00046154,00000终端头510345,0202,TMP00312810,10kV,lkv10,,True,0,1,432.7934,57.4466
TMP_d6c523a5-7116-4ef5-ac43-e1655c0a2368,Junction,连接点,438.4158,82.7988,TMP00046153,00000终端头972243,0202,TMP00312810,10kV,lkv10,,True,0,1,438.4158,82.7988
TMP_1165621e-0fbc-4df5-9964-5236c3a6dc3f,Junction,连接点,442.7396,82.7781,TMP00046152,00000终端头915548,0202,TMP00312810,10kV,lkv10,,True,0,1,442.7396,82.7781
TMP_8253b85c-0a08-4a3f-8ca3-436141288336,Junction,连接点,448.8853,83.4028,TMP00046151,00000终端头905222,0202,TMP00312810,10kV,lkv10,,True,0,1,448.8853,83.4028
TMP_26161998-6336-465c-8f8d-72c1466ed2cd,Junction,连接点,463.772,78.7888,TMP00313619,,32TMP00132954,TMP00312810,10kV,lkv10,,True,0,1,463.772,78.7888
TMP_4e35c3e4-bc15-46cb-b15e-bb81e89857c9,Junction,连接点,456.4547,83.4851,TMP00046150,00000终端头964807,0202,TMP00312810,10kV,lkv10,,True,0,1,456.4547,83.4851
TMP_a47f97f3-bc60-456d-aa74-1c51ebbac849,Junction,连接点,147.9283,41.0676,TMP00046149,00000站外-电缆终端头,0202,TMP00312810,10kV,lkv10,,True,0,1,147.9283,41.0676
TMP_e5eb839e-927b-4164-ae51-e81a4e7ff0d9,Junction,连接点,468.5381,128.1511,TMP00046148,00000站外-电缆终端头,0202,TMP00312810,10kV,lkv10,,True,0,1,468.5381,128.1511
TMP_b354eac4-3d5e-41d4-aa4f-15cc25aece9e,Junction,连接点,176.1198,41.0676,TMP00046147,00000站外-电缆终端头,0202,TMP00312810,10kV,lkv10,,True,0,1,176.1198,41.0676
TMP_06e60203-cc7a-4ccf-ad31-b26912c17c21,Junction,连接点,497.5642,305.0929,TMP00046146,00000终端头449724,0202,TMP00312810,10kV,lkv10,,True,0,1,497.5642,305.0929
TMP_22eae6e1-ab18-4872-adcc-eebf8eac9934,Junction,连接点,501.7485,326.8498,TMP00046145,00000终端头449725,0202,TMP00312810,10kV,lkv10,,True,0,1,501.7485,326.8498
TMP_abc95142-673e-458e-bc12-4bd7de195010,Junction,连接点,458.1526,263.808,TMP00046144,00000终端头510736,0202,TMP00312810,10kV,lkv10,,True,0,1,458.1526,263.808
TMP_3be7ea6e-36f0-485f-9a3b-2bf1a8be32b6,Junction,连接点,105.256,246.0593,TMP00046143,00000终端头510981,0202,TMP00312810,10kV,lkv10,,True,0,1,105.256,246.0593
TMP_8c6d978f-bc6b-45c0-ac95-63320182d773,Junction,连接点,175.7947,174.3876,TMP00046142,00000终端头510956,0202,TMP00312810,10kV,lkv10,,True,0,1,175.7947,174.3876
TMP_15c1a2c8-0be7-4489-abce-41285858da59,Junction,连接点,169.3366,233.7086,TMP00046141,00000终端头510949,0202,TMP00312810,10kV,lkv10,,True,0,1,169.3366,233.7086
TMP_d81fad99-01ad-421e-85d1-8c4aec5f4792,Junction,连接点,264.2482,280.9148,TMP00046140,00000终端头510879,0202,TMP00312810,10kV,lkv10,,True,0,1,264.2482,280.9148
TMP_c21210d6-6a99-4922-9cfc-53c1fdb86e6f,Junction,连接点,372.2031,353.691,TMP00046139,00000站外-电缆终端头,0202,TMP00312810,10kV,lkv10,,True,0,1,372.2031,353.691
TMP_547e24cf-c53c-431e-9b2d-fa3893bf5e3b,Junction,连接点,372.2031,364.3281,TMP00046138,00000站外-电缆终端头,0202,TMP00312810,10kV,lkv10,,True,0,1,372.2031,364.3281
TMP_eee83e74-1c59-4903-af5a-eedde92db0a0,Junction,连接点,372.2031,382.2902,TMP00046137,00000终端头510876,0202,TMP00312810,10kV,lkv10,,True,0,1,372.2031,382.2902
TMP_79bb1ec0-4352-485f-9f34-6cd8df7ef37c,Junction,连接点,139.5017,100.7648,TMP00046136,00000站外-电缆终端头,0202,TMP00312810,10kV,lkv10,,True,0,1,139.5017,100.7648
TMP_7ee2d60a-6e29-4d74-a634-578bd68b563a,Junction,连接点,445.6318,314.4563,TMP00046135,00000站外-电缆终端头,0202,TMP00312810,10kV,lkv10,,True,0,1,445.6318,314.4563
TMP_4c42d959-60f6-4fca-b471-2afade6a14ac,Junction,连接点,426.3335,232.0905,TMP00046134,00000终端头510801,0202,TMP00312810,10kV,lkv10,,True,0,1,426.3335,232.0905
TMP_a57d8695-76e8-43f7-892f-641c5926986c,Junction,连接点,426.3335,227.2861,TMP00046133,00000终端头510802,0202,TMP00312810,10kV,lkv10,,True,0,1,426.3335,227.2861
TMP_c57b625a-be4d-4e3a-b931-05de70df98d9,Junction,连接点,453.5058,243.8516,TMP00046132,00000终端头510779,0202,TMP00312810,10kV,lkv10,,True,0,1,453.5058,243.8516
TMP_3bb7d272-cee0-446a-89f0-171129debd56,Junction,连接点,535.8516,106.9069,TMP00046131,00000终端头510685,0202,TMP00312810,10kV,lkv10,,True,0,1,535.8516,106.9069
TMP_64bb9427-eaf5-4ada-aae2-854ab0586ee9,Junction,连接点,158.9949,48.7985,TMP00046130,00000终端头510803,0202,TMP00312810,10kV,lkv10,,True,0,1,158.9949,48.7985
TMP_df2b7cb7-26fb-478d-9d44-751592b16033,Junction,连接点,471.145,114.2284,TMP00046129,00000终端头510692,0202,TMP00312810,10kV,lkv10,,True,0,1,471.145,114.2284
TMP_8038e411-ee26-4840-b41d-6f77913f7af3,Junction,连接点,501.0036,320.1724,TMP00313805,,32TMP00132954,TMP00312810,10kV,lkv10,,True,0,1,501.0036,320.1724
TMP_50d48345-04f7-4e16-b1f9-bf529de32442,Junction,连接点,508.9305,320.1724,TMP00314006,,32TMP00132954,TMP00312810,10kV,lkv10,,True,0,1,508.9305,320.1724
TMP_8639e65b-5b22-4d5c-bfc7-07022d809dc6,Junction,连接点,461.5921,275.737,TMP00314014,,32TMP00132954,TMP00312810,10kV,lkv10,,True,0,1,461.5921,275.737
TMP_10782757-ae49-446a-b039-298c2046b789,Junction,连接点,469.5189,275.737,TMP00314022,,32TMP00132954,TMP00312810,10kV,lkv10,,True,0,1,469.5189,275.737
TMP_7d8dd1f5-9fb3-4b95-bb45-3defda977b03,Junction,连接点,175.0499,167.3533,TMP00314028,,32TMP00132954,TMP00312810,10kV,lkv10,,True,0,1,175.0499,167.3533
TMP_b426a3a2-ca68-4912-9176-dad8228b7dfb,Junction,连接点,182.9767,167.3533,TMP00314036,,32TMP00132954,TMP00312810,10kV,lkv10,,True,0,1,182.9767,167.3533
TMP_fb23a61e-3ec0-4302-91ff-f0a98e758419,Junction,连接点,267.6876,296.3584,TMP00314042,,32TMP00132954,TMP00312810,10kV,lkv10,,True,0,1,267.6876,296.3584
TMP_739a3cf7-c7c5-40df-9978-a840d111a24a,Junction,连接点,275.6145,296.3584,TMP00314048,,32TMP00132954,TMP00312810,10kV,lkv10,,True,0,1,275.6145,296.3584
TMP_27a8ec2b-5625-4a28-aa2a-877c4ffba174,Junction,连接点,375.6426,398.1906,TMP00314056,,32TMP00132954,TMP00312810,10kV,lkv10,,True,0,1,375.6426,398.1906
TMP_78e69df1-e914-4940-8f15-bbec07c3cac8,Junction,连接点,383.5693,398.1906,TMP00314062,,32TMP00132954,TMP00312810,10kV,lkv10,,True,0,1,383.5693,398.1906
TMP_1a47f543-fd14-4806-8632-d41aac8b225b,Junction,连接点,426.1792,224.4769,TMP00313808,,32TMP00132954,TMP00312810,10kV,lkv10,,True,0,1,426.1792,224.4769
TMP_9d2f7f7f-47d5-4b53-a60a-b0025593c9f9,Junction,连接点,434.106,224.4769,TMP00314073,,32TMP00132954,TMP00312810,10kV,lkv10,,True,0,1,434.106,224.4769
TMP_765e702d-750c-4d58-94f1-e5927abcb287,Junction,连接点,453.5044,234.8792,TMP00314081,,32TMP00132954,TMP00312810,10kV,lkv10,,True,0,1,453.5044,234.8792
TMP_bea67e18-ad8e-41ef-bd98-c931f36fdc90,Junction,连接点,461.4312,234.8792,TMP00314089,,32TMP00132954,TMP00312810,10kV,lkv10,,True,0,1,461.4312,234.8792
TMP_65af4135-2d53-4018-9db2-061582ae0dff,Junction,连接点,524.6731,275.4142,TMP00314095,,32TMP00132954,TMP00312810,10kV,lkv10,,True,0,1,524.6731,275.4142
TMP_38f083a7-df6b-4792-806e-49af81d6c48d,Junction,连接点,532.6,275.4142,TMP00314101,,32TMP00132954,TMP00312810,10kV,lkv10,,True,0,1,532.6,275.4142
TMP_fcaa4708-0682-42e2-921e-bf381a60a85e,Junction,连接点,535.8156,96.4157,TMP00314109,,32TMP00132954,TMP00312810,10kV,lkv10,,True,0,1,535.8156,96.4157
TMP_e217140b-8c6f-4010-8a8b-74f9dedaeb49,Junction,连接点,543.7424,96.4157,TMP00314117,,32TMP00132954,TMP00312810,10kV,lkv10,,True,0,1,543.7424,96.4157
TMP_5cc23364-53d9-4dc4-aa60-ac0ea7774346,Junction,连接点,561.382,110.3501,TMP00314123,,32TMP00132954,TMP00312810,10kV,lkv10,,True,0,1,561.382,110.3501
TMP_18460d73-a572-41e0-ba13-cdc214511cb4,Junction,连接点,569.3088,110.3501,TMP00314131,,32TMP00132954,TMP00312810,10kV,lkv10,,True,0,1,569.3088,110.3501
TMP_7b2591bf-cfd1-4f4e-955a-5190e747babc,Junction,连接点,491.7648,180.9825,TMP00314137,,32TMP00132954,TMP00312810,10kV,lkv10,,True,0,1,491.7648,180.9825
TMP_037c01bd-1d56-46f1-8067-0edbfc93000e,Junction,连接点,499.6916,180.9825,TMP00314143,,32TMP00132954,TMP00312810,10kV,lkv10,,True,0,1,499.6916,180.9825
TMP_484a6440-e9c8-4f87-b725-86652d5ddf88,Junction,连接点,511.9469,142.1495,TMP00314153,,32TMP00132954,TMP00312810,10kV,lkv10,,True,0,1,511.9469,142.1495
TMP_ea972f29-8ca8-42c4-9d60-de48e4884f77,Junction,连接点,504.0201,142.1495,TMP00314158,,32TMP00132954,TMP00312810,10kV,lkv10,,True,0,1,504.0201,142.1495
TMP_4924b213-0827-490a-8101-b37b99defae1,Junction,连接点,478.9802,96.5659,TMP00314167,,32TMP00132954,TMP00312810,10kV,lkv10,,True,0,1,478.9802,96.5659
TMP_bec80f5a-592c-41fb-9782-b00fb8d12b78,Junction,连接点,471.0534,96.5659,TMP00314174,,32TMP00132954,TMP00312810,10kV,lkv10,,True,0,1,471.0534,96.5659
TMP_9f54fe32-4be7-4caa-b4e6-c1348d0530ad,Junction,连接点,104.5112,234.5772,TMP00314181,,32TMP00132954,TMP00312810,10kV,lkv10,,True,0,1,104.5112,234.5772
TMP_f530e418-aa61-4f1d-9c40-790bbc5a83c2,Junction,连接点,112.438,234.5772,TMP00314189,,32TMP00132954,TMP00312810,10kV,lkv10,,True,0,1,112.438,234.5772
TMP_2225a0be-3c48-46a7-8a02-3f62d771f50d,Junction,连接点,471.145,108.8446,TMP00046128,00000终端头510693,0202,TMP00312810,10kV,lkv10,,True,0,1,471.145,108.8446
TMP_601b55a6-d685-46ed-8b58-d0e926668fd0,Junction,连接点,174.9175,172.0498,TMP00046127,00000终端头510957,0202,TMP00312810,10kV,lkv10,,True,0,1,174.9175,172.0498
TMP_04256389-84ed-4a88-b964-8366dcb16958,Junction,连接点,153.6107,233.0649,TMP00046126,00000终端头510950,0202,TMP00312810,10kV,lkv10,,True,0,1,153.6107,233.0649
TMP_d4283128-9dc6-48cc-8594-b8cfcaf44373,Junction,连接点,525.4178,280.8315,TMP00046125,00000终端头604737,0202,TMP00312810,10kV,lkv10,,True,0,1,525.4178,280.8315
TMP_95c9efc7-3903-4559-8db4-35033b55f039,Junction,连接点,105.256,241.2548,TMP00046124,00000终端头510982,0202,TMP00312810,10kV,lkv10,,True,0,1,105.256,241.2548
TMP_7455f8e5-a482-470e-a46e-ef174af9413e,Junction,连接点,376.3874,402.7677,TMP00046123,00000终端头510877,0202,TMP00312810,10kV,lkv10,,True,0,1,376.3874,402.7677
TMP_fbef09a9-b65d-4e9c-b0c0-1498c341f1d2,Junction,连接点,462.3366,278.5461,TMP00046122,00000终端头510737,0202,TMP00312810,10kV,lkv10,,True,0,1,462.3366,278.5461
TMP_5cfe1013-b9e1-448c-8fc1-39c976a93b02,Junction,连接点,504.1118,151.6275,TMP00046121,00000终端头510804,0202,TMP00312810,10kV,lkv10,,True,0,1,504.1118,151.6275
TMP_6d144e4d-6252-400c-9810-e9838d3c5f32,Junction,连接点,561.482,117.6714,TMP00046120,00000终端头510725,0202,TMP00312810,10kV,lkv10,,True,0,1,561.482,117.6714
TMP_eeb01933-b97f-415a-8221-eaa312884e64,Junction,连接点,453.4083,239.3526,TMP00046119,00000终端头510761,0202,TMP00312810,10kV,lkv10,,True,0,1,453.4083,239.3526
TMP_5cf88c5e-055f-444a-a3e2-da8247da2465,Junction,连接点,267.7791,304.4361,TMP00046118,00000终端头510880,0202,TMP00312810,10kV,lkv10,,True,0,1,267.7791,304.4361
TMP_ebd9a278-ecbf-45e7-8b84-8ca23795fd90,Junction,连接点,535.8516,100.2928,TMP00046117,00000终端头510702,0202,TMP00312810,10kV,lkv10,,True,0,1,535.8516,100.2928
TMP_ff3ed18b-2f46-48c4-8a55-70f9501bd828,Junction,连接点,174.3413,37.7092,TMP00046116,00000终端头510724,0202,TMP00312810,10kV,lkv10,,True,0,1,174.3413,37.7092
TMP_9da8d9c0-5923-4444-96ae-23b3ed8ebb17,Junction,连接点,87.7391,256.0627,TMP00046115,00000终端头988007,0202,TMP00312810,10kV,lkv10,,True,0,1,87.7391,256.0627
TMP_6611f3ef-a861-49d8-9627-fe29a65609a2,Junction,连接点,87.881,264.0512,TMP00314375,,32TMP00132954,TMP00312810,10kV,lkv10,,True,0,1,87.881,264.0512
TMP_0468a091-1ea7-4372-8933-edd8b5024a5d,Junction,连接点,89.7062,264.1454,TMP00314378,,32TMP00132954,TMP00312810,10kV,lkv10,,True,0,1,89.7062,264.1454
TMP_3ee93ce0-9c64-41bb-8c91-f687377528ad,Junction,连接点,87.7391,257.7845,TMP00046114,00000终端头968584,0202,TMP00312810,10kV,lkv10,,True,0,1,87.7391,257.7845
TMP_5cdec1f1-33b8-4652-a27a-a219b1b5fa4c,Junction,连接点,486.0998,177.75,TMP00046113,00000终端头904264,0202,TMP00312810,10kV,lkv10,,True,0,1,486.0998,177.75
TMP_cd12c6d6-8e78-4e55-a08c-e6285651db37,Junction,连接点,486.0998,184.7651,TMP00046112,00000终端头937206,0202,TMP00312810,10kV,lkv10,,True,0,1,486.0998,184.7651
TMP_d2104168-c20b-49b4-a924-fcf0df380461,Junction,连接点,556.5095,128.1511,TMP00046111,00000站外-电缆终端头,0202,TMP00312810,10kV,lkv10,,True,0,1,556.5095,128.1511
TMP_e670e2d8-4c39-46ba-95e8-a049b78e02ad,Junction,连接点,56.8916,253.4055,TMP00046110,00000终端头510994,0202,TMP00312810,10kV,lkv10,,True,0,1,56.8916,253.4055
TMP_9640772f-4362-4afe-af91-a34ba267f248,Junction,连接点,43.4554,252.8431,TMP00046109,00000终端头510995,0202,TMP00312810,10kV,lkv10,,True,0,1,43.4554,252.8431
TMP_8c7194d3-98b1-45f2-bd8e-34eea9812d76,Junction,连接点,50.2996,241.0789,TMP00314410,,32TMP00132954,TMP00312810,10kV,lkv10,,True,0,1,50.2996,241.0789
TMP_f26819b7-0e28-4ffc-a622-b1b6a22336d9,Junction,连接点,43.377,241.0789,TMP00314405,,32TMP00132954,TMP00312810,10kV,lkv10,,True,0,1,43.377,241.0789
TMP_26c1d191-0295-4c8a-94cf-bc7786ea3613,Junction,连接点,521.2338,261.4294,TMP00046108,00000终端头604736,0202,TMP00312810,10kV,lkv10,,True,0,1,521.2338,261.4294
TMP_dd0f93b6-d8dd-494f-b10c-30128cb33ef8,Junction,连接点,372.179,326.2816,TMP00046107,00000终端头928583,0202,TMP00312810,10kV,lkv10,,True,0,1,372.179,326.2816
TMP_1569845e-9cf1-4951-be67-5ac57aca98ca,Junction,连接点,372.2034,323.6324,TMP00046106,00000终端头960422,0202,TMP00312810,10kV,lkv10,,True,0,1,372.2034,323.6324
TMP_ecbadb8e-15d0-4bff-bcfe-72a9b7bb3bde,Junction,连接点,634.1301,298.466,TMP00046105,00000终端头972738,0202,TMP00312810,10kV,lkv10,,True,0,1,634.1301,298.466
TMP_fac48a5c-d847-4384-a9d1-5ec09688e849,Junction,连接点,640.1085,298.4912,TMP00046104,00000终端头932634,0202,TMP00312810,10kV,lkv10,,True,0,1,640.1085,298.4912
TMP_c3c8be33-f6fa-4caf-84a8-7f09b1b9c2c6,EnergyConsumer,负荷,25.4369,28.348,TMP00046029,用户1635,370000,TMP00313490,10kV,lkv10,,False,1,1,25.4369,28.348
TMP_de3da3db-83a0-486c-8d3a-040cf22e09e9,EnergyConsumer,负荷,13.3794,37.1779,TMP00046028,用户1636,370000,TMP00313490,10kV,lkv10,,False,1,1,13.3794,37.1779
TMP_479a5397-dc57-406b-b30f-1822473ac334,EnergyConsumer,负荷,58.7632,14.438,TMP00046027,用户1637,370000,TMP00313490,10kV,lkv10,,False,1,1,58.7632,14.438
TMP_cbbbac80-dfce-4f21-be66-9deaf921e603,EnergyConsumer,负荷,63.1576,7.5364,TMP00046026,用户1638,370000,TMP00313490,10kV,lkv10,,False,1,1,63.1576,7.5364
TMP_7c4e6452-38c3-42b1-8e80-0968e6b76d06,EnergyConsumer,负荷,63.7744,12.0876,TMP00046025,用户1639,370000,TMP00313490,10kV,lkv10,,False,1,1,63.7744,12.0876
TMP_c8cb188a-23f2-4fd1-a009-c03fccf69e37,EnergyConsumer,负荷,73.9204,37.2935,TMP00046024,用户1640,370000,TMP00313490,10kV,lkv10,,False,1,1,73.9204,37.2935
TMP_9832c066-1bd9-47e7-8a2e-9e52eb233ca3,EnergyConsumer,负荷,83.9082,42.8863,TMP00046023,用户1641,370000,TMP00313490,10kV,lkv10,,False,1,1,83.9082,42.8863
TMP_f787d55c-d282-4bbb-8ca8-7b3e6cc61bfb,EnergyConsumer,负荷,86.1595,43.8477,TMP00046022,用户1642,370000,TMP00313490,10kV,lkv10,,False,1,1,86.1595,43.8477
TMP_5f1e2d03-85ae-4cc6-b770-6288b7b12bb5,EnergyConsumer,负荷,90.9602,43.4557,TMP00046021,用户1643,370000,TMP00313490,10kV,lkv10,,False,1,1,90.9602,43.4557
TMP_4a151a09-6dcc-4562-9b8c-d096c6032fe8,EnergyConsumer,负荷,89.7264,43.4272,TMP00046020,用户1644,370000,TMP00313490,10kV,lkv10,,False,1,1,89.7264,43.4272
TMP_4fcdb781-5f1f-4f82-a2c5-e51299ce79e5,EnergyConsumer,负荷,84.9177,46.2299,TMP00046019,用户1645,370000,TMP00313490,10kV,lkv10,,False,1,1,84.9177,46.2299
TMP_e6b53793-5b3b-4fc8-a97c-cd277c27d83d,EnergyConsumer,负荷,83.2858,43.7037,TMP00046018,用户1646,370000,TMP00313490,10kV,lkv10,,False,1,1,83.2858,43.7037
TMP_a620d1fd-2bfb-478d-9f04-e587b041f494,EnergyConsumer,负荷,82.2264,43.1802,TMP00046017,用户1647,370000,TMP00313490,10kV,lkv10,,False,1,1,82.2264,43.1802
TMP_ba808f04-1284-42e3-95e0-1f8e1c121600,EnergyConsumer,负荷,81.3524,44.4729,TMP00046016,用户1648,370000,TMP00313490,10kV,lkv10,,False,1,1,81.3524,44.4729
TMP_d9325b57-c631-4f12-8d05-e3b3b2ae5127,EnergyConsumer,负荷,76.4271,43.73,TMP00046015,用户1649,370000,TMP00313490,10kV,lkv10,,False,1,1,76.4271,43.73
TMP_915e056f-02d7-46c1-ade2-311eadff1b89,EnergyConsumer,负荷,76.1099,42.4934,TMP00046014,用户1650,370000,TMP00313490,10kV,lkv10,,False,1,1,76.1099,42.4934
TMP_ebab50ad-1825-4903-bff8-71de70ff88bd,EnergyConsumer,负荷,75.3882,43.6899,TMP00046013,用户1651,370000,TMP00313490,10kV,lkv10,,False,1,1,75.3882,43.6899
TMP_a68d139a-7656-4abf-b0bc-9c9b92ced2d6,EnergyConsumer,负荷,63.4308,36.6001,TMP00046012,用户1652,370000,TMP00313490,10kV,lkv10,,False,1,1,63.4308,36.6001
TMP_63a15225-4bbb-4871-a1f8-46e28cfb46b6,EnergyConsumer,负荷,50.2288,37.2801,TMP00046011,用户1653,370000,TMP00313490,10kV,lkv10,,False,1,1,50.2288,37.2801
TMP_e5028d44-158b-4f92-93bf-8b58dd8499f6,EnergyConsumer,负荷,50.2211,36.3151,TMP00046010,用户1654,370000,TMP00313490,10kV,lkv10,,False,1,1,50.2211,36.3151
TMP_bc977b04-4d3c-462c-a60c-9836ed8dc19f,EnergyConsumer,负荷,29.7251,34.2221,TMP00046009,用户1655,370000,TMP00313490,10kV,lkv10,,False,1,1,29.7251,34.2221
TMP_b551252e-d23a-4db8-baeb-a5015d7ce9bc,EnergyConsumer,负荷,20.3529,33.3597,TMP00046008,用户1656,370000,TMP00313490,10kV,lkv10,,False,1,1,20.3529,33.3597
TMP_6ee1dca8-88c7-4112-89e3-96422a712517,EnergyConsumer,负荷,12.0918,37.7139,TMP00046007,用户1657,370000,TMP00313490,10kV,lkv10,,False,1,1,12.0918,37.7139
TMP_d8ac9b4f-8832-4614-a546-df541aa98406,EnergyConsumer,负荷,12.824,36.567,TMP00046006,用户1658,370000,TMP00313490,10kV,lkv10,,False,1,1,12.824,36.567
TMP_3e80ed24-8843-4154-82fb-f326072941e3,EnergyConsumer,负荷,13.9322,37.0796,TMP00046005,用户1659,370000,TMP00313490,10kV,lkv10,,False,1,1,13.9322,37.0796
TMP_f3a88837-6830-4ea4-af46-a4d426c00c06,EnergyConsumer,负荷,23.1274,36.385,TMP00046004,用户1660,370000,TMP00313490,10kV,lkv10,,False,1,1,23.1274,36.385
TMP_3697cfbb-d03d-4fa5-8672-af12188c65a9,EnergyConsumer,负荷,26.6079,28.3559,TMP00046003,用户1661,370000,TMP00313490,10kV,lkv10,,False,1,1,26.6079,28.3559
TMP_012fe961-4118-407a-b06d-71ac96c3e8af,EnergyConsumer,负荷,23.0264,27.6394,TMP00046002,用户1662,370000,TMP00313490,10kV,lkv10,,False,1,1,23.0264,27.6394
TMP_86c089f2-6305-4c24-a8e4-6ef6334192ea,EnergyConsumer,负荷,22.679,27.7423,TMP00046001,用户1663,370000,TMP00313490,10kV,lkv10,,False,1,1,22.679,27.7423
TMP_120728cd-eab4-48c2-a2ea-857002d08718,EnergyConsumer,负荷,22.3988,28.5722,TMP00046000,用户1664,370000,TMP00313490,10kV,lkv10,,False,1,1,22.3988,28.5722
TMP_b98f078d-f315-4449-892b-a687857bf4e9,EnergyConsumer,负荷,24.0156,29.0125,TMP00045999,用户1665,370000,TMP00313490,10kV,lkv10,,False,1,1,24.0156,29.0125
TMP_e220a15d-6069-4a5a-8888-0b41669a35e9,EnergyConsumer,负荷,25.8271,26.6703,TMP00045998,用户1666,370000,TMP00313490,10kV,lkv10,,False,1,1,25.8271,26.6703
TMP_5267ce0e-1227-4787-bc56-20b29b10d61a,EnergyConsumer,负荷,26.4828,29.6659,TMP00045997,用户1667,370000,TMP00313490,10kV,lkv10,,False,1,1,26.4828,29.6659
TMP_301939ae-f208-450b-a631-8a033a243d54,EnergyConsumer,负荷,25.4264,30.6604,TMP00045996,用户1668,370000,TMP00313490,10kV,lkv10,,False,1,1,25.4264,30.6604
TMP_5069e455-4ca5-4e92-ae2c-a3151db5383f,EnergyConsumer,负荷,26.4828,31.9369,TMP00045995,用户1669,370000,TMP00313490,10kV,lkv10,,False,1,1,26.4828,31.9369
TMP_fab484a9-225c-418f-af49-b7443853e649,EnergyConsumer,负荷,25.7949,34.3864,TMP00045994,用户1670,370000,TMP00313490,10kV,lkv10,,False,1,1,25.7949,34.3864
TMP_c8713614-73a6-4bf4-b8e3-250760de9be5,EnergyConsumer,负荷,25.5419,34.8188,TMP00045993,用户1671,370000,TMP00313490,10kV,lkv10,,False,1,1,25.5419,34.8188
TMP_d40a89b4-937b-46f0-a7cf-6a6699097883,EnergyConsumer,负荷,25.7879,35.2461,TMP00045992,用户1672,370000,TMP00313490,10kV,lkv10,,False,1,1,25.7879,35.2461
TMP_4a1f7f06-f92c-4ab5-941b-ea24a4a825dc,EnergyConsumer,负荷,25.5498,35.5115,TMP00045991,用户1673,370000,TMP00313490,10kV,lkv10,,False,1,1,25.5498,35.5115
TMP_3559e3ba-8415-4cc0-ae66-738a9c4c7bc9,EnergyConsumer,负荷,29.7244,41.1542,TMP00045990,用户1674,370000,TMP00313490,10kV,lkv10,,False,1,1,29.7244,41.1542
TMP_f00840be-0ed3-44b5-9c3e-2638b0866be0,EnergyConsumer,负荷,30.4907,38.3615,TMP00045989,用户1675,370000,TMP00313490,10kV,lkv10,,False,1,1,30.4907,38.3615
TMP_1bcab5da-51bc-48f2-af1c-8d84370536db,EnergyConsumer,负荷,33.6231,38.8803,TMP00045988,用户1676,370000,TMP00313490,10kV,lkv10,,False,1,1,33.6231,38.8803
TMP_207f03b2-0cc6-4832-b728-f528bbd878ed,EnergyConsumer,负荷,35.7308,36.3151,TMP00045987,用户1677,370000,TMP00313490,10kV,lkv10,,False,1,1,35.7308,36.3151
TMP_71e34c6a-100e-4c8f-a891-2865074d2e16,EnergyConsumer,负荷,37.1679,37.7139,TMP00045986,用户1678,370000,TMP00313490,10kV,lkv10,,False,1,1,37.1679,37.7139
TMP_02e9dea0-58af-4bbc-825b-4b75f972d372,EnergyConsumer,负荷,37.8532,35.2566,TMP00045985,用户1679,370000,TMP00313490,10kV,lkv10,,False,1,1,37.8532,35.2566
TMP_6e009c96-8c04-4915-a235-059a59fef017,EnergyConsumer,负荷,37.2524,39.261,TMP00045984,用户1680,370000,TMP00313490,10kV,lkv10,,False,1,1,37.2524,39.261
TMP_dd3379e8-ffb9-434f-9d11-12e29ff6a2b4,EnergyConsumer,负荷,54.794,40.3744,TMP00045983,用户1681,370000,TMP00313490,10kV,lkv10,,False,1,1,54.794,40.3744
TMP_0ff4590b-c202-4f93-9a5d-58ecc6d87dc7,EnergyConsumer,负荷,55.1412,41.3404,TMP00045982,用户1682,370000,TMP00313490,10kV,lkv10,,False,1,1,55.1412,41.3404
TMP_caf6c4b8-bcbe-4add-a4dc-a2638e2c2171,EnergyConsumer,负荷,52.3284,46.2488,TMP00045981,用户1683,370000,TMP00313490,10kV,lkv10,,False,1,1,52.3284,46.2488
TMP_f0e84486-eb11-4b9d-9d29-b9d66a2c664e,EnergyConsumer,负荷,53.7084,45.9935,TMP00045980,用户1684,370000,TMP00313490,10kV,lkv10,,False,1,1,53.7084,45.9935
TMP_97b5207b-d4e1-466d-8504-72fb3b311b1b,EnergyConsumer,负荷,66.0449,45.9112,TMP00045979,用户1685,370000,TMP00313490,10kV,lkv10,,False,1,1,66.0449,45.9112
TMP_c4cc115f-9a54-454e-8479-70ac1f90eb8f,EnergyConsumer,负荷,58.9157,46.4009,TMP00045978,用户1686,370000,TMP00313490,10kV,lkv10,,False,1,1,58.9157,46.4009
TMP_81f1202b-e9f6-4273-932a-ca302b15acf6,EnergyConsumer,负荷,57.0283,45.0491,TMP00045977,用户1687,370000,TMP00313490,10kV,lkv10,,False,1,1,57.0283,45.0491
TMP_4b2f108f-7bf1-4900-918d-c7afc0885793,EnergyConsumer,负荷,43.6943,43.0454,TMP00045976,用户1688,370000,TMP00313490,10kV,lkv10,,False,1,1,43.6943,43.0454
TMP_3170d271-162f-4c23-ad7e-6ac4881647ac,EnergyConsumer,负荷,45.4518,41.7442,TMP00045975,用户1689,370000,TMP00313490,10kV,lkv10,,False,1,1,45.4518,41.7442
TMP_b592812b-2a17-4155-9009-d146ef307fd2,EnergyConsumer,负荷,49.4141,42.7778,TMP00045974,用户1690,370000,TMP00313490,10kV,lkv10,,False,1,1,49.4141,42.7778
TMP_3269b60d-f7d0-474c-9022-9971a1f3a611,EnergyConsumer,负荷,52.0625,42.8066,TMP00045973,用户1691,370000,TMP00313490,10kV,lkv10,,False,1,1,52.0625,42.8066
TMP_e4a27d77-bead-4323-9c3c-221a7de9267c,EnergyConsumer,负荷,53.1913,40.7804,TMP00045972,用户1692,370000,TMP00313490,10kV,lkv10,,False,1,1,53.1913,40.7804
TMP_575c08bf-0078-4317-a3ec-918da253770f,EnergyConsumer,负荷,53.1324,39.1994,TMP00045971,用户1693,370000,TMP00313490,10kV,lkv10,,False,1,1,53.1324,39.1994
TMP_77ea279c-c08f-4fea-8f61-cce1ef5bff41,EnergyConsumer,负荷,54.6229,36.5251,TMP00045970,用户1694,370000,TMP00313490,10kV,lkv10,,False,1,1,54.6229,36.5251
TMP_e80e5f7a-e896-4fa7-bd92-debf99f464c1,EnergyConsumer,负荷,56.6029,37.2646,TMP00045969,用户1695,370000,TMP00313490,10kV,lkv10,,False,1,1,56.6029,37.2646
TMP_934abe0d-9de7-4b7b-bed1-f76be1d344f5,EnergyConsumer,负荷,58.5736,36.8719,TMP00045968,用户1696,370000,TMP00313490,10kV,lkv10,,False,1,1,58.5736,36.8719
TMP_14a634e4-ecb4-476c-9844-e0bf28b474a7,EnergyConsumer,负荷,59.3241,38.1073,TMP00045967,用户1697,370000,TMP00313490,10kV,lkv10,,False,1,1,59.3241,38.1073
TMP_43564fcf-56b4-44e5-8a47-e8266494d904,EnergyConsumer,负荷,59.4634,37.7542,TMP00045966,用户1698,370000,TMP00313490,10kV,lkv10,,False,1,1,59.4634,37.7542
TMP_b33237b0-c67f-4ee6-9d59-be69b2b93da8,EnergyConsumer,负荷,59.3227,36.6789,TMP00045965,用户1699,370000,TMP00313490,10kV,lkv10,,False,1,1,59.3227,36.6789
TMP_1af9e9cc-8e7c-4f6f-a356-584015b2c884,EnergyConsumer,负荷,62.3852,34.9243,TMP00045964,用户1700,370000,TMP00313490,10kV,lkv10,,False,1,1,62.3852,34.9243
TMP_9b082c2f-efc4-47d6-a2d5-f64c54533695,EnergyConsumer,负荷,61.4397,35.848,TMP00045963,用户1701,370000,TMP00313490,10kV,lkv10,,False,1,1,61.4397,35.848
TMP_a093a6a5-2668-489f-a130-e9b2abb03eef,EnergyConsumer,负荷,65.1303,39.5239,TMP00045962,用户1702,370000,TMP00313490,10kV,lkv10,,False,1,1,65.1303,39.5239
TMP_50c435f5-b769-4b2f-95e9-145e3be85ce0,EnergyConsumer,负荷,65.0428,37.2767,TMP00045961,用户1703,370000,TMP00313490,10kV,lkv10,,False,1,1,65.0428,37.2767
TMP_b2609d57-a650-4abc-bfc8-3f5ed561ef48,EnergyConsumer,负荷,72.9575,36.1077,TMP00045960,用户1704,370000,TMP00313490,10kV,lkv10,,False,1,1,72.9575,36.1077
TMP_04fffb13-93df-4de5-93de-214f8ee30c90,EnergyConsumer,负荷,74.5391,36.7623,TMP00045959,用户1705,370000,TMP00313490,10kV,lkv10,,False,1,1,74.5391,36.7623
TMP_3d51bdb9-e66d-4555-a235-0d956648f37d,EnergyConsumer,负荷,75.1774,37.3325,TMP00045958,用户1706,370000,TMP00313490,10kV,lkv10,,False,1,1,75.1774,37.3325
TMP_b7deefbe-bba1-4d24-a0a2-1267457b6727,EnergyConsumer,负荷,77.2705,36.419,TMP00045957,用户1707,370000,TMP00313490,10kV,lkv10,,False,1,1,77.2705,36.419
TMP_867563fa-5bd4-4010-b955-c3f046489851,EnergyConsumer,负荷,78.0581,37.1087,TMP00045956,用户1708,370000,TMP00313490,10kV,lkv10,,False,1,1,78.0581,37.1087
TMP_c4fac266-bc28-478f-bbc5-cc65a274b070,EnergyConsumer,负荷,78.3119,36.8792,TMP00045955,用户1709,370000,TMP00313490,10kV,lkv10,,False,1,1,78.3119,36.8792
TMP_1f02e889-fad0-4ce1-9b22-3dc7bdce8bf1,EnergyConsumer,负荷,79.1967,38.0174,TMP00045954,用户1710,370000,TMP00313490,10kV,lkv10,,False,1,1,79.1967,38.0174
TMP_e08cbdb5-d07b-41e7-b693-73d8a20a6739,EnergyConsumer,负荷,70.4063,23.5656,TMP00045953,用户1711,370000,TMP00313490,10kV,lkv10,,False,1,1,70.4063,23.5656
TMP_2ea4fa4a-1741-45cb-bf98-0d56ecd6cbd5,EnergyConsumer,负荷,68.519,17.6789,TMP00045952,用户1712,370000,TMP00313490,10kV,lkv10,,False,1,1,68.519,17.6789
TMP_dec7137e-91da-4441-b90c-96d1bca88286,EnergyConsumer,负荷,72.6541,44.432,TMP00045951,用户1713,370000,TMP00313490,10kV,lkv10,,False,1,1,72.6541,44.432
TMP_28fe52f0-f8ca-4df4-93cb-71c47f246f67,EnergyConsumer,负荷,67.4736,40.5509,TMP00045950,用户1714,370000,TMP00313490,10kV,lkv10,,False,1,1,67.4736,40.5509
TMP_2c43a9c5-1012-4744-81fe-d0a7fa114b5f,EnergyConsumer,负荷,25.5577,24.7792,TMP00045949,用户1715,370000,TMP00313490,10kV,lkv10,,False,1,1,25.5577,24.7792
TMP_de46dc1f-c1e7-4b06-8605-f00f89bc57a0,EnergyConsumer,负荷,39.101,43.8633,TMP00045948,用户1716,370000,TMP00313490,10kV,lkv10,,False,1,1,39.101,43.8633
TMP_dc043ce6-7cc5-45ce-b1f9-732f7ddaaeb6,EnergyConsumer,负荷,54.9122,58.4772,TMP00045947,用户1717,370000,TMP00313490,10kV,lkv10,,False,1,1,54.9122,58.4772
TMP_1a1ebca1-2818-426e-a6e1-cf392f90c901,EnergyConsumer,负荷,62.253,34.0072,TMP00045946,用户1718,370000,TMP00313490,10kV,lkv10,,False,1,1,62.253,34.0072
TMP_8b2f62f4-ca4e-4315-8c67-c290fde6c8a7,EnergyConsumer,负荷,66.213,34.8483,TMP00045945,用户1719,370000,TMP00313490,10kV,lkv10,,False,1,1,66.213,34.8483
TMP_20521528-3102-4e21-99d8-9dafd6109a9a,EnergyConsumer,负荷,76.6736,40.6108,TMP00045944,用户1720,370000,TMP00313490,10kV,lkv10,,False,1,1,76.6736,40.6108
TMP_3221a4ac-bda5-4fb2-8a6d-b004ccbe0e7a,EnergyConsumer,负荷,78.2483,14.4194,TMP00045943,用户1721,370000,TMP00313490,10kV,lkv10,,False,1,1,78.2483,14.4194
TMP_d3eadbc3-f2f1-44fc-ad0b-5231ee34af90,EnergyConsumer,负荷,81.9861,16.5183,TMP00045942,用户1722,370000,TMP00313490,10kV,lkv10,,False,1,1,81.9861,16.5183
TMP_a9cbff8e-344b-40c4-81bc-53f841b92c7c,EnergyConsumer,负荷,71.0942,24.9659,TMP00045941,用户1723,370000,TMP00313490,10kV,lkv10,,False,1,1,71.0942,24.9659
TMP_d8d2c929-56ac-41c6-951b-7685fe8b8ae6,EnergyConsumer,负荷,73.6102,21.4481,TMP00045940,用户1724,370000,TMP00313490,10kV,lkv10,,False,1,1,73.6102,21.4481
TMP_04fe9e04-2153-4300-a3d5-f1bcec7beec7,EnergyConsumer,负荷,68.7964,14.9964,TMP00045939,用户1725,370000,TMP00313490,10kV,lkv10,,False,1,1,68.7964,14.9964
TMP_73c6fd58-5390-4330-a23e-83b43905c456,EnergyConsumer,负荷,15.2741,34.7398,TMP00045938,用户1726,370000,TMP00313490,10kV,lkv10,,False,1,1,15.2741,34.7398
TMP_2023cc1d-7b62-4474-b11f-c026d2555946,EnergyConsumer,负荷,22.4302,33.2884,TMP00045937,用户1727,370000,TMP00313490,10kV,lkv10,,False,1,1,22.4302,33.2884
TMP_e7cc6214-d316-4064-8cc8-bd2a27a62e79,EnergyConsumer,负荷,67.2965,19.309,TMP00045936,用户1728,370000,TMP00313490,10kV,lkv10,,False,1,1,67.2965,19.309
TMP_db046376-9839-4f40-98e5-1a5f7b559546,EnergyConsumer,负荷,12.824,37.2508,TMP00045935,用户1729,370000,TMP00313490,10kV,lkv10,,False,1,1,12.824,37.2508
TMP_34bbb7b6-1184-4f22-a9eb-5a832d950862,EnergyConsumer,负荷,25.7884,34.4911,TMP00045934,用户1730,370000,TMP00313490,10kV,lkv10,,False,1,1,25.7884,34.4911
TMP_5a3266c2-38d9-455f-8fde-c3fa58b193fa,EnergyConsumer,负荷,30.5377,36.3415,TMP00045933,用户1731,370000,TMP00313490,10kV,lkv10,,False,1,1,30.5377,36.3415
TMP_42f80ac7-ce5e-4465-965a-59c6aceb494e,EnergyConsumer,负荷,8.41,37.0022,TMP00045932,用户1732,370000,TMP00313490,10kV,lkv10,,False,1,1,8.41,37.0022
TMP_1bb8fdcf-2931-4248-80d8-e5d272d0dbcb,EnergyConsumer,负荷,23.4064,27.7627,TMP00045931,用户1733,370000,TMP00313490,10kV,lkv10,,False,1,1,23.4064,27.7627
TMP_0928fc35-7084-4ccf-ba4b-09973f2ec6fc,RemoteUnit,终端设备,408.0604,105.1399,TMP00313565,故障指示器007,0811003,TMP00132369,10kV,lkv10,,False,1,1,408.0604,105.1399
TMP_63b4eb5a-79dd-4a33-ba63-49c16c6b5bf1,RemoteUnit,终端设备,434.2115,71.8036,TMP00314434,故障指示器008,0811003,TMP00132369,10kV,lkv10,,False,0,1,434.2115,71.8036
TMP_0472dda9-4604-4f37-93d0-10aa467fb539,Substation,站房,381.2003,107.129,TMP00000199,站房006379,zf01,TMP00131367,,,"rgb(255,0,0)",False,1,,,
TMP_b74d39b9-fa8d-4a2d-bb3e-8c43c0efe0bd,Substation,站房,404.7536,96.0987,TMP00000241,站房000042,zf08,TMP00131367,,,"rgb(255,255,255)",False,1,,,
TMP_25008372-b4e8-4d96-ad42-a0e53626071f,Substation,站房,435.404,43.8202,TMP00000240,站房000041,zf08,TMP00131367,,,"rgb(255,255,255)",False,1,,,
TMP_6fb2a548-4157-4cd3-a0de-8762104a6a89,Substation,站房,445.8684,75.5393,TMP00000268,站房000069,zf08,TMP00131367,,,"rgb(255,255,255)",False,1,,,
TMP_2ee5a7ce-6555-46ad-958d-429946520007,Substation,站房,464.4695,75.0129,TMP00000224,站房000025,zf10,TMP00131367,,,"rgb(255,255,255)",False,1,,,
TMP_2b39cefa-fb7e-4608-aefd-fe62cf32d70e,Substation,站房,504.967,317.7512,TMP00000234,站房000035,zf08,TMP00131367,,,"rgb(255,255,255)",False,1,,,
TMP_c842268b-6ba7-4357-9694-e8c8b0a01204,Substation,站房,465.5555,273.3159,TMP00000243,站房000044,zf08,TMP00131367,,,"rgb(255,255,255)",False,1,,,
TMP_4dd3cc1d-896d-4a42-ad2b-8dfaf8e9acc2,Substation,站房,179.0133,164.9322,TMP00000257,站房000058,zf08,TMP00131367,,,"rgb(255,255,255)",False,1,,,
TMP_250ab4ac-1a35-42cb-bdde-bf857b651af4,Substation,站房,271.651,293.9372,TMP00000256,站房000057,zf08,TMP00131367,,,"rgb(255,255,255)",False,1,,,
TMP_130b4dbf-5a89-4cfd-a690-ca34a351ce0f,Substation,站房,379.606,395.7695,TMP00000255,站房000056,zf08,TMP00131367,,,"rgb(255,255,255)",False,1,,,
TMP_d3f71cf1-0be8-4cea-9891-54b06bb40507,Substation,站房,430.1426,222.0559,TMP00000254,站房000055,zf08,TMP00131367,,,"rgb(255,255,255)",False,1,,,
TMP_5e876a4d-9e3a-45b6-8f90-581c64e910a0,Substation,站房,457.4678,232.4581,TMP00000253,站房000054,zf08,TMP00131367,,,"rgb(255,255,255)",False,1,,,
TMP_968dadbd-9a36-486b-a5bf-1e420111c057,Substation,站房,528.6366,272.9931,TMP00000267,站房000068,zf08,TMP00131367,,,"rgb(255,255,255)",False,1,,,
TMP_27b7ebd2-1e46-4713-8fb2-272999c8e84b,Substation,站房,539.779,93.9947,TMP00000259,站房000060,zf08,TMP00131367,,,"rgb(255,255,255)",False,1,,,
TMP_d90ed515-8742-4489-8846-0a3ab3bbb918,Substation,站房,565.3454,107.929,TMP00000258,站房000059,zf08,TMP00131367,,,"rgb(255,255,255)",False,1,,,
TMP_d02d0b95-2ee9-472e-931c-1e09bb644294,Substation,站房,495.7282,178.5614,TMP00000271,站房000072,zf08,TMP00131367,,,"rgb(255,255,255)",False,1,,,
TMP_86628ace-4c62-465b-a55b-2fe5584b431e,Substation,站房,507.9835,139.7284,TMP00000242,站房000043,zf08,TMP00131367,,,"rgb(255,255,255)",False,1,,,
TMP_f8126ebe-009e-4515-88c2-7afb8f807b1d,Substation,站房,475.0168,94.1448,TMP00000252,站房000053,zf08,TMP00131367,,,"rgb(255,255,255)",False,1,,,
TMP_f7a71849-7593-4a4a-a7cc-52a2a7a41a26,Substation,站房,108.4746,232.1561,TMP00000210,站房000011,zf06,TMP00131367,,,"rgb(255,255,255)",False,1,,,
TMP_bf41682f-31df-45fe-9ee1-48a7e38fed67,Substation,站房,88.6752,261.9181,TMP00000225,站房000026,zf10,TMP00131367,,,"rgb(255,255,255)",False,1,,,
TMP_e7a855ae-1299-4e13-8cf3-a879c3c2658f,Substation,站房,46.8383,239.9998,TMP00000211,站房000012,zf06,TMP00131367,,,"rgb(255,255,255)",False,1,,,
