2026-09-05 16:58:03 [INFO] core.feeder_topology_analysis: Sheet3 联络开关: feeder=FEEDER_A 识别到 1 个联络开关
2026-09-05 16:58:03 [INFO] core.feeder_topology_analysis: Sheet3 联络开关: feeder=FEEDER_X 识别到 1 个联络开关
2026-09-05 16:59:24 [INFO] core.feeder_topology_analysis: Sheet3 联络开关: feeder=FEEDER_A 识别到 1 个联络开关
2026-09-05 16:59:24 [INFO] core.feeder_topology_analysis: Sheet3 联络开关: feeder=FEEDER_X 识别到 1 个联络开关
2026-09-05 17:00:34 [INFO] core.feeder_topology_analysis: Sheet3 联络开关: feeder=FEEDER_A 识别到 1 个联络开关
2026-09-05 17:00:34 [INFO] core.feeder_topology_analysis: Sheet3 联络开关: feeder=FEEDER_X 识别到 1 个联络开关
2026-09-05 17:01:31 [INFO] core.topology_builder: 主配数据拆分完成：主网设备=1167 配网设备=50744 主网线段=223 配网线段=189 主网站=10 遥信遥测=5829 ZWMEA=442 ZWSIGNAL=1567
2026-09-05 17:01:31 [INFO] core.topology_builder: 主网设备数量：1167
2026-09-05 17:01:31 [INFO] core.topology_builder: 配网设备数量：50744
2026-09-05 17:01:31 [INFO] core.topology_builder: 主网线路(ZLINEEND)数量：223
2026-09-05 17:01:31 [INFO] core.topology_builder: 配网线路(PWFEEDERLINE)数量：189
2026-09-05 17:01:31 [INFO] core.topology_builder: 主网站点(ZWSUBSTATION)数量：10
2026-09-05 17:01:31 [INFO] core.topology_builder: 遥信遥测(PWREAL)记录数：5829
2026-09-05 17:01:31 [INFO] core.topology_builder: 主网遥测(ZWMEA)：442 主网遥信(ZWSIGNAL)：1567
2026-09-05 17:01:31 [INFO] core.topology_builder: [Builder] 正在添加 1167 个主网设备和 50744 个配网设备...
2026-09-05 17:01:31 [INFO] core.topology_builder: 主网电源设备数=17
2026-09-05 17:01:31 [INFO] core.topology_builder: 主网电源设备识别: 17 台
2026-09-05 17:01:32 [DEBUG] core.topology_builder: 已处理 10000 个配网设备
2026-09-05 17:01:34 [DEBUG] core.topology_builder: 已处理 20000 个配网设备
2026-09-05 17:01:35 [DEBUG] core.topology_builder: 已处理 30000 个配网设备
2026-09-05 17:01:36 [DEBUG] core.topology_builder: 已处理 40000 个配网设备
2026-09-05 17:01:37 [DEBUG] core.topology_builder: 已处理 50000 个配网设备
2026-09-05 17:01:37 [INFO] core.topology_builder: 配网电源设备数=19968
2026-09-05 17:01:37 [INFO] core.topology_builder: 配网电源设备识别: 19968 台
2026-09-05 17:01:48 [INFO] core.topology_builder: [Builder] 配网真实端子数量:76354
2026-09-05 17:01:48 [INFO] core.topology_builder: [Builder] 主网真实端子数量:1562
2026-09-05 17:01:57 [INFO] core.topology_builder: [端子建边完成] 配网拓扑边数量：117276
2026-09-05 17:01:57 [INFO] core.topology_builder: [端子建边完成] 主网拓扑边数量：2632
2026-09-05 17:02:05 [INFO] core.measure_preprocess: [MeasurePreprocess] 遥信实测开关数量：0
2026-09-05 17:02:05 [INFO] core.measure_preprocess: [MeasurePreprocess] 默认合位开关数量：0
2026-09-05 17:02:05 [INFO] core.topology_builder: [遥信预处理统计] 总开关状态映射条目:0 实际挂载到设备:0
2026-09-05 17:02:05 [INFO] core.topology_builder: 遥信实测开关:0，赛题默认合位推演开关:0
2026-09-05 17:02:20 [INFO] core.topology_builder: 主配接口校验：通过=0 失败=3758
2026-09-05 17:02:20 [INFO] core.topology_builder: [主配接口校验] 4.1/4.2 命中缺陷: 3758
2026-09-05 17:02:20 [INFO] core.topology_builder: [电气逻辑校验] RULE-E01~E07 命中:4458
2026-09-05 17:02:20 [INFO] core.topology_builder: 开始执行拓扑异常检测：悬空、孤岛、断点
2026-09-05 17:02:26 [INFO] core.topology_builder: 主网异常数量：0，断点数量：4
2026-09-05 17:02:26 [INFO] core.topology_builder: 配网异常数量：726，断点数量：391
2026-09-05 17:02:26 [INFO] core.score_engine: 评分结果: 设备=50744 扣分合计=25.00 维度封顶={'拓扑完整性': 0.0, '图模一致性': 25.0, '电气逻辑': 0.0, '接口规范性': 0.0} score_before=100.0 score_after=100.0
2026-09-05 17:02:27 [INFO] core.feeder_topology_analysis: Sheet3 联络开关: feeder=TMP00000188 识别到 1 个联络开关
2026-09-05 17:24:42 [INFO] core.topology_builder: 主配数据拆分完成：主网设备=1167 配网设备=50744 主网线段=223 配网线段=189 主网站=10 遥信遥测=5829 ZWMEA=442 ZWSIGNAL=1567
2026-09-05 17:24:42 [INFO] core.topology_builder: 主网设备数量：1167
2026-09-05 17:24:42 [INFO] core.topology_builder: 配网设备数量：50744
2026-09-05 17:24:42 [INFO] core.topology_builder: 主网线路(ZLINEEND)数量：223
2026-09-05 17:24:42 [INFO] core.topology_builder: 配网线路(PWFEEDERLINE)数量：189
2026-09-05 17:24:42 [INFO] core.topology_builder: 主网站点(ZWSUBSTATION)数量：10
2026-09-05 17:24:42 [INFO] core.topology_builder: 遥信遥测(PWREAL)记录数：5829
2026-09-05 17:24:42 [INFO] core.topology_builder: 主网遥测(ZWMEA)：442 主网遥信(ZWSIGNAL)：1567
2026-09-05 17:24:42 [INFO] core.topology_builder: [Builder] 正在添加 1167 个主网设备和 50744 个配网设备...
2026-09-05 17:24:42 [INFO] core.topology_builder: 主网电源设备数=17
2026-09-05 17:24:42 [INFO] core.topology_builder: 主网电源设备识别: 17 台
2026-09-05 17:24:44 [DEBUG] core.topology_builder: 已处理 10000 个配网设备
2026-09-05 17:24:45 [DEBUG] core.topology_builder: 已处理 20000 个配网设备
2026-09-05 17:24:46 [DEBUG] core.topology_builder: 已处理 30000 个配网设备
2026-09-05 17:24:47 [DEBUG] core.topology_builder: 已处理 40000 个配网设备
2026-09-05 17:24:48 [DEBUG] core.topology_builder: 已处理 50000 个配网设备
2026-09-05 17:24:48 [INFO] core.topology_builder: 配网电源设备数=19968
2026-09-05 17:24:48 [INFO] core.topology_builder: 配网电源设备识别: 19968 台
2026-09-05 17:24:59 [INFO] core.topology_builder: [Builder] 配网真实端子数量:76354
2026-09-05 17:24:59 [INFO] core.topology_builder: [Builder] 主网真实端子数量:1562
2026-09-05 17:25:06 [INFO] core.topology_builder: [端子建边完成] 配网拓扑边数量：117276
2026-09-05 17:25:06 [INFO] core.topology_builder: [端子建边完成] 主网拓扑边数量：2632
2026-09-05 17:25:16 [INFO] core.measure_preprocess: [MeasurePreprocess] 遥信实测开关数量：0
2026-09-05 17:25:16 [INFO] core.measure_preprocess: [MeasurePreprocess] 默认合位开关数量：0
2026-09-05 17:25:16 [INFO] core.topology_builder: [遥信预处理统计] 总开关状态映射条目:0 实际挂载到设备:0
2026-09-05 17:25:16 [INFO] core.topology_builder: 遥信实测开关:0，赛题默认合位推演开关:0
2026-09-05 17:25:32 [INFO] core.topology_builder: 主配接口校验：通过=0 失败=3758
2026-09-05 17:25:32 [INFO] core.topology_builder: [主配接口校验] 4.1/4.2 命中缺陷: 3758
2026-09-05 17:25:32 [INFO] core.topology_builder: [电气逻辑校验] RULE-E01~E07 命中:4458
2026-09-05 17:25:32 [INFO] core.topology_builder: 开始执行拓扑异常检测：悬空、孤岛、断点
2026-09-05 17:25:38 [INFO] core.topology_builder: 主网异常数量：0，断点数量：4
2026-09-05 17:25:38 [INFO] core.topology_builder: 配网异常数量：726，断点数量：391
2026-09-05 17:25:38 [INFO] core.score_engine: 评分结果: 设备=50744 扣分合计=25.00 维度封顶={'拓扑完整性': 0.0, '图模一致性': 25.0, '电气逻辑': 0.0, '接口规范性': 0.0} score_before=100.0 score_after=100.0
2026-09-05 17:25:39 [INFO] core.feeder_topology_analysis: Sheet3 联络开关: feeder=TMP00000188 识别到 1 个联络开关
2026-09-05 17:25:39 [DEBUG] core.feeder_topology_analysis: P1-P7 引擎产生 15 条断点候选
2026-09-05 17:29:27 [INFO] core.topology_builder: 主配数据拆分完成：主网设备=1167 配网设备=50744 主网线段=223 配网线段=189 主网站=10 遥信遥测=5829 ZWMEA=442 ZWSIGNAL=1567
2026-09-05 17:29:27 [INFO] core.topology_builder: 主网设备数量：1167
2026-09-05 17:29:27 [INFO] core.topology_builder: 配网设备数量：50744
2026-09-05 17:29:27 [INFO] core.topology_builder: 主网线路(ZLINEEND)数量：223
2026-09-05 17:29:27 [INFO] core.topology_builder: 配网线路(PWFEEDERLINE)数量：189
2026-09-05 17:29:27 [INFO] core.topology_builder: 主网站点(ZWSUBSTATION)数量：10
2026-09-05 17:29:27 [INFO] core.topology_builder: 遥信遥测(PWREAL)记录数：5829
2026-09-05 17:29:27 [INFO] core.topology_builder: 主网遥测(ZWMEA)：442 主网遥信(ZWSIGNAL)：1567
2026-09-05 17:29:27 [INFO] core.topology_builder: [Builder] 正在添加 1167 个主网设备和 50744 个配网设备...
2026-09-05 17:29:27 [INFO] core.topology_builder: 主网电源设备数=17
2026-09-05 17:29:27 [INFO] core.topology_builder: 主网电源设备识别: 17 台
2026-09-05 17:29:29 [DEBUG] core.topology_builder: 已处理 10000 个配网设备
2026-09-05 17:29:30 [DEBUG] core.topology_builder: 已处理 20000 个配网设备
2026-09-05 17:29:31 [DEBUG] core.topology_builder: 已处理 30000 个配网设备
2026-09-05 17:29:33 [DEBUG] core.topology_builder: 已处理 40000 个配网设备
2026-09-05 17:29:35 [DEBUG] core.topology_builder: 已处理 50000 个配网设备
2026-09-05 17:29:35 [INFO] core.topology_builder: 配网电源设备数=19968
2026-09-05 17:29:35 [INFO] core.topology_builder: 配网电源设备识别: 19968 台
2026-09-05 17:29:46 [INFO] core.topology_builder: [Builder] 配网真实端子数量:76354
2026-09-05 17:29:46 [INFO] core.topology_builder: [Builder] 主网真实端子数量:1562
2026-09-05 17:29:53 [INFO] core.topology_builder: [端子建边完成] 配网拓扑边数量：117276
2026-09-05 17:29:53 [INFO] core.topology_builder: [端子建边完成] 主网拓扑边数量：2632
2026-09-05 17:30:01 [INFO] core.measure_preprocess: [MeasurePreprocess] 遥信实测开关数量：0
2026-09-05 17:30:01 [INFO] core.measure_preprocess: [MeasurePreprocess] 默认合位开关数量：0
2026-09-05 17:30:01 [INFO] core.topology_builder: [遥信预处理统计] 总开关状态映射条目:0 实际挂载到设备:0
2026-09-05 17:30:01 [INFO] core.topology_builder: 遥信实测开关:0，赛题默认合位推演开关:0
2026-09-05 17:30:13 [INFO] core.topology_builder: 主配接口校验：通过=0 失败=3758
2026-09-05 17:30:13 [INFO] core.topology_builder: [主配接口校验] 4.1/4.2 命中缺陷: 3758
2026-09-05 17:30:13 [INFO] core.topology_builder: [电气逻辑校验] RULE-E01~E07 命中:4458
2026-09-05 17:30:13 [INFO] core.topology_builder: 开始执行拓扑异常检测：悬空、孤岛、断点
2026-09-05 17:30:19 [INFO] core.topology_builder: 主网异常数量：0，断点数量：4
2026-09-05 17:30:19 [INFO] core.topology_builder: 配网异常数量：726，断点数量：391
2026-09-05 17:30:19 [INFO] core.score_engine: 评分结果: 设备=50744 扣分合计=25.00 维度封顶={'拓扑完整性': 0.0, '图模一致性': 25.0, '电气逻辑': 0.0, '接口规范性': 0.0} score_before=100.0 score_after=100.0
2026-09-05 17:30:20 [INFO] core.feeder_topology_analysis: Sheet3 联络开关: feeder=TMP00000188 识别到 1 个联络开关
2026-09-05 17:30:20 [DEBUG] core.feeder_topology_analysis: P1-P7 引擎产生 15 条断点候选
2026-09-05 17:31:08 [INFO] core.topology_builder: 主配数据拆分完成：主网设备=1167 配网设备=50744 主网线段=223 配网线段=189 主网站=10 遥信遥测=5829 ZWMEA=442 ZWSIGNAL=1567
2026-09-05 17:31:08 [INFO] core.topology_builder: 主网设备数量：1167
2026-09-05 17:31:08 [INFO] core.topology_builder: 配网设备数量：50744
2026-09-05 17:31:08 [INFO] core.topology_builder: 主网线路(ZLINEEND)数量：223
2026-09-05 17:31:08 [INFO] core.topology_builder: 配网线路(PWFEEDERLINE)数量：189
2026-09-05 17:31:08 [INFO] core.topology_builder: 主网站点(ZWSUBSTATION)数量：10
2026-09-05 17:31:08 [INFO] core.topology_builder: 遥信遥测(PWREAL)记录数：5829
2026-09-05 17:31:08 [INFO] core.topology_builder: 主网遥测(ZWMEA)：442 主网遥信(ZWSIGNAL)：1567
2026-09-05 17:31:08 [INFO] core.topology_builder: [Builder] 正在添加 1167 个主网设备和 50744 个配网设备...
2026-09-05 17:31:08 [INFO] core.topology_builder: 主网电源设备数=17
2026-09-05 17:31:08 [INFO] core.topology_builder: 主网电源设备识别: 17 台
2026-09-05 17:31:10 [DEBUG] core.topology_builder: 已处理 10000 个配网设备
2026-09-05 17:31:11 [DEBUG] core.topology_builder: 已处理 20000 个配网设备
2026-09-05 17:31:12 [DEBUG] core.topology_builder: 已处理 30000 个配网设备
2026-09-05 17:31:14 [DEBUG] core.topology_builder: 已处理 40000 个配网设备
2026-09-05 17:31:15 [DEBUG] core.topology_builder: 已处理 50000 个配网设备
2026-09-05 17:31:15 [INFO] core.topology_builder: 配网电源设备数=19968
2026-09-05 17:31:15 [INFO] core.topology_builder: 配网电源设备识别: 19968 台
2026-09-05 17:31:26 [INFO] core.topology_builder: [Builder] 配网真实端子数量:76354
2026-09-05 17:31:26 [INFO] core.topology_builder: [Builder] 主网真实端子数量:1562
2026-09-05 17:31:33 [INFO] core.topology_builder: [端子建边完成] 配网拓扑边数量：117276
2026-09-05 17:31:33 [INFO] core.topology_builder: [端子建边完成] 主网拓扑边数量：2632
2026-09-05 17:31:40 [INFO] core.measure_preprocess: [MeasurePreprocess] 遥信实测开关数量：0
2026-09-05 17:31:40 [INFO] core.measure_preprocess: [MeasurePreprocess] 默认合位开关数量：0
2026-09-05 17:31:40 [INFO] core.topology_builder: [遥信预处理统计] 总开关状态映射条目:0 实际挂载到设备:0
2026-09-05 17:31:40 [INFO] core.topology_builder: 遥信实测开关:0，赛题默认合位推演开关:0
2026-09-05 17:31:59 [INFO] core.topology_builder: 主配接口校验：通过=0 失败=3758
2026-09-05 17:31:59 [INFO] core.topology_builder: [主配接口校验] 4.1/4.2 命中缺陷: 3758
2026-09-05 17:31:59 [INFO] core.topology_builder: [电气逻辑校验] RULE-E01~E07 命中:4458
2026-09-05 17:31:59 [INFO] core.topology_builder: 开始执行拓扑异常检测：悬空、孤岛、断点
2026-09-05 17:32:05 [INFO] core.topology_builder: 主网异常数量：0，断点数量：4
2026-09-05 17:32:05 [INFO] core.topology_builder: 配网异常数量：726，断点数量：391
2026-09-05 17:32:06 [INFO] core.score_engine: 评分结果: 设备=50744 扣分合计=25.00 维度封顶={'拓扑完整性': 0.0, '图模一致性': 25.0, '电气逻辑': 0.0, '接口规范性': 0.0} score_before=100.0 score_after=100.0
2026-09-05 17:32:07 [INFO] core.feeder_topology_analysis: Sheet3 联络开关: feeder=TMP00000188 识别到 1 个联络开关
2026-09-05 17:32:07 [DEBUG] core.feeder_topology_analysis: P1-P7 引擎产生 15 条断点候选
2026-09-05 17:32:31 [INFO] core.topology_builder: 主配数据拆分完成：主网设备=1167 配网设备=50744 主网线段=223 配网线段=189 主网站=10 遥信遥测=5829 ZWMEA=442 ZWSIGNAL=1567
2026-09-05 17:32:31 [INFO] core.topology_builder: 主网设备数量：1167
2026-09-05 17:32:31 [INFO] core.topology_builder: 配网设备数量：50744
2026-09-05 17:32:31 [INFO] core.topology_builder: 主网线路(ZLINEEND)数量：223
2026-09-05 17:32:31 [INFO] core.topology_builder: 配网线路(PWFEEDERLINE)数量：189
2026-09-05 17:32:31 [INFO] core.topology_builder: 主网站点(ZWSUBSTATION)数量：10
2026-09-05 17:32:31 [INFO] core.topology_builder: 遥信遥测(PWREAL)记录数：5829
2026-09-05 17:32:31 [INFO] core.topology_builder: 主网遥测(ZWMEA)：442 主网遥信(ZWSIGNAL)：1567
2026-09-05 17:32:31 [INFO] core.topology_builder: [Builder] 正在添加 1167 个主网设备和 50744 个配网设备...
2026-09-05 17:32:31 [INFO] core.topology_builder: 主网电源设备数=17
2026-09-05 17:32:31 [INFO] core.topology_builder: 主网电源设备识别: 17 台
2026-09-05 17:32:33 [DEBUG] core.topology_builder: 已处理 10000 个配网设备
2026-09-05 17:32:34 [DEBUG] core.topology_builder: 已处理 20000 个配网设备
2026-09-05 17:32:36 [DEBUG] core.topology_builder: 已处理 30000 个配网设备
2026-09-05 17:32:38 [DEBUG] core.topology_builder: 已处理 40000 个配网设备
2026-09-05 17:32:40 [DEBUG] core.topology_builder: 已处理 50000 个配网设备
2026-09-05 17:32:40 [INFO] core.topology_builder: 配网电源设备数=19968
2026-09-05 17:32:40 [INFO] core.topology_builder: 配网电源设备识别: 19968 台
2026-09-05 17:32:54 [INFO] core.topology_builder: [Builder] 配网真实端子数量:76354
2026-09-05 17:32:54 [INFO] core.topology_builder: [Builder] 主网真实端子数量:1562
2026-09-05 17:33:00 [INFO] core.topology_builder: [端子建边完成] 配网拓扑边数量：117276
2026-09-05 17:33:00 [INFO] core.topology_builder: [端子建边完成] 主网拓扑边数量：2632
2026-09-05 17:33:06 [INFO] core.measure_preprocess: [MeasurePreprocess] 遥信实测开关数量：0
2026-09-05 17:33:06 [INFO] core.measure_preprocess: [MeasurePreprocess] 默认合位开关数量：0
2026-09-05 17:33:06 [INFO] core.topology_builder: [遥信预处理统计] 总开关状态映射条目:0 实际挂载到设备:0
2026-09-05 17:33:06 [INFO] core.topology_builder: 遥信实测开关:0，赛题默认合位推演开关:0
2026-09-05 17:33:13 [INFO] core.topology_builder: 主配接口校验：通过=0 失败=3758
2026-09-05 17:33:13 [INFO] core.topology_builder: [主配接口校验] 4.1/4.2 命中缺陷: 3758
2026-09-05 17:33:13 [INFO] core.topology_builder: [电气逻辑校验] RULE-E01~E07 命中:4458
2026-09-05 17:33:13 [INFO] core.topology_builder: 开始执行拓扑异常检测：悬空、孤岛、断点
2026-09-05 17:33:17 [INFO] core.topology_builder: 主网异常数量：0，断点数量：4
2026-09-05 17:33:17 [INFO] core.topology_builder: 配网异常数量：726，断点数量：391
2026-09-05 17:33:18 [INFO] core.score_engine: 评分结果: 设备=50744 扣分合计=25.00 维度封顶={'拓扑完整性': 0.0, '图模一致性': 25.0, '电气逻辑': 0.0, '接口规范性': 0.0} score_before=100.0 score_after=100.0
2026-09-05 17:33:18 [INFO] core.feeder_topology_analysis: Sheet3 联络开关: feeder=TMP00000188 识别到 1 个联络开关
2026-09-05 17:33:18 [DEBUG] core.feeder_topology_analysis: P1-P7 引擎产生 15 条断点候选
2026-09-05 17:35:51 [INFO] core.topology_builder: 主配数据拆分完成：主网设备=1167 配网设备=50744 主网线段=223 配网线段=189 主网站=10 遥信遥测=5829 ZWMEA=442 ZWSIGNAL=1567
2026-09-05 17:35:51 [INFO] core.topology_builder: 主网设备数量：1167
2026-09-05 17:35:51 [INFO] core.topology_builder: 配网设备数量：50744
2026-09-05 17:35:51 [INFO] core.topology_builder: 主网线路(ZLINEEND)数量：223
2026-09-05 17:35:51 [INFO] core.topology_builder: 配网线路(PWFEEDERLINE)数量：189
2026-09-05 17:35:51 [INFO] core.topology_builder: 主网站点(ZWSUBSTATION)数量：10
2026-09-05 17:35:51 [INFO] core.topology_builder: 遥信遥测(PWREAL)记录数：5829
2026-09-05 17:35:51 [INFO] core.topology_builder: 主网遥测(ZWMEA)：442 主网遥信(ZWSIGNAL)：1567
2026-09-05 17:35:51 [INFO] core.topology_builder: [Builder] 正在添加 1167 个主网设备和 50744 个配网设备...
2026-09-05 17:35:51 [INFO] core.topology_builder: 主网电源设备数=17
2026-09-05 17:35:51 [INFO] core.topology_builder: 主网电源设备识别: 17 台
2026-09-05 17:35:52 [DEBUG] core.topology_builder: 已处理 10000 个配网设备
2026-09-05 17:35:53 [DEBUG] core.topology_builder: 已处理 20000 个配网设备
2026-09-05 17:35:53 [DEBUG] core.topology_builder: 已处理 30000 个配网设备
2026-09-05 17:35:54 [DEBUG] core.topology_builder: 已处理 40000 个配网设备
2026-09-05 17:35:54 [DEBUG] core.topology_builder: 已处理 50000 个配网设备
2026-09-05 17:35:55 [INFO] core.topology_builder: 配网电源设备数=19968
2026-09-05 17:35:55 [INFO] core.topology_builder: 配网电源设备识别: 19968 台
2026-09-05 17:36:01 [INFO] core.topology_builder: [Builder] 配网真实端子数量:76354
2026-09-05 17:36:01 [INFO] core.topology_builder: [Builder] 主网真实端子数量:1562
2026-09-05 17:36:05 [INFO] core.topology_builder: [端子建边完成] 配网拓扑边数量：117276
2026-09-05 17:36:05 [INFO] core.topology_builder: [端子建边完成] 主网拓扑边数量：2632
2026-09-05 17:36:10 [INFO] core.measure_preprocess: [MeasurePreprocess] 遥信实测开关数量：0
2026-09-05 17:36:10 [INFO] core.measure_preprocess: [MeasurePreprocess] 默认合位开关数量：0
2026-09-05 17:36:10 [INFO] core.topology_builder: [遥信预处理统计] 总开关状态映射条目:0 实际挂载到设备:0
2026-09-05 17:36:10 [INFO] core.topology_builder: 遥信实测开关:0，赛题默认合位推演开关:0
2026-09-05 17:36:17 [INFO] core.topology_builder: 主配接口校验：通过=0 失败=3758
2026-09-05 17:36:17 [INFO] core.topology_builder: [主配接口校验] 4.1/4.2 命中缺陷: 3758
2026-09-05 17:36:17 [INFO] core.topology_builder: [电气逻辑校验] RULE-E01~E07 命中:4458
2026-09-05 17:36:17 [INFO] core.topology_builder: 开始执行拓扑异常检测：悬空、孤岛、断点
2026-09-05 17:36:21 [INFO] core.topology_builder: 主网异常数量：0，断点数量：4
2026-09-05 17:36:21 [INFO] core.topology_builder: 配网异常数量：726，断点数量：391
2026-09-05 17:36:21 [INFO] core.score_engine: 评分结果: 设备=50744 扣分合计=25.00 维度封顶={'拓扑完整性': 0.0, '图模一致性': 25.0, '电气逻辑': 0.0, '接口规范性': 0.0} score_before=100.0 score_after=100.0
2026-09-05 17:36:22 [INFO] core.feeder_topology_analysis: Sheet3 联络开关: feeder=TMP00000188 识别到 1 个联络开关
2026-09-05 17:36:22 [DEBUG] core.feeder_topology_analysis: P1-P7 引擎产生 15 条断点候选
2026-09-05 17:36:22 [INFO] core.feeder_topology_analysis: Sheet2 断点定位: feeder=TMP00000188 共 378 条 (P1-P7 优先级排序)
2026-09-05 17:36:22 [INFO] core.feeder_topology_analysis: Sheet4 合环识别: feeder=TMP00000188 共 2 条
2026-09-05 17:37:11 [INFO] core.feeder_topology_analysis: Sheet3 联络开关: feeder=FEEDER_A 识别到 1 个联络开关
2026-09-05 17:37:11 [INFO] core.feeder_topology_analysis: Sheet3 联络开关: feeder=FEEDER_X 识别到 1 个联络开关
2026-09-05 17:40:49 [INFO] core.feeder_topology_analysis: Sheet3 联络开关: feeder=FEEDER_A 识别到 1 个联络开关
2026-09-05 17:40:49 [INFO] core.feeder_topology_analysis: Sheet3 联络开关: feeder=FEEDER_X 识别到 1 个联络开关
2026-09-05 19:13:22 [INFO] core.topology_builder: 主配数据拆分完成：主网设备=1167 配网设备=50744 主网线段=223 配网线段=189 主网站=10 遥信遥测=5829 ZWMEA=442 ZWSIGNAL=1567
2026-09-05 19:13:22 [INFO] core.topology_builder: 主网设备数量：1167
2026-09-05 19:13:22 [INFO] core.topology_builder: 配网设备数量：50744
2026-09-05 19:13:22 [INFO] core.topology_builder: 主网线路(ZLINEEND)数量：223
2026-09-05 19:13:22 [INFO] core.topology_builder: 配网线路(PWFEEDERLINE)数量：189
2026-09-05 19:13:22 [INFO] core.topology_builder: 主网站点(ZWSUBSTATION)数量：10
2026-09-05 19:13:22 [INFO] core.topology_builder: 遥信遥测(PWREAL)记录数：5829
2026-09-05 19:13:22 [INFO] core.topology_builder: 主网遥测(ZWMEA)：442 主网遥信(ZWSIGNAL)：1567
2026-09-05 19:13:22 [INFO] core.topology_builder: [Builder] 正在添加 1167 个主网设备和 50744 个配网设备...
2026-09-05 19:13:22 [INFO] core.topology_builder: 主网电源设备数=17
2026-09-05 19:13:22 [INFO] core.topology_builder: 主网电源设备识别: 17 台
2026-09-05 19:13:23 [DEBUG] core.topology_builder: 已处理 10000 个配网设备
2026-09-05 19:13:24 [DEBUG] core.topology_builder: 已处理 20000 个配网设备
2026-09-05 19:13:25 [DEBUG] core.topology_builder: 已处理 30000 个配网设备
2026-09-05 19:13:25 [DEBUG] core.topology_builder: 已处理 40000 个配网设备
2026-09-05 19:13:26 [DEBUG] core.topology_builder: 已处理 50000 个配网设备
2026-09-05 19:13:26 [INFO] core.topology_builder: 配网电源设备数=19968
2026-09-05 19:13:26 [INFO] core.topology_builder: 配网电源设备识别: 19968 台
2026-09-05 19:13:33 [INFO] core.topology_builder: [Builder] 配网真实端子数量:76354
2026-09-05 19:13:33 [INFO] core.topology_builder: [Builder] 主网真实端子数量:1562
2026-09-05 19:13:37 [INFO] core.topology_builder: [端子建边完成] 配网拓扑边数量：117276
2026-09-05 19:13:37 [INFO] core.topology_builder: [端子建边完成] 主网拓扑边数量：2632
2026-09-05 19:13:42 [INFO] core.measure_preprocess: [MeasurePreprocess] 遥信实测开关数量：0
2026-09-05 19:13:42 [INFO] core.measure_preprocess: [MeasurePreprocess] 默认合位开关数量：0
2026-09-05 19:13:42 [INFO] core.topology_builder: [遥信预处理统计] 总开关状态映射条目:0 实际挂载到设备:0
2026-09-05 19:13:42 [INFO] core.topology_builder: 遥信实测开关:0，赛题默认合位推演开关:0
2026-09-05 19:13:49 [INFO] core.topology_builder: 主配接口校验：通过=0 失败=3758
2026-09-05 19:13:49 [INFO] core.topology_builder: [主配接口校验] 4.1/4.2 命中缺陷: 3758
2026-09-05 19:13:49 [INFO] core.topology_builder: [电气逻辑校验] RULE-E01~E07 命中:4458
2026-09-05 19:13:49 [INFO] core.topology_builder: 开始执行拓扑异常检测：悬空、孤岛、断点
2026-09-05 19:13:52 [INFO] core.topology_builder: 主网异常数量：0，断点数量：4
2026-09-05 19:13:52 [INFO] core.topology_builder: 配网异常数量：726，断点数量：391
2026-09-05 19:13:52 [INFO] core.score_engine: 评分结果: 设备=50744 扣分合计=25.00 维度封顶={'拓扑完整性': 0.0, '图模一致性': 25.0, '电气逻辑': 0.0, '接口规范性': 0.0} score_before=100.0 score_after=100.0
2026-09-05 19:13:53 [INFO] core.feeder_topology_analysis: Sheet3 联络开关: feeder=TMP00000188 识别到 1 个联络开关
2026-09-05 19:13:53 [DEBUG] core.feeder_topology_analysis: P1-P7 引擎产生 15 条断点候选
2026-09-05 19:13:53 [INFO] core.feeder_topology_analysis: Sheet2 断点定位: feeder=TMP00000188 共 378 条 (P1-P7 优先级排序)
2026-09-05 19:13:53 [INFO] core.feeder_topology_analysis: Sheet4 合环识别: feeder=TMP00000188 共 2 条
2026-09-05 19:14:02 [INFO] core.score_engine: 评分结果: 设备=50744 扣分合计=25.00 维度封顶={'拓扑完整性': 0.0, '图模一致性': 25.0, '电气逻辑': 0.0, '接口规范性': 0.0} score_before=100.0 score_after=100.0
2026-09-05 19:14:02 [INFO] core.feeder_topology_analysis: Sheet3 联络开关: feeder=TMP00000189 识别到 1 个联络开关
2026-09-05 19:14:02 [DEBUG] core.feeder_topology_analysis: P1-P7 引擎产生 54 条断点候选
2026-09-05 19:14:02 [INFO] core.feeder_topology_analysis: Sheet2 断点定位: feeder=TMP00000189 共 256 条 (P1-P7 优先级排序)
2026-09-05 19:14:03 [INFO] core.feeder_topology_analysis: Sheet4 合环识别: feeder=TMP00000189 共 9 条
2026-09-05 20:11:45 [INFO] core.topology_builder: 主配数据拆分完成：主网设备=1167 配网设备=50744 主网线段=223 配网线段=189 主网站=10 遥信遥测=5829 ZWMEA=442 ZWSIGNAL=1567
2026-09-05 20:11:45 [INFO] core.topology_builder: 主网设备数量：1167
2026-09-05 20:11:45 [INFO] core.topology_builder: 配网设备数量：50744
2026-09-05 20:11:45 [INFO] core.topology_builder: 主网线路(ZLINEEND)数量：223
2026-09-05 20:11:45 [INFO] core.topology_builder: 配网线路(PWFEEDERLINE)数量：189
2026-09-05 20:11:45 [INFO] core.topology_builder: 主网站点(ZWSUBSTATION)数量：10
2026-09-05 20:11:45 [INFO] core.topology_builder: 遥信遥测(PWREAL)记录数：5829
2026-09-05 20:11:45 [INFO] core.topology_builder: 主网遥测(ZWMEA)：442 主网遥信(ZWSIGNAL)：1567
2026-09-05 20:11:45 [INFO] core.topology_builder: [Builder] 正在添加 1167 个主网设备和 50744 个配网设备...
2026-09-05 20:11:45 [INFO] core.topology_builder: 主网电源设备数=47
2026-09-05 20:11:45 [INFO] core.topology_builder: 主网电源设备识别: 47 台
2026-09-05 20:11:46 [DEBUG] core.topology_builder: 已处理 10000 个配网设备
2026-09-05 20:11:46 [DEBUG] core.topology_builder: 已处理 20000 个配网设备
2026-09-05 20:11:47 [DEBUG] core.topology_builder: 已处理 30000 个配网设备
2026-09-05 20:11:48 [DEBUG] core.topology_builder: 已处理 40000 个配网设备
2026-09-05 20:11:49 [DEBUG] core.topology_builder: 已处理 50000 个配网设备
2026-09-05 20:11:49 [INFO] core.topology_builder: 配网电源设备数=17643
2026-09-05 20:11:49 [INFO] core.topology_builder: 配网电源设备识别: 17643 台
2026-09-05 20:11:52 [INFO] core.topology_builder: 主配电源注入：0 台配网设备经共享连接点接入主网电源
2026-09-05 20:11:58 [INFO] core.topology_builder: [Builder] 配网真实端子数量:76354
2026-09-05 20:11:58 [INFO] core.topology_builder: [Builder] 主网真实端子数量:1562
2026-09-05 20:12:02 [INFO] core.topology_builder: [端子建边完成] 配网拓扑边数量：117276
2026-09-05 20:12:02 [INFO] core.topology_builder: [端子建边完成] 主网拓扑边数量：2632
2026-09-05 20:12:07 [INFO] core.measure_preprocess: [MeasurePreprocess] 遥信实测开关数量：0
2026-09-05 20:12:07 [INFO] core.measure_preprocess: [MeasurePreprocess] 默认合位开关数量：0
2026-09-05 20:12:07 [INFO] core.topology_builder: [遥信预处理统计] 总开关状态映射条目:0 实际挂载到设备:0
2026-09-05 20:12:07 [INFO] core.topology_builder: 遥信实测开关:0，赛题默认合位推演开关:0
2026-09-05 20:12:18 [INFO] core.topology_builder: 主配接口校验：通过=147 失败=42
2026-09-05 20:12:18 [INFO] core.topology_builder: [主配接口校验] 4.1/4.2 命中缺陷: 42
2026-09-05 20:12:18 [INFO] core.topology_builder: [电气逻辑校验] RULE-E01~E07 命中:4458
2026-09-05 20:12:18 [INFO] core.topology_builder: 开始执行拓扑异常检测：悬空、孤岛、断点
2026-09-05 20:12:21 [INFO] core.topology_builder: 主网异常数量：338，断点数量：4
2026-09-05 20:12:21 [INFO] core.topology_builder: 配网异常数量：726，断点数量：418
2026-09-05 20:12:21 [INFO] core.score_engine: 评分结果: 设备=50744 扣分合计=25.00 维度封顶={'拓扑完整性': 0.0, '图模一致性': 25.0, '电气逻辑': 0.0, '接口规范性': 0.0} score_before=100.0 score_after=100.0
2026-09-05 20:12:22 [INFO] core.feeder_topology_analysis: Sheet3 联络开关: feeder=TMP00000188 识别到 1 个联络开关
2026-09-05 20:12:22 [DEBUG] core.feeder_topology_analysis: P1-P7 引擎产生 15 条断点候选
2026-09-05 20:12:22 [INFO] core.feeder_topology_analysis: Sheet2 断点定位: feeder=TMP00000188 共 378 条 (P1-P7 优先级排序)
2026-09-05 20:12:22 [INFO] core.feeder_topology_analysis: Sheet4 合环识别: feeder=TMP00000188 共 2 条
2026-09-05 20:12:32 [INFO] core.score_engine: 评分结果: 设备=50744 扣分合计=25.00 维度封顶={'拓扑完整性': 0.0, '图模一致性': 25.0, '电气逻辑': 0.0, '接口规范性': 0.0} score_before=100.0 score_after=100.0
2026-09-05 20:12:33 [INFO] core.feeder_topology_analysis: Sheet3 联络开关: feeder=TMP00000189 识别到 1 个联络开关
2026-09-05 20:12:33 [DEBUG] core.feeder_topology_analysis: P1-P7 引擎产生 54 条断点候选
2026-09-05 20:12:33 [INFO] core.feeder_topology_analysis: Sheet2 断点定位: feeder=TMP00000189 共 256 条 (P1-P7 优先级排序)
2026-09-05 20:12:33 [INFO] core.feeder_topology_analysis: Sheet4 合环识别: feeder=TMP00000189 共 9 条
2026-09-05 20:25:44 [INFO] core.feeder_topology_analysis: Sheet3 联络开关: feeder=FEEDER_A 识别到 1 个联络开关
2026-09-05 20:25:44 [INFO] core.feeder_topology_analysis: Sheet3 联络开关: feeder=FEEDER_X 识别到 1 个联络开关
2026-09-05 20:26:07 [INFO] core.topology_builder: 主配数据拆分完成：主网设备=1167 配网设备=50744 主网线段=223 配网线段=189 主网站=10 遥信遥测=5829 ZWMEA=442 ZWSIGNAL=1567
2026-09-05 20:26:07 [INFO] core.topology_builder: 主网设备数量：1167
2026-09-05 20:26:07 [INFO] core.topology_builder: 配网设备数量：50744
2026-09-05 20:26:07 [INFO] core.topology_builder: 主网线路(ZLINEEND)数量：223
2026-09-05 20:26:07 [INFO] core.topology_builder: 配网线路(PWFEEDERLINE)数量：189
2026-09-05 20:26:07 [INFO] core.topology_builder: 主网站点(ZWSUBSTATION)数量：10
2026-09-05 20:26:07 [INFO] core.topology_builder: 遥信遥测(PWREAL)记录数：5829
2026-09-05 20:26:07 [INFO] core.topology_builder: 主网遥测(ZWMEA)：442 主网遥信(ZWSIGNAL)：1567
2026-09-05 20:26:07 [INFO] core.topology_builder: [Builder] 正在添加 1167 个主网设备和 50744 个配网设备...
2026-09-05 20:26:07 [INFO] core.topology_builder: 主网电源设备数=47
2026-09-05 20:26:07 [INFO] core.topology_builder: 主网电源设备识别: 47 台
2026-09-05 20:26:08 [DEBUG] core.topology_builder: 已处理 10000 个配网设备
2026-09-05 20:26:09 [DEBUG] core.topology_builder: 已处理 20000 个配网设备
2026-09-05 20:26:10 [DEBUG] core.topology_builder: 已处理 30000 个配网设备
2026-09-05 20:26:10 [DEBUG] core.topology_builder: 已处理 40000 个配网设备
2026-09-05 20:26:11 [DEBUG] core.topology_builder: 已处理 50000 个配网设备
2026-09-05 20:26:11 [INFO] core.topology_builder: 配网电源设备数=17643
2026-09-05 20:26:11 [INFO] core.topology_builder: 配网电源设备识别: 17643 台
2026-09-05 20:26:14 [INFO] core.topology_builder: 主配电源注入：0 台配网设备经共享连接点接入主网电源
2026-09-05 20:26:20 [INFO] core.topology_builder: [Builder] 配网真实端子数量:76354
2026-09-05 20:26:20 [INFO] core.topology_builder: [Builder] 主网真实端子数量:1562
2026-09-05 20:26:25 [INFO] core.topology_builder: [端子建边完成] 配网拓扑边数量：117276
2026-09-05 20:26:25 [INFO] core.topology_builder: [端子建边完成] 主网拓扑边数量：2632
2026-09-05 20:26:30 [INFO] core.measure_preprocess: [MeasurePreprocess] 遥信实测开关数量：0
2026-09-05 20:26:30 [INFO] core.measure_preprocess: [MeasurePreprocess] 默认合位开关数量：0
2026-09-05 20:26:30 [INFO] core.topology_builder: [遥信预处理统计] 总开关状态映射条目:0 实际挂载到设备:0
2026-09-05 20:26:30 [INFO] core.topology_builder: 遥信实测开关:0，赛题默认合位推演开关:0
2026-09-05 20:26:46 [INFO] core.topology_builder: 主配接口校验：通过=147 失败=42
2026-09-05 20:26:46 [INFO] core.topology_builder: [主配接口校验] 4.1/4.2 命中缺陷: 42
2026-09-05 20:26:46 [INFO] core.topology_builder: [电气逻辑校验] RULE-E01~E07 命中:4458
2026-09-05 20:26:46 [INFO] core.topology_builder: 开始执行拓扑异常检测：悬空、孤岛、断点
2026-09-05 20:26:51 [INFO] core.topology_builder: 主网异常数量：338，断点数量：4
2026-09-05 20:26:51 [INFO] core.topology_builder: 配网异常数量：726，断点数量：418
2026-09-05 20:26:51 [INFO] core.score_engine: 评分结果: 设备=50744 缺陷=1756 扣分=25.00 缺陷率=3.46% 缺陷率扣分=4.92 score_before=94.8 score_after=94.8
2026-09-05 20:26:51 [INFO] core.feeder_topology_analysis: Sheet3 联络开关: feeder=TMP00000188 识别到 1 个联络开关
2026-09-05 20:26:51 [DEBUG] core.feeder_topology_analysis: P1-P7 引擎产生 15 条断点候选
2026-09-05 20:26:51 [INFO] core.feeder_topology_analysis: Sheet2 断点定位: feeder=TMP00000188 共 378 条 (P1-P7 优先级排序)
2026-09-05 20:26:51 [INFO] core.feeder_topology_analysis: Sheet4 合环识别: feeder=TMP00000188 共 2 条
2026-09-05 20:33:37 [INFO] core.topology_builder: 主配数据拆分完成：主网设备=1167 配网设备=50744 主网线段=223 配网线段=189 主网站=10 遥信遥测=5829 ZWMEA=442 ZWSIGNAL=1567
2026-09-05 20:33:37 [INFO] core.topology_builder: 主网设备数量：1167
2026-09-05 20:33:37 [INFO] core.topology_builder: 配网设备数量：50744
2026-09-05 20:33:37 [INFO] core.topology_builder: 主网线路(ZLINEEND)数量：223
2026-09-05 20:33:37 [INFO] core.topology_builder: 配网线路(PWFEEDERLINE)数量：189
2026-09-05 20:33:37 [INFO] core.topology_builder: 主网站点(ZWSUBSTATION)数量：10
2026-09-05 20:33:37 [INFO] core.topology_builder: 遥信遥测(PWREAL)记录数：5829
2026-09-05 20:33:37 [INFO] core.topology_builder: 主网遥测(ZWMEA)：442 主网遥信(ZWSIGNAL)：1567
2026-09-05 20:33:37 [INFO] core.topology_builder: [Builder] 正在添加 1167 个主网设备和 50744 个配网设备...
2026-09-05 20:33:37 [INFO] core.topology_builder: 主网电源设备数=47
2026-09-05 20:33:37 [INFO] core.topology_builder: 主网电源设备识别: 47 台
2026-09-05 20:33:37 [DEBUG] core.topology_builder: 已处理 10000 个配网设备
2026-09-05 20:33:40 [DEBUG] core.topology_builder: 已处理 20000 个配网设备
2026-09-05 20:33:42 [DEBUG] core.topology_builder: 已处理 30000 个配网设备
2026-09-05 20:33:45 [DEBUG] core.topology_builder: 已处理 40000 个配网设备
2026-09-05 20:33:47 [DEBUG] core.topology_builder: 已处理 50000 个配网设备
2026-09-05 20:33:47 [INFO] core.topology_builder: 配网电源设备数=17643
2026-09-05 20:33:47 [INFO] core.topology_builder: 配网电源设备识别: 17643 台
2026-09-05 20:33:54 [INFO] core.topology_builder: 主配电源注入：0 台配网设备经共享连接点接入主网电源
2026-09-05 20:34:01 [INFO] core.topology_builder: [Builder] 配网真实端子数量:76354
2026-09-05 20:34:01 [INFO] core.topology_builder: [Builder] 主网真实端子数量:1562
2026-09-05 20:34:06 [INFO] core.topology_builder: [端子建边完成] 配网拓扑边数量：117276
2026-09-05 20:34:06 [INFO] core.topology_builder: [端子建边完成] 主网拓扑边数量：2632
2026-09-05 20:34:11 [INFO] core.measure_preprocess: [MeasurePreprocess] 遥信实测开关数量：0
2026-09-05 20:34:11 [INFO] core.measure_preprocess: [MeasurePreprocess] 默认合位开关数量：0
2026-09-05 20:34:11 [INFO] core.topology_builder: [遥信预处理统计] 总开关状态映射条目:0 实际挂载到设备:0
2026-09-05 20:34:11 [INFO] core.topology_builder: 遥信实测开关:0，赛题默认合位推演开关:0
2026-09-05 20:34:21 [INFO] core.topology_builder: 主配接口校验：通过=147 失败=42
2026-09-05 20:34:21 [INFO] core.topology_builder: [主配接口校验] 4.1/4.2 命中缺陷: 42
2026-09-05 20:34:21 [INFO] core.topology_builder: [电气逻辑校验] RULE-E01~E07 命中:4458
2026-09-05 20:34:21 [INFO] core.topology_builder: 开始执行拓扑异常检测：悬空、孤岛、断点
2026-09-05 20:34:25 [INFO] core.topology_builder: 主网异常数量：338，断点数量：4
2026-09-05 20:34:25 [INFO] core.topology_builder: 配网异常数量：726，断点数量：418
2026-09-05 20:34:25 [INFO] core.score_engine: 评分结果: 设备=50744 缺陷=1756 扣分=25.00 缺陷率=3.46% 缺陷率扣分=4.92 score_before=94.8 score_after=100.0
2026-09-05 20:34:26 [INFO] core.feeder_topology_analysis: Sheet3 联络开关: feeder=TMP00000188 识别到 1 个联络开关
2026-09-05 20:34:26 [DEBUG] core.feeder_topology_analysis: P1-P7 引擎产生 15 条断点候选
2026-09-05 20:34:26 [INFO] core.feeder_topology_analysis: Sheet2 断点定位: feeder=TMP00000188 共 378 条 (P1-P7 优先级排序)
2026-09-05 20:34:26 [INFO] core.feeder_topology_analysis: Sheet4 合环识别: feeder=TMP00000188 共 2 条
2026-09-05 20:36:24 [INFO] core.topology_builder: 主配数据拆分完成：主网设备=1167 配网设备=50744 主网线段=223 配网线段=189 主网站=10 遥信遥测=5829 ZWMEA=442 ZWSIGNAL=1567
2026-09-05 20:36:24 [INFO] core.topology_builder: 主网设备数量：1167
2026-09-05 20:36:24 [INFO] core.topology_builder: 配网设备数量：50744
2026-09-05 20:36:24 [INFO] core.topology_builder: 主网线路(ZLINEEND)数量：223
2026-09-05 20:36:24 [INFO] core.topology_builder: 配网线路(PWFEEDERLINE)数量：189
2026-09-05 20:36:24 [INFO] core.topology_builder: 主网站点(ZWSUBSTATION)数量：10
2026-09-05 20:36:24 [INFO] core.topology_builder: 遥信遥测(PWREAL)记录数：5829
2026-09-05 20:36:24 [INFO] core.topology_builder: 主网遥测(ZWMEA)：442 主网遥信(ZWSIGNAL)：1567
2026-09-05 20:36:24 [INFO] core.topology_builder: [Builder] 正在添加 1167 个主网设备和 50744 个配网设备...
2026-09-05 20:36:24 [INFO] core.topology_builder: 主网电源设备数=47
2026-09-05 20:36:24 [INFO] core.topology_builder: 主网电源设备识别: 47 台
2026-09-05 20:36:25 [DEBUG] core.topology_builder: 已处理 10000 个配网设备
2026-09-05 20:36:25 [DEBUG] core.topology_builder: 已处理 20000 个配网设备
2026-09-05 20:36:26 [DEBUG] core.topology_builder: 已处理 30000 个配网设备
2026-09-05 20:36:27 [DEBUG] core.topology_builder: 已处理 40000 个配网设备
2026-09-05 20:36:27 [DEBUG] core.topology_builder: 已处理 50000 个配网设备
2026-09-05 20:36:27 [INFO] core.topology_builder: 配网电源设备数=17643
2026-09-05 20:36:27 [INFO] core.topology_builder: 配网电源设备识别: 17643 台
2026-09-05 20:36:30 [INFO] core.topology_builder: 主配电源注入：0 台配网设备经共享连接点接入主网电源
2026-09-05 20:36:36 [INFO] core.topology_builder: [Builder] 配网真实端子数量:76354
2026-09-05 20:36:36 [INFO] core.topology_builder: [Builder] 主网真实端子数量:1562
2026-09-05 20:36:41 [INFO] core.topology_builder: [端子建边完成] 配网拓扑边数量：117276
2026-09-05 20:36:41 [INFO] core.topology_builder: [端子建边完成] 主网拓扑边数量：2632
2026-09-05 20:36:45 [INFO] core.measure_preprocess: [MeasurePreprocess] 遥信实测开关数量：0
2026-09-05 20:36:45 [INFO] core.measure_preprocess: [MeasurePreprocess] 默认合位开关数量：0
2026-09-05 20:36:45 [INFO] core.topology_builder: [遥信预处理统计] 总开关状态映射条目:0 实际挂载到设备:0
2026-09-05 20:36:45 [INFO] core.topology_builder: 遥信实测开关:0，赛题默认合位推演开关:0
2026-09-05 20:36:55 [INFO] core.topology_builder: 主配接口校验：通过=147 失败=42
2026-09-05 20:36:55 [INFO] core.topology_builder: [主配接口校验] 4.1/4.2 命中缺陷: 42
2026-09-05 20:36:55 [INFO] core.topology_builder: [电气逻辑校验] RULE-E01~E07 命中:4458
2026-09-05 20:36:55 [INFO] core.topology_builder: 开始执行拓扑异常检测：悬空、孤岛、断点
2026-09-05 20:36:58 [INFO] core.topology_builder: 主网异常数量：338，断点数量：4
2026-09-05 20:36:58 [INFO] core.topology_builder: 配网异常数量：726，断点数量：418
2026-09-05 20:36:58 [INFO] core.score_engine: 评分结果: 设备=50744 缺陷=1756 扣分=25.00 缺陷率=3.46% 缺陷率扣分=4.92 score_before=94.8 score_after=100.0
2026-09-05 20:36:59 [INFO] core.feeder_topology_analysis: Sheet3 联络开关: feeder=TMP00000188 识别到 1 个联络开关
2026-09-05 20:36:59 [DEBUG] core.feeder_topology_analysis: P1-P7 引擎产生 15 条断点候选
2026-09-05 20:36:59 [INFO] core.feeder_topology_analysis: Sheet2 断点定位: feeder=TMP00000188 共 378 条 (P1-P7 优先级排序)
2026-09-05 20:36:59 [INFO] core.feeder_topology_analysis: Sheet4 合环识别: feeder=TMP00000188 共 2 条
2026-09-05 20:37:08 [INFO] core.score_engine: 评分结果: 设备=50744 缺陷=1837 扣分=25.00 缺陷率=3.62% 缺陷率扣分=5.24 score_before=94.5 score_after=100.0
2026-09-05 20:37:09 [INFO] core.feeder_topology_analysis: Sheet3 联络开关: feeder=TMP00000189 识别到 1 个联络开关
2026-09-05 20:37:09 [DEBUG] core.feeder_topology_analysis: P1-P7 引擎产生 54 条断点候选
2026-09-05 20:37:09 [INFO] core.feeder_topology_analysis: Sheet2 断点定位: feeder=TMP00000189 共 256 条 (P1-P7 优先级排序)
2026-09-05 20:37:09 [INFO] core.feeder_topology_analysis: Sheet4 合环识别: feeder=TMP00000189 共 9 条
2026-09-05 20:58:31 [INFO] core.topology_builder: 主配数据拆分完成：主网设备=1167 配网设备=50744 主网线段=223 配网线段=189 主网站=10 遥信遥测=5829 ZWMEA=442 ZWSIGNAL=1567
2026-09-05 20:58:31 [INFO] core.topology_builder: 主网设备数量：1167
2026-09-05 20:58:31 [INFO] core.topology_builder: 配网设备数量：50744
2026-09-05 20:58:31 [INFO] core.topology_builder: 主网线路(ZLINEEND)数量：223
2026-09-05 20:58:31 [INFO] core.topology_builder: 配网线路(PWFEEDERLINE)数量：189
2026-09-05 20:58:31 [INFO] core.topology_builder: 主网站点(ZWSUBSTATION)数量：10
2026-09-05 20:58:31 [INFO] core.topology_builder: 遥信遥测(PWREAL)记录数：5829
2026-09-05 20:58:31 [INFO] core.topology_builder: 主网遥测(ZWMEA)：442 主网遥信(ZWSIGNAL)：1567
2026-09-05 20:58:31 [INFO] core.topology_builder: [Builder] 正在添加 1167 个主网设备和 50744 个配网设备...
2026-09-05 20:58:31 [INFO] core.topology_builder: 主网电源设备数=47
2026-09-05 20:58:31 [INFO] core.topology_builder: 主网电源设备识别: 47 台
2026-09-05 20:58:32 [DEBUG] core.topology_builder: 已处理 10000 个配网设备
2026-09-05 20:58:33 [DEBUG] core.topology_builder: 已处理 20000 个配网设备
2026-09-05 20:58:33 [DEBUG] core.topology_builder: 已处理 30000 个配网设备
2026-09-05 20:58:34 [DEBUG] core.topology_builder: 已处理 40000 个配网设备
2026-09-05 20:58:35 [DEBUG] core.topology_builder: 已处理 50000 个配网设备
2026-09-05 20:58:35 [INFO] core.topology_builder: 配网电源设备数=17643
2026-09-05 20:58:35 [INFO] core.topology_builder: 配网电源设备识别: 17643 台
2026-09-05 20:58:37 [INFO] core.topology_builder: 主配电源注入：0 台配网设备经共享连接点接入主网电源
2026-09-05 20:58:44 [INFO] core.topology_builder: [Builder] 配网真实端子数量:76354
2026-09-05 20:58:44 [INFO] core.topology_builder: [Builder] 主网真实端子数量:1562
2026-09-05 20:58:49 [INFO] core.topology_builder: [端子建边完成] 配网拓扑边数量：117276
2026-09-05 20:58:49 [INFO] core.topology_builder: [端子建边完成] 主网拓扑边数量：2632
2026-09-05 20:58:54 [INFO] core.measure_preprocess: [MeasurePreprocess] 遥信实测开关数量：6666
2026-09-05 20:58:54 [INFO] core.measure_preprocess: [MeasurePreprocess] 默认合位开关数量：10942
2026-09-05 20:58:54 [INFO] core.topology_builder: [遥信预处理统计] 总开关状态映射条目:17608 实际挂载到设备:16592
2026-09-05 20:58:54 [INFO] core.topology_builder: 遥信实测开关:6666，赛题默认合位推演开关:10942
2026-09-05 20:59:04 [INFO] core.topology_builder: 主配接口校验：通过=147 失败=42
2026-09-05 20:59:04 [INFO] core.topology_builder: [主配接口校验] 4.1/4.2 命中缺陷: 42
2026-09-05 20:59:04 [INFO] core.topology_builder: [电气逻辑校验] RULE-E01~E07 命中:4458
2026-09-05 20:59:04 [INFO] core.topology_builder: 开始执行拓扑异常检测：悬空、孤岛、断点
2026-09-05 20:59:08 [INFO] core.topology_builder: 主网异常数量：338，断点数量：4
2026-09-05 20:59:08 [INFO] core.topology_builder: 配网异常数量：726，断点数量：418
2026-09-05 20:59:08 [INFO] core.score_engine: 评分结果: 设备=50744 缺陷=1756 扣分=25.00 缺陷率=3.46% 缺陷率扣分=4.92 score_before=94.8 score_after=100.0
2026-09-05 20:59:08 [INFO] core.feeder_topology_analysis: Sheet3 联络开关: feeder=TMP00000188 识别到 1 个联络开关
2026-09-05 20:59:08 [DEBUG] core.feeder_topology_analysis: P1-P7 引擎产生 15 条断点候选
2026-09-05 20:59:08 [INFO] core.feeder_topology_analysis: Sheet2 断点定位: feeder=TMP00000188 共 378 条 (P1-P7 优先级排序)
2026-09-05 20:59:08 [INFO] core.feeder_topology_analysis: Sheet4 合环识别: feeder=TMP00000188 共 2 条
2026-09-05 21:00:40 [INFO] core.topology_builder: 主配数据拆分完成：主网设备=1167 配网设备=50744 主网线段=223 配网线段=189 主网站=10 遥信遥测=5829 ZWMEA=442 ZWSIGNAL=1567
2026-09-05 21:00:40 [INFO] core.topology_builder: 主网设备数量：1167
2026-09-05 21:00:40 [INFO] core.topology_builder: 配网设备数量：50744
2026-09-05 21:00:40 [INFO] core.topology_builder: 主网线路(ZLINEEND)数量：223
2026-09-05 21:00:40 [INFO] core.topology_builder: 配网线路(PWFEEDERLINE)数量：189
2026-09-05 21:00:40 [INFO] core.topology_builder: 主网站点(ZWSUBSTATION)数量：10
2026-09-05 21:00:40 [INFO] core.topology_builder: 遥信遥测(PWREAL)记录数：5829
2026-09-05 21:00:40 [INFO] core.topology_builder: 主网遥测(ZWMEA)：442 主网遥信(ZWSIGNAL)：1567
2026-09-05 21:00:40 [INFO] core.topology_builder: [Builder] 正在添加 1167 个主网设备和 50744 个配网设备...
2026-09-05 21:00:40 [INFO] core.topology_builder: 主网电源设备数=47
2026-09-05 21:00:40 [INFO] core.topology_builder: 主网电源设备识别: 47 台
2026-09-05 21:00:41 [DEBUG] core.topology_builder: 已处理 10000 个配网设备
2026-09-05 21:00:42 [DEBUG] core.topology_builder: 已处理 20000 个配网设备
2026-09-05 21:00:42 [DEBUG] core.topology_builder: 已处理 30000 个配网设备
2026-09-05 21:00:43 [DEBUG] core.topology_builder: 已处理 40000 个配网设备
2026-09-05 21:00:44 [DEBUG] core.topology_builder: 已处理 50000 个配网设备
2026-09-05 21:00:44 [INFO] core.topology_builder: 配网电源设备数=17643
2026-09-05 21:00:44 [INFO] core.topology_builder: 配网电源设备识别: 17643 台
2026-09-05 21:00:46 [INFO] core.topology_builder: 主配电源注入：0 台配网设备经共享连接点接入主网电源
2026-09-05 21:00:53 [INFO] core.topology_builder: [Builder] 配网真实端子数量:76354
2026-09-05 21:00:53 [INFO] core.topology_builder: [Builder] 主网真实端子数量:1562
2026-09-05 21:00:58 [INFO] core.topology_builder: [端子建边完成] 配网拓扑边数量：117276
2026-09-05 21:00:58 [INFO] core.topology_builder: [端子建边完成] 主网拓扑边数量：2632
2026-09-05 21:01:03 [INFO] core.measure_preprocess: [MeasurePreprocess] 遥信实测开关数量：6666
2026-09-05 21:01:03 [INFO] core.measure_preprocess: [MeasurePreprocess] 默认合位开关数量：10942
2026-09-05 21:01:03 [INFO] core.topology_builder: [遥信预处理统计] 总开关状态映射条目:17608 实际挂载到设备:16592
2026-09-05 21:01:03 [INFO] core.topology_builder: 遥信实测开关:6666，赛题默认合位推演开关:10942
2026-09-05 21:01:14 [INFO] core.topology_builder: 主配接口校验：通过=147 失败=42
2026-09-05 21:01:14 [INFO] core.topology_builder: [主配接口校验] 4.1/4.2 命中缺陷: 42
2026-09-05 21:01:14 [INFO] core.topology_builder: [电气逻辑校验] RULE-E01~E07 命中:4458
2026-09-05 21:01:14 [INFO] core.topology_builder: 开始执行拓扑异常检测：悬空、孤岛、断点
2026-09-05 21:01:18 [INFO] core.topology_builder: 主网异常数量：338，断点数量：4
2026-09-05 21:01:18 [INFO] core.topology_builder: 配网异常数量：726，断点数量：418
2026-09-05 21:01:18 [INFO] core.score_engine: 评分结果: 设备=50744 缺陷=1756 扣分=25.00 缺陷率=3.46% 缺陷率扣分=4.92 score_before=94.8 score_after=100.0
2026-09-05 21:01:19 [INFO] core.feeder_topology_analysis: Sheet3 联络开关: feeder=TMP00000188 识别到 1 个联络开关
2026-09-05 21:01:19 [DEBUG] core.feeder_topology_analysis: P1-P7 引擎产生 15 条断点候选
2026-09-05 21:01:19 [INFO] core.feeder_topology_analysis: Sheet2 断点定位: feeder=TMP00000188 共 378 条 (P1-P7 优先级排序)
2026-09-05 21:01:19 [INFO] core.feeder_topology_analysis: Sheet4 合环识别: feeder=TMP00000188 共 2 条
2026-09-05 21:04:13 [INFO] core.topology_builder: 主配数据拆分完成：主网设备=1167 配网设备=50744 主网线段=223 配网线段=189 主网站=10 遥信遥测=5829 ZWMEA=442 ZWSIGNAL=1567
2026-09-05 21:04:13 [INFO] core.topology_builder: 主网设备数量：1167
2026-09-05 21:04:13 [INFO] core.topology_builder: 配网设备数量：50744
2026-09-05 21:04:13 [INFO] core.topology_builder: 主网线路(ZLINEEND)数量：223
2026-09-05 21:04:13 [INFO] core.topology_builder: 配网线路(PWFEEDERLINE)数量：189
2026-09-05 21:04:13 [INFO] core.topology_builder: 主网站点(ZWSUBSTATION)数量：10
2026-09-05 21:04:13 [INFO] core.topology_builder: 遥信遥测(PWREAL)记录数：5829
2026-09-05 21:04:13 [INFO] core.topology_builder: 主网遥测(ZWMEA)：442 主网遥信(ZWSIGNAL)：1567
2026-09-05 21:04:13 [INFO] core.topology_builder: [Builder] 正在添加 1167 个主网设备和 50744 个配网设备...
2026-09-05 21:04:13 [INFO] core.topology_builder: 主网电源设备数=47
2026-09-05 21:04:13 [INFO] core.topology_builder: 主网电源设备识别: 47 台
2026-09-05 21:04:13 [DEBUG] core.topology_builder: 已处理 10000 个配网设备
2026-09-05 21:04:14 [DEBUG] core.topology_builder: 已处理 20000 个配网设备
2026-09-05 21:04:15 [DEBUG] core.topology_builder: 已处理 30000 个配网设备
2026-09-05 21:04:15 [DEBUG] core.topology_builder: 已处理 40000 个配网设备
2026-09-05 21:04:16 [DEBUG] core.topology_builder: 已处理 50000 个配网设备
2026-09-05 21:04:16 [INFO] core.topology_builder: 配网电源设备数=17643
2026-09-05 21:04:16 [INFO] core.topology_builder: 配网电源设备识别: 17643 台
2026-09-05 21:04:19 [INFO] core.topology_builder: 主配电源注入：0 台配网设备经共享连接点接入主网电源
2026-09-05 21:04:25 [INFO] core.topology_builder: [Builder] 配网真实端子数量:76354
2026-09-05 21:04:25 [INFO] core.topology_builder: [Builder] 主网真实端子数量:1562
2026-09-05 21:04:30 [INFO] core.topology_builder: [端子建边完成] 配网拓扑边数量：117276
2026-09-05 21:04:30 [INFO] core.topology_builder: [端子建边完成] 主网拓扑边数量：2632
2026-09-05 21:04:35 [INFO] core.measure_preprocess: [MeasurePreprocess] 遥信实测开关数量：6666
2026-09-05 21:04:35 [INFO] core.measure_preprocess: [MeasurePreprocess] 默认合位开关数量：10942
2026-09-05 21:04:35 [INFO] core.topology_builder: [遥信预处理统计] 总开关状态映射条目:17608 实际挂载到设备:16592
2026-09-05 21:04:35 [INFO] core.topology_builder: 遥信实测开关:6666，赛题默认合位推演开关:10942
2026-09-05 21:04:45 [INFO] core.topology_builder: 主配接口校验：通过=147 失败=42
2026-09-05 21:04:45 [INFO] core.topology_builder: [主配接口校验] 4.1/4.2 命中缺陷: 42
2026-09-05 21:04:45 [INFO] core.topology_builder: [电气逻辑校验] RULE-E01~E07 命中:4458
2026-09-05 21:04:45 [INFO] core.topology_builder: 开始执行拓扑异常检测：悬空、孤岛、断点
2026-09-05 21:04:48 [INFO] core.topology_builder: 主网异常数量：338，断点数量：4
2026-09-05 21:04:48 [INFO] core.topology_builder: 配网异常数量：726，断点数量：418
2026-09-05 21:04:49 [INFO] core.score_engine: 评分结果: 设备=50744 缺陷=1756 扣分=25.00 缺陷率=3.46% 缺陷率扣分=4.92 score_before=94.8 score_after=100.0
2026-09-05 21:04:49 [INFO] core.feeder_topology_analysis: Sheet3 联络开关: feeder=TMP00000188 识别到 1 个联络开关
2026-09-05 21:04:49 [DEBUG] core.feeder_topology_analysis: P1-P7 引擎产生 15 条断点候选
2026-09-05 21:04:49 [INFO] core.feeder_topology_analysis: Sheet2 断点定位: feeder=TMP00000188 共 378 条 (P1-P7 优先级排序)
2026-09-05 21:04:49 [INFO] core.feeder_topology_analysis: Sheet4 合环识别: feeder=TMP00000188 共 2 条
2026-09-05 21:04:59 [INFO] core.score_engine: 评分结果: 设备=50744 缺陷=1837 扣分=25.00 缺陷率=3.62% 缺陷率扣分=5.24 score_before=94.5 score_after=100.0
2026-09-05 21:04:59 [INFO] core.feeder_topology_analysis: Sheet3 联络开关: feeder=TMP00000189 识别到 1 个联络开关
2026-09-05 21:04:59 [DEBUG] core.feeder_topology_analysis: P1-P7 引擎产生 54 条断点候选
2026-09-05 21:04:59 [INFO] core.feeder_topology_analysis: Sheet2 断点定位: feeder=TMP00000189 共 256 条 (P1-P7 优先级排序)
2026-09-05 21:04:59 [INFO] core.feeder_topology_analysis: Sheet4 合环识别: feeder=TMP00000189 共 9 条
2026-09-06 14:05:06 [INFO] core.topology_builder: 主配数据拆分完成：主网设备=1167 配网设备=50744 主网线段=223 配网线段=189 主网站=10 遥信遥测=5829 ZWMEA=442 ZWSIGNAL=1567
2026-09-06 14:05:06 [INFO] core.topology_builder: 主网设备数量：1167
2026-09-06 14:05:06 [INFO] core.topology_builder: 配网设备数量：50744
2026-09-06 14:05:06 [INFO] core.topology_builder: 主网线路(ZLINEEND)数量：223
2026-09-06 14:05:06 [INFO] core.topology_builder: 配网线路(PWFEEDERLINE)数量：189
2026-09-06 14:05:06 [INFO] core.topology_builder: 主网站点(ZWSUBSTATION)数量：10
2026-09-06 14:05:06 [INFO] core.topology_builder: 遥信遥测(PWREAL)记录数：5829
2026-09-06 14:05:06 [INFO] core.topology_builder: 主网遥测(ZWMEA)：442 主网遥信(ZWSIGNAL)：1567
2026-09-06 14:05:06 [INFO] core.topology_builder: [Builder] 正在添加 1167 个主网设备和 50744 个配网设备...
2026-09-06 14:05:06 [INFO] core.topology_builder: 主网电源设备数=47
2026-09-06 14:05:06 [INFO] core.topology_builder: 主网电源设备识别: 47 台
2026-09-06 14:05:07 [DEBUG] core.topology_builder: 已处理 10000 个配网设备
2026-09-06 14:05:08 [DEBUG] core.topology_builder: 已处理 20000 个配网设备
2026-09-06 14:05:09 [DEBUG] core.topology_builder: 已处理 30000 个配网设备
2026-09-06 14:05:09 [DEBUG] core.topology_builder: 已处理 40000 个配网设备
2026-09-06 14:05:10 [DEBUG] core.topology_builder: 已处理 50000 个配网设备
2026-09-06 14:05:10 [INFO] core.topology_builder: 配网电源设备数=17643
2026-09-06 14:05:10 [INFO] core.topology_builder: 配网电源设备识别: 17643 台
2026-09-06 14:05:14 [INFO] core.topology_builder: 主配电源注入：0 台配网设备经共享连接点接入主网电源
2026-09-06 14:05:22 [INFO] core.topology_builder: [Builder] 配网真实端子数量:76354
2026-09-06 14:05:22 [INFO] core.topology_builder: [Builder] 主网真实端子数量:1562
2026-09-06 14:05:27 [INFO] core.topology_builder: [端子建边完成] 配网拓扑边数量：117276
2026-09-06 14:05:27 [INFO] core.topology_builder: [端子建边完成] 主网拓扑边数量：2632
2026-09-06 14:05:33 [INFO] core.measure_preprocess: [MeasurePreprocess] 遥信实测开关数量：6666
2026-09-06 14:05:33 [INFO] core.measure_preprocess: [MeasurePreprocess] 默认合位开关数量：10942
2026-09-06 14:05:33 [INFO] core.topology_builder: [遥信预处理统计] 总开关状态映射条目:17608 实际挂载到设备:16592
2026-09-06 14:05:33 [INFO] core.topology_builder: 遥信实测开关:6666，赛题默认合位推演开关:10942
2026-09-06 14:05:46 [INFO] core.topology_builder: 主配接口校验：通过=147 失败=42
2026-09-06 14:05:46 [INFO] core.topology_builder: [主配接口校验] 4.1/4.2 命中缺陷: 42
2026-09-06 14:05:46 [INFO] core.topology_builder: [电气逻辑校验] RULE-E01~E07 命中:4458
2026-09-06 14:05:46 [INFO] core.topology_builder: 开始执行拓扑异常检测：悬空、孤岛、断点
2026-09-06 14:05:50 [INFO] core.topology_builder: 主网异常数量：338，断点数量：4
2026-09-06 14:05:50 [INFO] core.topology_builder: 配网异常数量：726，断点数量：418
2026-09-06 14:05:50 [INFO] core.score_engine: 评分结果: 设备=50744 缺陷=1756 扣分=25.00 缺陷率=3.46% 缺陷率扣分=4.92 score_before=70.1 score_after=100.0
2026-09-06 14:05:51 [INFO] core.feeder_topology_analysis: Sheet3 联络开关: feeder=TMP00000188 识别到 1 个联络开关
2026-09-06 14:05:51 [DEBUG] core.feeder_topology_analysis: P1-P7 引擎产生 15 条断点候选
2026-09-06 14:05:51 [INFO] core.feeder_topology_analysis: Sheet2 断点定位: feeder=TMP00000188 共 378 条 (P1-P7 优先级排序)
2026-09-06 14:05:51 [INFO] core.feeder_topology_analysis: Sheet4 合环识别: feeder=TMP00000188 共 2 条
2026-09-06 14:06:03 [INFO] core.score_engine: 评分结果: 设备=50744 缺陷=1837 扣分=25.00 缺陷率=3.62% 缺陷率扣分=5.24 score_before=69.8 score_after=100.0
2026-09-06 14:06:03 [INFO] core.feeder_topology_analysis: Sheet3 联络开关: feeder=TMP00000189 识别到 1 个联络开关
2026-09-06 14:06:03 [DEBUG] core.feeder_topology_analysis: P1-P7 引擎产生 54 条断点候选
2026-09-06 14:06:03 [INFO] core.feeder_topology_analysis: Sheet2 断点定位: feeder=TMP00000189 共 256 条 (P1-P7 优先级排序)
2026-09-06 14:06:03 [INFO] core.feeder_topology_analysis: Sheet4 合环识别: feeder=TMP00000189 共 9 条
2026-09-06 14:08:46 [INFO] core.topology_builder: 主配数据拆分完成：主网设备=1167 配网设备=50744 主网线段=223 配网线段=189 主网站=10 遥信遥测=5829 ZWMEA=442 ZWSIGNAL=1567
2026-09-06 14:08:46 [INFO] core.topology_builder: 主网设备数量：1167
2026-09-06 14:08:46 [INFO] core.topology_builder: 配网设备数量：50744
2026-09-06 14:08:46 [INFO] core.topology_builder: 主网线路(ZLINEEND)数量：223
2026-09-06 14:08:46 [INFO] core.topology_builder: 配网线路(PWFEEDERLINE)数量：189
2026-09-06 14:08:46 [INFO] core.topology_builder: 主网站点(ZWSUBSTATION)数量：10
2026-09-06 14:08:46 [INFO] core.topology_builder: 遥信遥测(PWREAL)记录数：5829
2026-09-06 14:08:46 [INFO] core.topology_builder: 主网遥测(ZWMEA)：442 主网遥信(ZWSIGNAL)：1567
2026-09-06 14:08:46 [INFO] core.topology_builder: [Builder] 正在添加 1167 个主网设备和 50744 个配网设备...
2026-09-06 14:08:46 [INFO] core.topology_builder: 主网电源设备数=47
2026-09-06 14:08:46 [INFO] core.topology_builder: 主网电源设备识别: 47 台
2026-09-06 14:08:47 [DEBUG] core.topology_builder: 已处理 10000 个配网设备
2026-09-06 14:08:47 [DEBUG] core.topology_builder: 已处理 20000 个配网设备
2026-09-06 14:08:48 [DEBUG] core.topology_builder: 已处理 30000 个配网设备
2026-09-06 14:08:49 [DEBUG] core.topology_builder: 已处理 40000 个配网设备
2026-09-06 14:08:50 [DEBUG] core.topology_builder: 已处理 50000 个配网设备
2026-09-06 14:08:50 [INFO] core.topology_builder: 配网电源设备数=17643
2026-09-06 14:08:50 [INFO] core.topology_builder: 配网电源设备识别: 17643 台
2026-09-06 14:08:53 [INFO] core.topology_builder: 主配电源注入：0 台配网设备经共享连接点接入主网电源
2026-09-06 14:09:02 [INFO] core.topology_builder: [Builder] 配网真实端子数量:76354
2026-09-06 14:09:02 [INFO] core.topology_builder: [Builder] 主网真实端子数量:1562
2026-09-06 14:09:08 [INFO] core.topology_builder: [端子建边完成] 配网拓扑边数量：117276
2026-09-06 14:09:08 [INFO] core.topology_builder: [端子建边完成] 主网拓扑边数量：2632
2026-09-06 14:09:15 [INFO] core.measure_preprocess: [MeasurePreprocess] 遥信实测开关数量：6666
2026-09-06 14:09:15 [INFO] core.measure_preprocess: [MeasurePreprocess] 默认合位开关数量：10942
2026-09-06 14:09:15 [INFO] core.topology_builder: [遥信预处理统计] 总开关状态映射条目:17608 实际挂载到设备:16592
2026-09-06 14:09:15 [INFO] core.topology_builder: 遥信实测开关:6666，赛题默认合位推演开关:10942
2026-09-06 14:09:28 [INFO] core.topology_builder: 主配接口校验：通过=147 失败=42
2026-09-06 14:09:28 [INFO] core.topology_builder: [主配接口校验] 4.1/4.2 命中缺陷: 42
2026-09-06 14:09:28 [INFO] core.topology_builder: [电气逻辑校验] RULE-E01~E07 命中:4458
2026-09-06 14:09:28 [INFO] core.topology_builder: 开始执行拓扑异常检测：悬空、孤岛、断点
2026-09-06 14:09:32 [INFO] core.topology_builder: 主网异常数量：338，断点数量：4
2026-09-06 14:09:32 [INFO] core.topology_builder: 配网异常数量：726，断点数量：418
2026-09-06 14:09:44 [INFO] core.topology_builder: 主配接口校验：通过=147 失败=42
2026-09-06 14:09:44 [INFO] core.topology_builder: [主配接口校验] 4.1/4.2 命中缺陷: 42
2026-09-06 14:09:45 [INFO] data_io.data_writer: Exported CSV -> D:\挑战杯\tiaozhanbeigit\power_topology_verify\output\csv\sample_abnormal.csv (1 rows)
2026-09-06 14:09:45 [INFO] data_io.data_writer: Exported JSON -> D:\挑战杯\tiaozhanbeigit\power_topology_verify\output\json\sample_abnormal.json (1 rows)
2026-09-06 14:22:21 [INFO] core.topology_builder: 主配数据拆分完成：主网设备=1167 配网设备=50744 主网线段=223 配网线段=189 主网站=10 遥信遥测=5829 ZWMEA=442 ZWSIGNAL=1567
2026-09-06 14:22:21 [INFO] core.topology_builder: 主网设备数量：1167
2026-09-06 14:22:21 [INFO] core.topology_builder: 配网设备数量：50744
2026-09-06 14:22:21 [INFO] core.topology_builder: 主网线路(ZLINEEND)数量：223
2026-09-06 14:22:21 [INFO] core.topology_builder: 配网线路(PWFEEDERLINE)数量：189
2026-09-06 14:22:21 [INFO] core.topology_builder: 主网站点(ZWSUBSTATION)数量：10
2026-09-06 14:22:21 [INFO] core.topology_builder: 遥信遥测(PWREAL)记录数：5829
2026-09-06 14:22:21 [INFO] core.topology_builder: 主网遥测(ZWMEA)：442 主网遥信(ZWSIGNAL)：1567
2026-09-06 14:22:21 [INFO] core.topology_builder: [Builder] 正在添加 1167 个主网设备和 50744 个配网设备...
2026-09-06 14:22:21 [INFO] core.topology_builder: 主网电源设备数=47
2026-09-06 14:22:21 [INFO] core.topology_builder: 主网电源设备识别: 47 台
2026-09-06 14:22:23 [DEBUG] core.topology_builder: 已处理 10000 个配网设备
2026-09-06 14:22:26 [DEBUG] core.topology_builder: 已处理 20000 个配网设备
2026-09-06 14:22:28 [DEBUG] core.topology_builder: 已处理 30000 个配网设备
2026-09-06 14:22:31 [DEBUG] core.topology_builder: 已处理 40000 个配网设备
2026-09-06 14:22:33 [DEBUG] core.topology_builder: 已处理 50000 个配网设备
2026-09-06 14:22:33 [INFO] core.topology_builder: 配网电源设备数=17643
2026-09-06 14:22:33 [INFO] core.topology_builder: 配网电源设备识别: 17643 台
2026-09-06 14:22:41 [INFO] core.topology_builder: 主配电源注入：0 台配网设备经共享连接点接入主网电源
2026-09-06 14:23:00 [INFO] core.topology_builder: [Builder] 配网真实端子数量:76354
2026-09-06 14:23:00 [INFO] core.topology_builder: [Builder] 主网真实端子数量:1562
2026-09-06 14:23:15 [INFO] core.topology_builder: [端子建边完成] 配网拓扑边数量：117276
2026-09-06 14:23:15 [INFO] core.topology_builder: [端子建边完成] 主网拓扑边数量：2632
2026-09-06 14:23:30 [INFO] core.measure_preprocess: [MeasurePreprocess] 遥信实测开关数量：6666
2026-09-06 14:23:30 [INFO] core.measure_preprocess: [MeasurePreprocess] 默认合位开关数量：10942
2026-09-06 14:23:30 [INFO] core.topology_builder: [遥信预处理统计] 总开关状态映射条目:17608 实际挂载到设备:16592
2026-09-06 14:23:30 [INFO] core.topology_builder: 遥信实测开关:6666，赛题默认合位推演开关:10942
2026-09-06 14:23:59 [INFO] core.topology_builder: 主配接口校验：通过=147 失败=42
2026-09-06 14:23:59 [INFO] core.topology_builder: [主配接口校验] 4.1/4.2 命中缺陷: 42
2026-09-06 14:23:59 [INFO] core.topology_builder: [电气逻辑校验] RULE-E01~E07 命中:4458
2026-09-06 14:23:59 [INFO] core.topology_builder: 开始执行拓扑异常检测：悬空、孤岛、断点
2026-09-06 14:24:04 [INFO] core.topology_builder: 主网异常数量：338，断点数量：4
2026-09-06 14:24:04 [INFO] core.topology_builder: 配网异常数量：726，断点数量：418
2026-09-06 14:24:05 [INFO] core.score_engine: 评分结果: 设备=50744 缺陷=1756 扣分=25.00 缺陷率=3.46% 缺陷率扣分=4.92 score_before=70.1 score_after=100.0
2026-09-06 14:24:05 [INFO] core.enhanced_report_generator: [增强报告] 开始为 LINE215 生成增强报告
2026-09-06 14:24:05 [INFO] core.enhanced_report_generator: [增强报告] 评估数据源质量...
2026-09-06 14:24:05 [INFO] core.physical_constraint_checker: [物理约束] 数据源可信度: 遥测=0.00, SVG=0.77, 数据库=0.90
2026-09-06 14:24:05 [INFO] core.enhanced_report_generator: [增强报告] 执行物理约束校验...
2026-09-06 14:24:05 [INFO] core.physical_constraint_checker: [物理约束] 数据源可信度: 遥测=0.00, SVG=0.77, 数据库=0.90
2026-09-06 14:24:05 [INFO] core.physical_constraint_checker: [物理约束] 开始KCL校验, 共100个节点
2026-09-06 14:24:05 [INFO] core.physical_constraint_checker: [物理约束] 开始支路约束校验, 共50个开关
2026-09-06 14:24:05 [INFO] core.enhanced_report_generator: [增强报告] 处理 1756 个缺陷...
2026-09-06 14:24:05 [INFO] core.enhanced_report_generator: [增强报告] 排序修复方案...
2026-09-06 14:24:05 [INFO] core.repair_ranking_engine: [修复排序] 处理1756个修复候选, 最高优先级=0.500(TMP00044547 <-> TMP00046078)
2026-09-06 14:24:05 [INFO] core.enhanced_report_generator: [增强报告] 生成完成: 缺陷1756个, 高风险0个, 确认1756个
2026-09-06 14:24:07 [INFO] core.feeder_topology_analysis: Sheet3 联络开关: feeder=TMP00000188 识别到 1 个联络开关
2026-09-06 14:24:07 [DEBUG] core.feeder_topology_analysis: P1-P7 引擎产生 15 条断点候选
2026-09-06 14:24:07 [INFO] core.feeder_topology_analysis: Sheet2 断点定位: feeder=TMP00000188 共 378 条 (P1-P7 优先级排序)
2026-09-06 14:24:08 [INFO] core.feeder_topology_analysis: Sheet4 合环识别: feeder=TMP00000188 共 2 条
2026-09-06 14:33:05 [INFO] core.topology_builder: 主配数据拆分完成：主网设备=1167 配网设备=50744 主网线段=223 配网线段=189 主网站=10 遥信遥测=5829 ZWMEA=442 ZWSIGNAL=1567
2026-09-06 14:33:05 [INFO] core.topology_builder: 主网设备数量：1167
2026-09-06 14:33:05 [INFO] core.topology_builder: 配网设备数量：50744
2026-09-06 14:33:05 [INFO] core.topology_builder: 主网线路(ZLINEEND)数量：223
2026-09-06 14:33:05 [INFO] core.topology_builder: 配网线路(PWFEEDERLINE)数量：189
2026-09-06 14:33:05 [INFO] core.topology_builder: 主网站点(ZWSUBSTATION)数量：10
2026-09-06 14:33:05 [INFO] core.topology_builder: 遥信遥测(PWREAL)记录数：5829
2026-09-06 14:33:05 [INFO] core.topology_builder: 主网遥测(ZWMEA)：442 主网遥信(ZWSIGNAL)：1567
2026-09-06 14:33:05 [INFO] core.topology_builder: [Builder] 正在添加 1167 个主网设备和 50744 个配网设备...
2026-09-06 14:33:05 [INFO] core.topology_builder: 主网电源设备数=47
2026-09-06 14:33:05 [INFO] core.topology_builder: 主网电源设备识别: 47 台
2026-09-06 14:33:06 [DEBUG] core.topology_builder: 已处理 10000 个配网设备
2026-09-06 14:33:06 [DEBUG] core.topology_builder: 已处理 20000 个配网设备
2026-09-06 14:33:07 [DEBUG] core.topology_builder: 已处理 30000 个配网设备
2026-09-06 14:33:08 [DEBUG] core.topology_builder: 已处理 40000 个配网设备
2026-09-06 14:33:09 [DEBUG] core.topology_builder: 已处理 50000 个配网设备
2026-09-06 14:33:09 [INFO] core.topology_builder: 配网电源设备数=17643
2026-09-06 14:33:09 [INFO] core.topology_builder: 配网电源设备识别: 17643 台
2026-09-06 14:33:12 [INFO] core.topology_builder: 主配电源注入：0 台配网设备经共享连接点接入主网电源
2026-09-06 14:33:20 [INFO] core.topology_builder: [Builder] 配网真实端子数量:76354
2026-09-06 14:33:20 [INFO] core.topology_builder: [Builder] 主网真实端子数量:1562
2026-09-06 14:33:25 [INFO] core.topology_builder: [端子建边完成] 配网拓扑边数量：117276
2026-09-06 14:33:25 [INFO] core.topology_builder: [端子建边完成] 主网拓扑边数量：2632
2026-09-06 14:33:31 [INFO] core.measure_preprocess: [MeasurePreprocess] 遥信实测开关数量：6666
2026-09-06 14:33:31 [INFO] core.measure_preprocess: [MeasurePreprocess] 默认合位开关数量：10942
2026-09-06 14:33:31 [INFO] core.topology_builder: [遥信预处理统计] 总开关状态映射条目:17608 实际挂载到设备:16592
2026-09-06 14:33:31 [INFO] core.topology_builder: 遥信实测开关:6666，赛题默认合位推演开关:10942
2026-09-06 14:33:44 [INFO] core.topology_builder: 主配接口校验：通过=147 失败=42
2026-09-06 14:33:44 [INFO] core.topology_builder: [主配接口校验] 4.1/4.2 命中缺陷: 42
2026-09-06 14:33:44 [INFO] core.topology_builder: [电气逻辑校验] RULE-E01~E07 命中:4458
2026-09-06 14:33:44 [INFO] core.topology_builder: 开始执行拓扑异常检测：悬空、孤岛、断点
2026-09-06 14:33:47 [INFO] core.topology_builder: 主网异常数量：338，断点数量：4
2026-09-06 14:33:47 [INFO] core.topology_builder: 配网异常数量：726，断点数量：418
2026-09-06 14:33:47 [INFO] core.score_engine: 评分结果: 设备=50744 缺陷=1756 扣分=25.00 缺陷率=3.46% 缺陷率扣分=4.92 score_before=70.1 score_after=100.0
2026-09-06 14:33:48 [INFO] core.enhanced_report_generator: [增强报告] 开始为 LINE215 生成增强报告
2026-09-06 14:33:48 [INFO] core.enhanced_report_generator: [增强报告] 评估数据源质量...
2026-09-06 14:33:48 [INFO] core.physical_constraint_checker: [物理约束] 数据源可信度: 遥测=0.00, SVG=0.77, 数据库=0.90
2026-09-06 14:33:48 [INFO] core.enhanced_report_generator: [增强报告] 执行物理约束校验...
2026-09-06 14:33:48 [INFO] core.physical_constraint_checker: [物理约束] 数据源可信度: 遥测=0.00, SVG=0.77, 数据库=0.90
2026-09-06 14:33:48 [INFO] core.physical_constraint_checker: [物理约束] 开始KCL校验, 共100个节点
2026-09-06 14:33:48 [INFO] core.physical_constraint_checker: [物理约束] 开始支路约束校验, 共50个开关
2026-09-06 14:33:48 [INFO] core.enhanced_report_generator: [增强报告] 处理 1756 个缺陷...
2026-09-06 14:33:48 [INFO] core.enhanced_report_generator: [增强报告] 排序修复方案...
2026-09-06 14:33:48 [INFO] core.repair_ranking_engine: [修复排序] 处理1756个修复候选, 最高优先级=0.500(TMP00044547 <-> TMP00046078)
2026-09-06 14:33:48 [INFO] core.enhanced_report_generator: [增强报告] 生成完成: 缺陷1756个, 高风险0个, 确认1756个
2026-09-06 14:33:49 [INFO] core.feeder_topology_analysis: Sheet3 联络开关: feeder=TMP00000188 识别到 1 个联络开关
2026-09-06 14:33:49 [DEBUG] core.feeder_topology_analysis: P1-P7 引擎产生 15 条断点候选
2026-09-06 14:33:49 [INFO] core.feeder_topology_analysis: Sheet2 断点定位: feeder=TMP00000188 共 378 条 (P1-P7 优先级排序)
2026-09-06 14:33:49 [INFO] core.feeder_topology_analysis: Sheet4 合环识别: feeder=TMP00000188 共 2 条
2026-09-06 14:34:02 [INFO] core.score_engine: 评分结果: 设备=50744 缺陷=1837 扣分=25.00 缺陷率=3.62% 缺陷率扣分=5.24 score_before=69.8 score_after=100.0
2026-09-06 14:34:03 [INFO] core.enhanced_report_generator: [增强报告] 开始为 LINE216 生成增强报告
2026-09-06 14:34:03 [INFO] core.enhanced_report_generator: [增强报告] 评估数据源质量...
2026-09-06 14:34:03 [INFO] core.physical_constraint_checker: [物理约束] 数据源可信度: 遥测=0.00, SVG=0.77, 数据库=0.90
2026-09-06 14:34:03 [INFO] core.enhanced_report_generator: [增强报告] 执行物理约束校验...
2026-09-06 14:34:03 [INFO] core.physical_constraint_checker: [物理约束] 数据源可信度: 遥测=0.00, SVG=0.77, 数据库=0.90
2026-09-06 14:34:03 [INFO] core.physical_constraint_checker: [物理约束] 开始KCL校验, 共100个节点
2026-09-06 14:34:03 [INFO] core.physical_constraint_checker: [物理约束] 开始支路约束校验, 共50个开关
2026-09-06 14:34:03 [INFO] core.enhanced_report_generator: [增强报告] 处理 1837 个缺陷...
2026-09-06 14:34:03 [INFO] core.enhanced_report_generator: [增强报告] 排序修复方案...
2026-09-06 14:34:03 [INFO] core.repair_ranking_engine: [修复排序] 处理1837个修复候选, 最高优先级=0.500(TMP00313565 <-> TMP00046158)
2026-09-06 14:34:03 [INFO] core.enhanced_report_generator: [增强报告] 生成完成: 缺陷1837个, 高风险0个, 确认1837个
2026-09-06 14:34:04 [INFO] core.feeder_topology_analysis: Sheet3 联络开关: feeder=TMP00000189 识别到 1 个联络开关
2026-09-06 14:34:04 [DEBUG] core.feeder_topology_analysis: P1-P7 引擎产生 54 条断点候选
2026-09-06 14:34:04 [INFO] core.feeder_topology_analysis: Sheet2 断点定位: feeder=TMP00000189 共 256 条 (P1-P7 优先级排序)
2026-09-06 14:34:04 [INFO] core.feeder_topology_analysis: Sheet4 合环识别: feeder=TMP00000189 共 9 条
2026-09-06 14:49:13 [INFO] core.topology_builder: 主配数据拆分完成：主网设备=1167 配网设备=50744 主网线段=223 配网线段=189 主网站=10 遥信遥测=5829 ZWMEA=442 ZWSIGNAL=1567
2026-09-06 14:49:13 [INFO] core.topology_builder: 主网设备数量：1167
2026-09-06 14:49:13 [INFO] core.topology_builder: 配网设备数量：50744
2026-09-06 14:49:13 [INFO] core.topology_builder: 主网线路(ZLINEEND)数量：223
2026-09-06 14:49:13 [INFO] core.topology_builder: 配网线路(PWFEEDERLINE)数量：189
2026-09-06 14:49:13 [INFO] core.topology_builder: 主网站点(ZWSUBSTATION)数量：10
2026-09-06 14:49:13 [INFO] core.topology_builder: 遥信遥测(PWREAL)记录数：5829
2026-09-06 14:49:13 [INFO] core.topology_builder: 主网遥测(ZWMEA)：442 主网遥信(ZWSIGNAL)：1567
2026-09-06 14:49:13 [INFO] core.topology_builder: [Builder] 正在添加 1167 个主网设备和 50744 个配网设备...
2026-09-06 14:49:13 [INFO] core.topology_builder: 主网电源设备数=47
2026-09-06 14:49:13 [INFO] core.topology_builder: 主网电源设备识别: 47 台
2026-09-06 14:49:14 [DEBUG] core.topology_builder: 已处理 10000 个配网设备
2026-09-06 14:49:15 [DEBUG] core.topology_builder: 已处理 20000 个配网设备
2026-09-06 14:49:16 [DEBUG] core.topology_builder: 已处理 30000 个配网设备
2026-09-06 14:49:17 [DEBUG] core.topology_builder: 已处理 40000 个配网设备
2026-09-06 14:49:18 [DEBUG] core.topology_builder: 已处理 50000 个配网设备
2026-09-06 14:49:18 [INFO] core.topology_builder: 配网电源设备数=17643
2026-09-06 14:49:18 [INFO] core.topology_builder: 配网电源设备识别: 17643 台
2026-09-06 14:49:21 [INFO] core.topology_builder: 主配电源注入：0 台配网设备经共享连接点接入主网电源
2026-09-06 14:49:30 [INFO] core.topology_builder: [Builder] 配网真实端子数量:76354
2026-09-06 14:49:30 [INFO] core.topology_builder: [Builder] 主网真实端子数量:1562
2026-09-06 14:49:36 [INFO] core.topology_builder: [端子建边完成] 配网拓扑边数量：117276
2026-09-06 14:49:36 [INFO] core.topology_builder: [端子建边完成] 主网拓扑边数量：2632
2026-09-06 14:49:44 [INFO] core.measure_preprocess: [MeasurePreprocess] 遥信实测开关数量：6666
2026-09-06 14:49:44 [INFO] core.measure_preprocess: [MeasurePreprocess] 默认合位开关数量：10942
2026-09-06 14:49:44 [INFO] core.topology_builder: [遥信预处理统计] 总开关状态映射条目:17608 实际挂载到设备:16592
2026-09-06 14:49:44 [INFO] core.topology_builder: 遥信实测开关:6666，赛题默认合位推演开关:10942
2026-09-06 14:49:59 [INFO] core.topology_builder: 主配接口校验：通过=147 失败=42
2026-09-06 14:49:59 [INFO] core.topology_builder: [主配接口校验] 4.1/4.2 命中缺陷: 42
2026-09-06 14:49:59 [INFO] core.topology_builder: [电气逻辑校验] RULE-E01~E07 命中:4458
2026-09-06 14:49:59 [INFO] core.topology_builder: 开始执行拓扑异常检测：悬空、孤岛、断点
2026-09-06 14:50:03 [INFO] core.topology_builder: 主网异常数量：338，断点数量：4
2026-09-06 14:50:03 [INFO] core.topology_builder: 配网异常数量：726，断点数量：418
2026-09-06 14:51:47 [INFO] core.topology_builder: 主配数据拆分完成：主网设备=1167 配网设备=50744 主网线段=223 配网线段=189 主网站=10 遥信遥测=5829 ZWMEA=442 ZWSIGNAL=1567
2026-09-06 14:51:47 [INFO] core.topology_builder: 主网设备数量：1167
2026-09-06 14:51:47 [INFO] core.topology_builder: 配网设备数量：50744
2026-09-06 14:51:47 [INFO] core.topology_builder: 主网线路(ZLINEEND)数量：223
2026-09-06 14:51:47 [INFO] core.topology_builder: 配网线路(PWFEEDERLINE)数量：189
2026-09-06 14:51:47 [INFO] core.topology_builder: 主网站点(ZWSUBSTATION)数量：10
2026-09-06 14:51:47 [INFO] core.topology_builder: 遥信遥测(PWREAL)记录数：5829
2026-09-06 14:51:47 [INFO] core.topology_builder: 主网遥测(ZWMEA)：442 主网遥信(ZWSIGNAL)：1567
2026-09-06 14:51:47 [INFO] core.topology_builder: [Builder] 正在添加 1167 个主网设备和 50744 个配网设备...
2026-09-06 14:51:47 [INFO] core.topology_builder: 主网电源设备数=47
2026-09-06 14:51:47 [INFO] core.topology_builder: 主网电源设备识别: 47 台
2026-09-06 14:51:48 [DEBUG] core.topology_builder: 已处理 10000 个配网设备
2026-09-06 14:51:49 [DEBUG] core.topology_builder: 已处理 20000 个配网设备
2026-09-06 14:51:50 [DEBUG] core.topology_builder: 已处理 30000 个配网设备
2026-09-06 14:51:51 [DEBUG] core.topology_builder: 已处理 40000 个配网设备
2026-09-06 14:51:52 [DEBUG] core.topology_builder: 已处理 50000 个配网设备
2026-09-06 14:51:52 [INFO] core.topology_builder: 配网电源设备数=17643
2026-09-06 14:51:52 [INFO] core.topology_builder: 配网电源设备识别: 17643 台
2026-09-06 14:51:56 [INFO] core.topology_builder: 主配电源注入：0 台配网设备经共享连接点接入主网电源
2026-09-06 14:52:04 [INFO] core.topology_builder: [Builder] 配网真实端子数量:76354
2026-09-06 14:52:04 [INFO] core.topology_builder: [Builder] 主网真实端子数量:1562
2026-09-06 14:52:11 [INFO] core.topology_builder: [端子建边完成] 配网拓扑边数量：117276
2026-09-06 14:52:11 [INFO] core.topology_builder: [端子建边完成] 主网拓扑边数量：2632
2026-09-06 14:52:17 [INFO] core.measure_preprocess: [MeasurePreprocess] 遥信实测开关数量：6666
2026-09-06 14:52:17 [INFO] core.measure_preprocess: [MeasurePreprocess] 默认合位开关数量：10942
2026-09-06 14:52:17 [INFO] core.topology_builder: [遥信预处理统计] 总开关状态映射条目:17608 实际挂载到设备:16592
2026-09-06 14:52:17 [INFO] core.topology_builder: 遥信实测开关:6666，赛题默认合位推演开关:10942
2026-09-06 14:52:31 [INFO] core.topology_builder: 主配接口校验：通过=147 失败=42
2026-09-06 14:52:31 [INFO] core.topology_builder: [主配接口校验] 4.1/4.2 命中缺陷: 42
2026-09-06 14:52:31 [INFO] core.topology_builder: [电气逻辑校验] RULE-E01~E07 命中:4458
2026-09-06 14:52:31 [INFO] core.topology_builder: 开始执行拓扑异常检测：悬空、孤岛、断点
2026-09-06 14:52:35 [INFO] core.topology_builder: 主网异常数量：338，断点数量：4
2026-09-06 14:52:35 [INFO] core.topology_builder: 配网异常数量：726，断点数量：418
2026-09-06 14:52:52 [INFO] core.topology_builder: 主配数据拆分完成：主网设备=1167 配网设备=50744 主网线段=223 配网线段=189 主网站=10 遥信遥测=5829 ZWMEA=442 ZWSIGNAL=1567
2026-09-06 14:52:52 [INFO] core.topology_builder: 主网设备数量：1167
2026-09-06 14:52:52 [INFO] core.topology_builder: 配网设备数量：50744
2026-09-06 14:52:52 [INFO] core.topology_builder: 主网线路(ZLINEEND)数量：223
2026-09-06 14:52:52 [INFO] core.topology_builder: 配网线路(PWFEEDERLINE)数量：189
2026-09-06 14:52:52 [INFO] core.topology_builder: 主网站点(ZWSUBSTATION)数量：10
2026-09-06 14:52:52 [INFO] core.topology_builder: 遥信遥测(PWREAL)记录数：5829
2026-09-06 14:52:52 [INFO] core.topology_builder: 主网遥测(ZWMEA)：442 主网遥信(ZWSIGNAL)：1567
2026-09-06 14:52:52 [INFO] core.topology_builder: [Builder] 正在添加 1167 个主网设备和 50744 个配网设备...
2026-09-06 14:52:53 [INFO] core.topology_builder: 主网电源设备数=47
2026-09-06 14:52:53 [INFO] core.topology_builder: 主网电源设备识别: 47 台
2026-09-06 14:52:53 [DEBUG] core.topology_builder: 已处理 10000 个配网设备
2026-09-06 14:52:54 [DEBUG] core.topology_builder: 已处理 20000 个配网设备
2026-09-06 14:52:55 [DEBUG] core.topology_builder: 已处理 30000 个配网设备
2026-09-06 14:52:56 [DEBUG] core.topology_builder: 已处理 40000 个配网设备
2026-09-06 14:52:57 [DEBUG] core.topology_builder: 已处理 50000 个配网设备
2026-09-06 14:52:57 [INFO] core.topology_builder: 配网电源设备数=17643
2026-09-06 14:52:57 [INFO] core.topology_builder: 配网电源设备识别: 17643 台
2026-09-06 14:53:01 [INFO] core.topology_builder: 主配电源注入：0 台配网设备经共享连接点接入主网电源
2026-09-06 14:53:10 [INFO] core.topology_builder: [Builder] 配网真实端子数量:76354
2026-09-06 14:53:10 [INFO] core.topology_builder: [Builder] 主网真实端子数量:1562
2026-09-06 14:53:16 [INFO] core.topology_builder: [端子建边完成] 配网拓扑边数量：117276
2026-09-06 14:53:16 [INFO] core.topology_builder: [端子建边完成] 主网拓扑边数量：2632
2026-09-06 14:53:23 [INFO] core.measure_preprocess: [MeasurePreprocess] 遥信实测开关数量：6666
2026-09-06 14:53:23 [INFO] core.measure_preprocess: [MeasurePreprocess] 默认合位开关数量：10942
2026-09-06 14:53:23 [INFO] core.topology_builder: [遥信预处理统计] 总开关状态映射条目:17608 实际挂载到设备:16592
2026-09-06 14:53:23 [INFO] core.topology_builder: 遥信实测开关:6666，赛题默认合位推演开关:10942
2026-09-06 14:53:37 [INFO] core.topology_builder: 主配接口校验：通过=147 失败=42
2026-09-06 14:53:37 [INFO] core.topology_builder: [主配接口校验] 4.1/4.2 命中缺陷: 42
2026-09-06 14:53:37 [INFO] core.topology_builder: [电气逻辑校验] RULE-E01~E07 命中:4458
2026-09-06 14:53:37 [INFO] core.topology_builder: 开始执行拓扑异常检测：悬空、孤岛、断点
2026-09-06 14:53:41 [INFO] core.topology_builder: 主网异常数量：338，断点数量：4
2026-09-06 14:53:41 [INFO] core.topology_builder: 配网异常数量：726，断点数量：418
2026-09-06 14:53:59 [INFO] core.topology_builder: 主配数据拆分完成：主网设备=1167 配网设备=50744 主网线段=223 配网线段=189 主网站=10 遥信遥测=5829 ZWMEA=442 ZWSIGNAL=1567
2026-09-06 14:53:59 [INFO] core.topology_builder: 主网设备数量：1167
2026-09-06 14:53:59 [INFO] core.topology_builder: 配网设备数量：50744
2026-09-06 14:53:59 [INFO] core.topology_builder: 主网线路(ZLINEEND)数量：223
2026-09-06 14:53:59 [INFO] core.topology_builder: 配网线路(PWFEEDERLINE)数量：189
2026-09-06 14:53:59 [INFO] core.topology_builder: 主网站点(ZWSUBSTATION)数量：10
2026-09-06 14:53:59 [INFO] core.topology_builder: 遥信遥测(PWREAL)记录数：5829
2026-09-06 14:53:59 [INFO] core.topology_builder: 主网遥测(ZWMEA)：442 主网遥信(ZWSIGNAL)：1567
2026-09-06 14:53:59 [INFO] core.topology_builder: [Builder] 正在添加 1167 个主网设备和 50744 个配网设备...
2026-09-06 14:53:59 [INFO] core.topology_builder: 主网电源设备数=47
2026-09-06 14:53:59 [INFO] core.topology_builder: 主网电源设备识别: 47 台
2026-09-06 14:54:00 [DEBUG] core.topology_builder: 已处理 10000 个配网设备
2026-09-06 14:54:01 [DEBUG] core.topology_builder: 已处理 20000 个配网设备
2026-09-06 14:54:02 [DEBUG] core.topology_builder: 已处理 30000 个配网设备
2026-09-06 14:54:03 [DEBUG] core.topology_builder: 已处理 40000 个配网设备
2026-09-06 14:54:04 [DEBUG] core.topology_builder: 已处理 50000 个配网设备
2026-09-06 14:54:04 [INFO] core.topology_builder: 配网电源设备数=17643
2026-09-06 14:54:04 [INFO] core.topology_builder: 配网电源设备识别: 17643 台
2026-09-06 14:54:07 [INFO] core.topology_builder: 主配电源注入：0 台配网设备经共享连接点接入主网电源
2026-09-06 14:54:16 [INFO] core.topology_builder: [Builder] 配网真实端子数量:76354
2026-09-06 14:54:16 [INFO] core.topology_builder: [Builder] 主网真实端子数量:1562
2026-09-06 14:54:22 [INFO] core.topology_builder: [端子建边完成] 配网拓扑边数量：117276
2026-09-06 14:54:22 [INFO] core.topology_builder: [端子建边完成] 主网拓扑边数量：2632
2026-09-06 14:54:29 [INFO] core.measure_preprocess: [MeasurePreprocess] 遥信实测开关数量：6666
2026-09-06 14:54:29 [INFO] core.measure_preprocess: [MeasurePreprocess] 默认合位开关数量：10942
2026-09-06 14:54:29 [INFO] core.topology_builder: [遥信预处理统计] 总开关状态映射条目:17608 实际挂载到设备:16592
2026-09-06 14:54:29 [INFO] core.topology_builder: 遥信实测开关:6666，赛题默认合位推演开关:10942
2026-09-06 14:54:43 [INFO] core.topology_builder: 主配接口校验：通过=147 失败=42
2026-09-06 14:54:43 [INFO] core.topology_builder: [主配接口校验] 4.1/4.2 命中缺陷: 42
2026-09-06 14:54:43 [INFO] core.topology_builder: [电气逻辑校验] RULE-E01~E07 命中:4458
2026-09-06 14:54:43 [INFO] core.topology_builder: 开始执行拓扑异常检测：悬空、孤岛、断点
2026-09-06 14:54:47 [INFO] core.topology_builder: 主网异常数量：338，断点数量：4
2026-09-06 14:54:47 [INFO] core.topology_builder: 配网异常数量：726，断点数量：418
2026-09-06 14:55:20 [INFO] core.topology_builder: 主配数据拆分完成：主网设备=1167 配网设备=50744 主网线段=223 配网线段=189 主网站=10 遥信遥测=5829 ZWMEA=442 ZWSIGNAL=1567
2026-09-06 14:55:20 [INFO] core.topology_builder: 主网设备数量：1167
2026-09-06 14:55:20 [INFO] core.topology_builder: 配网设备数量：50744
2026-09-06 14:55:20 [INFO] core.topology_builder: 主网线路(ZLINEEND)数量：223
2026-09-06 14:55:20 [INFO] core.topology_builder: 配网线路(PWFEEDERLINE)数量：189
2026-09-06 14:55:20 [INFO] core.topology_builder: 主网站点(ZWSUBSTATION)数量：10
2026-09-06 14:55:20 [INFO] core.topology_builder: 遥信遥测(PWREAL)记录数：5829
2026-09-06 14:55:20 [INFO] core.topology_builder: 主网遥测(ZWMEA)：442 主网遥信(ZWSIGNAL)：1567
2026-09-06 14:55:20 [INFO] core.topology_builder: [Builder] 正在添加 1167 个主网设备和 50744 个配网设备...
2026-09-06 14:55:20 [INFO] core.topology_builder: 主网电源设备数=47
2026-09-06 14:55:20 [INFO] core.topology_builder: 主网电源设备识别: 47 台
2026-09-06 14:55:21 [DEBUG] core.topology_builder: 已处理 10000 个配网设备
2026-09-06 14:55:22 [DEBUG] core.topology_builder: 已处理 20000 个配网设备
2026-09-06 14:55:23 [DEBUG] core.topology_builder: 已处理 30000 个配网设备
2026-09-06 14:55:24 [DEBUG] core.topology_builder: 已处理 40000 个配网设备
2026-09-06 14:55:25 [DEBUG] core.topology_builder: 已处理 50000 个配网设备
2026-09-06 14:55:25 [INFO] core.topology_builder: 配网电源设备数=17643
2026-09-06 14:55:25 [INFO] core.topology_builder: 配网电源设备识别: 17643 台
2026-09-06 14:55:29 [INFO] core.topology_builder: 主配电源注入：0 台配网设备经共享连接点接入主网电源
2026-09-06 14:55:38 [INFO] core.topology_builder: [Builder] 配网真实端子数量:76354
2026-09-06 14:55:38 [INFO] core.topology_builder: [Builder] 主网真实端子数量:1562
2026-09-06 14:55:45 [INFO] core.topology_builder: [端子建边完成] 配网拓扑边数量：117276
2026-09-06 14:55:45 [INFO] core.topology_builder: [端子建边完成] 主网拓扑边数量：2632
2026-09-06 14:55:52 [INFO] core.measure_preprocess: [MeasurePreprocess] 遥信实测开关数量：6666
2026-09-06 14:55:52 [INFO] core.measure_preprocess: [MeasurePreprocess] 默认合位开关数量：10942
2026-09-06 14:55:52 [INFO] core.topology_builder: [遥信预处理统计] 总开关状态映射条目:17608 实际挂载到设备:16592
2026-09-06 14:55:52 [INFO] core.topology_builder: 遥信实测开关:6666，赛题默认合位推演开关:10942
2026-09-06 14:56:07 [INFO] core.topology_builder: 主配接口校验：通过=147 失败=42
2026-09-06 14:56:07 [INFO] core.topology_builder: [主配接口校验] 4.1/4.2 命中缺陷: 42
2026-09-06 14:56:07 [INFO] core.topology_builder: [电气逻辑校验] RULE-E01~E07 命中:4458
2026-09-06 14:56:07 [INFO] core.topology_builder: 开始执行拓扑异常检测：悬空、孤岛、断点
2026-09-06 14:56:11 [INFO] core.topology_builder: 主网异常数量：338，断点数量：4
2026-09-06 14:56:11 [INFO] core.topology_builder: 配网异常数量：726，断点数量：418
2026-09-06 14:56:20 [INFO] core.score_engine: 评分结果: 设备=50744 缺陷=1756 扣分=25.00 缺陷率=3.46% 缺陷率扣分=4.92 score_before=70.1 score_after=100.0
2026-09-06 14:56:20 [INFO] core.enhanced_report_generator: [增强报告] 开始为 LINE215 生成增强报告
2026-09-06 14:56:20 [INFO] core.enhanced_report_generator: [增强报告] 评估数据源质量...
2026-09-06 14:56:20 [INFO] core.physical_constraint_checker: [物理约束] 数据源可信度: 遥测=0.11, SVG=0.77, 数据库=0.90
2026-09-06 14:56:20 [INFO] core.enhanced_report_generator: [增强报告] 执行物理约束校验...
2026-09-06 14:56:20 [INFO] core.physical_constraint_checker: [物理约束] 数据源可信度: 遥测=0.11, SVG=0.77, 数据库=0.90
2026-09-06 14:56:20 [INFO] core.physical_constraint_checker: [物理约束] 开始KCL校验, 共100个节点
2026-09-06 14:56:20 [INFO] core.physical_constraint_checker: [物理约束] 开始支路约束校验, 共50个开关
2026-09-06 14:56:20 [INFO] core.enhanced_report_generator: [增强报告] 处理 1756 个缺陷...
2026-09-06 14:56:21 [INFO] core.enhanced_report_generator: [增强报告] 排序修复方案...
2026-09-06 14:56:21 [INFO] core.repair_ranking_engine: [修复排序] 处理1756个修复候选, 最高优先级=0.500(TMP00044547 <-> TMP00046078)
2026-09-06 14:56:21 [INFO] core.enhanced_report_generator: [增强报告] 生成完成: 缺陷1756个, 高风险0个, 确认1756个
2026-09-06 14:56:22 [INFO] core.feeder_topology_analysis: Sheet3 联络开关: feeder=TMP00000188 识别到 1 个联络开关
2026-09-06 14:56:22 [DEBUG] core.feeder_topology_analysis: P1-P7 引擎产生 15 条断点候选
2026-09-06 14:56:22 [INFO] core.feeder_topology_analysis: Sheet2 断点定位: feeder=TMP00000188 共 378 条 (P1-P7 优先级排序)
2026-09-06 14:56:22 [INFO] core.feeder_topology_analysis: Sheet4 合环识别: feeder=TMP00000188 共 2 条
2026-09-06 14:56:52 [INFO] core.topology_builder: 主配数据拆分完成：主网设备=1167 配网设备=50744 主网线段=223 配网线段=189 主网站=10 遥信遥测=5829 ZWMEA=442 ZWSIGNAL=1567
2026-09-06 14:56:52 [INFO] core.topology_builder: 主网设备数量：1167
2026-09-06 14:56:52 [INFO] core.topology_builder: 配网设备数量：50744
2026-09-06 14:56:52 [INFO] core.topology_builder: 主网线路(ZLINEEND)数量：223
2026-09-06 14:56:52 [INFO] core.topology_builder: 配网线路(PWFEEDERLINE)数量：189
2026-09-06 14:56:52 [INFO] core.topology_builder: 主网站点(ZWSUBSTATION)数量：10
2026-09-06 14:56:52 [INFO] core.topology_builder: 遥信遥测(PWREAL)记录数：5829
2026-09-06 14:56:52 [INFO] core.topology_builder: 主网遥测(ZWMEA)：442 主网遥信(ZWSIGNAL)：1567
2026-09-06 14:56:52 [INFO] core.topology_builder: [Builder] 正在添加 1167 个主网设备和 50744 个配网设备...
2026-09-06 14:56:53 [INFO] core.topology_builder: 主网电源设备数=47
2026-09-06 14:56:53 [INFO] core.topology_builder: 主网电源设备识别: 47 台
2026-09-06 14:56:54 [DEBUG] core.topology_builder: 已处理 10000 个配网设备
2026-09-06 14:56:54 [DEBUG] core.topology_builder: 已处理 20000 个配网设备
2026-09-06 14:56:55 [DEBUG] core.topology_builder: 已处理 30000 个配网设备
2026-09-06 14:56:56 [DEBUG] core.topology_builder: 已处理 40000 个配网设备
2026-09-06 14:56:57 [DEBUG] core.topology_builder: 已处理 50000 个配网设备
2026-09-06 14:56:57 [INFO] core.topology_builder: 配网电源设备数=17643
2026-09-06 14:56:57 [INFO] core.topology_builder: 配网电源设备识别: 17643 台
2026-09-06 14:57:01 [INFO] core.topology_builder: 主配电源注入：0 台配网设备经共享连接点接入主网电源
2026-09-06 14:57:10 [INFO] core.topology_builder: [Builder] 配网真实端子数量:76354
2026-09-06 14:57:10 [INFO] core.topology_builder: [Builder] 主网真实端子数量:1562
2026-09-06 14:57:16 [INFO] core.topology_builder: [端子建边完成] 配网拓扑边数量：117276
2026-09-06 14:57:16 [INFO] core.topology_builder: [端子建边完成] 主网拓扑边数量：2632
2026-09-06 14:57:23 [INFO] core.measure_preprocess: [MeasurePreprocess] 遥信实测开关数量：6666
2026-09-06 14:57:23 [INFO] core.measure_preprocess: [MeasurePreprocess] 默认合位开关数量：10942
2026-09-06 14:57:23 [INFO] core.topology_builder: [遥信预处理统计] 总开关状态映射条目:17608 实际挂载到设备:16592
2026-09-06 14:57:23 [INFO] core.topology_builder: 遥信实测开关:6666，赛题默认合位推演开关:10942
2026-09-06 14:57:38 [INFO] core.topology_builder: 主配接口校验：通过=147 失败=42
2026-09-06 14:57:38 [INFO] core.topology_builder: [主配接口校验] 4.1/4.2 命中缺陷: 42
2026-09-06 14:57:38 [INFO] core.topology_builder: [电气逻辑校验] RULE-E01~E07 命中:4458
2026-09-06 14:57:38 [INFO] core.topology_builder: 开始执行拓扑异常检测：悬空、孤岛、断点
2026-09-06 14:57:42 [INFO] core.topology_builder: 主网异常数量：338，断点数量：4
2026-09-06 14:57:42 [INFO] core.topology_builder: 配网异常数量：726，断点数量：418
2026-09-06 14:57:52 [INFO] core.score_engine: 评分结果: 设备=50744 缺陷=1756 扣分=25.00 缺陷率=3.46% 缺陷率扣分=4.92 score_before=70.1 score_after=100.0
2026-09-06 14:57:52 [INFO] core.enhanced_report_generator: [增强报告] 开始为 LINE215 生成增强报告
2026-09-06 14:57:52 [INFO] core.enhanced_report_generator: [增强报告] 评估数据源质量...
2026-09-06 14:57:52 [INFO] core.physical_constraint_checker: [物理约束] 数据源可信度: 遥测=0.11, SVG=0.77, 数据库=0.90
2026-09-06 14:57:52 [INFO] core.enhanced_report_generator: [增强报告] 执行物理约束校验...
2026-09-06 14:57:52 [INFO] core.physical_constraint_checker: [物理约束] 数据源可信度: 遥测=0.11, SVG=0.77, 数据库=0.90
2026-09-06 14:57:52 [INFO] core.physical_constraint_checker: [物理约束] 开始KCL校验, 共100个节点
2026-09-06 14:57:52 [INFO] core.physical_constraint_checker: [物理约束] 开始支路约束校验, 共50个开关
2026-09-06 14:57:52 [INFO] core.enhanced_report_generator: [增强报告] 处理 1756 个缺陷...
2026-09-06 14:57:52 [INFO] core.enhanced_report_generator: [增强报告] 排序修复方案...
2026-09-06 14:57:52 [INFO] core.repair_ranking_engine: [修复排序] 处理1756个修复候选, 最高优先级=0.500(TMP00044547 <-> TMP00046078)
2026-09-06 14:57:52 [INFO] core.enhanced_report_generator: [增强报告] 生成完成: 缺陷1756个, 高风险0个, 确认1756个
2026-09-06 14:57:53 [INFO] core.feeder_topology_analysis: Sheet3 联络开关: feeder=TMP00000188 识别到 1 个联络开关
2026-09-06 14:57:53 [DEBUG] core.feeder_topology_analysis: P1-P7 引擎产生 15 条断点候选
2026-09-06 14:57:53 [INFO] core.feeder_topology_analysis: Sheet2 断点定位: feeder=TMP00000188 共 378 条 (P1-P7 优先级排序)
2026-09-06 14:57:53 [INFO] core.feeder_topology_analysis: Sheet4 合环识别: feeder=TMP00000188 共 2 条
2026-09-06 14:58:45 [INFO] core.topology_builder: 主配数据拆分完成：主网设备=1167 配网设备=50744 主网线段=223 配网线段=189 主网站=10 遥信遥测=5829 ZWMEA=442 ZWSIGNAL=1567
2026-09-06 14:58:45 [INFO] core.topology_builder: 主网设备数量：1167
2026-09-06 14:58:45 [INFO] core.topology_builder: 配网设备数量：50744
2026-09-06 14:58:45 [INFO] core.topology_builder: 主网线路(ZLINEEND)数量：223
2026-09-06 14:58:45 [INFO] core.topology_builder: 配网线路(PWFEEDERLINE)数量：189
2026-09-06 14:58:45 [INFO] core.topology_builder: 主网站点(ZWSUBSTATION)数量：10
2026-09-06 14:58:45 [INFO] core.topology_builder: 遥信遥测(PWREAL)记录数：5829
2026-09-06 14:58:45 [INFO] core.topology_builder: 主网遥测(ZWMEA)：442 主网遥信(ZWSIGNAL)：1567
2026-09-06 14:58:45 [INFO] core.topology_builder: [Builder] 正在添加 1167 个主网设备和 50744 个配网设备...
2026-09-06 14:58:45 [INFO] core.topology_builder: 主网电源设备数=47
2026-09-06 14:58:45 [INFO] core.topology_builder: 主网电源设备识别: 47 台
2026-09-06 14:58:46 [DEBUG] core.topology_builder: 已处理 10000 个配网设备
2026-09-06 14:58:47 [DEBUG] core.topology_builder: 已处理 20000 个配网设备
2026-09-06 14:58:48 [DEBUG] core.topology_builder: 已处理 30000 个配网设备
2026-09-06 14:58:49 [DEBUG] core.topology_builder: 已处理 40000 个配网设备
2026-09-06 14:58:50 [DEBUG] core.topology_builder: 已处理 50000 个配网设备
2026-09-06 14:58:50 [INFO] core.topology_builder: 配网电源设备数=17643
2026-09-06 14:58:50 [INFO] core.topology_builder: 配网电源设备识别: 17643 台
2026-09-06 14:58:53 [INFO] core.topology_builder: 主配电源注入：0 台配网设备经共享连接点接入主网电源
2026-09-06 14:59:03 [INFO] core.topology_builder: [Builder] 配网真实端子数量:76354
2026-09-06 14:59:03 [INFO] core.topology_builder: [Builder] 主网真实端子数量:1562
2026-09-06 14:59:10 [INFO] core.topology_builder: [端子建边完成] 配网拓扑边数量：117276
2026-09-06 14:59:10 [INFO] core.topology_builder: [端子建边完成] 主网拓扑边数量：2632
2026-09-06 14:59:17 [INFO] core.measure_preprocess: [MeasurePreprocess] 遥信实测开关数量：6666
2026-09-06 14:59:17 [INFO] core.measure_preprocess: [MeasurePreprocess] 默认合位开关数量：10942
2026-09-06 14:59:17 [INFO] core.topology_builder: [遥信预处理统计] 总开关状态映射条目:17608 实际挂载到设备:16592
2026-09-06 14:59:17 [INFO] core.topology_builder: 遥信实测开关:6666，赛题默认合位推演开关:10942
2026-09-06 14:59:31 [INFO] core.topology_builder: 主配接口校验：通过=147 失败=42
2026-09-06 14:59:31 [INFO] core.topology_builder: [主配接口校验] 4.1/4.2 命中缺陷: 42
2026-09-06 14:59:31 [INFO] core.topology_builder: [电气逻辑校验] RULE-E01~E07 命中:4458
2026-09-06 14:59:31 [INFO] core.topology_builder: 开始执行拓扑异常检测：悬空、孤岛、断点
2026-09-06 14:59:36 [INFO] core.topology_builder: 主网异常数量：338，断点数量：4
2026-09-06 14:59:36 [INFO] core.topology_builder: 配网异常数量：726，断点数量：418
2026-09-06 14:59:46 [INFO] core.score_engine: 评分结果: 设备=50744 缺陷=1756 扣分=25.00 缺陷率=3.46% 缺陷率扣分=4.92 score_before=70.1 score_after=100.0
2026-09-06 14:59:46 [INFO] core.enhanced_report_generator: [增强报告] 开始为 LINE215 生成增强报告
2026-09-06 14:59:46 [INFO] core.enhanced_report_generator: [增强报告] 评估数据源质量...
2026-09-06 14:59:46 [INFO] core.physical_constraint_checker: [物理约束] 数据源可信度: 遥测=0.11, SVG=0.77, 数据库=0.90
2026-09-06 14:59:46 [INFO] core.enhanced_report_generator: [增强报告] 执行物理约束校验...
2026-09-06 14:59:46 [INFO] core.physical_constraint_checker: [物理约束] 数据源可信度: 遥测=0.11, SVG=0.77, 数据库=0.90
2026-09-06 14:59:46 [INFO] core.physical_constraint_checker: [物理约束] 开始KCL校验, 共100个节点
2026-09-06 14:59:46 [INFO] core.physical_constraint_checker: [物理约束] 开始支路约束校验, 共50个开关
2026-09-06 14:59:46 [INFO] core.enhanced_report_generator: [增强报告] 处理 1756 个缺陷...
2026-09-06 14:59:46 [INFO] core.enhanced_report_generator: [增强报告] 排序修复方案...
2026-09-06 14:59:46 [INFO] core.repair_ranking_engine: [修复排序] 处理1756个修复候选, 最高优先级=0.500(TMP00044547 <-> TMP00046078)
2026-09-06 14:59:46 [INFO] core.enhanced_report_generator: [增强报告] 生成完成: 缺陷1756个, 高风险0个, 确认1756个
2026-09-06 14:59:47 [INFO] core.feeder_topology_analysis: Sheet3 联络开关: feeder=TMP00000188 识别到 1 个联络开关
2026-09-06 14:59:47 [DEBUG] core.feeder_topology_analysis: P1-P7 引擎产生 15 条断点候选
2026-09-06 14:59:47 [INFO] core.feeder_topology_analysis: Sheet2 断点定位: feeder=TMP00000188 共 378 条 (P1-P7 优先级排序)
2026-09-06 14:59:47 [INFO] core.feeder_topology_analysis: Sheet4 合环识别: feeder=TMP00000188 共 2 条
2026-09-06 15:00:18 [INFO] core.topology_builder: 主配数据拆分完成：主网设备=1167 配网设备=50744 主网线段=223 配网线段=189 主网站=10 遥信遥测=5829 ZWMEA=442 ZWSIGNAL=1567
2026-09-06 15:00:18 [INFO] core.topology_builder: 主网设备数量：1167
2026-09-06 15:00:18 [INFO] core.topology_builder: 配网设备数量：50744
2026-09-06 15:00:18 [INFO] core.topology_builder: 主网线路(ZLINEEND)数量：223
2026-09-06 15:00:18 [INFO] core.topology_builder: 配网线路(PWFEEDERLINE)数量：189
2026-09-06 15:00:18 [INFO] core.topology_builder: 主网站点(ZWSUBSTATION)数量：10
2026-09-06 15:00:18 [INFO] core.topology_builder: 遥信遥测(PWREAL)记录数：5829
2026-09-06 15:00:18 [INFO] core.topology_builder: 主网遥测(ZWMEA)：442 主网遥信(ZWSIGNAL)：1567
2026-09-06 15:00:18 [INFO] core.topology_builder: [Builder] 正在添加 1167 个主网设备和 50744 个配网设备...
2026-09-06 15:00:18 [INFO] core.topology_builder: 主网电源设备数=47
2026-09-06 15:00:18 [INFO] core.topology_builder: 主网电源设备识别: 47 台
2026-09-06 15:00:19 [DEBUG] core.topology_builder: 已处理 10000 个配网设备
2026-09-06 15:00:19 [DEBUG] core.topology_builder: 已处理 20000 个配网设备
2026-09-06 15:00:20 [DEBUG] core.topology_builder: 已处理 30000 个配网设备
2026-09-06 15:00:21 [DEBUG] core.topology_builder: 已处理 40000 个配网设备
2026-09-06 15:00:22 [DEBUG] core.topology_builder: 已处理 50000 个配网设备
2026-09-06 15:00:22 [INFO] core.topology_builder: 配网电源设备数=17643
2026-09-06 15:00:22 [INFO] core.topology_builder: 配网电源设备识别: 17643 台
2026-09-06 15:00:26 [INFO] core.topology_builder: 主配电源注入：0 台配网设备经共享连接点接入主网电源
2026-09-06 15:00:34 [INFO] core.topology_builder: [Builder] 配网真实端子数量:76354
2026-09-06 15:00:34 [INFO] core.topology_builder: [Builder] 主网真实端子数量:1562
2026-09-06 15:00:40 [INFO] core.topology_builder: [端子建边完成] 配网拓扑边数量：117276
2026-09-06 15:00:40 [INFO] core.topology_builder: [端子建边完成] 主网拓扑边数量：2632
2026-09-06 15:00:47 [INFO] core.measure_preprocess: [MeasurePreprocess] 遥信实测开关数量：6666
2026-09-06 15:00:47 [INFO] core.measure_preprocess: [MeasurePreprocess] 默认合位开关数量：10942
2026-09-06 15:00:47 [INFO] core.topology_builder: [遥信预处理统计] 总开关状态映射条目:17608 实际挂载到设备:16592
2026-09-06 15:00:47 [INFO] core.topology_builder: 遥信实测开关:6666，赛题默认合位推演开关:10942
2026-09-06 15:01:02 [INFO] core.topology_builder: 主配接口校验：通过=147 失败=42
2026-09-06 15:01:02 [INFO] core.topology_builder: [主配接口校验] 4.1/4.2 命中缺陷: 42
2026-09-06 15:01:02 [INFO] core.topology_builder: [电气逻辑校验] RULE-E01~E07 命中:4458
2026-09-06 15:01:02 [INFO] core.topology_builder: 开始执行拓扑异常检测：悬空、孤岛、断点
2026-09-06 15:01:06 [INFO] core.topology_builder: 主网异常数量：338，断点数量：4
2026-09-06 15:01:06 [INFO] core.topology_builder: 配网异常数量：726，断点数量：418
2026-09-06 15:01:15 [INFO] core.score_engine: 评分结果: 设备=50744 缺陷=1756 扣分=25.00 缺陷率=3.46% 缺陷率扣分=4.92 score_before=70.1 score_after=100.0
2026-09-06 15:01:15 [INFO] core.enhanced_report_generator: [增强报告] 开始为 LINE215 生成增强报告
2026-09-06 15:01:15 [INFO] core.enhanced_report_generator: [增强报告] 评估数据源质量...
2026-09-06 15:01:15 [INFO] core.physical_constraint_checker: [物理约束] 数据源可信度: 遥测=0.11, SVG=0.77, 数据库=0.90
2026-09-06 15:01:15 [INFO] core.enhanced_report_generator: [增强报告] 执行物理约束校验...
2026-09-06 15:01:15 [INFO] core.physical_constraint_checker: [物理约束] 数据源可信度: 遥测=0.11, SVG=0.77, 数据库=0.90
2026-09-06 15:01:15 [INFO] core.physical_constraint_checker: [物理约束] 开始KCL校验, 共100个节点
2026-09-06 15:01:15 [INFO] core.physical_constraint_checker: [物理约束] 开始支路约束校验, 共50个开关
2026-09-06 15:01:15 [INFO] core.enhanced_report_generator: [增强报告] 处理 1756 个缺陷...
2026-09-06 15:01:15 [INFO] core.enhanced_report_generator: [增强报告] 排序修复方案...
2026-09-06 15:01:15 [INFO] core.repair_ranking_engine: [修复排序] 处理1756个修复候选, 最高优先级=0.500(TMP00044547 <-> TMP00046078)
2026-09-06 15:01:15 [INFO] core.enhanced_report_generator: [增强报告] 生成完成: 缺陷1756个, 高风险0个, 确认1756个
2026-09-06 15:01:17 [INFO] core.feeder_topology_analysis: Sheet3 联络开关: feeder=TMP00000188 识别到 1 个联络开关
2026-09-06 15:01:17 [DEBUG] core.feeder_topology_analysis: P1-P7 引擎产生 15 条断点候选
2026-09-06 15:01:17 [INFO] core.feeder_topology_analysis: Sheet2 断点定位: feeder=TMP00000188 共 378 条 (P1-P7 优先级排序)
2026-09-06 15:01:17 [INFO] core.feeder_topology_analysis: Sheet4 合环识别: feeder=TMP00000188 共 2 条
2026-09-06 15:01:46 [INFO] core.topology_builder: 主配数据拆分完成：主网设备=1167 配网设备=50744 主网线段=223 配网线段=189 主网站=10 遥信遥测=5829 ZWMEA=442 ZWSIGNAL=1567
2026-09-06 15:01:46 [INFO] core.topology_builder: 主网设备数量：1167
2026-09-06 15:01:46 [INFO] core.topology_builder: 配网设备数量：50744
2026-09-06 15:01:46 [INFO] core.topology_builder: 主网线路(ZLINEEND)数量：223
2026-09-06 15:01:46 [INFO] core.topology_builder: 配网线路(PWFEEDERLINE)数量：189
2026-09-06 15:01:46 [INFO] core.topology_builder: 主网站点(ZWSUBSTATION)数量：10
2026-09-06 15:01:46 [INFO] core.topology_builder: 遥信遥测(PWREAL)记录数：5829
2026-09-06 15:01:46 [INFO] core.topology_builder: 主网遥测(ZWMEA)：442 主网遥信(ZWSIGNAL)：1567
2026-09-06 15:01:46 [INFO] core.topology_builder: [Builder] 正在添加 1167 个主网设备和 50744 个配网设备...
2026-09-06 15:01:46 [INFO] core.topology_builder: 主网电源设备数=47
2026-09-06 15:01:46 [INFO] core.topology_builder: 主网电源设备识别: 47 台
2026-09-06 15:01:47 [DEBUG] core.topology_builder: 已处理 10000 个配网设备
2026-09-06 15:01:48 [DEBUG] core.topology_builder: 已处理 20000 个配网设备
2026-09-06 15:01:49 [DEBUG] core.topology_builder: 已处理 30000 个配网设备
2026-09-06 15:01:50 [DEBUG] core.topology_builder: 已处理 40000 个配网设备
2026-09-06 15:01:51 [DEBUG] core.topology_builder: 已处理 50000 个配网设备
2026-09-06 15:01:51 [INFO] core.topology_builder: 配网电源设备数=17643
2026-09-06 15:01:51 [INFO] core.topology_builder: 配网电源设备识别: 17643 台
2026-09-06 15:01:54 [INFO] core.topology_builder: 主配电源注入：0 台配网设备经共享连接点接入主网电源
2026-09-06 15:02:03 [INFO] core.topology_builder: [Builder] 配网真实端子数量:76354
2026-09-06 15:02:03 [INFO] core.topology_builder: [Builder] 主网真实端子数量:1562
2026-09-06 15:02:10 [INFO] core.topology_builder: [端子建边完成] 配网拓扑边数量：117276
2026-09-06 15:02:10 [INFO] core.topology_builder: [端子建边完成] 主网拓扑边数量：2632
2026-09-06 15:02:17 [INFO] core.measure_preprocess: [MeasurePreprocess] 遥信实测开关数量：6666
2026-09-06 15:02:17 [INFO] core.measure_preprocess: [MeasurePreprocess] 默认合位开关数量：10942
2026-09-06 15:02:17 [INFO] core.topology_builder: [遥信预处理统计] 总开关状态映射条目:17608 实际挂载到设备:16592
2026-09-06 15:02:17 [INFO] core.topology_builder: 遥信实测开关:6666，赛题默认合位推演开关:10942
2026-09-06 15:02:31 [INFO] core.topology_builder: 主配接口校验：通过=147 失败=42
2026-09-06 15:02:31 [INFO] core.topology_builder: [主配接口校验] 4.1/4.2 命中缺陷: 42
2026-09-06 15:02:31 [INFO] core.topology_builder: [电气逻辑校验] RULE-E01~E07 命中:4458
2026-09-06 15:02:31 [INFO] core.topology_builder: 开始执行拓扑异常检测：悬空、孤岛、断点
2026-09-06 15:02:36 [INFO] core.topology_builder: 主网异常数量：338，断点数量：4
2026-09-06 15:02:36 [INFO] core.topology_builder: 配网异常数量：726，断点数量：418
2026-09-06 15:02:45 [INFO] core.score_engine: 评分结果: 设备=50744 缺陷=1756 扣分=25.00 缺陷率=3.46% 缺陷率扣分=4.92 score_before=70.1 score_after=100.0
2026-09-06 15:02:45 [INFO] core.enhanced_report_generator: [增强报告] 开始为 LINE215 生成增强报告
2026-09-06 15:02:45 [INFO] core.enhanced_report_generator: [增强报告] 评估数据源质量...
2026-09-06 15:02:45 [INFO] core.physical_constraint_checker: [物理约束] 数据源可信度: 遥测=0.11, SVG=0.77, 数据库=0.90
2026-09-06 15:02:45 [INFO] core.enhanced_report_generator: [增强报告] 执行物理约束校验...
2026-09-06 15:02:45 [INFO] core.physical_constraint_checker: [物理约束] 数据源可信度: 遥测=0.11, SVG=0.77, 数据库=0.90
2026-09-06 15:02:45 [INFO] core.physical_constraint_checker: [物理约束] 开始KCL校验, 共100个节点
2026-09-06 15:02:45 [INFO] core.physical_constraint_checker: [物理约束] 开始支路约束校验, 共50个开关
2026-09-06 15:02:45 [INFO] core.enhanced_report_generator: [增强报告] 处理 1756 个缺陷...
2026-09-06 15:02:45 [INFO] core.enhanced_report_generator: [增强报告] 排序修复方案...
2026-09-06 15:02:45 [INFO] core.repair_ranking_engine: [修复排序] 处理1756个修复候选, 最高优先级=0.500(TMP00044547 <-> TMP00046078)
2026-09-06 15:02:45 [INFO] core.enhanced_report_generator: [增强报告] 生成完成: 缺陷1756个, 高风险0个, 确认1756个
2026-09-06 15:02:46 [INFO] core.feeder_topology_analysis: Sheet3 联络开关: feeder=TMP00000188 识别到 1 个联络开关
2026-09-06 15:02:47 [DEBUG] core.feeder_topology_analysis: P1-P7 引擎产生 15 条断点候选
2026-09-06 15:02:47 [INFO] core.feeder_topology_analysis: Sheet2 断点定位: feeder=TMP00000188 共 378 条 (P1-P7 优先级排序)
2026-09-06 15:02:47 [INFO] core.feeder_topology_analysis: Sheet4 合环识别: feeder=TMP00000188 共 2 条
2026-09-06 15:03:16 [INFO] core.topology_builder: 主配数据拆分完成：主网设备=1167 配网设备=50744 主网线段=223 配网线段=189 主网站=10 遥信遥测=5829 ZWMEA=442 ZWSIGNAL=1567
2026-09-06 15:03:16 [INFO] core.topology_builder: 主网设备数量：1167
2026-09-06 15:03:16 [INFO] core.topology_builder: 配网设备数量：50744
2026-09-06 15:03:16 [INFO] core.topology_builder: 主网线路(ZLINEEND)数量：223
2026-09-06 15:03:16 [INFO] core.topology_builder: 配网线路(PWFEEDERLINE)数量：189
2026-09-06 15:03:16 [INFO] core.topology_builder: 主网站点(ZWSUBSTATION)数量：10
2026-09-06 15:03:16 [INFO] core.topology_builder: 遥信遥测(PWREAL)记录数：5829
2026-09-06 15:03:16 [INFO] core.topology_builder: 主网遥测(ZWMEA)：442 主网遥信(ZWSIGNAL)：1567
2026-09-06 15:03:16 [INFO] core.topology_builder: [Builder] 正在添加 1167 个主网设备和 50744 个配网设备...
2026-09-06 15:03:16 [INFO] core.topology_builder: 主网电源设备数=47
2026-09-06 15:03:16 [INFO] core.topology_builder: 主网电源设备识别: 47 台
2026-09-06 15:03:17 [DEBUG] core.topology_builder: 已处理 10000 个配网设备
2026-09-06 15:03:18 [DEBUG] core.topology_builder: 已处理 20000 个配网设备
2026-09-06 15:03:19 [DEBUG] core.topology_builder: 已处理 30000 个配网设备
2026-09-06 15:03:20 [DEBUG] core.topology_builder: 已处理 40000 个配网设备
2026-09-06 15:03:21 [DEBUG] core.topology_builder: 已处理 50000 个配网设备
2026-09-06 15:03:21 [INFO] core.topology_builder: 配网电源设备数=17643
2026-09-06 15:03:21 [INFO] core.topology_builder: 配网电源设备识别: 17643 台
2026-09-06 15:03:24 [INFO] core.topology_builder: 主配电源注入：0 台配网设备经共享连接点接入主网电源
2026-09-06 15:03:33 [INFO] core.topology_builder: [Builder] 配网真实端子数量:76354
2026-09-06 15:03:33 [INFO] core.topology_builder: [Builder] 主网真实端子数量:1562
2026-09-06 15:03:40 [INFO] core.topology_builder: [端子建边完成] 配网拓扑边数量：117276
2026-09-06 15:03:40 [INFO] core.topology_builder: [端子建边完成] 主网拓扑边数量：2632
2026-09-06 15:03:47 [INFO] core.measure_preprocess: [MeasurePreprocess] 遥信实测开关数量：6666
2026-09-06 15:03:47 [INFO] core.measure_preprocess: [MeasurePreprocess] 默认合位开关数量：10942
2026-09-06 15:03:47 [INFO] core.topology_builder: [遥信预处理统计] 总开关状态映射条目:17608 实际挂载到设备:16592
2026-09-06 15:03:47 [INFO] core.topology_builder: 遥信实测开关:6666，赛题默认合位推演开关:10942
2026-09-06 15:04:02 [INFO] core.topology_builder: 主配接口校验：通过=147 失败=42
2026-09-06 15:04:02 [INFO] core.topology_builder: [主配接口校验] 4.1/4.2 命中缺陷: 42
2026-09-06 15:04:02 [INFO] core.topology_builder: [电气逻辑校验] RULE-E01~E07 命中:4458
2026-09-06 15:04:02 [INFO] core.topology_builder: 开始执行拓扑异常检测：悬空、孤岛、断点
2026-09-06 15:04:06 [INFO] core.topology_builder: 主网异常数量：338，断点数量：4
2026-09-06 15:04:06 [INFO] core.topology_builder: 配网异常数量：726，断点数量：418
2026-09-06 15:04:16 [INFO] core.score_engine: 评分结果: 设备=50744 缺陷=1756 扣分=25.00 缺陷率=3.46% 缺陷率扣分=4.92 score_before=70.1 score_after=100.0
2026-09-06 15:04:16 [INFO] core.enhanced_report_generator: [增强报告] 开始为 LINE215 生成增强报告
2026-09-06 15:04:16 [INFO] core.enhanced_report_generator: [增强报告] 评估数据源质量...
2026-09-06 15:04:16 [INFO] core.physical_constraint_checker: [物理约束] 数据源可信度: 遥测=0.11, SVG=0.77, 数据库=0.90
2026-09-06 15:04:16 [INFO] core.enhanced_report_generator: [增强报告] 执行物理约束校验...
2026-09-06 15:04:16 [INFO] core.physical_constraint_checker: [物理约束] 数据源可信度: 遥测=0.11, SVG=0.77, 数据库=0.90
2026-09-06 15:04:16 [INFO] core.physical_constraint_checker: [物理约束] 开始KCL校验, 共100个节点
2026-09-06 15:04:16 [INFO] core.physical_constraint_checker: [物理约束] 开始支路约束校验, 共50个开关
2026-09-06 15:04:16 [INFO] core.enhanced_report_generator: [增强报告] 处理 1756 个缺陷...
2026-09-06 15:04:16 [INFO] core.enhanced_report_generator: [增强报告] 排序修复方案...
2026-09-06 15:04:16 [INFO] core.repair_ranking_engine: [修复排序] 处理1756个修复候选, 最高优先级=0.500(TMP00044547 <-> TMP00046078)
2026-09-06 15:04:16 [INFO] core.enhanced_report_generator: [增强报告] 生成完成: 缺陷1756个, 高风险0个, 确认1756个
2026-09-06 15:04:17 [INFO] core.feeder_topology_analysis: Sheet3 联络开关: feeder=TMP00000188 识别到 1 个联络开关
2026-09-06 15:04:17 [DEBUG] core.feeder_topology_analysis: P1-P7 引擎产生 15 条断点候选
2026-09-06 15:04:17 [INFO] core.feeder_topology_analysis: Sheet2 断点定位: feeder=TMP00000188 共 378 条 (P1-P7 优先级排序)
2026-09-06 15:04:17 [INFO] core.feeder_topology_analysis: Sheet4 合环识别: feeder=TMP00000188 共 2 条
2026-09-06 15:11:01 [INFO] core.topology_builder: 主配数据拆分完成：主网设备=1167 配网设备=50744 主网线段=223 配网线段=189 主网站=10 遥信遥测=5829 ZWMEA=442 ZWSIGNAL=1567
2026-09-06 15:11:01 [INFO] core.topology_builder: 主网设备数量：1167
2026-09-06 15:11:01 [INFO] core.topology_builder: 配网设备数量：50744
2026-09-06 15:11:01 [INFO] core.topology_builder: 主网线路(ZLINEEND)数量：223
2026-09-06 15:11:01 [INFO] core.topology_builder: 配网线路(PWFEEDERLINE)数量：189
2026-09-06 15:11:01 [INFO] core.topology_builder: 主网站点(ZWSUBSTATION)数量：10
2026-09-06 15:11:01 [INFO] core.topology_builder: 遥信遥测(PWREAL)记录数：5829
2026-09-06 15:11:01 [INFO] core.topology_builder: 主网遥测(ZWMEA)：442 主网遥信(ZWSIGNAL)：1567
2026-09-06 15:11:01 [INFO] core.topology_builder: [Builder] 正在添加 1167 个主网设备和 50744 个配网设备...
2026-09-06 15:11:01 [INFO] core.topology_builder: 主网电源设备数=47
2026-09-06 15:11:01 [INFO] core.topology_builder: 主网电源设备识别: 47 台
2026-09-06 15:11:02 [DEBUG] core.topology_builder: 已处理 10000 个配网设备
2026-09-06 15:11:03 [DEBUG] core.topology_builder: 已处理 20000 个配网设备
2026-09-06 15:11:04 [DEBUG] core.topology_builder: 已处理 30000 个配网设备
2026-09-06 15:11:05 [DEBUG] core.topology_builder: 已处理 40000 个配网设备
2026-09-06 15:11:06 [DEBUG] core.topology_builder: 已处理 50000 个配网设备
2026-09-06 15:11:06 [INFO] core.topology_builder: 配网电源设备数=17643
2026-09-06 15:11:06 [INFO] core.topology_builder: 配网电源设备识别: 17643 台
2026-09-06 15:11:09 [INFO] core.topology_builder: 主配电源注入：0 台配网设备经共享连接点接入主网电源
2026-09-06 15:11:17 [INFO] core.topology_builder: [Builder] 配网真实端子数量:76354
2026-09-06 15:11:17 [INFO] core.topology_builder: [Builder] 主网真实端子数量:1562
2026-09-06 15:11:23 [INFO] core.topology_builder: [端子建边完成] 配网拓扑边数量：117276
2026-09-06 15:11:23 [INFO] core.topology_builder: [端子建边完成] 主网拓扑边数量：2632
2026-09-06 15:11:29 [INFO] core.measure_preprocess: [MeasurePreprocess] 遥信实测开关数量：6666
2026-09-06 15:11:29 [INFO] core.measure_preprocess: [MeasurePreprocess] 默认合位开关数量：10942
2026-09-06 15:11:29 [INFO] core.topology_builder: [遥信预处理统计] 总开关状态映射条目:17608 实际挂载到设备:16592
2026-09-06 15:11:29 [INFO] core.topology_builder: 遥信实测开关:6666，赛题默认合位推演开关:10942
2026-09-06 15:11:42 [INFO] core.topology_builder: 主配接口校验：通过=147 失败=42
2026-09-06 15:11:42 [INFO] core.topology_builder: [主配接口校验] 4.1/4.2 命中缺陷: 42
2026-09-06 15:11:42 [INFO] core.topology_builder: [电气逻辑校验] RULE-E01~E07 命中:4458
2026-09-06 15:11:42 [INFO] core.topology_builder: 开始执行拓扑异常检测：悬空、孤岛、断点
2026-09-06 15:11:45 [INFO] core.topology_builder: 主网异常数量：338，断点数量：4
2026-09-06 15:11:45 [INFO] core.topology_builder: 配网异常数量：726，断点数量：418
2026-09-06 15:11:53 [INFO] core.score_engine: 评分结果: 设备=50744 缺陷=1756 扣分=25.00 缺陷率=3.46% 缺陷率扣分=4.92 score_before=70.1 score_after=100.0
2026-09-06 15:11:53 [INFO] core.enhanced_report_generator: [增强报告] 开始为 LINE215 生成增强报告
2026-09-06 15:11:53 [INFO] core.enhanced_report_generator: [增强报告] 评估数据源质量...
2026-09-06 15:11:53 [INFO] core.physical_constraint_checker: [物理约束] 数据源可信度: 遥测=0.11, SVG=0.77, 数据库=0.90
2026-09-06 15:11:53 [INFO] core.enhanced_report_generator: [增强报告] 执行物理约束校验...
2026-09-06 15:11:53 [INFO] core.physical_constraint_checker: [物理约束] 数据源可信度: 遥测=0.11, SVG=0.77, 数据库=0.90
2026-09-06 15:11:53 [INFO] core.physical_constraint_checker: [物理约束] 开始KCL校验, 共100个节点
2026-09-06 15:11:53 [INFO] core.physical_constraint_checker: [物理约束] 开始支路约束校验, 共50个开关
2026-09-06 15:11:53 [INFO] core.enhanced_report_generator: [增强报告] 处理 1756 个缺陷...
2026-09-06 15:11:54 [INFO] core.enhanced_report_generator: [增强报告] 排序修复方案...
2026-09-06 15:11:54 [INFO] core.repair_ranking_engine: [修复排序] 处理1756个修复候选, 最高优先级=0.500(TMP00044547 <-> TMP00046078)
2026-09-06 15:11:54 [INFO] core.enhanced_report_generator: [增强报告] 生成完成: 缺陷1756个, 高风险0个, 确认1756个
2026-09-06 15:11:55 [INFO] core.feeder_topology_analysis: Sheet3 联络开关: feeder=TMP00000188 识别到 1 个联络开关
2026-09-06 15:11:55 [DEBUG] core.feeder_topology_analysis: P1-P7 引擎产生 15 条断点候选
2026-09-06 15:11:55 [INFO] core.feeder_topology_analysis: Sheet2 断点定位: feeder=TMP00000188 共 378 条 (P1-P7 优先级排序)
2026-09-06 15:11:55 [INFO] core.feeder_topology_analysis: Sheet4 合环识别: feeder=TMP00000188 共 2 条
2026-09-06 15:12:14 [INFO] core.score_engine: 评分结果: 设备=50744 缺陷=1837 扣分=25.00 缺陷率=3.62% 缺陷率扣分=5.24 score_before=69.8 score_after=100.0
2026-09-06 15:12:14 [INFO] core.enhanced_report_generator: [增强报告] 开始为 LINE216 生成增强报告
2026-09-06 15:12:14 [INFO] core.enhanced_report_generator: [增强报告] 评估数据源质量...
2026-09-06 15:12:14 [INFO] core.physical_constraint_checker: [物理约束] 数据源可信度: 遥测=0.11, SVG=0.77, 数据库=0.90
2026-09-06 15:12:14 [INFO] core.enhanced_report_generator: [增强报告] 执行物理约束校验...
2026-09-06 15:12:14 [INFO] core.physical_constraint_checker: [物理约束] 数据源可信度: 遥测=0.11, SVG=0.77, 数据库=0.90
2026-09-06 15:12:15 [INFO] core.physical_constraint_checker: [物理约束] 开始KCL校验, 共100个节点
2026-09-06 15:12:15 [INFO] core.physical_constraint_checker: [物理约束] 开始支路约束校验, 共50个开关
2026-09-06 15:12:15 [INFO] core.enhanced_report_generator: [增强报告] 处理 1837 个缺陷...
2026-09-06 15:12:15 [INFO] core.enhanced_report_generator: [增强报告] 排序修复方案...
2026-09-06 15:12:15 [INFO] core.repair_ranking_engine: [修复排序] 处理1837个修复候选, 最高优先级=0.500(TMP00313565 <-> TMP00046158)
2026-09-06 15:12:15 [INFO] core.enhanced_report_generator: [增强报告] 生成完成: 缺陷1837个, 高风险0个, 确认1837个
2026-09-06 15:12:16 [INFO] core.feeder_topology_analysis: Sheet3 联络开关: feeder=TMP00000189 识别到 1 个联络开关
2026-09-06 15:12:16 [DEBUG] core.feeder_topology_analysis: P1-P7 引擎产生 54 条断点候选
2026-09-06 15:12:16 [INFO] core.feeder_topology_analysis: Sheet2 断点定位: feeder=TMP00000189 共 256 条 (P1-P7 优先级排序)
2026-09-06 15:12:16 [INFO] core.feeder_topology_analysis: Sheet4 合环识别: feeder=TMP00000189 共 9 条
2026-09-06 15:40:01 [INFO] core.topology_builder: 主配数据拆分完成：主网设备=1167 配网设备=50744 主网线段=223 配网线段=189 主网站=10 遥信遥测=5829 ZWMEA=442 ZWSIGNAL=1567
2026-09-06 15:40:01 [INFO] core.topology_builder: 主网设备数量：1167
2026-09-06 15:40:01 [INFO] core.topology_builder: 配网设备数量：50744
2026-09-06 15:40:01 [INFO] core.topology_builder: 主网线路(ZLINEEND)数量：223
2026-09-06 15:40:01 [INFO] core.topology_builder: 配网线路(PWFEEDERLINE)数量：189
2026-09-06 15:40:01 [INFO] core.topology_builder: 主网站点(ZWSUBSTATION)数量：10
2026-09-06 15:40:01 [INFO] core.topology_builder: 遥信遥测(PWREAL)记录数：5829
2026-09-06 15:40:01 [INFO] core.topology_builder: 主网遥测(ZWMEA)：442 主网遥信(ZWSIGNAL)：1567
2026-09-06 15:40:01 [INFO] core.topology_builder: [Builder] 正在添加 1167 个主网设备和 50744 个配网设备...
2026-09-06 15:40:01 [INFO] core.topology_builder: 主网电源设备数=47
2026-09-06 15:40:01 [INFO] core.topology_builder: 主网电源设备识别: 47 台
2026-09-06 15:40:02 [DEBUG] core.topology_builder: 已处理 10000 个配网设备
2026-09-06 15:40:03 [DEBUG] core.topology_builder: 已处理 20000 个配网设备
2026-09-06 15:40:04 [DEBUG] core.topology_builder: 已处理 30000 个配网设备
2026-09-06 15:40:05 [DEBUG] core.topology_builder: 已处理 40000 个配网设备
2026-09-06 15:40:06 [DEBUG] core.topology_builder: 已处理 50000 个配网设备
2026-09-06 15:40:06 [INFO] core.topology_builder: 配网电源设备数=17643
2026-09-06 15:40:06 [INFO] core.topology_builder: 配网电源设备识别: 17643 台
2026-09-06 15:40:10 [INFO] core.topology_builder: 主配电源注入：0 台配网设备经共享连接点接入主网电源
2026-09-06 15:40:20 [INFO] core.topology_builder: [Builder] 配网真实端子数量:76354
2026-09-06 15:40:20 [INFO] core.topology_builder: [Builder] 主网真实端子数量:1562
2026-09-06 15:40:26 [INFO] core.topology_builder: [端子建边完成] 配网拓扑边数量：117276
2026-09-06 15:40:26 [INFO] core.topology_builder: [端子建边完成] 主网拓扑边数量：2632
2026-09-06 15:40:34 [INFO] core.measure_preprocess: [MeasurePreprocess] 遥信实测开关数量：6666
2026-09-06 15:40:34 [INFO] core.measure_preprocess: [MeasurePreprocess] 默认合位开关数量：10942
2026-09-06 15:40:34 [INFO] core.topology_builder: [遥信预处理统计] 总开关状态映射条目:17608 实际挂载到设备:16592
2026-09-06 15:40:34 [INFO] core.topology_builder: 遥信实测开关:6666，赛题默认合位推演开关:10942
2026-09-06 15:40:49 [INFO] core.topology_builder: 主配接口校验：通过=147 失败=42
2026-09-06 15:40:49 [INFO] core.topology_builder: [主配接口校验] 4.1/4.2 命中缺陷: 42
2026-09-06 15:40:49 [INFO] core.topology_builder: [电气逻辑校验] RULE-E01~E07 命中:4458
2026-09-06 15:40:49 [INFO] core.topology_builder: 开始执行拓扑异常检测：悬空、孤岛、断点
2026-09-06 15:40:53 [INFO] core.topology_builder: 主网异常数量：338，断点数量：4
2026-09-06 15:40:53 [INFO] core.topology_builder: 配网异常数量：726，断点数量：418
2026-09-06 15:41:44 [INFO] core.topology_builder: 主配数据拆分完成：主网设备=1167 配网设备=50744 主网线段=223 配网线段=189 主网站=10 遥信遥测=5829 ZWMEA=442 ZWSIGNAL=1567
2026-09-06 15:41:44 [INFO] core.topology_builder: 主网设备数量：1167
2026-09-06 15:41:44 [INFO] core.topology_builder: 配网设备数量：50744
2026-09-06 15:41:44 [INFO] core.topology_builder: 主网线路(ZLINEEND)数量：223
2026-09-06 15:41:44 [INFO] core.topology_builder: 配网线路(PWFEEDERLINE)数量：189
2026-09-06 15:41:44 [INFO] core.topology_builder: 主网站点(ZWSUBSTATION)数量：10
2026-09-06 15:41:44 [INFO] core.topology_builder: 遥信遥测(PWREAL)记录数：5829
2026-09-06 15:41:44 [INFO] core.topology_builder: 主网遥测(ZWMEA)：442 主网遥信(ZWSIGNAL)：1567
2026-09-06 15:41:44 [INFO] core.topology_builder: [Builder] 正在添加 1167 个主网设备和 50744 个配网设备...
2026-09-06 15:41:44 [INFO] core.topology_builder: 主网电源设备数=47
2026-09-06 15:41:44 [INFO] core.topology_builder: 主网电源设备识别: 47 台
2026-09-06 15:41:45 [DEBUG] core.topology_builder: 已处理 10000 个配网设备
2026-09-06 15:41:46 [DEBUG] core.topology_builder: 已处理 20000 个配网设备
2026-09-06 15:41:48 [DEBUG] core.topology_builder: 已处理 30000 个配网设备
2026-09-06 15:41:49 [DEBUG] core.topology_builder: 已处理 40000 个配网设备
2026-09-06 15:41:50 [DEBUG] core.topology_builder: 已处理 50000 个配网设备
2026-09-06 15:41:50 [INFO] core.topology_builder: 配网电源设备数=17643
2026-09-06 15:41:50 [INFO] core.topology_builder: 配网电源设备识别: 17643 台
2026-09-06 15:41:53 [INFO] core.topology_builder: 主配电源注入：0 台配网设备经共享连接点接入主网电源
2026-09-06 15:42:02 [INFO] core.topology_builder: [Builder] 配网真实端子数量:76354
2026-09-06 15:42:02 [INFO] core.topology_builder: [Builder] 主网真实端子数量:1562
2026-09-06 15:42:08 [INFO] core.topology_builder: [端子建边完成] 配网拓扑边数量：117276
2026-09-06 15:42:08 [INFO] core.topology_builder: [端子建边完成] 主网拓扑边数量：2632
2026-09-06 15:42:15 [INFO] core.measure_preprocess: [MeasurePreprocess] 遥信实测开关数量：6666
2026-09-06 15:42:15 [INFO] core.measure_preprocess: [MeasurePreprocess] 默认合位开关数量：10942
2026-09-06 15:42:15 [INFO] core.topology_builder: [遥信预处理统计] 总开关状态映射条目:17608 实际挂载到设备:16592
2026-09-06 15:42:15 [INFO] core.topology_builder: 遥信实测开关:6666，赛题默认合位推演开关:10942
2026-09-06 15:42:28 [INFO] core.topology_builder: 主配接口校验：通过=147 失败=42
2026-09-06 15:42:28 [INFO] core.topology_builder: [主配接口校验] 4.1/4.2 命中缺陷: 42
2026-09-06 15:42:28 [INFO] core.topology_builder: [电气逻辑校验] RULE-E01~E07 命中:4458
2026-09-06 15:42:28 [INFO] core.topology_builder: 开始执行拓扑异常检测：悬空、孤岛、断点
2026-09-06 15:42:32 [INFO] core.topology_builder: 主网异常数量：338，断点数量：4
2026-09-06 15:42:32 [INFO] core.topology_builder: 配网异常数量：726，断点数量：418
2026-09-06 15:44:14 [INFO] core.topology_builder: 主配数据拆分完成：主网设备=1167 配网设备=50744 主网线段=223 配网线段=189 主网站=10 遥信遥测=5829 ZWMEA=442 ZWSIGNAL=1567
2026-09-06 15:44:14 [INFO] core.topology_builder: 主网设备数量：1167
2026-09-06 15:44:14 [INFO] core.topology_builder: 配网设备数量：50744
2026-09-06 15:44:14 [INFO] core.topology_builder: 主网线路(ZLINEEND)数量：223
2026-09-06 15:44:14 [INFO] core.topology_builder: 配网线路(PWFEEDERLINE)数量：189
2026-09-06 15:44:14 [INFO] core.topology_builder: 主网站点(ZWSUBSTATION)数量：10
2026-09-06 15:44:14 [INFO] core.topology_builder: 遥信遥测(PWREAL)记录数：5829
2026-09-06 15:44:14 [INFO] core.topology_builder: 主网遥测(ZWMEA)：442 主网遥信(ZWSIGNAL)：1567
2026-09-06 15:44:14 [INFO] core.topology_builder: [Builder] 正在添加 1167 个主网设备和 50744 个配网设备...
2026-09-06 15:44:14 [INFO] core.topology_builder: 主网电源设备数=47
2026-09-06 15:44:14 [INFO] core.topology_builder: 主网电源设备识别: 47 台
2026-09-06 15:44:15 [DEBUG] core.topology_builder: 已处理 10000 个配网设备
2026-09-06 15:44:15 [DEBUG] core.topology_builder: 已处理 20000 个配网设备
2026-09-06 15:44:16 [DEBUG] core.topology_builder: 已处理 30000 个配网设备
2026-09-06 15:44:17 [DEBUG] core.topology_builder: 已处理 40000 个配网设备
2026-09-06 15:44:18 [DEBUG] core.topology_builder: 已处理 50000 个配网设备
2026-09-06 15:44:18 [INFO] core.topology_builder: 配网电源设备数=17643
2026-09-06 15:44:18 [INFO] core.topology_builder: 配网电源设备识别: 17643 台
2026-09-06 15:44:22 [INFO] core.topology_builder: 主配电源注入：0 台配网设备经共享连接点接入主网电源
2026-09-06 15:44:30 [INFO] core.topology_builder: [Builder] 配网真实端子数量:76354
2026-09-06 15:44:30 [INFO] core.topology_builder: [Builder] 主网真实端子数量:1562
2026-09-06 15:44:36 [INFO] core.topology_builder: [端子建边完成] 配网拓扑边数量：117276
2026-09-06 15:44:36 [INFO] core.topology_builder: [端子建边完成] 主网拓扑边数量：2632
2026-09-06 15:44:42 [INFO] core.measure_preprocess: [MeasurePreprocess] 遥信实测开关数量：6666
2026-09-06 15:44:43 [INFO] core.measure_preprocess: [MeasurePreprocess] 默认合位开关数量：10942
2026-09-06 15:44:43 [INFO] core.topology_builder: [遥信预处理统计] 总开关状态映射条目:17608 实际挂载到设备:16592
2026-09-06 15:44:43 [INFO] core.topology_builder: 遥信实测开关:6666，赛题默认合位推演开关:10942
2026-09-06 15:44:56 [INFO] core.topology_builder: 主配接口校验：通过=147 失败=42
2026-09-06 15:44:56 [INFO] core.topology_builder: [主配接口校验] 4.1/4.2 命中缺陷: 42
2026-09-06 15:44:56 [INFO] core.topology_builder: [电气逻辑校验] RULE-E01~E07 命中:4458
2026-09-06 15:44:56 [INFO] core.topology_builder: 开始执行拓扑异常检测：悬空、孤岛、断点
2026-09-06 15:45:00 [INFO] core.topology_builder: 主网异常数量：338，断点数量：4
2026-09-06 15:45:00 [INFO] core.topology_builder: 配网异常数量：726，断点数量：418
2026-09-06 15:46:56 [INFO] core.topology_builder: 主配数据拆分完成：主网设备=1167 配网设备=50744 主网线段=223 配网线段=189 主网站=10 遥信遥测=5829 ZWMEA=442 ZWSIGNAL=1567
2026-09-06 15:46:56 [INFO] core.topology_builder: 主网设备数量：1167
2026-09-06 15:46:56 [INFO] core.topology_builder: 配网设备数量：50744
2026-09-06 15:46:56 [INFO] core.topology_builder: 主网线路(ZLINEEND)数量：223
2026-09-06 15:46:56 [INFO] core.topology_builder: 配网线路(PWFEEDERLINE)数量：189
2026-09-06 15:46:56 [INFO] core.topology_builder: 主网站点(ZWSUBSTATION)数量：10
2026-09-06 15:46:56 [INFO] core.topology_builder: 遥信遥测(PWREAL)记录数：5829
2026-09-06 15:46:56 [INFO] core.topology_builder: 主网遥测(ZWMEA)：442 主网遥信(ZWSIGNAL)：1567
2026-09-06 15:46:56 [INFO] core.topology_builder: [Builder] 正在添加 1167 个主网设备和 50744 个配网设备...
2026-09-06 15:46:56 [INFO] core.topology_builder: 主网电源设备数=47
2026-09-06 15:46:56 [INFO] core.topology_builder: 主网电源设备识别: 47 台
2026-09-06 15:46:59 [DEBUG] core.topology_builder: 已处理 10000 个配网设备
2026-09-06 15:47:02 [DEBUG] core.topology_builder: 已处理 20000 个配网设备
2026-09-06 15:47:05 [DEBUG] core.topology_builder: 已处理 30000 个配网设备
2026-09-06 15:47:08 [DEBUG] core.topology_builder: 已处理 40000 个配网设备
2026-09-06 15:47:11 [DEBUG] core.topology_builder: 已处理 50000 个配网设备
2026-09-06 15:47:11 [INFO] core.topology_builder: 配网电源设备数=17643
2026-09-06 15:47:11 [INFO] core.topology_builder: 配网电源设备识别: 17643 台
2026-09-06 15:47:22 [INFO] core.topology_builder: 主配电源注入：0 台配网设备经共享连接点接入主网电源
2026-09-06 15:47:47 [INFO] core.topology_builder: [Builder] 配网真实端子数量:76354
2026-09-06 15:47:47 [INFO] core.topology_builder: [Builder] 主网真实端子数量:1562
2026-09-06 15:48:01 [INFO] core.topology_builder: [端子建边完成] 配网拓扑边数量：117276
2026-09-06 15:48:01 [INFO] core.topology_builder: [端子建边完成] 主网拓扑边数量：2632
2026-09-06 15:48:16 [INFO] core.measure_preprocess: [MeasurePreprocess] 遥信实测开关数量：6666
2026-09-06 15:48:16 [INFO] core.measure_preprocess: [MeasurePreprocess] 默认合位开关数量：10942
2026-09-06 15:48:16 [INFO] core.topology_builder: [遥信预处理统计] 总开关状态映射条目:17608 实际挂载到设备:16592
2026-09-06 15:48:16 [INFO] core.topology_builder: 遥信实测开关:6666，赛题默认合位推演开关:10942
2026-09-06 15:48:51 [INFO] core.topology_builder: 主配接口校验：通过=147 失败=42
2026-09-06 15:48:51 [INFO] core.topology_builder: [主配接口校验] 4.1/4.2 命中缺陷: 42
2026-09-06 15:48:51 [INFO] core.topology_builder: [电气逻辑校验] RULE-E01~E07 命中:4458
2026-09-06 15:48:51 [INFO] core.topology_builder: 开始执行拓扑异常检测：悬空、孤岛、断点
2026-09-06 15:48:59 [INFO] core.topology_builder: 主网异常数量：338，断点数量：4
2026-09-06 15:48:59 [INFO] core.topology_builder: 配网异常数量：726，断点数量：418
2026-09-06 15:49:59 [INFO] core.topology_builder: 主配数据拆分完成：主网设备=1167 配网设备=50744 主网线段=223 配网线段=189 主网站=10 遥信遥测=5829 ZWMEA=442 ZWSIGNAL=1567
2026-09-06 15:49:59 [INFO] core.topology_builder: 主网设备数量：1167
2026-09-06 15:49:59 [INFO] core.topology_builder: 配网设备数量：50744
2026-09-06 15:49:59 [INFO] core.topology_builder: 主网线路(ZLINEEND)数量：223
2026-09-06 15:49:59 [INFO] core.topology_builder: 配网线路(PWFEEDERLINE)数量：189
2026-09-06 15:49:59 [INFO] core.topology_builder: 主网站点(ZWSUBSTATION)数量：10
2026-09-06 15:49:59 [INFO] core.topology_builder: 遥信遥测(PWREAL)记录数：5829
2026-09-06 15:49:59 [INFO] core.topology_builder: 主网遥测(ZWMEA)：442 主网遥信(ZWSIGNAL)：1567
2026-09-06 15:49:59 [INFO] core.topology_builder: [Builder] 正在添加 1167 个主网设备和 50744 个配网设备...
2026-09-06 15:49:59 [INFO] core.topology_builder: 主网电源设备数=47
2026-09-06 15:49:59 [INFO] core.topology_builder: 主网电源设备识别: 47 台
2026-09-06 15:50:01 [DEBUG] core.topology_builder: 已处理 10000 个配网设备
2026-09-06 15:50:03 [DEBUG] core.topology_builder: 已处理 20000 个配网设备
2026-09-06 15:50:06 [DEBUG] core.topology_builder: 已处理 30000 个配网设备
2026-09-06 15:50:07 [DEBUG] core.topology_builder: 已处理 40000 个配网设备
2026-09-06 15:50:10 [DEBUG] core.topology_builder: 已处理 50000 个配网设备
2026-09-06 15:50:10 [INFO] core.topology_builder: 配网电源设备数=17643
2026-09-06 15:50:10 [INFO] core.topology_builder: 配网电源设备识别: 17643 台
2026-09-06 15:50:18 [INFO] core.topology_builder: 主配电源注入：0 台配网设备经共享连接点接入主网电源
2026-09-06 15:50:36 [INFO] core.topology_builder: [Builder] 配网真实端子数量:76354
2026-09-06 15:50:36 [INFO] core.topology_builder: [Builder] 主网真实端子数量:1562
2026-09-06 15:50:49 [INFO] core.topology_builder: [端子建边完成] 配网拓扑边数量：117276
2026-09-06 15:50:49 [INFO] core.topology_builder: [端子建边完成] 主网拓扑边数量：2632
2026-09-06 15:51:04 [INFO] core.measure_preprocess: [MeasurePreprocess] 遥信实测开关数量：6666
2026-09-06 15:51:04 [INFO] core.measure_preprocess: [MeasurePreprocess] 默认合位开关数量：10942
2026-09-06 15:51:05 [INFO] core.topology_builder: [遥信预处理统计] 总开关状态映射条目:17608 实际挂载到设备:16592
2026-09-06 15:51:05 [INFO] core.topology_builder: 遥信实测开关:6666，赛题默认合位推演开关:10942
2026-09-06 15:51:35 [INFO] core.topology_builder: 主配接口校验：通过=147 失败=42
2026-09-06 15:51:35 [INFO] core.topology_builder: [主配接口校验] 4.1/4.2 命中缺陷: 42
2026-09-06 15:51:35 [INFO] core.topology_builder: [电气逻辑校验] RULE-E01~E07 命中:4458
2026-09-06 15:51:35 [INFO] core.topology_builder: 开始执行拓扑异常检测：悬空、孤岛、断点
2026-09-06 15:51:42 [INFO] core.topology_builder: 主网异常数量：338，断点数量：4
2026-09-06 15:51:42 [INFO] core.topology_builder: 配网异常数量：726，断点数量：418
2026-09-06 15:52:01 [INFO] core.score_engine: 评分结果: 设备=50744 缺陷=0 扣分=0.00 缺陷率=0.00% 缺陷率扣分=0.00 score_before=100.0 score_after=100.0
2026-09-06 15:52:35 [INFO] core.topology_builder: 主配数据拆分完成：主网设备=1167 配网设备=50744 主网线段=223 配网线段=189 主网站=10 遥信遥测=5829 ZWMEA=442 ZWSIGNAL=1567
2026-09-06 15:52:35 [INFO] core.topology_builder: 主网设备数量：1167
2026-09-06 15:52:35 [INFO] core.topology_builder: 配网设备数量：50744
2026-09-06 15:52:35 [INFO] core.topology_builder: 主网线路(ZLINEEND)数量：223
2026-09-06 15:52:35 [INFO] core.topology_builder: 配网线路(PWFEEDERLINE)数量：189
2026-09-06 15:52:35 [INFO] core.topology_builder: 主网站点(ZWSUBSTATION)数量：10
2026-09-06 15:52:35 [INFO] core.topology_builder: 遥信遥测(PWREAL)记录数：5829
2026-09-06 15:52:35 [INFO] core.topology_builder: 主网遥测(ZWMEA)：442 主网遥信(ZWSIGNAL)：1567
2026-09-06 15:52:35 [INFO] core.topology_builder: [Builder] 正在添加 1167 个主网设备和 50744 个配网设备...
2026-09-06 15:52:36 [INFO] core.topology_builder: 主网电源设备数=47
2026-09-06 15:52:36 [INFO] core.topology_builder: 主网电源设备识别: 47 台
2026-09-06 15:52:38 [DEBUG] core.topology_builder: 已处理 10000 个配网设备
2026-09-06 15:52:41 [DEBUG] core.topology_builder: 已处理 20000 个配网设备
2026-09-06 15:52:44 [DEBUG] core.topology_builder: 已处理 30000 个配网设备
2026-09-06 15:52:46 [DEBUG] core.topology_builder: 已处理 40000 个配网设备
2026-09-06 15:52:48 [DEBUG] core.topology_builder: 已处理 50000 个配网设备
2026-09-06 15:52:48 [INFO] core.topology_builder: 配网电源设备数=17643
2026-09-06 15:52:48 [INFO] core.topology_builder: 配网电源设备识别: 17643 台
2026-09-06 15:52:56 [INFO] core.topology_builder: 主配电源注入：0 台配网设备经共享连接点接入主网电源
2026-09-06 15:53:14 [INFO] core.topology_builder: [Builder] 配网真实端子数量:76354
2026-09-06 15:53:14 [INFO] core.topology_builder: [Builder] 主网真实端子数量:1562
2026-09-06 15:53:27 [INFO] core.topology_builder: [端子建边完成] 配网拓扑边数量：117276
2026-09-06 15:53:27 [INFO] core.topology_builder: [端子建边完成] 主网拓扑边数量：2632
2026-09-06 15:53:41 [INFO] core.measure_preprocess: [MeasurePreprocess] 遥信实测开关数量：6666
2026-09-06 15:53:41 [INFO] core.measure_preprocess: [MeasurePreprocess] 默认合位开关数量：10942
2026-09-06 15:53:41 [INFO] core.topology_builder: [遥信预处理统计] 总开关状态映射条目:17608 实际挂载到设备:16592
2026-09-06 15:53:41 [INFO] core.topology_builder: 遥信实测开关:6666，赛题默认合位推演开关:10942
2026-09-06 15:54:14 [INFO] core.topology_builder: 主配接口校验：通过=147 失败=42
2026-09-06 15:54:14 [INFO] core.topology_builder: [主配接口校验] 4.1/4.2 命中缺陷: 42
2026-09-06 15:54:14 [INFO] core.topology_builder: [电气逻辑校验] RULE-E01~E07 命中:4458
2026-09-06 15:54:14 [INFO] core.topology_builder: 开始执行拓扑异常检测：悬空、孤岛、断点
2026-09-06 15:54:23 [INFO] core.topology_builder: 主网异常数量：338，断点数量：4
2026-09-06 15:54:23 [INFO] core.topology_builder: 配网异常数量：726，断点数量：418
2026-09-06 15:54:48 [INFO] core.score_engine: 评分结果: 设备=50744 缺陷=0 扣分=0.00 缺陷率=0.00% 缺陷率扣分=0.00 score_before=100.0 score_after=100.0
2026-09-06 15:54:52 [INFO] core.topology_builder: 主配数据拆分完成：主网设备=1167 配网设备=50744 主网线段=223 配网线段=189 主网站=10 遥信遥测=5829 ZWMEA=442 ZWSIGNAL=1567
2026-09-06 15:54:52 [INFO] core.topology_builder: 主网设备数量：1167
2026-09-06 15:54:52 [INFO] core.topology_builder: 配网设备数量：50744
2026-09-06 15:54:52 [INFO] core.topology_builder: 主网线路(ZLINEEND)数量：223
2026-09-06 15:54:52 [INFO] core.topology_builder: 配网线路(PWFEEDERLINE)数量：189
2026-09-06 15:54:52 [INFO] core.topology_builder: 主网站点(ZWSUBSTATION)数量：10
2026-09-06 15:54:52 [INFO] core.topology_builder: 遥信遥测(PWREAL)记录数：5829
2026-09-06 15:54:52 [INFO] core.topology_builder: 主网遥测(ZWMEA)：442 主网遥信(ZWSIGNAL)：1567
2026-09-06 15:54:52 [INFO] core.topology_builder: [Builder] 正在添加 1167 个主网设备和 50744 个配网设备...
2026-09-06 15:54:52 [INFO] core.topology_builder: 主网电源设备数=47
2026-09-06 15:54:52 [INFO] core.topology_builder: 主网电源设备识别: 47 台
2026-09-06 15:54:55 [DEBUG] core.topology_builder: 已处理 10000 个配网设备
2026-09-06 15:54:58 [DEBUG] core.topology_builder: 已处理 20000 个配网设备
2026-09-06 15:55:01 [DEBUG] core.topology_builder: 已处理 30000 个配网设备
2026-09-06 15:55:04 [DEBUG] core.topology_builder: 已处理 40000 个配网设备
2026-09-06 15:55:05 [DEBUG] core.topology_builder: 已处理 50000 个配网设备
2026-09-06 15:55:06 [INFO] core.topology_builder: 配网电源设备数=17643
2026-09-06 15:55:06 [INFO] core.topology_builder: 配网电源设备识别: 17643 台
2026-09-06 15:55:12 [INFO] core.topology_builder: 主配电源注入：0 台配网设备经共享连接点接入主网电源
2026-09-06 15:55:29 [INFO] core.topology_builder: [Builder] 配网真实端子数量:76354
2026-09-06 15:55:29 [INFO] core.topology_builder: [Builder] 主网真实端子数量:1562
2026-09-06 15:55:41 [INFO] core.topology_builder: [端子建边完成] 配网拓扑边数量：117276
2026-09-06 15:55:41 [INFO] core.topology_builder: [端子建边完成] 主网拓扑边数量：2632
2026-09-06 15:55:58 [INFO] core.measure_preprocess: [MeasurePreprocess] 遥信实测开关数量：6666
2026-09-06 15:55:58 [INFO] core.measure_preprocess: [MeasurePreprocess] 默认合位开关数量：10942
2026-09-06 15:55:58 [INFO] core.topology_builder: [遥信预处理统计] 总开关状态映射条目:17608 实际挂载到设备:16592
2026-09-06 15:55:58 [INFO] core.topology_builder: 遥信实测开关:6666，赛题默认合位推演开关:10942
2026-09-06 15:56:26 [INFO] core.topology_builder: 主配接口校验：通过=147 失败=42
2026-09-06 15:56:26 [INFO] core.topology_builder: [主配接口校验] 4.1/4.2 命中缺陷: 42
2026-09-06 15:56:26 [INFO] core.topology_builder: [电气逻辑校验] RULE-E01~E07 命中:4458
2026-09-06 15:56:26 [INFO] core.topology_builder: 开始执行拓扑异常检测：悬空、孤岛、断点
2026-09-06 15:56:33 [INFO] core.topology_builder: 主网异常数量：338，断点数量：4
2026-09-06 15:56:33 [INFO] core.topology_builder: 配网异常数量：726，断点数量：418
2026-09-06 21:45:49 [INFO] core.topology_builder: 主配数据拆分完成：主网设备=1167 配网设备=50744 主网线段=223 配网线段=189 主网站=10 遥信遥测=5829 ZWMEA=442 ZWSIGNAL=1567
2026-09-06 21:45:49 [INFO] core.topology_builder: 主网设备数量：1167
2026-09-06 21:45:49 [INFO] core.topology_builder: 配网设备数量：50744
2026-09-06 21:45:49 [INFO] core.topology_builder: 主网线路(ZLINEEND)数量：223
2026-09-06 21:45:49 [INFO] core.topology_builder: 配网线路(PWFEEDERLINE)数量：189
2026-09-06 21:45:49 [INFO] core.topology_builder: 主网站点(ZWSUBSTATION)数量：10
2026-09-06 21:45:49 [INFO] core.topology_builder: 遥信遥测(PWREAL)记录数：5829
2026-09-06 21:45:49 [INFO] core.topology_builder: 主网遥测(ZWMEA)：442 主网遥信(ZWSIGNAL)：1567
2026-09-06 21:45:49 [INFO] core.topology_builder: [Builder] 正在添加 1167 个主网设备和 50744 个配网设备...
2026-09-06 21:45:49 [INFO] core.topology_builder: 主网电源设备数=47
2026-09-06 21:45:49 [INFO] core.topology_builder: 主网电源设备识别: 47 台
2026-09-06 21:45:50 [DEBUG] core.topology_builder: 已处理 10000 个配网设备
2026-09-06 21:45:52 [DEBUG] core.topology_builder: 已处理 20000 个配网设备
2026-09-06 21:45:53 [DEBUG] core.topology_builder: 已处理 30000 个配网设备
2026-09-06 21:45:54 [DEBUG] core.topology_builder: 已处理 40000 个配网设备
2026-09-06 21:45:55 [DEBUG] core.topology_builder: 已处理 50000 个配网设备
2026-09-06 21:45:55 [INFO] core.topology_builder: 配网电源设备数=17643
2026-09-06 21:45:55 [INFO] core.topology_builder: 配网电源设备识别: 17643 台
2026-09-06 21:45:58 [INFO] core.topology_builder: 主配电源注入（v2-ZWLINEEND映射）: 0 台配网设备接入主网电源
2026-09-06 21:45:58 [INFO] core.topology_builder:   ZWLINEEND 解析出馈线→主网站映射数: 0
2026-09-06 21:46:09 [INFO] core.topology_builder: [Builder] 配网真实端子数量:76354
2026-09-06 21:46:09 [INFO] core.topology_builder: [Builder] 主网真实端子数量:1562
2026-09-06 21:46:17 [INFO] core.topology_builder: [端子建边完成] 配网拓扑边数量：117276
2026-09-06 21:46:17 [INFO] core.topology_builder: [端子建边完成] 主网拓扑边数量：2632
2026-09-06 21:46:25 [INFO] core.measure_preprocess: [MeasurePreprocess] 遥信实测开关数量：6666
2026-09-06 21:46:25 [INFO] core.measure_preprocess: [MeasurePreprocess] 默认合位开关数量：10942
2026-09-06 21:46:25 [INFO] core.topology_builder: [遥信预处理统计] 总开关状态映射条目:17608 实际挂载到设备:16592
2026-09-06 21:46:25 [INFO] core.topology_builder: 遥信实测开关:6666，赛题默认合位推演开关:10942
2026-09-06 21:46:40 [DEBUG] core.topology_builder: 主配接口降级（非错）: 无法从LINE_NAME=10kVLINE098解析出主网站映射
2026-09-06 21:46:40 [DEBUG] core.topology_builder: 主配接口降级（非错）: 无法从LINE_NAME=10kVLINE060解析出主网站映射
2026-09-06 21:46:40 [DEBUG] core.topology_builder: 主配接口降级（非错）: 无法从LINE_NAME=10kVLINE004解析出主网站映射
2026-09-06 21:46:40 [DEBUG] core.topology_builder: 主配接口降级（非错）: 无法从LINE_NAME=10kVLINE082解析出主网站映射
2026-09-06 21:46:40 [DEBUG] core.topology_builder: 主配接口降级（非错）: 无法从LINE_NAME=10kVLINE018解析出主网站映射
2026-09-06 21:46:40 [DEBUG] core.topology_builder: 主配接口降级（非错）: 无法从LINE_NAME=10kVLINE074解析出主网站映射
2026-09-06 21:46:40 [DEBUG] core.topology_builder: 主配接口降级（非错）: 无法从LINE_NAME=10kVLINE099解析出主网站映射
2026-09-06 21:46:40 [DEBUG] core.topology_builder: 主配接口降级（非错）: 无法从LINE_NAME=10kVLINE041解析出主网站映射
2026-09-06 21:46:40 [DEBUG] core.topology_builder: 主配接口降级（非错）: 无法从LINE_NAME=10kVLINE086解析出主网站映射
2026-09-06 21:46:40 [DEBUG] core.topology_builder: 主配接口降级（非错）: 无法从LINE_NAME=10kVLINE073解析出主网站映射
2026-09-06 21:46:40 [DEBUG] core.topology_builder: 主配接口降级（非错）: 无法从LINE_NAME=10kVLINE033解析出主网站映射
2026-09-06 21:46:40 [DEBUG] core.topology_builder: 主配接口降级（非错）: 无法从LINE_NAME=10kVLINE091解析出主网站映射
2026-09-06 21:46:40 [DEBUG] core.topology_builder: 主配接口降级（非错）: 无法从LINE_NAME=10kVLINE100解析出主网站映射
2026-09-06 21:46:40 [DEBUG] core.topology_builder: 主配接口降级（非错）: 无法从LINE_NAME=10kVLINE013解析出主网站映射
2026-09-06 21:46:40 [DEBUG] core.topology_builder: 主配接口降级（非错）: 无法从LINE_NAME=10kVLINE101解析出主网站映射
2026-09-06 21:46:40 [DEBUG] core.topology_builder: 主配接口降级（非错）: 无法从LINE_NAME=10kVLINE035解析出主网站映射
2026-09-06 21:46:40 [DEBUG] core.topology_builder: 主配接口降级（非错）: 无法从LINE_NAME=10kVLINE102解析出主网站映射
2026-09-06 21:46:40 [DEBUG] core.topology_builder: 主配接口降级（非错）: 无法从LINE_NAME=10kVLINE103解析出主网站映射
2026-09-06 21:46:40 [DEBUG] core.topology_builder: 主配接口降级（非错）: 无法从LINE_NAME=10kVLINE055解析出主网站映射
2026-09-06 21:46:40 [DEBUG] core.topology_builder: 主配接口降级（非错）: 无法从LINE_NAME=10kVLINE024解析出主网站映射
2026-09-06 21:46:40 [DEBUG] core.topology_builder: 主配接口降级（非错）: 无法从LINE_NAME=10kVLINE084解析出主网站映射
2026-09-06 21:46:40 [DEBUG] core.topology_builder: 主配接口降级（非错）: 无法从LINE_NAME=10kVLINE087解析出主网站映射
2026-09-06 21:46:40 [DEBUG] core.topology_builder: 主配接口降级（非错）: 无法从LINE_NAME=20kVLINE104解析出主网站映射
2026-09-06 21:46:40 [DEBUG] core.topology_builder: 主配接口降级（非错）: 无法从LINE_NAME=10kVLINE012解析出主网站映射
2026-09-06 21:46:40 [DEBUG] core.topology_builder: 主配接口降级（非错）: 无法从LINE_NAME=10kVLINE105解析出主网站映射
2026-09-06 21:46:40 [DEBUG] core.topology_builder: 主配接口降级（非错）: 无法从LINE_NAME=10kVLINE106解析出主网站映射
2026-09-06 21:46:40 [DEBUG] core.topology_builder: 主配接口降级（非错）: 无法从LINE_NAME=10kVLINE094解析出主网站映射
2026-09-06 21:46:40 [DEBUG] core.topology_builder: 主配接口降级（非错）: 无法从LINE_NAME=10kVLINE107解析出主网站映射
2026-09-06 21:46:40 [DEBUG] core.topology_builder: 主配接口降级（非错）: 无法从LINE_NAME=10kVLINE053解析出主网站映射
2026-09-06 21:46:40 [DEBUG] core.topology_builder: 主配接口降级（非错）: 无法从LINE_NAME=20kVLINE108解析出主网站映射
2026-09-06 21:46:40 [DEBUG] core.topology_builder: 主配接口降级（非错）: 无法从LINE_NAME=20kVLINE109解析出主网站映射
2026-09-06 21:46:40 [DEBUG] core.topology_builder: 主配接口降级（非错）: 无法从LINE_NAME=10kVLINE110解析出主网站映射
2026-09-06 21:46:40 [DEBUG] core.topology_builder: 主配接口降级（非错）: 无法从LINE_NAME=10kVLINE111解析出主网站映射
2026-09-06 21:46:40 [DEBUG] core.topology_builder: 主配接口降级（非错）: 无法从LINE_NAME=10kVLINE112解析出主网站映射
2026-09-06 21:46:40 [DEBUG] core.topology_builder: 主配接口降级（非错）: 无法从LINE_NAME=20kVLINE113解析出主网站映射
2026-09-06 21:46:40 [DEBUG] core.topology_builder: 主配接口降级（非错）: 无法从LINE_NAME=10kVLINE026解析出主网站映射
2026-09-06 21:46:40 [DEBUG] core.topology_builder: 主配接口降级（非错）: 无法从LINE_NAME=10kVLINE048解析出主网站映射
2026-09-06 21:46:40 [DEBUG] core.topology_builder: 主配接口降级（非错）: 无法从LINE_NAME=10kVLINE003解析出主网站映射
2026-09-06 21:46:40 [DEBUG] core.topology_builder: 主配接口降级（非错）: 无法从LINE_NAME=10kVLINE057解析出主网站映射
2026-09-06 21:46:40 [DEBUG] core.topology_builder: 主配接口降级（非错）: 无法从LINE_NAME=10kVLINE077解析出主网站映射
2026-09-06 21:46:40 [DEBUG] core.topology_builder: 主配接口降级（非错）: 无法从LINE_NAME=10kVLINE114解析出主网站映射
2026-09-06 21:46:40 [DEBUG] core.topology_builder: 主配接口降级（非错）: 无法从LINE_NAME=10kVLINE027解析出主网站映射
2026-09-06 21:46:40 [DEBUG] core.topology_builder: 主配接口降级（非错）: 无法从LINE_NAME=10kVLINE115解析出主网站映射
2026-09-06 21:46:40 [DEBUG] core.topology_builder: 主配接口降级（非错）: 无法从LINE_NAME=10kVLINE116解析出主网站映射
2026-09-06 21:46:40 [DEBUG] core.topology_builder: 主配接口降级（非错）: 无法从LINE_NAME=10kVLINE117解析出主网站映射
2026-09-06 21:46:40 [DEBUG] core.topology_builder: 主配接口降级（非错）: 无法从LINE_NAME=10kVLINE118解析出主网站映射
2026-09-06 21:46:40 [DEBUG] core.topology_builder: 主配接口降级（非错）: 无法从LINE_NAME=10kVLINE038解析出主网站映射
2026-09-06 21:46:40 [DEBUG] core.topology_builder: 主配接口降级（非错）: 无法从LINE_NAME=10kVLINE119解析出主网站映射
2026-09-06 21:46:40 [DEBUG] core.topology_builder: 主配接口降级（非错）: 无法从LINE_NAME=20kVLINE120解析出主网站映射
2026-09-06 21:46:40 [DEBUG] core.topology_builder: 主配接口降级（非错）: 无法从LINE_NAME=10kVLINE121_195解析出主网站映射
2026-09-06 21:46:40 [DEBUG] core.topology_builder: 主配接口降级（非错）: 无法从LINE_NAME=10kVLINE076解析出主网站映射
2026-09-06 21:46:40 [DEBUG] core.topology_builder: 主配接口降级（非错）: 无法从LINE_NAME=10kVLINE093解析出主网站映射
2026-09-06 21:46:40 [DEBUG] core.topology_builder: 主配接口降级（非错）: 无法从LINE_NAME=20kVLINE122解析出主网站映射
2026-09-06 21:46:40 [DEBUG] core.topology_builder: 主配接口降级（非错）: 无法从LINE_NAME=10kVLINE123解析出主网站映射
2026-09-06 21:46:40 [DEBUG] core.topology_builder: 主配接口降级（非错）: 无法从LINE_NAME=10kVLINE039解析出主网站映射
2026-09-06 21:46:40 [DEBUG] core.topology_builder: 主配接口降级（非错）: 无法从LINE_NAME=10kVLINE124解析出主网站映射
2026-09-06 21:46:40 [DEBUG] core.topology_builder: 主配接口降级（非错）: 无法从LINE_NAME=10kVLINE125解析出主网站映射
2026-09-06 21:46:40 [DEBUG] core.topology_builder: 主配接口降级（非错）: 无法从LINE_NAME=10kVLINE126解析出主网站映射
2026-09-06 21:46:40 [DEBUG] core.topology_builder: 主配接口降级（非错）: 无法从LINE_NAME=10kVLINE127解析出主网站映射
2026-09-06 21:46:40 [DEBUG] core.topology_builder: 主配接口降级（非错）: 无法从LINE_NAME=10kVLINE089解析出主网站映射
2026-09-06 21:46:40 [DEBUG] core.topology_builder: 主配接口降级（非错）: 无法从LINE_NAME=10kVLINE090解析出主网站映射
2026-09-06 21:46:40 [DEBUG] core.topology_builder: 主配接口降级（非错）: 无法从LINE_NAME=10kVLINE128解析出主网站映射
2026-09-06 21:46:40 [DEBUG] core.topology_builder: 主配接口降级（非错）: 无法从LINE_NAME=10kVLINE037解析出主网站映射
2026-09-06 21:46:40 [DEBUG] core.topology_builder: 主配接口降级（非错）: 无法从LINE_NAME=10kVLINE071解析出主网站映射
2026-09-06 21:46:40 [DEBUG] core.topology_builder: 主配接口降级（非错）: 无法从LINE_NAME=10kVLINE129解析出主网站映射
2026-09-06 21:46:40 [DEBUG] core.topology_builder: 主配接口降级（非错）: 无法从LINE_NAME=10kVLINE009解析出主网站映射
2026-09-06 21:46:40 [DEBUG] core.topology_builder: 主配接口降级（非错）: 无法从LINE_NAME=10kVLINE022解析出主网站映射
2026-09-06 21:46:40 [DEBUG] core.topology_builder: 主配接口降级（非错）: 无法从LINE_NAME=10kVLINE028解析出主网站映射
2026-09-06 21:46:40 [DEBUG] core.topology_builder: 主配接口降级（非错）: 无法从LINE_NAME=10kVLINE019解析出主网站映射
2026-09-06 21:46:40 [DEBUG] core.topology_builder: 主配接口降级（非错）: 无法从LINE_NAME=10kVLINE015解析出主网站映射
2026-09-06 21:46:40 [DEBUG] core.topology_builder: 主配接口降级（非错）: 无法从LINE_NAME=10kVLINE130解析出主网站映射
2026-09-06 21:46:40 [DEBUG] core.topology_builder: 主配接口降级（非错）: 无法从LINE_NAME=10kVLINE131解析出主网站映射
2026-09-06 21:46:40 [DEBUG] core.topology_builder: 主配接口降级（非错）: 无法从LINE_NAME=10kVLINE132解析出主网站映射
2026-09-06 21:46:40 [DEBUG] core.topology_builder: 主配接口降级（非错）: 无法从LINE_NAME=10kVLINE061解析出主网站映射
2026-09-06 21:46:40 [DEBUG] core.topology_builder: 主配接口降级（非错）: 无法从LINE_NAME=10kVLINE133解析出主网站映射
2026-09-06 21:46:40 [DEBUG] core.topology_builder: 主配接口降级（非错）: 无法从LINE_NAME=10kVLINE075解析出主网站映射
2026-09-06 21:46:40 [DEBUG] core.topology_builder: 主配接口降级（非错）: 无法从LINE_NAME=10kVLINE016解析出主网站映射
2026-09-06 21:46:40 [DEBUG] core.topology_builder: 主配接口降级（非错）: 无法从LINE_NAME=10kVLINE134解析出主网站映射
2026-09-06 21:46:40 [DEBUG] core.topology_builder: 主配接口降级（非错）: 无法从LINE_NAME=10kVLINE043解析出主网站映射
2026-09-06 21:46:40 [DEBUG] core.topology_builder: 主配接口降级（非错）: 无法从LINE_NAME=10kVLINE050解析出主网站映射
2026-09-06 21:46:40 [DEBUG] core.topology_builder: 主配接口降级（非错）: 无法从LINE_NAME=10kVLINE054解析出主网站映射
2026-09-06 21:46:40 [DEBUG] core.topology_builder: 主配接口降级（非错）: 无法从LINE_NAME=10kVLINE040解析出主网站映射
2026-09-06 21:46:40 [DEBUG] core.topology_builder: 主配接口降级（非错）: 无法从LINE_NAME=10kVLINE021解析出主网站映射
2026-09-06 21:46:40 [DEBUG] core.topology_builder: 主配接口降级（非错）: 无法从LINE_NAME=10kVLINE023解析出主网站映射
2026-09-06 21:46:40 [DEBUG] core.topology_builder: 主配接口降级（非错）: 无法从LINE_NAME=10kVLINE020解析出主网站映射
2026-09-06 21:46:40 [DEBUG] core.topology_builder: 主配接口降级（非错）: 无法从LINE_NAME=10kVLINE135解析出主网站映射
2026-09-06 21:46:40 [DEBUG] core.topology_builder: 主配接口降级（非错）: 无法从LINE_NAME=10kVLINE136解析出主网站映射
2026-09-06 21:46:40 [DEBUG] core.topology_builder: 主配接口降级（非错）: 无法从LINE_NAME=10kVLINE097解析出主网站映射
2026-09-06 21:46:40 [DEBUG] core.topology_builder: 主配接口降级（非错）: 无法从LINE_NAME=10kVLINE096解析出主网站映射
2026-09-06 21:46:40 [DEBUG] core.topology_builder: 主配接口降级（非错）: 无法从LINE_NAME=10kVLINE137解析出主网站映射
2026-09-06 21:46:40 [DEBUG] core.topology_builder: 主配接口降级（非错）: 无法从LINE_NAME=10kVLINE138解析出主网站映射
2026-09-06 21:46:40 [DEBUG] core.topology_builder: 主配接口降级（非错）: 无法从LINE_NAME=10kVLINE139解析出主网站映射
2026-09-06 21:46:40 [DEBUG] core.topology_builder: 主配接口降级（非错）: 无法从LINE_NAME=10kVLINE140解析出主网站映射
2026-09-06 21:46:40 [DEBUG] core.topology_builder: 主配接口降级（非错）: 无法从LINE_NAME=10kVLINE141解析出主网站映射
2026-09-06 21:46:40 [DEBUG] core.topology_builder: 主配接口降级（非错）: 无法从LINE_NAME=10kVLINE049解析出主网站映射
2026-09-06 21:46:40 [DEBUG] core.topology_builder: 主配接口降级（非错）: 无法从LINE_NAME=10kVLINE142解析出主网站映射
2026-09-06 21:46:40 [DEBUG] core.topology_builder: 主配接口降级（非错）: 无法从LINE_NAME=10kVLINE042解析出主网站映射
2026-09-06 21:46:40 [DEBUG] core.topology_builder: 主配接口降级（非错）: 无法从LINE_NAME=10kVLINE056解析出主网站映射
2026-09-06 21:46:40 [DEBUG] core.topology_builder: 主配接口降级（非错）: 无法从LINE_NAME=10kVLINE143解析出主网站映射
2026-09-06 21:46:40 [DEBUG] core.topology_builder: 主配接口降级（非错）: 无法从LINE_NAME=10kVLINE144解析出主网站映射
2026-09-06 21:46:40 [DEBUG] core.topology_builder: 主配接口降级（非错）: 无法从LINE_NAME=10kVLINE070解析出主网站映射
2026-09-06 21:46:40 [DEBUG] core.topology_builder: 主配接口降级（非错）: 无法从LINE_NAME=10kVLINE069解析出主网站映射
2026-09-06 21:46:40 [DEBUG] core.topology_builder: 主配接口降级（非错）: 无法从LINE_NAME=10kVLINE145解析出主网站映射
2026-09-06 21:46:40 [DEBUG] core.topology_builder: 主配接口降级（非错）: 无法从LINE_NAME=10kVLINE146解析出主网站映射
2026-09-06 21:46:40 [DEBUG] core.topology_builder: 主配接口降级（非错）: 无法从LINE_NAME=10kVLINE147解析出主网站映射
2026-09-06 21:46:40 [DEBUG] core.topology_builder: 主配接口降级（非错）: 无法从LINE_NAME=10kVLINE148解析出主网站映射
2026-09-06 21:46:40 [DEBUG] core.topology_builder: 主配接口降级（非错）: 无法从LINE_NAME=10kVLINE025解析出主网站映射
2026-09-06 21:46:40 [DEBUG] core.topology_builder: 主配接口降级（非错）: 无法从LINE_NAME=20kVLINE149解析出主网站映射
2026-09-06 21:46:40 [DEBUG] core.topology_builder: 主配接口降级（非错）: 无法从LINE_NAME=10kVLINE083解析出主网站映射
2026-09-06 21:46:40 [DEBUG] core.topology_builder: 主配接口降级（非错）: 无法从LINE_NAME=20kVLINE150解析出主网站映射
2026-09-06 21:46:40 [DEBUG] core.topology_builder: 主配接口降级（非错）: 无法从LINE_NAME=20kVLINE151解析出主网站映射
2026-09-06 21:46:40 [DEBUG] core.topology_builder: 主配接口降级（非错）: 无法从LINE_NAME=20kVLINE152解析出主网站映射
2026-09-06 21:46:40 [DEBUG] core.topology_builder: 主配接口降级（非错）: 无法从LINE_NAME=10kVLINE046解析出主网站映射
2026-09-06 21:46:40 [DEBUG] core.topology_builder: 主配接口降级（非错）: 无法从LINE_NAME=10kVLINE045解析出主网站映射
2026-09-06 21:46:40 [DEBUG] core.topology_builder: 主配接口降级（非错）: 无法从LINE_NAME=10kVLINE153解析出主网站映射
2026-09-06 21:46:40 [DEBUG] core.topology_builder: 主配接口降级（非错）: 无法从LINE_NAME=10kVLINE154解析出主网站映射
2026-09-06 21:46:40 [DEBUG] core.topology_builder: 主配接口降级（非错）: 无法从LINE_NAME=10kVLINE155解析出主网站映射
2026-09-06 21:46:40 [DEBUG] core.topology_builder: 主配接口降级（非错）: 无法从LINE_NAME=10kVLINE156解析出主网站映射
2026-09-06 21:46:40 [DEBUG] core.topology_builder: 主配接口降级（非错）: 无法从LINE_NAME=10kVLINE058解析出主网站映射
2026-09-06 21:46:40 [DEBUG] core.topology_builder: 主配接口降级（非错）: 无法从LINE_NAME=10kVLINE059解析出主网站映射
2026-09-06 21:46:40 [DEBUG] core.topology_builder: 主配接口降级（非错）: 无法从LINE_NAME=10kVLINE157解析出主网站映射
2026-09-06 21:46:40 [DEBUG] core.topology_builder: 主配接口降级（非错）: 无法从LINE_NAME=10kVLINE088解析出主网站映射
2026-09-06 21:46:40 [DEBUG] core.topology_builder: 主配接口降级（非错）: 无法从LINE_NAME=10kVLINE121_185解析出主网站映射
2026-09-06 21:46:40 [DEBUG] core.topology_builder: 主配接口降级（非错）: 无法从LINE_NAME=10kVLINE081解析出主网站映射
2026-09-06 21:46:40 [DEBUG] core.topology_builder: 主配接口降级（非错）: 无法从LINE_NAME=10kVLINE158解析出主网站映射
2026-09-06 21:46:40 [DEBUG] core.topology_builder: 主配接口降级（非错）: 无法从LINE_NAME=10kVLINE159解析出主网站映射
2026-09-06 21:46:40 [DEBUG] core.topology_builder: 主配接口降级（非错）: 无法从LINE_NAME=10kVLINE160解析出主网站映射
2026-09-06 21:46:40 [DEBUG] core.topology_builder: 主配接口降级（非错）: 无法从LINE_NAME=10kVLINE161解析出主网站映射
2026-09-06 21:46:40 [DEBUG] core.topology_builder: 主配接口降级（非错）: 无法从LINE_NAME=10kVLINE162解析出主网站映射
2026-09-06 21:46:40 [DEBUG] core.topology_builder: 主配接口降级（非错）: 无法从LINE_NAME=10kVLINE163解析出主网站映射
2026-09-06 21:46:40 [DEBUG] core.topology_builder: 主配接口降级（非错）: 无法从LINE_NAME=10kVLINE164解析出主网站映射
2026-09-06 21:46:40 [DEBUG] core.topology_builder: 主配接口降级（非错）: 无法从LINE_NAME=10kVLINE165解析出主网站映射
2026-09-06 21:46:40 [DEBUG] core.topology_builder: 主配接口降级（非错）: 无法从LINE_NAME=10kVLINE166解析出主网站映射
2026-09-06 21:46:40 [DEBUG] core.topology_builder: 主配接口降级（非错）: 无法从LINE_NAME=10kVLINE167解析出主网站映射
2026-09-06 21:46:40 [DEBUG] core.topology_builder: 主配接口降级（非错）: 无法从LINE_NAME=10kVLINE168解析出主网站映射
2026-09-06 21:46:40 [DEBUG] core.topology_builder: 主配接口降级（非错）: 无法从LINE_NAME=10kVLINE014解析出主网站映射
2026-09-06 21:46:40 [DEBUG] core.topology_builder: 主配接口降级（非错）: 无法从LINE_NAME=10kVLINE169解析出主网站映射
2026-09-06 21:46:40 [DEBUG] core.topology_builder: 主配接口降级（非错）: 无法从LINE_NAME=10kVLINE170解析出主网站映射
2026-09-06 21:46:40 [DEBUG] core.topology_builder: 主配接口降级（非错）: 无法从LINE_NAME=10kVLINE171解析出主网站映射
2026-09-06 21:46:40 [DEBUG] core.topology_builder: 主配接口降级（非错）: 无法从LINE_NAME=10kVLINE172解析出主网站映射
2026-09-06 21:46:40 [DEBUG] core.topology_builder: 主配接口降级（非错）: 无法从LINE_NAME=10kVLINE173解析出主网站映射
2026-09-06 21:46:40 [DEBUG] core.topology_builder: 主配接口降级（非错）: 无法从LINE_NAME=10kVLINE174解析出主网站映射
2026-09-06 21:46:40 [DEBUG] core.topology_builder: 主配接口降级（非错）: 无法从LINE_NAME=10kVLINE175解析出主网站映射
2026-09-06 21:46:40 [DEBUG] core.topology_builder: 主配接口降级（非错）: 无法从LINE_NAME=10kVLINE176解析出主网站映射
2026-09-06 21:46:40 [DEBUG] core.topology_builder: 主配接口降级（非错）: 无法从LINE_NAME=10kVLINE177解析出主网站映射
2026-09-06 21:46:40 [DEBUG] core.topology_builder: 主配接口降级（非错）: 无法从LINE_NAME=10kVLINE044解析出主网站映射
2026-09-06 21:46:40 [DEBUG] core.topology_builder: 主配接口降级（非错）: 无法从LINE_NAME=10kVLINE178解析出主网站映射
2026-09-06 21:46:40 [DEBUG] core.topology_builder: 主配接口降级（非错）: 无法从LINE_NAME=10kVLINE179解析出主网站映射
2026-09-06 21:46:40 [DEBUG] core.topology_builder: 主配接口降级（非错）: 无法从LINE_NAME=10kVLINE180解析出主网站映射
2026-09-06 21:46:40 [DEBUG] core.topology_builder: 主配接口降级（非错）: 无法从LINE_NAME=20kVLINE181解析出主网站映射
2026-09-06 21:46:40 [DEBUG] core.topology_builder: 主配接口降级（非错）: 无法从LINE_NAME=10kVLINE182解析出主网站映射
2026-09-06 21:46:40 [DEBUG] core.topology_builder: 主配接口降级（非错）: 无法从LINE_NAME=10kVLINE183解析出主网站映射
2026-09-06 21:46:40 [DEBUG] core.topology_builder: 主配接口降级（非错）: 无法从LINE_NAME=10kVLINE184解析出主网站映射
2026-09-06 21:46:40 [DEBUG] core.topology_builder: 主配接口降级（非错）: 无法从LINE_NAME=10kVLINE186解析出主网站映射
2026-09-06 21:46:40 [DEBUG] core.topology_builder: 主配接口降级（非错）: 无法从LINE_NAME=10kVLINE187解析出主网站映射
2026-09-06 21:46:40 [DEBUG] core.topology_builder: 主配接口降级（非错）: 无法从LINE_NAME=10kVLINE188解析出主网站映射
2026-09-06 21:46:40 [DEBUG] core.topology_builder: 主配接口降级（非错）: 无法从LINE_NAME=10kVLINE189解析出主网站映射
2026-09-06 21:46:40 [DEBUG] core.topology_builder: 主配接口降级（非错）: 无法从LINE_NAME=10kVLINE190解析出主网站映射
2026-09-06 21:46:40 [DEBUG] core.topology_builder: 主配接口降级（非错）: 无法从LINE_NAME=10kVLINE191解析出主网站映射
2026-09-06 21:46:40 [DEBUG] core.topology_builder: 主配接口降级（非错）: 无法从LINE_NAME=10kVLINE192解析出主网站映射
2026-09-06 21:46:40 [DEBUG] core.topology_builder: 主配接口降级（非错）: 无法从LINE_NAME=10kVLINE193解析出主网站映射
2026-09-06 21:46:40 [DEBUG] core.topology_builder: 主配接口降级（非错）: 无法从LINE_NAME=10kVLINE194解析出主网站映射
2026-09-06 21:46:40 [DEBUG] core.topology_builder: 主配接口降级（非错）: 无法从LINE_NAME=10kVLINE195解析出主网站映射
2026-09-06 21:46:40 [DEBUG] core.topology_builder: 主配接口降级（非错）: 无法从LINE_NAME=10kVLINE196解析出主网站映射
2026-09-06 21:46:40 [DEBUG] core.topology_builder: 主配接口降级（非错）: 无法从LINE_NAME=10kVLINE197解析出主网站映射
2026-09-06 21:46:40 [DEBUG] core.topology_builder: 主配接口降级（非错）: 无法从LINE_NAME=10kVLINE198解析出主网站映射
2026-09-06 21:46:40 [DEBUG] core.topology_builder: 主配接口降级（非错）: 无法从LINE_NAME=10kVLINE199解析出主网站映射
2026-09-06 21:46:40 [DEBUG] core.topology_builder: 主配接口降级（非错）: 无法从LINE_NAME=10kVLINE063解析出主网站映射
2026-09-06 21:46:40 [DEBUG] core.topology_builder: 主配接口降级（非错）: 无法从LINE_NAME=10kVLINE200解析出主网站映射
2026-09-06 21:46:40 [DEBUG] core.topology_builder: 主配接口降级（非错）: 无法从LINE_NAME=10kVLINE201解析出主网站映射
2026-09-06 21:46:40 [DEBUG] core.topology_builder: 主配接口降级（非错）: 无法从LINE_NAME=10kVLINE202解析出主网站映射
2026-09-06 21:46:40 [DEBUG] core.topology_builder: 主配接口降级（非错）: 无法从LINE_NAME=10kVLINE203解析出主网站映射
2026-09-06 21:46:40 [DEBUG] core.topology_builder: 主配接口降级（非错）: 无法从LINE_NAME=10kVLINE204解析出主网站映射
2026-09-06 21:46:40 [DEBUG] core.topology_builder: 主配接口降级（非错）: 无法从LINE_NAME=10kVLINE205解析出主网站映射
2026-09-06 21:46:40 [DEBUG] core.topology_builder: 主配接口降级（非错）: 无法从LINE_NAME=10kVLINE051解析出主网站映射
2026-09-06 21:46:40 [DEBUG] core.topology_builder: 主配接口降级（非错）: 无法从LINE_NAME=10kVLINE187解析出主网站映射
2026-09-06 21:46:40 [DEBUG] core.topology_builder: 主配接口降级（非错）: 无法从LINE_NAME=10kVLINE207解析出主网站映射
2026-09-06 21:46:40 [DEBUG] core.topology_builder: 主配接口降级（非错）: 无法从LINE_NAME=10kVLINE208解析出主网站映射
2026-09-06 21:46:40 [DEBUG] core.topology_builder: 主配接口降级（非错）: 无法从LINE_NAME=10kVLINE209解析出主网站映射
2026-09-06 21:46:40 [DEBUG] core.topology_builder: 主配接口降级（非错）: 无法从LINE_NAME=10kVLINE210解析出主网站映射
2026-09-06 21:46:40 [DEBUG] core.topology_builder: 主配接口降级（非错）: 无法从LINE_NAME=10kVLINE212解析出主网站映射
2026-09-06 21:46:40 [DEBUG] core.topology_builder: 主配接口降级（非错）: 无法从LINE_NAME=10kVLINE213解析出主网站映射
2026-09-06 21:46:40 [DEBUG] core.topology_builder: 主配接口降级（非错）: 无法从LINE_NAME=LINE215解析出主网站映射
2026-09-06 21:46:40 [DEBUG] core.topology_builder: 主配接口降级（非错）: 无法从LINE_NAME=LINE216解析出主网站映射
2026-09-06 21:46:40 [INFO] core.topology_builder: 主配接口校验：通过=184 失败=5
2026-09-06 21:46:40 [INFO] core.topology_builder: [主配接口校验] 4.1/4.2 命中缺陷: 5
2026-09-06 21:46:40 [INFO] core.topology_builder: [电气逻辑校验] RULE-E01~E07 命中:4458
2026-09-06 21:46:40 [INFO] core.topology_builder: 开始执行拓扑异常检测：悬空、孤岛、断点
2026-09-06 21:46:46 [INFO] core.topology_builder: 主网异常数量：0，断点数量：0
2026-09-06 21:46:46 [INFO] core.topology_builder: 配网异常数量：726，断点数量：418
2026-09-06 21:46:57 [DEBUG] core.topology_builder: 主配接口降级（非错）: 无法从LINE_NAME=10kVLINE098解析出主网站映射
2026-09-06 21:46:57 [DEBUG] core.topology_builder: 主配接口降级（非错）: 无法从LINE_NAME=10kVLINE060解析出主网站映射
2026-09-06 21:46:57 [DEBUG] core.topology_builder: 主配接口降级（非错）: 无法从LINE_NAME=10kVLINE004解析出主网站映射
2026-09-06 21:46:57 [DEBUG] core.topology_builder: 主配接口降级（非错）: 无法从LINE_NAME=10kVLINE082解析出主网站映射
2026-09-06 21:46:57 [DEBUG] core.topology_builder: 主配接口降级（非错）: 无法从LINE_NAME=10kVLINE018解析出主网站映射
2026-09-06 21:46:57 [DEBUG] core.topology_builder: 主配接口降级（非错）: 无法从LINE_NAME=10kVLINE074解析出主网站映射
2026-09-06 21:46:57 [DEBUG] core.topology_builder: 主配接口降级（非错）: 无法从LINE_NAME=10kVLINE099解析出主网站映射
2026-09-06 21:46:57 [DEBUG] core.topology_builder: 主配接口降级（非错）: 无法从LINE_NAME=10kVLINE041解析出主网站映射
2026-09-06 21:46:57 [DEBUG] core.topology_builder: 主配接口降级（非错）: 无法从LINE_NAME=10kVLINE086解析出主网站映射
2026-09-06 21:46:57 [DEBUG] core.topology_builder: 主配接口降级（非错）: 无法从LINE_NAME=10kVLINE073解析出主网站映射
2026-09-06 21:46:57 [DEBUG] core.topology_builder: 主配接口降级（非错）: 无法从LINE_NAME=10kVLINE033解析出主网站映射
2026-09-06 21:46:57 [DEBUG] core.topology_builder: 主配接口降级（非错）: 无法从LINE_NAME=10kVLINE091解析出主网站映射
2026-09-06 21:46:57 [DEBUG] core.topology_builder: 主配接口降级（非错）: 无法从LINE_NAME=10kVLINE100解析出主网站映射
2026-09-06 21:46:57 [DEBUG] core.topology_builder: 主配接口降级（非错）: 无法从LINE_NAME=10kVLINE013解析出主网站映射
2026-09-06 21:46:57 [DEBUG] core.topology_builder: 主配接口降级（非错）: 无法从LINE_NAME=10kVLINE101解析出主网站映射
2026-09-06 21:46:57 [DEBUG] core.topology_builder: 主配接口降级（非错）: 无法从LINE_NAME=10kVLINE035解析出主网站映射
2026-09-06 21:46:57 [DEBUG] core.topology_builder: 主配接口降级（非错）: 无法从LINE_NAME=10kVLINE102解析出主网站映射
2026-09-06 21:46:57 [DEBUG] core.topology_builder: 主配接口降级（非错）: 无法从LINE_NAME=10kVLINE103解析出主网站映射
2026-09-06 21:46:57 [DEBUG] core.topology_builder: 主配接口降级（非错）: 无法从LINE_NAME=10kVLINE055解析出主网站映射
2026-09-06 21:46:57 [DEBUG] core.topology_builder: 主配接口降级（非错）: 无法从LINE_NAME=10kVLINE024解析出主网站映射
2026-09-06 21:46:57 [DEBUG] core.topology_builder: 主配接口降级（非错）: 无法从LINE_NAME=10kVLINE084解析出主网站映射
2026-09-06 21:46:57 [DEBUG] core.topology_builder: 主配接口降级（非错）: 无法从LINE_NAME=10kVLINE087解析出主网站映射
2026-09-06 21:46:57 [DEBUG] core.topology_builder: 主配接口降级（非错）: 无法从LINE_NAME=20kVLINE104解析出主网站映射
2026-09-06 21:46:57 [DEBUG] core.topology_builder: 主配接口降级（非错）: 无法从LINE_NAME=10kVLINE012解析出主网站映射
2026-09-06 21:46:57 [DEBUG] core.topology_builder: 主配接口降级（非错）: 无法从LINE_NAME=10kVLINE105解析出主网站映射
2026-09-06 21:46:57 [DEBUG] core.topology_builder: 主配接口降级（非错）: 无法从LINE_NAME=10kVLINE106解析出主网站映射
2026-09-06 21:46:57 [DEBUG] core.topology_builder: 主配接口降级（非错）: 无法从LINE_NAME=10kVLINE094解析出主网站映射
2026-09-06 21:46:57 [DEBUG] core.topology_builder: 主配接口降级（非错）: 无法从LINE_NAME=10kVLINE107解析出主网站映射
2026-09-06 21:46:57 [DEBUG] core.topology_builder: 主配接口降级（非错）: 无法从LINE_NAME=10kVLINE053解析出主网站映射
2026-09-06 21:46:57 [DEBUG] core.topology_builder: 主配接口降级（非错）: 无法从LINE_NAME=20kVLINE108解析出主网站映射
2026-09-06 21:46:57 [DEBUG] core.topology_builder: 主配接口降级（非错）: 无法从LINE_NAME=20kVLINE109解析出主网站映射
2026-09-06 21:46:57 [DEBUG] core.topology_builder: 主配接口降级（非错）: 无法从LINE_NAME=10kVLINE110解析出主网站映射
2026-09-06 21:46:57 [DEBUG] core.topology_builder: 主配接口降级（非错）: 无法从LINE_NAME=10kVLINE111解析出主网站映射
2026-09-06 21:46:57 [DEBUG] core.topology_builder: 主配接口降级（非错）: 无法从LINE_NAME=10kVLINE112解析出主网站映射
2026-09-06 21:46:57 [DEBUG] core.topology_builder: 主配接口降级（非错）: 无法从LINE_NAME=20kVLINE113解析出主网站映射
2026-09-06 21:46:57 [DEBUG] core.topology_builder: 主配接口降级（非错）: 无法从LINE_NAME=10kVLINE026解析出主网站映射
2026-09-06 21:46:57 [DEBUG] core.topology_builder: 主配接口降级（非错）: 无法从LINE_NAME=10kVLINE048解析出主网站映射
2026-09-06 21:46:57 [DEBUG] core.topology_builder: 主配接口降级（非错）: 无法从LINE_NAME=10kVLINE003解析出主网站映射
2026-09-06 21:46:57 [DEBUG] core.topology_builder: 主配接口降级（非错）: 无法从LINE_NAME=10kVLINE057解析出主网站映射
2026-09-06 21:46:57 [DEBUG] core.topology_builder: 主配接口降级（非错）: 无法从LINE_NAME=10kVLINE077解析出主网站映射
2026-09-06 21:46:57 [DEBUG] core.topology_builder: 主配接口降级（非错）: 无法从LINE_NAME=10kVLINE114解析出主网站映射
2026-09-06 21:46:57 [DEBUG] core.topology_builder: 主配接口降级（非错）: 无法从LINE_NAME=10kVLINE027解析出主网站映射
2026-09-06 21:46:57 [DEBUG] core.topology_builder: 主配接口降级（非错）: 无法从LINE_NAME=10kVLINE115解析出主网站映射
2026-09-06 21:46:57 [DEBUG] core.topology_builder: 主配接口降级（非错）: 无法从LINE_NAME=10kVLINE116解析出主网站映射
2026-09-06 21:46:57 [DEBUG] core.topology_builder: 主配接口降级（非错）: 无法从LINE_NAME=10kVLINE117解析出主网站映射
2026-09-06 21:46:57 [DEBUG] core.topology_builder: 主配接口降级（非错）: 无法从LINE_NAME=10kVLINE118解析出主网站映射
2026-09-06 21:46:57 [DEBUG] core.topology_builder: 主配接口降级（非错）: 无法从LINE_NAME=10kVLINE038解析出主网站映射
2026-09-06 21:46:57 [DEBUG] core.topology_builder: 主配接口降级（非错）: 无法从LINE_NAME=10kVLINE119解析出主网站映射
2026-09-06 21:46:57 [DEBUG] core.topology_builder: 主配接口降级（非错）: 无法从LINE_NAME=20kVLINE120解析出主网站映射
2026-09-06 21:46:57 [DEBUG] core.topology_builder: 主配接口降级（非错）: 无法从LINE_NAME=10kVLINE121_195解析出主网站映射
2026-09-06 21:46:57 [DEBUG] core.topology_builder: 主配接口降级（非错）: 无法从LINE_NAME=10kVLINE076解析出主网站映射
2026-09-06 21:46:57 [DEBUG] core.topology_builder: 主配接口降级（非错）: 无法从LINE_NAME=10kVLINE093解析出主网站映射
2026-09-06 21:46:57 [DEBUG] core.topology_builder: 主配接口降级（非错）: 无法从LINE_NAME=20kVLINE122解析出主网站映射
2026-09-06 21:46:57 [DEBUG] core.topology_builder: 主配接口降级（非错）: 无法从LINE_NAME=10kVLINE123解析出主网站映射
2026-09-06 21:46:57 [DEBUG] core.topology_builder: 主配接口降级（非错）: 无法从LINE_NAME=10kVLINE039解析出主网站映射
2026-09-06 21:46:57 [DEBUG] core.topology_builder: 主配接口降级（非错）: 无法从LINE_NAME=10kVLINE124解析出主网站映射
2026-09-06 21:46:57 [DEBUG] core.topology_builder: 主配接口降级（非错）: 无法从LINE_NAME=10kVLINE125解析出主网站映射
2026-09-06 21:46:57 [DEBUG] core.topology_builder: 主配接口降级（非错）: 无法从LINE_NAME=10kVLINE126解析出主网站映射
2026-09-06 21:46:57 [DEBUG] core.topology_builder: 主配接口降级（非错）: 无法从LINE_NAME=10kVLINE127解析出主网站映射
2026-09-06 21:46:57 [DEBUG] core.topology_builder: 主配接口降级（非错）: 无法从LINE_NAME=10kVLINE089解析出主网站映射
2026-09-06 21:46:57 [DEBUG] core.topology_builder: 主配接口降级（非错）: 无法从LINE_NAME=10kVLINE090解析出主网站映射
2026-09-06 21:46:57 [DEBUG] core.topology_builder: 主配接口降级（非错）: 无法从LINE_NAME=10kVLINE128解析出主网站映射
2026-09-06 21:46:57 [DEBUG] core.topology_builder: 主配接口降级（非错）: 无法从LINE_NAME=10kVLINE037解析出主网站映射
2026-09-06 21:46:57 [DEBUG] core.topology_builder: 主配接口降级（非错）: 无法从LINE_NAME=10kVLINE071解析出主网站映射
2026-09-06 21:46:57 [DEBUG] core.topology_builder: 主配接口降级（非错）: 无法从LINE_NAME=10kVLINE129解析出主网站映射
2026-09-06 21:46:57 [DEBUG] core.topology_builder: 主配接口降级（非错）: 无法从LINE_NAME=10kVLINE009解析出主网站映射
2026-09-06 21:46:57 [DEBUG] core.topology_builder: 主配接口降级（非错）: 无法从LINE_NAME=10kVLINE022解析出主网站映射
2026-09-06 21:46:57 [DEBUG] core.topology_builder: 主配接口降级（非错）: 无法从LINE_NAME=10kVLINE028解析出主网站映射
2026-09-06 21:46:57 [DEBUG] core.topology_builder: 主配接口降级（非错）: 无法从LINE_NAME=10kVLINE019解析出主网站映射
2026-09-06 21:46:57 [DEBUG] core.topology_builder: 主配接口降级（非错）: 无法从LINE_NAME=10kVLINE015解析出主网站映射
2026-09-06 21:46:57 [DEBUG] core.topology_builder: 主配接口降级（非错）: 无法从LINE_NAME=10kVLINE130解析出主网站映射
2026-09-06 21:46:57 [DEBUG] core.topology_builder: 主配接口降级（非错）: 无法从LINE_NAME=10kVLINE131解析出主网站映射
2026-09-06 21:46:57 [DEBUG] core.topology_builder: 主配接口降级（非错）: 无法从LINE_NAME=10kVLINE132解析出主网站映射
2026-09-06 21:46:57 [DEBUG] core.topology_builder: 主配接口降级（非错）: 无法从LINE_NAME=10kVLINE061解析出主网站映射
2026-09-06 21:46:57 [DEBUG] core.topology_builder: 主配接口降级（非错）: 无法从LINE_NAME=10kVLINE133解析出主网站映射
2026-09-06 21:46:57 [DEBUG] core.topology_builder: 主配接口降级（非错）: 无法从LINE_NAME=10kVLINE075解析出主网站映射
2026-09-06 21:46:57 [DEBUG] core.topology_builder: 主配接口降级（非错）: 无法从LINE_NAME=10kVLINE016解析出主网站映射
2026-09-06 21:46:57 [DEBUG] core.topology_builder: 主配接口降级（非错）: 无法从LINE_NAME=10kVLINE134解析出主网站映射
2026-09-06 21:46:57 [DEBUG] core.topology_builder: 主配接口降级（非错）: 无法从LINE_NAME=10kVLINE043解析出主网站映射
2026-09-06 21:46:57 [DEBUG] core.topology_builder: 主配接口降级（非错）: 无法从LINE_NAME=10kVLINE050解析出主网站映射
2026-09-06 21:46:57 [DEBUG] core.topology_builder: 主配接口降级（非错）: 无法从LINE_NAME=10kVLINE054解析出主网站映射
2026-09-06 21:46:57 [DEBUG] core.topology_builder: 主配接口降级（非错）: 无法从LINE_NAME=10kVLINE040解析出主网站映射
2026-09-06 21:46:57 [DEBUG] core.topology_builder: 主配接口降级（非错）: 无法从LINE_NAME=10kVLINE021解析出主网站映射
2026-09-06 21:46:57 [DEBUG] core.topology_builder: 主配接口降级（非错）: 无法从LINE_NAME=10kVLINE023解析出主网站映射
2026-09-06 21:46:57 [DEBUG] core.topology_builder: 主配接口降级（非错）: 无法从LINE_NAME=10kVLINE020解析出主网站映射
2026-09-06 21:46:57 [DEBUG] core.topology_builder: 主配接口降级（非错）: 无法从LINE_NAME=10kVLINE135解析出主网站映射
2026-09-06 21:46:57 [DEBUG] core.topology_builder: 主配接口降级（非错）: 无法从LINE_NAME=10kVLINE136解析出主网站映射
2026-09-06 21:46:57 [DEBUG] core.topology_builder: 主配接口降级（非错）: 无法从LINE_NAME=10kVLINE097解析出主网站映射
2026-09-06 21:46:57 [DEBUG] core.topology_builder: 主配接口降级（非错）: 无法从LINE_NAME=10kVLINE096解析出主网站映射
2026-09-06 21:46:57 [DEBUG] core.topology_builder: 主配接口降级（非错）: 无法从LINE_NAME=10kVLINE137解析出主网站映射
2026-09-06 21:46:57 [DEBUG] core.topology_builder: 主配接口降级（非错）: 无法从LINE_NAME=10kVLINE138解析出主网站映射
2026-09-06 21:46:57 [DEBUG] core.topology_builder: 主配接口降级（非错）: 无法从LINE_NAME=10kVLINE139解析出主网站映射
2026-09-06 21:46:57 [DEBUG] core.topology_builder: 主配接口降级（非错）: 无法从LINE_NAME=10kVLINE140解析出主网站映射
2026-09-06 21:46:57 [DEBUG] core.topology_builder: 主配接口降级（非错）: 无法从LINE_NAME=10kVLINE141解析出主网站映射
2026-09-06 21:46:57 [DEBUG] core.topology_builder: 主配接口降级（非错）: 无法从LINE_NAME=10kVLINE049解析出主网站映射
2026-09-06 21:46:57 [DEBUG] core.topology_builder: 主配接口降级（非错）: 无法从LINE_NAME=10kVLINE142解析出主网站映射
2026-09-06 21:46:57 [DEBUG] core.topology_builder: 主配接口降级（非错）: 无法从LINE_NAME=10kVLINE042解析出主网站映射
2026-09-06 21:46:57 [DEBUG] core.topology_builder: 主配接口降级（非错）: 无法从LINE_NAME=10kVLINE056解析出主网站映射
2026-09-06 21:46:57 [DEBUG] core.topology_builder: 主配接口降级（非错）: 无法从LINE_NAME=10kVLINE143解析出主网站映射
2026-09-06 21:46:57 [DEBUG] core.topology_builder: 主配接口降级（非错）: 无法从LINE_NAME=10kVLINE144解析出主网站映射
2026-09-06 21:46:57 [DEBUG] core.topology_builder: 主配接口降级（非错）: 无法从LINE_NAME=10kVLINE070解析出主网站映射
2026-09-06 21:46:57 [DEBUG] core.topology_builder: 主配接口降级（非错）: 无法从LINE_NAME=10kVLINE069解析出主网站映射
2026-09-06 21:46:57 [DEBUG] core.topology_builder: 主配接口降级（非错）: 无法从LINE_NAME=10kVLINE145解析出主网站映射
2026-09-06 21:46:57 [DEBUG] core.topology_builder: 主配接口降级（非错）: 无法从LINE_NAME=10kVLINE146解析出主网站映射
2026-09-06 21:46:57 [DEBUG] core.topology_builder: 主配接口降级（非错）: 无法从LINE_NAME=10kVLINE147解析出主网站映射
2026-09-06 21:46:57 [DEBUG] core.topology_builder: 主配接口降级（非错）: 无法从LINE_NAME=10kVLINE148解析出主网站映射
2026-09-06 21:46:57 [DEBUG] core.topology_builder: 主配接口降级（非错）: 无法从LINE_NAME=10kVLINE025解析出主网站映射
2026-09-06 21:46:57 [DEBUG] core.topology_builder: 主配接口降级（非错）: 无法从LINE_NAME=20kVLINE149解析出主网站映射
2026-09-06 21:46:57 [DEBUG] core.topology_builder: 主配接口降级（非错）: 无法从LINE_NAME=10kVLINE083解析出主网站映射
2026-09-06 21:46:57 [DEBUG] core.topology_builder: 主配接口降级（非错）: 无法从LINE_NAME=20kVLINE150解析出主网站映射
2026-09-06 21:46:57 [DEBUG] core.topology_builder: 主配接口降级（非错）: 无法从LINE_NAME=20kVLINE151解析出主网站映射
2026-09-06 21:46:57 [DEBUG] core.topology_builder: 主配接口降级（非错）: 无法从LINE_NAME=20kVLINE152解析出主网站映射
2026-09-06 21:46:57 [DEBUG] core.topology_builder: 主配接口降级（非错）: 无法从LINE_NAME=10kVLINE046解析出主网站映射
2026-09-06 21:46:57 [DEBUG] core.topology_builder: 主配接口降级（非错）: 无法从LINE_NAME=10kVLINE045解析出主网站映射
2026-09-06 21:46:57 [DEBUG] core.topology_builder: 主配接口降级（非错）: 无法从LINE_NAME=10kVLINE153解析出主网站映射
2026-09-06 21:46:57 [DEBUG] core.topology_builder: 主配接口降级（非错）: 无法从LINE_NAME=10kVLINE154解析出主网站映射
2026-09-06 21:46:57 [DEBUG] core.topology_builder: 主配接口降级（非错）: 无法从LINE_NAME=10kVLINE155解析出主网站映射
2026-09-06 21:46:57 [DEBUG] core.topology_builder: 主配接口降级（非错）: 无法从LINE_NAME=10kVLINE156解析出主网站映射
2026-09-06 21:46:57 [DEBUG] core.topology_builder: 主配接口降级（非错）: 无法从LINE_NAME=10kVLINE058解析出主网站映射
2026-09-06 21:46:57 [DEBUG] core.topology_builder: 主配接口降级（非错）: 无法从LINE_NAME=10kVLINE059解析出主网站映射
2026-09-06 21:46:57 [DEBUG] core.topology_builder: 主配接口降级（非错）: 无法从LINE_NAME=10kVLINE157解析出主网站映射
2026-09-06 21:46:57 [DEBUG] core.topology_builder: 主配接口降级（非错）: 无法从LINE_NAME=10kVLINE088解析出主网站映射
2026-09-06 21:46:57 [DEBUG] core.topology_builder: 主配接口降级（非错）: 无法从LINE_NAME=10kVLINE121_185解析出主网站映射
2026-09-06 21:46:57 [DEBUG] core.topology_builder: 主配接口降级（非错）: 无法从LINE_NAME=10kVLINE081解析出主网站映射
2026-09-06 21:46:57 [DEBUG] core.topology_builder: 主配接口降级（非错）: 无法从LINE_NAME=10kVLINE158解析出主网站映射
2026-09-06 21:46:57 [DEBUG] core.topology_builder: 主配接口降级（非错）: 无法从LINE_NAME=10kVLINE159解析出主网站映射
2026-09-06 21:46:57 [DEBUG] core.topology_builder: 主配接口降级（非错）: 无法从LINE_NAME=10kVLINE160解析出主网站映射
2026-09-06 21:46:57 [DEBUG] core.topology_builder: 主配接口降级（非错）: 无法从LINE_NAME=10kVLINE161解析出主网站映射
2026-09-06 21:46:57 [DEBUG] core.topology_builder: 主配接口降级（非错）: 无法从LINE_NAME=10kVLINE162解析出主网站映射
2026-09-06 21:46:57 [DEBUG] core.topology_builder: 主配接口降级（非错）: 无法从LINE_NAME=10kVLINE163解析出主网站映射
2026-09-06 21:46:57 [DEBUG] core.topology_builder: 主配接口降级（非错）: 无法从LINE_NAME=10kVLINE164解析出主网站映射
2026-09-06 21:46:57 [DEBUG] core.topology_builder: 主配接口降级（非错）: 无法从LINE_NAME=10kVLINE165解析出主网站映射
2026-09-06 21:46:57 [DEBUG] core.topology_builder: 主配接口降级（非错）: 无法从LINE_NAME=10kVLINE166解析出主网站映射
2026-09-06 21:46:57 [DEBUG] core.topology_builder: 主配接口降级（非错）: 无法从LINE_NAME=10kVLINE167解析出主网站映射
2026-09-06 21:46:57 [DEBUG] core.topology_builder: 主配接口降级（非错）: 无法从LINE_NAME=10kVLINE168解析出主网站映射
2026-09-06 21:46:57 [DEBUG] core.topology_builder: 主配接口降级（非错）: 无法从LINE_NAME=10kVLINE014解析出主网站映射
2026-09-06 21:46:57 [DEBUG] core.topology_builder: 主配接口降级（非错）: 无法从LINE_NAME=10kVLINE169解析出主网站映射
2026-09-06 21:46:57 [DEBUG] core.topology_builder: 主配接口降级（非错）: 无法从LINE_NAME=10kVLINE170解析出主网站映射
2026-09-06 21:46:57 [DEBUG] core.topology_builder: 主配接口降级（非错）: 无法从LINE_NAME=10kVLINE171解析出主网站映射
2026-09-06 21:46:57 [DEBUG] core.topology_builder: 主配接口降级（非错）: 无法从LINE_NAME=10kVLINE172解析出主网站映射
2026-09-06 21:46:57 [DEBUG] core.topology_builder: 主配接口降级（非错）: 无法从LINE_NAME=10kVLINE173解析出主网站映射
2026-09-06 21:46:57 [DEBUG] core.topology_builder: 主配接口降级（非错）: 无法从LINE_NAME=10kVLINE174解析出主网站映射
2026-09-06 21:46:57 [DEBUG] core.topology_builder: 主配接口降级（非错）: 无法从LINE_NAME=10kVLINE175解析出主网站映射
2026-09-06 21:46:57 [DEBUG] core.topology_builder: 主配接口降级（非错）: 无法从LINE_NAME=10kVLINE176解析出主网站映射
2026-09-06 21:46:57 [DEBUG] core.topology_builder: 主配接口降级（非错）: 无法从LINE_NAME=10kVLINE177解析出主网站映射
2026-09-06 21:46:57 [DEBUG] core.topology_builder: 主配接口降级（非错）: 无法从LINE_NAME=10kVLINE044解析出主网站映射
2026-09-06 21:46:57 [DEBUG] core.topology_builder: 主配接口降级（非错）: 无法从LINE_NAME=10kVLINE178解析出主网站映射
2026-09-06 21:46:57 [DEBUG] core.topology_builder: 主配接口降级（非错）: 无法从LINE_NAME=10kVLINE179解析出主网站映射
2026-09-06 21:46:57 [DEBUG] core.topology_builder: 主配接口降级（非错）: 无法从LINE_NAME=10kVLINE180解析出主网站映射
2026-09-06 21:46:57 [DEBUG] core.topology_builder: 主配接口降级（非错）: 无法从LINE_NAME=20kVLINE181解析出主网站映射
2026-09-06 21:46:57 [DEBUG] core.topology_builder: 主配接口降级（非错）: 无法从LINE_NAME=10kVLINE182解析出主网站映射
2026-09-06 21:46:57 [DEBUG] core.topology_builder: 主配接口降级（非错）: 无法从LINE_NAME=10kVLINE183解析出主网站映射
2026-09-06 21:46:57 [DEBUG] core.topology_builder: 主配接口降级（非错）: 无法从LINE_NAME=10kVLINE184解析出主网站映射
2026-09-06 21:46:57 [DEBUG] core.topology_builder: 主配接口降级（非错）: 无法从LINE_NAME=10kVLINE186解析出主网站映射
2026-09-06 21:46:57 [DEBUG] core.topology_builder: 主配接口降级（非错）: 无法从LINE_NAME=10kVLINE187解析出主网站映射
2026-09-06 21:46:57 [DEBUG] core.topology_builder: 主配接口降级（非错）: 无法从LINE_NAME=10kVLINE188解析出主网站映射
2026-09-06 21:46:57 [DEBUG] core.topology_builder: 主配接口降级（非错）: 无法从LINE_NAME=10kVLINE189解析出主网站映射
2026-09-06 21:46:57 [DEBUG] core.topology_builder: 主配接口降级（非错）: 无法从LINE_NAME=10kVLINE190解析出主网站映射
2026-09-06 21:46:57 [DEBUG] core.topology_builder: 主配接口降级（非错）: 无法从LINE_NAME=10kVLINE191解析出主网站映射
2026-09-06 21:46:57 [DEBUG] core.topology_builder: 主配接口降级（非错）: 无法从LINE_NAME=10kVLINE192解析出主网站映射
2026-09-06 21:46:57 [DEBUG] core.topology_builder: 主配接口降级（非错）: 无法从LINE_NAME=10kVLINE193解析出主网站映射
2026-09-06 21:46:57 [DEBUG] core.topology_builder: 主配接口降级（非错）: 无法从LINE_NAME=10kVLINE194解析出主网站映射
2026-09-06 21:46:57 [DEBUG] core.topology_builder: 主配接口降级（非错）: 无法从LINE_NAME=10kVLINE195解析出主网站映射
2026-09-06 21:46:57 [DEBUG] core.topology_builder: 主配接口降级（非错）: 无法从LINE_NAME=10kVLINE196解析出主网站映射
2026-09-06 21:46:57 [DEBUG] core.topology_builder: 主配接口降级（非错）: 无法从LINE_NAME=10kVLINE197解析出主网站映射
2026-09-06 21:46:57 [DEBUG] core.topology_builder: 主配接口降级（非错）: 无法从LINE_NAME=10kVLINE198解析出主网站映射
2026-09-06 21:46:57 [DEBUG] core.topology_builder: 主配接口降级（非错）: 无法从LINE_NAME=10kVLINE199解析出主网站映射
2026-09-06 21:46:57 [DEBUG] core.topology_builder: 主配接口降级（非错）: 无法从LINE_NAME=10kVLINE063解析出主网站映射
2026-09-06 21:46:57 [DEBUG] core.topology_builder: 主配接口降级（非错）: 无法从LINE_NAME=10kVLINE200解析出主网站映射
2026-09-06 21:46:57 [DEBUG] core.topology_builder: 主配接口降级（非错）: 无法从LINE_NAME=10kVLINE201解析出主网站映射
2026-09-06 21:46:57 [DEBUG] core.topology_builder: 主配接口降级（非错）: 无法从LINE_NAME=10kVLINE202解析出主网站映射
2026-09-06 21:46:57 [DEBUG] core.topology_builder: 主配接口降级（非错）: 无法从LINE_NAME=10kVLINE203解析出主网站映射
2026-09-06 21:46:57 [DEBUG] core.topology_builder: 主配接口降级（非错）: 无法从LINE_NAME=10kVLINE204解析出主网站映射
2026-09-06 21:46:57 [DEBUG] core.topology_builder: 主配接口降级（非错）: 无法从LINE_NAME=10kVLINE205解析出主网站映射
2026-09-06 21:46:57 [DEBUG] core.topology_builder: 主配接口降级（非错）: 无法从LINE_NAME=10kVLINE051解析出主网站映射
2026-09-06 21:46:57 [DEBUG] core.topology_builder: 主配接口降级（非错）: 无法从LINE_NAME=10kVLINE187解析出主网站映射
2026-09-06 21:46:57 [DEBUG] core.topology_builder: 主配接口降级（非错）: 无法从LINE_NAME=10kVLINE207解析出主网站映射
2026-09-06 21:46:57 [DEBUG] core.topology_builder: 主配接口降级（非错）: 无法从LINE_NAME=10kVLINE208解析出主网站映射
2026-09-06 21:46:57 [DEBUG] core.topology_builder: 主配接口降级（非错）: 无法从LINE_NAME=10kVLINE209解析出主网站映射
2026-09-06 21:46:57 [DEBUG] core.topology_builder: 主配接口降级（非错）: 无法从LINE_NAME=10kVLINE210解析出主网站映射
2026-09-06 21:46:57 [DEBUG] core.topology_builder: 主配接口降级（非错）: 无法从LINE_NAME=10kVLINE212解析出主网站映射
2026-09-06 21:46:57 [DEBUG] core.topology_builder: 主配接口降级（非错）: 无法从LINE_NAME=10kVLINE213解析出主网站映射
2026-09-06 21:46:57 [DEBUG] core.topology_builder: 主配接口降级（非错）: 无法从LINE_NAME=LINE215解析出主网站映射
2026-09-06 21:46:57 [DEBUG] core.topology_builder: 主配接口降级（非错）: 无法从LINE_NAME=LINE216解析出主网站映射
2026-09-06 21:46:57 [INFO] core.topology_builder: 主配接口校验：通过=184 失败=5
2026-09-06 21:46:57 [INFO] core.topology_builder: [主配接口校验] 4.1/4.2 命中缺陷: 5
2026-09-06 22:04:50 [INFO] core.topology_builder: 主配数据拆分完成：主网设备=1167 配网设备=50744 主网线段=223 配网线段=189 主网站=10 遥信遥测=5829 ZWMEA=442 ZWSIGNAL=1567
2026-09-06 22:04:50 [INFO] core.topology_builder: 主网设备数量：1167
2026-09-06 22:04:50 [INFO] core.topology_builder: 配网设备数量：50744
2026-09-06 22:04:50 [INFO] core.topology_builder: 主网线路(ZLINEEND)数量：223
2026-09-06 22:04:50 [INFO] core.topology_builder: 配网线路(PWFEEDERLINE)数量：189
2026-09-06 22:04:50 [INFO] core.topology_builder: 主网站点(ZWSUBSTATION)数量：10
2026-09-06 22:04:50 [INFO] core.topology_builder: 遥信遥测(PWREAL)记录数：5829
2026-09-06 22:04:50 [INFO] core.topology_builder: 主网遥测(ZWMEA)：442 主网遥信(ZWSIGNAL)：1567
2026-09-06 22:04:50 [INFO] core.topology_builder: [Builder] 正在添加 1167 个主网设备和 50744 个配网设备...
2026-09-06 22:04:50 [INFO] core.topology_builder: 主网电源设备数=47
2026-09-06 22:04:50 [INFO] core.topology_builder: 主网电源设备识别: 47 台
2026-09-06 22:04:51 [DEBUG] core.topology_builder: 已处理 10000 个配网设备
2026-09-06 22:04:52 [DEBUG] core.topology_builder: 已处理 20000 个配网设备
2026-09-06 22:04:54 [DEBUG] core.topology_builder: 已处理 30000 个配网设备
2026-09-06 22:04:55 [DEBUG] core.topology_builder: 已处理 40000 个配网设备
2026-09-06 22:04:56 [DEBUG] core.topology_builder: 已处理 50000 个配网设备
2026-09-06 22:04:56 [INFO] core.topology_builder: 配网电源设备数=17643
2026-09-06 22:04:56 [INFO] core.topology_builder: 配网电源设备识别: 17643 台
2026-09-06 22:04:59 [INFO] core.topology_builder: 主配电源注入（v2-ZWLINEEND映射）: 0 台配网设备接入主网电源
2026-09-06 22:04:59 [INFO] core.topology_builder:   ZWLINEEND 解析出馈线→主网站映射数: 0
2026-09-06 22:05:09 [INFO] core.topology_builder: [Builder] 配网真实端子数量:76354
2026-09-06 22:05:09 [INFO] core.topology_builder: [Builder] 主网真实端子数量:1562
2026-09-06 22:05:17 [INFO] core.topology_builder: [端子建边完成] 配网拓扑边数量：117276
2026-09-06 22:05:17 [INFO] core.topology_builder: [端子建边完成] 主网拓扑边数量：2632
2026-09-06 22:05:25 [INFO] core.measure_preprocess: [MeasurePreprocess] 遥信实测开关数量：6666
2026-09-06 22:05:25 [INFO] core.measure_preprocess: [MeasurePreprocess] 默认合位开关数量：10942
2026-09-06 22:05:25 [INFO] core.topology_builder: [遥信预处理统计] 总开关状态映射条目:17608 实际挂载到设备:16592
2026-09-06 22:05:25 [INFO] core.topology_builder: 遥信实测开关:6666，赛题默认合位推演开关:10942
2026-09-06 22:05:36 [DEBUG] core.topology_builder: 主配接口降级（非错）: 无法从LINE_NAME=10kVLINE098解析出主网站映射
2026-09-06 22:05:36 [DEBUG] core.topology_builder: 主配接口降级（非错）: 无法从LINE_NAME=10kVLINE060解析出主网站映射
2026-09-06 22:05:36 [DEBUG] core.topology_builder: 主配接口降级（非错）: 无法从LINE_NAME=10kVLINE004解析出主网站映射
2026-09-06 22:05:36 [DEBUG] core.topology_builder: 主配接口降级（非错）: 无法从LINE_NAME=10kVLINE082解析出主网站映射
2026-09-06 22:05:36 [DEBUG] core.topology_builder: 主配接口降级（非错）: 无法从LINE_NAME=10kVLINE018解析出主网站映射
2026-09-06 22:05:36 [DEBUG] core.topology_builder: 主配接口降级（非错）: 无法从LINE_NAME=10kVLINE074解析出主网站映射
2026-09-06 22:05:36 [DEBUG] core.topology_builder: 主配接口降级（非错）: 无法从LINE_NAME=10kVLINE099解析出主网站映射
2026-09-06 22:05:36 [DEBUG] core.topology_builder: 主配接口降级（非错）: 无法从LINE_NAME=10kVLINE041解析出主网站映射
2026-09-06 22:05:36 [DEBUG] core.topology_builder: 主配接口降级（非错）: 无法从LINE_NAME=10kVLINE086解析出主网站映射
2026-09-06 22:05:36 [DEBUG] core.topology_builder: 主配接口降级（非错）: 无法从LINE_NAME=10kVLINE073解析出主网站映射
2026-09-06 22:05:36 [DEBUG] core.topology_builder: 主配接口降级（非错）: 无法从LINE_NAME=10kVLINE033解析出主网站映射
2026-09-06 22:05:36 [DEBUG] core.topology_builder: 主配接口降级（非错）: 无法从LINE_NAME=10kVLINE091解析出主网站映射
2026-09-06 22:05:36 [DEBUG] core.topology_builder: 主配接口降级（非错）: 无法从LINE_NAME=10kVLINE100解析出主网站映射
2026-09-06 22:05:36 [DEBUG] core.topology_builder: 主配接口降级（非错）: 无法从LINE_NAME=10kVLINE013解析出主网站映射
2026-09-06 22:05:36 [DEBUG] core.topology_builder: 主配接口降级（非错）: 无法从LINE_NAME=10kVLINE101解析出主网站映射
2026-09-06 22:05:36 [DEBUG] core.topology_builder: 主配接口降级（非错）: 无法从LINE_NAME=10kVLINE035解析出主网站映射
2026-09-06 22:05:36 [DEBUG] core.topology_builder: 主配接口降级（非错）: 无法从LINE_NAME=10kVLINE102解析出主网站映射
2026-09-06 22:05:36 [DEBUG] core.topology_builder: 主配接口降级（非错）: 无法从LINE_NAME=10kVLINE103解析出主网站映射
2026-09-06 22:05:36 [DEBUG] core.topology_builder: 主配接口降级（非错）: 无法从LINE_NAME=10kVLINE055解析出主网站映射
2026-09-06 22:05:36 [DEBUG] core.topology_builder: 主配接口降级（非错）: 无法从LINE_NAME=10kVLINE024解析出主网站映射
2026-09-06 22:05:36 [DEBUG] core.topology_builder: 主配接口降级（非错）: 无法从LINE_NAME=10kVLINE084解析出主网站映射
2026-09-06 22:05:36 [DEBUG] core.topology_builder: 主配接口降级（非错）: 无法从LINE_NAME=10kVLINE087解析出主网站映射
2026-09-06 22:05:36 [DEBUG] core.topology_builder: 主配接口降级（非错）: 无法从LINE_NAME=20kVLINE104解析出主网站映射
2026-09-06 22:05:36 [DEBUG] core.topology_builder: 主配接口降级（非错）: 无法从LINE_NAME=10kVLINE012解析出主网站映射
2026-09-06 22:05:36 [DEBUG] core.topology_builder: 主配接口降级（非错）: 无法从LINE_NAME=10kVLINE105解析出主网站映射
2026-09-06 22:05:36 [DEBUG] core.topology_builder: 主配接口降级（非错）: 无法从LINE_NAME=10kVLINE106解析出主网站映射
2026-09-06 22:05:36 [DEBUG] core.topology_builder: 主配接口降级（非错）: 无法从LINE_NAME=10kVLINE094解析出主网站映射
2026-09-06 22:05:36 [DEBUG] core.topology_builder: 主配接口降级（非错）: 无法从LINE_NAME=10kVLINE107解析出主网站映射
2026-09-06 22:05:36 [DEBUG] core.topology_builder: 主配接口降级（非错）: 无法从LINE_NAME=10kVLINE053解析出主网站映射
2026-09-06 22:05:36 [DEBUG] core.topology_builder: 主配接口降级（非错）: 无法从LINE_NAME=20kVLINE108解析出主网站映射
2026-09-06 22:05:36 [DEBUG] core.topology_builder: 主配接口降级（非错）: 无法从LINE_NAME=20kVLINE109解析出主网站映射
2026-09-06 22:05:36 [DEBUG] core.topology_builder: 主配接口降级（非错）: 无法从LINE_NAME=10kVLINE110解析出主网站映射
2026-09-06 22:05:36 [DEBUG] core.topology_builder: 主配接口降级（非错）: 无法从LINE_NAME=10kVLINE111解析出主网站映射
2026-09-06 22:05:36 [DEBUG] core.topology_builder: 主配接口降级（非错）: 无法从LINE_NAME=10kVLINE112解析出主网站映射
2026-09-06 22:05:36 [DEBUG] core.topology_builder: 主配接口降级（非错）: 无法从LINE_NAME=20kVLINE113解析出主网站映射
2026-09-06 22:05:36 [DEBUG] core.topology_builder: 主配接口降级（非错）: 无法从LINE_NAME=10kVLINE026解析出主网站映射
2026-09-06 22:05:36 [DEBUG] core.topology_builder: 主配接口降级（非错）: 无法从LINE_NAME=10kVLINE048解析出主网站映射
2026-09-06 22:05:36 [DEBUG] core.topology_builder: 主配接口降级（非错）: 无法从LINE_NAME=10kVLINE003解析出主网站映射
2026-09-06 22:05:36 [DEBUG] core.topology_builder: 主配接口降级（非错）: 无法从LINE_NAME=10kVLINE057解析出主网站映射
2026-09-06 22:05:36 [DEBUG] core.topology_builder: 主配接口降级（非错）: 无法从LINE_NAME=10kVLINE077解析出主网站映射
2026-09-06 22:05:36 [DEBUG] core.topology_builder: 主配接口降级（非错）: 无法从LINE_NAME=10kVLINE114解析出主网站映射
2026-09-06 22:05:36 [DEBUG] core.topology_builder: 主配接口降级（非错）: 无法从LINE_NAME=10kVLINE027解析出主网站映射
2026-09-06 22:05:36 [DEBUG] core.topology_builder: 主配接口降级（非错）: 无法从LINE_NAME=10kVLINE115解析出主网站映射
2026-09-06 22:05:36 [DEBUG] core.topology_builder: 主配接口降级（非错）: 无法从LINE_NAME=10kVLINE116解析出主网站映射
2026-09-06 22:05:36 [DEBUG] core.topology_builder: 主配接口降级（非错）: 无法从LINE_NAME=10kVLINE117解析出主网站映射
2026-09-06 22:05:36 [DEBUG] core.topology_builder: 主配接口降级（非错）: 无法从LINE_NAME=10kVLINE118解析出主网站映射
2026-09-06 22:05:36 [DEBUG] core.topology_builder: 主配接口降级（非错）: 无法从LINE_NAME=10kVLINE038解析出主网站映射
2026-09-06 22:05:36 [DEBUG] core.topology_builder: 主配接口降级（非错）: 无法从LINE_NAME=10kVLINE119解析出主网站映射
2026-09-06 22:05:36 [DEBUG] core.topology_builder: 主配接口降级（非错）: 无法从LINE_NAME=20kVLINE120解析出主网站映射
2026-09-06 22:05:36 [DEBUG] core.topology_builder: 主配接口降级（非错）: 无法从LINE_NAME=10kVLINE121_195解析出主网站映射
2026-09-06 22:05:36 [DEBUG] core.topology_builder: 主配接口降级（非错）: 无法从LINE_NAME=10kVLINE076解析出主网站映射
2026-09-06 22:05:36 [DEBUG] core.topology_builder: 主配接口降级（非错）: 无法从LINE_NAME=10kVLINE093解析出主网站映射
2026-09-06 22:05:36 [DEBUG] core.topology_builder: 主配接口降级（非错）: 无法从LINE_NAME=20kVLINE122解析出主网站映射
2026-09-06 22:05:36 [DEBUG] core.topology_builder: 主配接口降级（非错）: 无法从LINE_NAME=10kVLINE123解析出主网站映射
2026-09-06 22:05:36 [DEBUG] core.topology_builder: 主配接口降级（非错）: 无法从LINE_NAME=10kVLINE039解析出主网站映射
2026-09-06 22:05:36 [DEBUG] core.topology_builder: 主配接口降级（非错）: 无法从LINE_NAME=10kVLINE124解析出主网站映射
2026-09-06 22:05:36 [DEBUG] core.topology_builder: 主配接口降级（非错）: 无法从LINE_NAME=10kVLINE125解析出主网站映射
2026-09-06 22:05:36 [DEBUG] core.topology_builder: 主配接口降级（非错）: 无法从LINE_NAME=10kVLINE126解析出主网站映射
2026-09-06 22:05:36 [DEBUG] core.topology_builder: 主配接口降级（非错）: 无法从LINE_NAME=10kVLINE127解析出主网站映射
2026-09-06 22:05:36 [DEBUG] core.topology_builder: 主配接口降级（非错）: 无法从LINE_NAME=10kVLINE089解析出主网站映射
2026-09-06 22:05:36 [DEBUG] core.topology_builder: 主配接口降级（非错）: 无法从LINE_NAME=10kVLINE090解析出主网站映射
2026-09-06 22:05:36 [DEBUG] core.topology_builder: 主配接口降级（非错）: 无法从LINE_NAME=10kVLINE128解析出主网站映射
2026-09-06 22:05:36 [DEBUG] core.topology_builder: 主配接口降级（非错）: 无法从LINE_NAME=10kVLINE037解析出主网站映射
2026-09-06 22:05:36 [DEBUG] core.topology_builder: 主配接口降级（非错）: 无法从LINE_NAME=10kVLINE071解析出主网站映射
2026-09-06 22:05:36 [DEBUG] core.topology_builder: 主配接口降级（非错）: 无法从LINE_NAME=10kVLINE129解析出主网站映射
2026-09-06 22:05:36 [DEBUG] core.topology_builder: 主配接口降级（非错）: 无法从LINE_NAME=10kVLINE009解析出主网站映射
2026-09-06 22:05:36 [DEBUG] core.topology_builder: 主配接口降级（非错）: 无法从LINE_NAME=10kVLINE022解析出主网站映射
2026-09-06 22:05:36 [DEBUG] core.topology_builder: 主配接口降级（非错）: 无法从LINE_NAME=10kVLINE028解析出主网站映射
2026-09-06 22:05:36 [DEBUG] core.topology_builder: 主配接口降级（非错）: 无法从LINE_NAME=10kVLINE019解析出主网站映射
2026-09-06 22:05:36 [DEBUG] core.topology_builder: 主配接口降级（非错）: 无法从LINE_NAME=10kVLINE015解析出主网站映射
2026-09-06 22:05:36 [DEBUG] core.topology_builder: 主配接口降级（非错）: 无法从LINE_NAME=10kVLINE130解析出主网站映射
2026-09-06 22:05:36 [DEBUG] core.topology_builder: 主配接口降级（非错）: 无法从LINE_NAME=10kVLINE131解析出主网站映射
2026-09-06 22:05:36 [DEBUG] core.topology_builder: 主配接口降级（非错）: 无法从LINE_NAME=10kVLINE132解析出主网站映射
2026-09-06 22:05:36 [DEBUG] core.topology_builder: 主配接口降级（非错）: 无法从LINE_NAME=10kVLINE061解析出主网站映射
2026-09-06 22:05:36 [DEBUG] core.topology_builder: 主配接口降级（非错）: 无法从LINE_NAME=10kVLINE133解析出主网站映射
2026-09-06 22:05:36 [DEBUG] core.topology_builder: 主配接口降级（非错）: 无法从LINE_NAME=10kVLINE075解析出主网站映射
2026-09-06 22:05:36 [DEBUG] core.topology_builder: 主配接口降级（非错）: 无法从LINE_NAME=10kVLINE016解析出主网站映射
2026-09-06 22:05:36 [DEBUG] core.topology_builder: 主配接口降级（非错）: 无法从LINE_NAME=10kVLINE134解析出主网站映射
2026-09-06 22:05:36 [DEBUG] core.topology_builder: 主配接口降级（非错）: 无法从LINE_NAME=10kVLINE043解析出主网站映射
2026-09-06 22:05:36 [DEBUG] core.topology_builder: 主配接口降级（非错）: 无法从LINE_NAME=10kVLINE050解析出主网站映射
2026-09-06 22:05:36 [DEBUG] core.topology_builder: 主配接口降级（非错）: 无法从LINE_NAME=10kVLINE054解析出主网站映射
2026-09-06 22:05:36 [DEBUG] core.topology_builder: 主配接口降级（非错）: 无法从LINE_NAME=10kVLINE040解析出主网站映射
2026-09-06 22:05:36 [DEBUG] core.topology_builder: 主配接口降级（非错）: 无法从LINE_NAME=10kVLINE021解析出主网站映射
2026-09-06 22:05:36 [DEBUG] core.topology_builder: 主配接口降级（非错）: 无法从LINE_NAME=10kVLINE023解析出主网站映射
2026-09-06 22:05:36 [DEBUG] core.topology_builder: 主配接口降级（非错）: 无法从LINE_NAME=10kVLINE020解析出主网站映射
2026-09-06 22:05:36 [DEBUG] core.topology_builder: 主配接口降级（非错）: 无法从LINE_NAME=10kVLINE135解析出主网站映射
2026-09-06 22:05:36 [DEBUG] core.topology_builder: 主配接口降级（非错）: 无法从LINE_NAME=10kVLINE136解析出主网站映射
2026-09-06 22:05:36 [DEBUG] core.topology_builder: 主配接口降级（非错）: 无法从LINE_NAME=10kVLINE097解析出主网站映射
2026-09-06 22:05:36 [DEBUG] core.topology_builder: 主配接口降级（非错）: 无法从LINE_NAME=10kVLINE096解析出主网站映射
2026-09-06 22:05:36 [DEBUG] core.topology_builder: 主配接口降级（非错）: 无法从LINE_NAME=10kVLINE137解析出主网站映射
2026-09-06 22:05:36 [DEBUG] core.topology_builder: 主配接口降级（非错）: 无法从LINE_NAME=10kVLINE138解析出主网站映射
2026-09-06 22:05:36 [DEBUG] core.topology_builder: 主配接口降级（非错）: 无法从LINE_NAME=10kVLINE139解析出主网站映射
2026-09-06 22:05:36 [DEBUG] core.topology_builder: 主配接口降级（非错）: 无法从LINE_NAME=10kVLINE140解析出主网站映射
2026-09-06 22:05:36 [DEBUG] core.topology_builder: 主配接口降级（非错）: 无法从LINE_NAME=10kVLINE141解析出主网站映射
2026-09-06 22:05:36 [DEBUG] core.topology_builder: 主配接口降级（非错）: 无法从LINE_NAME=10kVLINE049解析出主网站映射
2026-09-06 22:05:36 [DEBUG] core.topology_builder: 主配接口降级（非错）: 无法从LINE_NAME=10kVLINE142解析出主网站映射
2026-09-06 22:05:36 [DEBUG] core.topology_builder: 主配接口降级（非错）: 无法从LINE_NAME=10kVLINE042解析出主网站映射
2026-09-06 22:05:36 [DEBUG] core.topology_builder: 主配接口降级（非错）: 无法从LINE_NAME=10kVLINE056解析出主网站映射
2026-09-06 22:05:36 [DEBUG] core.topology_builder: 主配接口降级（非错）: 无法从LINE_NAME=10kVLINE143解析出主网站映射
2026-09-06 22:05:36 [DEBUG] core.topology_builder: 主配接口降级（非错）: 无法从LINE_NAME=10kVLINE144解析出主网站映射
2026-09-06 22:05:36 [DEBUG] core.topology_builder: 主配接口降级（非错）: 无法从LINE_NAME=10kVLINE070解析出主网站映射
2026-09-06 22:05:36 [DEBUG] core.topology_builder: 主配接口降级（非错）: 无法从LINE_NAME=10kVLINE069解析出主网站映射
2026-09-06 22:05:36 [DEBUG] core.topology_builder: 主配接口降级（非错）: 无法从LINE_NAME=10kVLINE145解析出主网站映射
2026-09-06 22:05:36 [DEBUG] core.topology_builder: 主配接口降级（非错）: 无法从LINE_NAME=10kVLINE146解析出主网站映射
2026-09-06 22:05:36 [DEBUG] core.topology_builder: 主配接口降级（非错）: 无法从LINE_NAME=10kVLINE147解析出主网站映射
2026-09-06 22:05:36 [DEBUG] core.topology_builder: 主配接口降级（非错）: 无法从LINE_NAME=10kVLINE148解析出主网站映射
2026-09-06 22:05:36 [DEBUG] core.topology_builder: 主配接口降级（非错）: 无法从LINE_NAME=10kVLINE025解析出主网站映射
2026-09-06 22:05:36 [DEBUG] core.topology_builder: 主配接口降级（非错）: 无法从LINE_NAME=20kVLINE149解析出主网站映射
2026-09-06 22:05:36 [DEBUG] core.topology_builder: 主配接口降级（非错）: 无法从LINE_NAME=10kVLINE083解析出主网站映射
2026-09-06 22:05:36 [DEBUG] core.topology_builder: 主配接口降级（非错）: 无法从LINE_NAME=20kVLINE150解析出主网站映射
2026-09-06 22:05:36 [DEBUG] core.topology_builder: 主配接口降级（非错）: 无法从LINE_NAME=20kVLINE151解析出主网站映射
2026-09-06 22:05:36 [DEBUG] core.topology_builder: 主配接口降级（非错）: 无法从LINE_NAME=20kVLINE152解析出主网站映射
2026-09-06 22:05:36 [DEBUG] core.topology_builder: 主配接口降级（非错）: 无法从LINE_NAME=10kVLINE046解析出主网站映射
2026-09-06 22:05:36 [DEBUG] core.topology_builder: 主配接口降级（非错）: 无法从LINE_NAME=10kVLINE045解析出主网站映射
2026-09-06 22:05:36 [DEBUG] core.topology_builder: 主配接口降级（非错）: 无法从LINE_NAME=10kVLINE153解析出主网站映射
2026-09-06 22:05:36 [DEBUG] core.topology_builder: 主配接口降级（非错）: 无法从LINE_NAME=10kVLINE154解析出主网站映射
2026-09-06 22:05:36 [DEBUG] core.topology_builder: 主配接口降级（非错）: 无法从LINE_NAME=10kVLINE155解析出主网站映射
2026-09-06 22:05:36 [DEBUG] core.topology_builder: 主配接口降级（非错）: 无法从LINE_NAME=10kVLINE156解析出主网站映射
2026-09-06 22:05:36 [DEBUG] core.topology_builder: 主配接口降级（非错）: 无法从LINE_NAME=10kVLINE058解析出主网站映射
2026-09-06 22:05:36 [DEBUG] core.topology_builder: 主配接口降级（非错）: 无法从LINE_NAME=10kVLINE059解析出主网站映射
2026-09-06 22:05:36 [DEBUG] core.topology_builder: 主配接口降级（非错）: 无法从LINE_NAME=10kVLINE157解析出主网站映射
2026-09-06 22:05:36 [DEBUG] core.topology_builder: 主配接口降级（非错）: 无法从LINE_NAME=10kVLINE088解析出主网站映射
2026-09-06 22:05:36 [DEBUG] core.topology_builder: 主配接口降级（非错）: 无法从LINE_NAME=10kVLINE121_185解析出主网站映射
2026-09-06 22:05:36 [DEBUG] core.topology_builder: 主配接口降级（非错）: 无法从LINE_NAME=10kVLINE081解析出主网站映射
2026-09-06 22:05:36 [DEBUG] core.topology_builder: 主配接口降级（非错）: 无法从LINE_NAME=10kVLINE158解析出主网站映射
2026-09-06 22:05:36 [DEBUG] core.topology_builder: 主配接口降级（非错）: 无法从LINE_NAME=10kVLINE159解析出主网站映射
2026-09-06 22:05:36 [DEBUG] core.topology_builder: 主配接口降级（非错）: 无法从LINE_NAME=10kVLINE160解析出主网站映射
2026-09-06 22:05:36 [DEBUG] core.topology_builder: 主配接口降级（非错）: 无法从LINE_NAME=10kVLINE161解析出主网站映射
2026-09-06 22:05:36 [DEBUG] core.topology_builder: 主配接口降级（非错）: 无法从LINE_NAME=10kVLINE162解析出主网站映射
2026-09-06 22:05:36 [DEBUG] core.topology_builder: 主配接口降级（非错）: 无法从LINE_NAME=10kVLINE163解析出主网站映射
2026-09-06 22:05:36 [DEBUG] core.topology_builder: 主配接口降级（非错）: 无法从LINE_NAME=10kVLINE164解析出主网站映射
2026-09-06 22:05:36 [DEBUG] core.topology_builder: 主配接口降级（非错）: 无法从LINE_NAME=10kVLINE165解析出主网站映射
2026-09-06 22:05:36 [DEBUG] core.topology_builder: 主配接口降级（非错）: 无法从LINE_NAME=10kVLINE166解析出主网站映射
2026-09-06 22:05:36 [DEBUG] core.topology_builder: 主配接口降级（非错）: 无法从LINE_NAME=10kVLINE167解析出主网站映射
2026-09-06 22:05:36 [DEBUG] core.topology_builder: 主配接口降级（非错）: 无法从LINE_NAME=10kVLINE168解析出主网站映射
2026-09-06 22:05:36 [DEBUG] core.topology_builder: 主配接口降级（非错）: 无法从LINE_NAME=10kVLINE014解析出主网站映射
2026-09-06 22:05:36 [DEBUG] core.topology_builder: 主配接口降级（非错）: 无法从LINE_NAME=10kVLINE169解析出主网站映射
2026-09-06 22:05:36 [DEBUG] core.topology_builder: 主配接口降级（非错）: 无法从LINE_NAME=10kVLINE170解析出主网站映射
2026-09-06 22:05:36 [DEBUG] core.topology_builder: 主配接口降级（非错）: 无法从LINE_NAME=10kVLINE171解析出主网站映射
2026-09-06 22:05:36 [DEBUG] core.topology_builder: 主配接口降级（非错）: 无法从LINE_NAME=10kVLINE172解析出主网站映射
2026-09-06 22:05:36 [DEBUG] core.topology_builder: 主配接口降级（非错）: 无法从LINE_NAME=10kVLINE173解析出主网站映射
2026-09-06 22:05:36 [DEBUG] core.topology_builder: 主配接口降级（非错）: 无法从LINE_NAME=10kVLINE174解析出主网站映射
2026-09-06 22:05:36 [DEBUG] core.topology_builder: 主配接口降级（非错）: 无法从LINE_NAME=10kVLINE175解析出主网站映射
2026-09-06 22:05:36 [DEBUG] core.topology_builder: 主配接口降级（非错）: 无法从LINE_NAME=10kVLINE176解析出主网站映射
2026-09-06 22:05:36 [DEBUG] core.topology_builder: 主配接口降级（非错）: 无法从LINE_NAME=10kVLINE177解析出主网站映射
2026-09-06 22:05:36 [DEBUG] core.topology_builder: 主配接口降级（非错）: 无法从LINE_NAME=10kVLINE044解析出主网站映射
2026-09-06 22:05:36 [DEBUG] core.topology_builder: 主配接口降级（非错）: 无法从LINE_NAME=10kVLINE178解析出主网站映射
2026-09-06 22:05:36 [DEBUG] core.topology_builder: 主配接口降级（非错）: 无法从LINE_NAME=10kVLINE179解析出主网站映射
2026-09-06 22:05:36 [DEBUG] core.topology_builder: 主配接口降级（非错）: 无法从LINE_NAME=10kVLINE180解析出主网站映射
2026-09-06 22:05:36 [DEBUG] core.topology_builder: 主配接口降级（非错）: 无法从LINE_NAME=20kVLINE181解析出主网站映射
2026-09-06 22:05:36 [DEBUG] core.topology_builder: 主配接口降级（非错）: 无法从LINE_NAME=10kVLINE182解析出主网站映射
2026-09-06 22:05:36 [DEBUG] core.topology_builder: 主配接口降级（非错）: 无法从LINE_NAME=10kVLINE183解析出主网站映射
2026-09-06 22:05:36 [DEBUG] core.topology_builder: 主配接口降级（非错）: 无法从LINE_NAME=10kVLINE184解析出主网站映射
2026-09-06 22:05:36 [DEBUG] core.topology_builder: 主配接口降级（非错）: 无法从LINE_NAME=10kVLINE186解析出主网站映射
2026-09-06 22:05:36 [DEBUG] core.topology_builder: 主配接口降级（非错）: 无法从LINE_NAME=10kVLINE187解析出主网站映射
2026-09-06 22:05:36 [DEBUG] core.topology_builder: 主配接口降级（非错）: 无法从LINE_NAME=10kVLINE188解析出主网站映射
2026-09-06 22:05:36 [DEBUG] core.topology_builder: 主配接口降级（非错）: 无法从LINE_NAME=10kVLINE189解析出主网站映射
2026-09-06 22:05:36 [DEBUG] core.topology_builder: 主配接口降级（非错）: 无法从LINE_NAME=10kVLINE190解析出主网站映射
2026-09-06 22:05:36 [DEBUG] core.topology_builder: 主配接口降级（非错）: 无法从LINE_NAME=10kVLINE191解析出主网站映射
2026-09-06 22:05:36 [DEBUG] core.topology_builder: 主配接口降级（非错）: 无法从LINE_NAME=10kVLINE192解析出主网站映射
2026-09-06 22:05:36 [DEBUG] core.topology_builder: 主配接口降级（非错）: 无法从LINE_NAME=10kVLINE193解析出主网站映射
2026-09-06 22:05:36 [DEBUG] core.topology_builder: 主配接口降级（非错）: 无法从LINE_NAME=10kVLINE194解析出主网站映射
2026-09-06 22:05:36 [DEBUG] core.topology_builder: 主配接口降级（非错）: 无法从LINE_NAME=10kVLINE195解析出主网站映射
2026-09-06 22:05:36 [DEBUG] core.topology_builder: 主配接口降级（非错）: 无法从LINE_NAME=10kVLINE196解析出主网站映射
2026-09-06 22:05:36 [DEBUG] core.topology_builder: 主配接口降级（非错）: 无法从LINE_NAME=10kVLINE197解析出主网站映射
2026-09-06 22:05:36 [DEBUG] core.topology_builder: 主配接口降级（非错）: 无法从LINE_NAME=10kVLINE198解析出主网站映射
2026-09-06 22:05:36 [DEBUG] core.topology_builder: 主配接口降级（非错）: 无法从LINE_NAME=10kVLINE199解析出主网站映射
2026-09-06 22:05:36 [DEBUG] core.topology_builder: 主配接口降级（非错）: 无法从LINE_NAME=10kVLINE063解析出主网站映射
2026-09-06 22:05:36 [DEBUG] core.topology_builder: 主配接口降级（非错）: 无法从LINE_NAME=10kVLINE200解析出主网站映射
2026-09-06 22:05:36 [DEBUG] core.topology_builder: 主配接口降级（非错）: 无法从LINE_NAME=10kVLINE201解析出主网站映射
2026-09-06 22:05:36 [DEBUG] core.topology_builder: 主配接口降级（非错）: 无法从LINE_NAME=10kVLINE202解析出主网站映射
2026-09-06 22:05:36 [DEBUG] core.topology_builder: 主配接口降级（非错）: 无法从LINE_NAME=10kVLINE203解析出主网站映射
2026-09-06 22:05:36 [DEBUG] core.topology_builder: 主配接口降级（非错）: 无法从LINE_NAME=10kVLINE204解析出主网站映射
2026-09-06 22:05:36 [DEBUG] core.topology_builder: 主配接口降级（非错）: 无法从LINE_NAME=10kVLINE205解析出主网站映射
2026-09-06 22:05:36 [DEBUG] core.topology_builder: 主配接口降级（非错）: 无法从LINE_NAME=10kVLINE051解析出主网站映射
2026-09-06 22:05:36 [DEBUG] core.topology_builder: 主配接口降级（非错）: 无法从LINE_NAME=10kVLINE187解析出主网站映射
2026-09-06 22:05:36 [DEBUG] core.topology_builder: 主配接口降级（非错）: 无法从LINE_NAME=10kVLINE207解析出主网站映射
2026-09-06 22:05:36 [DEBUG] core.topology_builder: 主配接口降级（非错）: 无法从LINE_NAME=10kVLINE208解析出主网站映射
2026-09-06 22:05:36 [DEBUG] core.topology_builder: 主配接口降级（非错）: 无法从LINE_NAME=10kVLINE209解析出主网站映射
2026-09-06 22:05:36 [DEBUG] core.topology_builder: 主配接口降级（非错）: 无法从LINE_NAME=10kVLINE210解析出主网站映射
2026-09-06 22:05:36 [DEBUG] core.topology_builder: 主配接口降级（非错）: 无法从LINE_NAME=10kVLINE212解析出主网站映射
2026-09-06 22:05:36 [DEBUG] core.topology_builder: 主配接口降级（非错）: 无法从LINE_NAME=10kVLINE213解析出主网站映射
2026-09-06 22:05:36 [DEBUG] core.topology_builder: 主配接口降级（非错）: 无法从LINE_NAME=LINE215解析出主网站映射
2026-09-06 22:05:36 [DEBUG] core.topology_builder: 主配接口降级（非错）: 无法从LINE_NAME=LINE216解析出主网站映射
2026-09-06 22:05:36 [INFO] core.topology_builder: 主配接口校验：通过=184 失败=5
2026-09-06 22:05:36 [INFO] core.topology_builder: [主配接口校验] 4.1/4.2 命中缺陷: 5
2026-09-06 22:05:36 [INFO] core.topology_builder: [电气逻辑校验] RULE-E01~E07 命中:4458
2026-09-06 22:05:36 [INFO] core.topology_builder: 开始执行拓扑异常检测：悬空、孤岛、断点
2026-09-06 22:05:42 [INFO] core.topology_builder: 主网异常数量：0，断点数量：0
2026-09-06 22:05:42 [INFO] core.topology_builder: 配网异常数量：726，断点数量：418
2026-09-06 22:05:53 [DEBUG] core.topology_builder: 主配接口降级（非错）: 无法从LINE_NAME=10kVLINE098解析出主网站映射
2026-09-06 22:05:53 [DEBUG] core.topology_builder: 主配接口降级（非错）: 无法从LINE_NAME=10kVLINE060解析出主网站映射
2026-09-06 22:05:53 [DEBUG] core.topology_builder: 主配接口降级（非错）: 无法从LINE_NAME=10kVLINE004解析出主网站映射
2026-09-06 22:05:53 [DEBUG] core.topology_builder: 主配接口降级（非错）: 无法从LINE_NAME=10kVLINE082解析出主网站映射
2026-09-06 22:05:53 [DEBUG] core.topology_builder: 主配接口降级（非错）: 无法从LINE_NAME=10kVLINE018解析出主网站映射
2026-09-06 22:05:53 [DEBUG] core.topology_builder: 主配接口降级（非错）: 无法从LINE_NAME=10kVLINE074解析出主网站映射
2026-09-06 22:05:53 [DEBUG] core.topology_builder: 主配接口降级（非错）: 无法从LINE_NAME=10kVLINE099解析出主网站映射
2026-09-06 22:05:53 [DEBUG] core.topology_builder: 主配接口降级（非错）: 无法从LINE_NAME=10kVLINE041解析出主网站映射
2026-09-06 22:05:53 [DEBUG] core.topology_builder: 主配接口降级（非错）: 无法从LINE_NAME=10kVLINE086解析出主网站映射
2026-09-06 22:05:53 [DEBUG] core.topology_builder: 主配接口降级（非错）: 无法从LINE_NAME=10kVLINE073解析出主网站映射
2026-09-06 22:05:53 [DEBUG] core.topology_builder: 主配接口降级（非错）: 无法从LINE_NAME=10kVLINE033解析出主网站映射
2026-09-06 22:05:53 [DEBUG] core.topology_builder: 主配接口降级（非错）: 无法从LINE_NAME=10kVLINE091解析出主网站映射
2026-09-06 22:05:54 [DEBUG] core.topology_builder: 主配接口降级（非错）: 无法从LINE_NAME=10kVLINE100解析出主网站映射
2026-09-06 22:05:54 [DEBUG] core.topology_builder: 主配接口降级（非错）: 无法从LINE_NAME=10kVLINE013解析出主网站映射
2026-09-06 22:05:54 [DEBUG] core.topology_builder: 主配接口降级（非错）: 无法从LINE_NAME=10kVLINE101解析出主网站映射
2026-09-06 22:05:54 [DEBUG] core.topology_builder: 主配接口降级（非错）: 无法从LINE_NAME=10kVLINE035解析出主网站映射
2026-09-06 22:05:54 [DEBUG] core.topology_builder: 主配接口降级（非错）: 无法从LINE_NAME=10kVLINE102解析出主网站映射
2026-09-06 22:05:54 [DEBUG] core.topology_builder: 主配接口降级（非错）: 无法从LINE_NAME=10kVLINE103解析出主网站映射
2026-09-06 22:05:54 [DEBUG] core.topology_builder: 主配接口降级（非错）: 无法从LINE_NAME=10kVLINE055解析出主网站映射
2026-09-06 22:05:54 [DEBUG] core.topology_builder: 主配接口降级（非错）: 无法从LINE_NAME=10kVLINE024解析出主网站映射
2026-09-06 22:05:54 [DEBUG] core.topology_builder: 主配接口降级（非错）: 无法从LINE_NAME=10kVLINE084解析出主网站映射
2026-09-06 22:05:54 [DEBUG] core.topology_builder: 主配接口降级（非错）: 无法从LINE_NAME=10kVLINE087解析出主网站映射
2026-09-06 22:05:54 [DEBUG] core.topology_builder: 主配接口降级（非错）: 无法从LINE_NAME=20kVLINE104解析出主网站映射
2026-09-06 22:05:54 [DEBUG] core.topology_builder: 主配接口降级（非错）: 无法从LINE_NAME=10kVLINE012解析出主网站映射
2026-09-06 22:05:54 [DEBUG] core.topology_builder: 主配接口降级（非错）: 无法从LINE_NAME=10kVLINE105解析出主网站映射
2026-09-06 22:05:54 [DEBUG] core.topology_builder: 主配接口降级（非错）: 无法从LINE_NAME=10kVLINE106解析出主网站映射
2026-09-06 22:05:54 [DEBUG] core.topology_builder: 主配接口降级（非错）: 无法从LINE_NAME=10kVLINE094解析出主网站映射
2026-09-06 22:05:54 [DEBUG] core.topology_builder: 主配接口降级（非错）: 无法从LINE_NAME=10kVLINE107解析出主网站映射
2026-09-06 22:05:54 [DEBUG] core.topology_builder: 主配接口降级（非错）: 无法从LINE_NAME=10kVLINE053解析出主网站映射
2026-09-06 22:05:54 [DEBUG] core.topology_builder: 主配接口降级（非错）: 无法从LINE_NAME=20kVLINE108解析出主网站映射
2026-09-06 22:05:54 [DEBUG] core.topology_builder: 主配接口降级（非错）: 无法从LINE_NAME=20kVLINE109解析出主网站映射
2026-09-06 22:05:54 [DEBUG] core.topology_builder: 主配接口降级（非错）: 无法从LINE_NAME=10kVLINE110解析出主网站映射
2026-09-06 22:05:54 [DEBUG] core.topology_builder: 主配接口降级（非错）: 无法从LINE_NAME=10kVLINE111解析出主网站映射
2026-09-06 22:05:54 [DEBUG] core.topology_builder: 主配接口降级（非错）: 无法从LINE_NAME=10kVLINE112解析出主网站映射
2026-09-06 22:05:54 [DEBUG] core.topology_builder: 主配接口降级（非错）: 无法从LINE_NAME=20kVLINE113解析出主网站映射
2026-09-06 22:05:54 [DEBUG] core.topology_builder: 主配接口降级（非错）: 无法从LINE_NAME=10kVLINE026解析出主网站映射
2026-09-06 22:05:54 [DEBUG] core.topology_builder: 主配接口降级（非错）: 无法从LINE_NAME=10kVLINE048解析出主网站映射
2026-09-06 22:05:54 [DEBUG] core.topology_builder: 主配接口降级（非错）: 无法从LINE_NAME=10kVLINE003解析出主网站映射
2026-09-06 22:05:54 [DEBUG] core.topology_builder: 主配接口降级（非错）: 无法从LINE_NAME=10kVLINE057解析出主网站映射
2026-09-06 22:05:54 [DEBUG] core.topology_builder: 主配接口降级（非错）: 无法从LINE_NAME=10kVLINE077解析出主网站映射
2026-09-06 22:05:54 [DEBUG] core.topology_builder: 主配接口降级（非错）: 无法从LINE_NAME=10kVLINE114解析出主网站映射
2026-09-06 22:05:54 [DEBUG] core.topology_builder: 主配接口降级（非错）: 无法从LINE_NAME=10kVLINE027解析出主网站映射
2026-09-06 22:05:54 [DEBUG] core.topology_builder: 主配接口降级（非错）: 无法从LINE_NAME=10kVLINE115解析出主网站映射
2026-09-06 22:05:54 [DEBUG] core.topology_builder: 主配接口降级（非错）: 无法从LINE_NAME=10kVLINE116解析出主网站映射
2026-09-06 22:05:54 [DEBUG] core.topology_builder: 主配接口降级（非错）: 无法从LINE_NAME=10kVLINE117解析出主网站映射
2026-09-06 22:05:54 [DEBUG] core.topology_builder: 主配接口降级（非错）: 无法从LINE_NAME=10kVLINE118解析出主网站映射
2026-09-06 22:05:54 [DEBUG] core.topology_builder: 主配接口降级（非错）: 无法从LINE_NAME=10kVLINE038解析出主网站映射
2026-09-06 22:05:54 [DEBUG] core.topology_builder: 主配接口降级（非错）: 无法从LINE_NAME=10kVLINE119解析出主网站映射
2026-09-06 22:05:54 [DEBUG] core.topology_builder: 主配接口降级（非错）: 无法从LINE_NAME=20kVLINE120解析出主网站映射
2026-09-06 22:05:54 [DEBUG] core.topology_builder: 主配接口降级（非错）: 无法从LINE_NAME=10kVLINE121_195解析出主网站映射
2026-09-06 22:05:54 [DEBUG] core.topology_builder: 主配接口降级（非错）: 无法从LINE_NAME=10kVLINE076解析出主网站映射
2026-09-06 22:05:54 [DEBUG] core.topology_builder: 主配接口降级（非错）: 无法从LINE_NAME=10kVLINE093解析出主网站映射
2026-09-06 22:05:54 [DEBUG] core.topology_builder: 主配接口降级（非错）: 无法从LINE_NAME=20kVLINE122解析出主网站映射
2026-09-06 22:05:54 [DEBUG] core.topology_builder: 主配接口降级（非错）: 无法从LINE_NAME=10kVLINE123解析出主网站映射
2026-09-06 22:05:54 [DEBUG] core.topology_builder: 主配接口降级（非错）: 无法从LINE_NAME=10kVLINE039解析出主网站映射
2026-09-06 22:05:54 [DEBUG] core.topology_builder: 主配接口降级（非错）: 无法从LINE_NAME=10kVLINE124解析出主网站映射
2026-09-06 22:05:54 [DEBUG] core.topology_builder: 主配接口降级（非错）: 无法从LINE_NAME=10kVLINE125解析出主网站映射
2026-09-06 22:05:54 [DEBUG] core.topology_builder: 主配接口降级（非错）: 无法从LINE_NAME=10kVLINE126解析出主网站映射
2026-09-06 22:05:54 [DEBUG] core.topology_builder: 主配接口降级（非错）: 无法从LINE_NAME=10kVLINE127解析出主网站映射
2026-09-06 22:05:54 [DEBUG] core.topology_builder: 主配接口降级（非错）: 无法从LINE_NAME=10kVLINE089解析出主网站映射
2026-09-06 22:05:54 [DEBUG] core.topology_builder: 主配接口降级（非错）: 无法从LINE_NAME=10kVLINE090解析出主网站映射
2026-09-06 22:05:54 [DEBUG] core.topology_builder: 主配接口降级（非错）: 无法从LINE_NAME=10kVLINE128解析出主网站映射
2026-09-06 22:05:54 [DEBUG] core.topology_builder: 主配接口降级（非错）: 无法从LINE_NAME=10kVLINE037解析出主网站映射
2026-09-06 22:05:54 [DEBUG] core.topology_builder: 主配接口降级（非错）: 无法从LINE_NAME=10kVLINE071解析出主网站映射
2026-09-06 22:05:54 [DEBUG] core.topology_builder: 主配接口降级（非错）: 无法从LINE_NAME=10kVLINE129解析出主网站映射
2026-09-06 22:05:54 [DEBUG] core.topology_builder: 主配接口降级（非错）: 无法从LINE_NAME=10kVLINE009解析出主网站映射
2026-09-06 22:05:54 [DEBUG] core.topology_builder: 主配接口降级（非错）: 无法从LINE_NAME=10kVLINE022解析出主网站映射
2026-09-06 22:05:54 [DEBUG] core.topology_builder: 主配接口降级（非错）: 无法从LINE_NAME=10kVLINE028解析出主网站映射
2026-09-06 22:05:54 [DEBUG] core.topology_builder: 主配接口降级（非错）: 无法从LINE_NAME=10kVLINE019解析出主网站映射
2026-09-06 22:05:54 [DEBUG] core.topology_builder: 主配接口降级（非错）: 无法从LINE_NAME=10kVLINE015解析出主网站映射
2026-09-06 22:05:54 [DEBUG] core.topology_builder: 主配接口降级（非错）: 无法从LINE_NAME=10kVLINE130解析出主网站映射
2026-09-06 22:05:54 [DEBUG] core.topology_builder: 主配接口降级（非错）: 无法从LINE_NAME=10kVLINE131解析出主网站映射
2026-09-06 22:05:54 [DEBUG] core.topology_builder: 主配接口降级（非错）: 无法从LINE_NAME=10kVLINE132解析出主网站映射
2026-09-06 22:05:54 [DEBUG] core.topology_builder: 主配接口降级（非错）: 无法从LINE_NAME=10kVLINE061解析出主网站映射
2026-09-06 22:05:54 [DEBUG] core.topology_builder: 主配接口降级（非错）: 无法从LINE_NAME=10kVLINE133解析出主网站映射
2026-09-06 22:05:54 [DEBUG] core.topology_builder: 主配接口降级（非错）: 无法从LINE_NAME=10kVLINE075解析出主网站映射
2026-09-06 22:05:54 [DEBUG] core.topology_builder: 主配接口降级（非错）: 无法从LINE_NAME=10kVLINE016解析出主网站映射
2026-09-06 22:05:54 [DEBUG] core.topology_builder: 主配接口降级（非错）: 无法从LINE_NAME=10kVLINE134解析出主网站映射
2026-09-06 22:05:54 [DEBUG] core.topology_builder: 主配接口降级（非错）: 无法从LINE_NAME=10kVLINE043解析出主网站映射
2026-09-06 22:05:54 [DEBUG] core.topology_builder: 主配接口降级（非错）: 无法从LINE_NAME=10kVLINE050解析出主网站映射
2026-09-06 22:05:54 [DEBUG] core.topology_builder: 主配接口降级（非错）: 无法从LINE_NAME=10kVLINE054解析出主网站映射
2026-09-06 22:05:54 [DEBUG] core.topology_builder: 主配接口降级（非错）: 无法从LINE_NAME=10kVLINE040解析出主网站映射
2026-09-06 22:05:54 [DEBUG] core.topology_builder: 主配接口降级（非错）: 无法从LINE_NAME=10kVLINE021解析出主网站映射
2026-09-06 22:05:54 [DEBUG] core.topology_builder: 主配接口降级（非错）: 无法从LINE_NAME=10kVLINE023解析出主网站映射
2026-09-06 22:05:54 [DEBUG] core.topology_builder: 主配接口降级（非错）: 无法从LINE_NAME=10kVLINE020解析出主网站映射
2026-09-06 22:05:54 [DEBUG] core.topology_builder: 主配接口降级（非错）: 无法从LINE_NAME=10kVLINE135解析出主网站映射
2026-09-06 22:05:54 [DEBUG] core.topology_builder: 主配接口降级（非错）: 无法从LINE_NAME=10kVLINE136解析出主网站映射
2026-09-06 22:05:54 [DEBUG] core.topology_builder: 主配接口降级（非错）: 无法从LINE_NAME=10kVLINE097解析出主网站映射
2026-09-06 22:05:54 [DEBUG] core.topology_builder: 主配接口降级（非错）: 无法从LINE_NAME=10kVLINE096解析出主网站映射
2026-09-06 22:05:54 [DEBUG] core.topology_builder: 主配接口降级（非错）: 无法从LINE_NAME=10kVLINE137解析出主网站映射
2026-09-06 22:05:54 [DEBUG] core.topology_builder: 主配接口降级（非错）: 无法从LINE_NAME=10kVLINE138解析出主网站映射
2026-09-06 22:05:54 [DEBUG] core.topology_builder: 主配接口降级（非错）: 无法从LINE_NAME=10kVLINE139解析出主网站映射
2026-09-06 22:05:54 [DEBUG] core.topology_builder: 主配接口降级（非错）: 无法从LINE_NAME=10kVLINE140解析出主网站映射
2026-09-06 22:05:54 [DEBUG] core.topology_builder: 主配接口降级（非错）: 无法从LINE_NAME=10kVLINE141解析出主网站映射
2026-09-06 22:05:54 [DEBUG] core.topology_builder: 主配接口降级（非错）: 无法从LINE_NAME=10kVLINE049解析出主网站映射
2026-09-06 22:05:54 [DEBUG] core.topology_builder: 主配接口降级（非错）: 无法从LINE_NAME=10kVLINE142解析出主网站映射
2026-09-06 22:05:54 [DEBUG] core.topology_builder: 主配接口降级（非错）: 无法从LINE_NAME=10kVLINE042解析出主网站映射
2026-09-06 22:05:54 [DEBUG] core.topology_builder: 主配接口降级（非错）: 无法从LINE_NAME=10kVLINE056解析出主网站映射
2026-09-06 22:05:54 [DEBUG] core.topology_builder: 主配接口降级（非错）: 无法从LINE_NAME=10kVLINE143解析出主网站映射
2026-09-06 22:05:54 [DEBUG] core.topology_builder: 主配接口降级（非错）: 无法从LINE_NAME=10kVLINE144解析出主网站映射
2026-09-06 22:05:54 [DEBUG] core.topology_builder: 主配接口降级（非错）: 无法从LINE_NAME=10kVLINE070解析出主网站映射
2026-09-06 22:05:54 [DEBUG] core.topology_builder: 主配接口降级（非错）: 无法从LINE_NAME=10kVLINE069解析出主网站映射
2026-09-06 22:05:54 [DEBUG] core.topology_builder: 主配接口降级（非错）: 无法从LINE_NAME=10kVLINE145解析出主网站映射
2026-09-06 22:05:54 [DEBUG] core.topology_builder: 主配接口降级（非错）: 无法从LINE_NAME=10kVLINE146解析出主网站映射
2026-09-06 22:05:54 [DEBUG] core.topology_builder: 主配接口降级（非错）: 无法从LINE_NAME=10kVLINE147解析出主网站映射
2026-09-06 22:05:54 [DEBUG] core.topology_builder: 主配接口降级（非错）: 无法从LINE_NAME=10kVLINE148解析出主网站映射
2026-09-06 22:05:54 [DEBUG] core.topology_builder: 主配接口降级（非错）: 无法从LINE_NAME=10kVLINE025解析出主网站映射
2026-09-06 22:05:54 [DEBUG] core.topology_builder: 主配接口降级（非错）: 无法从LINE_NAME=20kVLINE149解析出主网站映射
2026-09-06 22:05:54 [DEBUG] core.topology_builder: 主配接口降级（非错）: 无法从LINE_NAME=10kVLINE083解析出主网站映射
2026-09-06 22:05:54 [DEBUG] core.topology_builder: 主配接口降级（非错）: 无法从LINE_NAME=20kVLINE150解析出主网站映射
2026-09-06 22:05:54 [DEBUG] core.topology_builder: 主配接口降级（非错）: 无法从LINE_NAME=20kVLINE151解析出主网站映射
2026-09-06 22:05:54 [DEBUG] core.topology_builder: 主配接口降级（非错）: 无法从LINE_NAME=20kVLINE152解析出主网站映射
2026-09-06 22:05:54 [DEBUG] core.topology_builder: 主配接口降级（非错）: 无法从LINE_NAME=10kVLINE046解析出主网站映射
2026-09-06 22:05:54 [DEBUG] core.topology_builder: 主配接口降级（非错）: 无法从LINE_NAME=10kVLINE045解析出主网站映射
2026-09-06 22:05:54 [DEBUG] core.topology_builder: 主配接口降级（非错）: 无法从LINE_NAME=10kVLINE153解析出主网站映射
2026-09-06 22:05:54 [DEBUG] core.topology_builder: 主配接口降级（非错）: 无法从LINE_NAME=10kVLINE154解析出主网站映射
2026-09-06 22:05:54 [DEBUG] core.topology_builder: 主配接口降级（非错）: 无法从LINE_NAME=10kVLINE155解析出主网站映射
2026-09-06 22:05:54 [DEBUG] core.topology_builder: 主配接口降级（非错）: 无法从LINE_NAME=10kVLINE156解析出主网站映射
2026-09-06 22:05:54 [DEBUG] core.topology_builder: 主配接口降级（非错）: 无法从LINE_NAME=10kVLINE058解析出主网站映射
2026-09-06 22:05:54 [DEBUG] core.topology_builder: 主配接口降级（非错）: 无法从LINE_NAME=10kVLINE059解析出主网站映射
2026-09-06 22:05:54 [DEBUG] core.topology_builder: 主配接口降级（非错）: 无法从LINE_NAME=10kVLINE157解析出主网站映射
2026-09-06 22:05:54 [DEBUG] core.topology_builder: 主配接口降级（非错）: 无法从LINE_NAME=10kVLINE088解析出主网站映射
2026-09-06 22:05:54 [DEBUG] core.topology_builder: 主配接口降级（非错）: 无法从LINE_NAME=10kVLINE121_185解析出主网站映射
2026-09-06 22:05:54 [DEBUG] core.topology_builder: 主配接口降级（非错）: 无法从LINE_NAME=10kVLINE081解析出主网站映射
2026-09-06 22:05:54 [DEBUG] core.topology_builder: 主配接口降级（非错）: 无法从LINE_NAME=10kVLINE158解析出主网站映射
2026-09-06 22:05:54 [DEBUG] core.topology_builder: 主配接口降级（非错）: 无法从LINE_NAME=10kVLINE159解析出主网站映射
2026-09-06 22:05:54 [DEBUG] core.topology_builder: 主配接口降级（非错）: 无法从LINE_NAME=10kVLINE160解析出主网站映射
2026-09-06 22:05:54 [DEBUG] core.topology_builder: 主配接口降级（非错）: 无法从LINE_NAME=10kVLINE161解析出主网站映射
2026-09-06 22:05:54 [DEBUG] core.topology_builder: 主配接口降级（非错）: 无法从LINE_NAME=10kVLINE162解析出主网站映射
2026-09-06 22:05:54 [DEBUG] core.topology_builder: 主配接口降级（非错）: 无法从LINE_NAME=10kVLINE163解析出主网站映射
2026-09-06 22:05:54 [DEBUG] core.topology_builder: 主配接口降级（非错）: 无法从LINE_NAME=10kVLINE164解析出主网站映射
2026-09-06 22:05:54 [DEBUG] core.topology_builder: 主配接口降级（非错）: 无法从LINE_NAME=10kVLINE165解析出主网站映射
2026-09-06 22:05:54 [DEBUG] core.topology_builder: 主配接口降级（非错）: 无法从LINE_NAME=10kVLINE166解析出主网站映射
2026-09-06 22:05:54 [DEBUG] core.topology_builder: 主配接口降级（非错）: 无法从LINE_NAME=10kVLINE167解析出主网站映射
2026-09-06 22:05:54 [DEBUG] core.topology_builder: 主配接口降级（非错）: 无法从LINE_NAME=10kVLINE168解析出主网站映射
2026-09-06 22:05:54 [DEBUG] core.topology_builder: 主配接口降级（非错）: 无法从LINE_NAME=10kVLINE014解析出主网站映射
2026-09-06 22:05:54 [DEBUG] core.topology_builder: 主配接口降级（非错）: 无法从LINE_NAME=10kVLINE169解析出主网站映射
2026-09-06 22:05:54 [DEBUG] core.topology_builder: 主配接口降级（非错）: 无法从LINE_NAME=10kVLINE170解析出主网站映射
2026-09-06 22:05:54 [DEBUG] core.topology_builder: 主配接口降级（非错）: 无法从LINE_NAME=10kVLINE171解析出主网站映射
2026-09-06 22:05:54 [DEBUG] core.topology_builder: 主配接口降级（非错）: 无法从LINE_NAME=10kVLINE172解析出主网站映射
2026-09-06 22:05:54 [DEBUG] core.topology_builder: 主配接口降级（非错）: 无法从LINE_NAME=10kVLINE173解析出主网站映射
2026-09-06 22:05:54 [DEBUG] core.topology_builder: 主配接口降级（非错）: 无法从LINE_NAME=10kVLINE174解析出主网站映射
2026-09-06 22:05:54 [DEBUG] core.topology_builder: 主配接口降级（非错）: 无法从LINE_NAME=10kVLINE175解析出主网站映射
2026-09-06 22:05:54 [DEBUG] core.topology_builder: 主配接口降级（非错）: 无法从LINE_NAME=10kVLINE176解析出主网站映射
2026-09-06 22:05:54 [DEBUG] core.topology_builder: 主配接口降级（非错）: 无法从LINE_NAME=10kVLINE177解析出主网站映射
2026-09-06 22:05:54 [DEBUG] core.topology_builder: 主配接口降级（非错）: 无法从LINE_NAME=10kVLINE044解析出主网站映射
2026-09-06 22:05:54 [DEBUG] core.topology_builder: 主配接口降级（非错）: 无法从LINE_NAME=10kVLINE178解析出主网站映射
2026-09-06 22:05:54 [DEBUG] core.topology_builder: 主配接口降级（非错）: 无法从LINE_NAME=10kVLINE179解析出主网站映射
2026-09-06 22:05:54 [DEBUG] core.topology_builder: 主配接口降级（非错）: 无法从LINE_NAME=10kVLINE180解析出主网站映射
2026-09-06 22:05:54 [DEBUG] core.topology_builder: 主配接口降级（非错）: 无法从LINE_NAME=20kVLINE181解析出主网站映射
2026-09-06 22:05:54 [DEBUG] core.topology_builder: 主配接口降级（非错）: 无法从LINE_NAME=10kVLINE182解析出主网站映射
2026-09-06 22:05:54 [DEBUG] core.topology_builder: 主配接口降级（非错）: 无法从LINE_NAME=10kVLINE183解析出主网站映射
2026-09-06 22:05:54 [DEBUG] core.topology_builder: 主配接口降级（非错）: 无法从LINE_NAME=10kVLINE184解析出主网站映射
2026-09-06 22:05:54 [DEBUG] core.topology_builder: 主配接口降级（非错）: 无法从LINE_NAME=10kVLINE186解析出主网站映射
2026-09-06 22:05:54 [DEBUG] core.topology_builder: 主配接口降级（非错）: 无法从LINE_NAME=10kVLINE187解析出主网站映射
2026-09-06 22:05:54 [DEBUG] core.topology_builder: 主配接口降级（非错）: 无法从LINE_NAME=10kVLINE188解析出主网站映射
2026-09-06 22:05:54 [DEBUG] core.topology_builder: 主配接口降级（非错）: 无法从LINE_NAME=10kVLINE189解析出主网站映射
2026-09-06 22:05:54 [DEBUG] core.topology_builder: 主配接口降级（非错）: 无法从LINE_NAME=10kVLINE190解析出主网站映射
2026-09-06 22:05:54 [DEBUG] core.topology_builder: 主配接口降级（非错）: 无法从LINE_NAME=10kVLINE191解析出主网站映射
2026-09-06 22:05:54 [DEBUG] core.topology_builder: 主配接口降级（非错）: 无法从LINE_NAME=10kVLINE192解析出主网站映射
2026-09-06 22:05:54 [DEBUG] core.topology_builder: 主配接口降级（非错）: 无法从LINE_NAME=10kVLINE193解析出主网站映射
2026-09-06 22:05:54 [DEBUG] core.topology_builder: 主配接口降级（非错）: 无法从LINE_NAME=10kVLINE194解析出主网站映射
2026-09-06 22:05:54 [DEBUG] core.topology_builder: 主配接口降级（非错）: 无法从LINE_NAME=10kVLINE195解析出主网站映射
2026-09-06 22:05:54 [DEBUG] core.topology_builder: 主配接口降级（非错）: 无法从LINE_NAME=10kVLINE196解析出主网站映射
2026-09-06 22:05:54 [DEBUG] core.topology_builder: 主配接口降级（非错）: 无法从LINE_NAME=10kVLINE197解析出主网站映射
2026-09-06 22:05:54 [DEBUG] core.topology_builder: 主配接口降级（非错）: 无法从LINE_NAME=10kVLINE198解析出主网站映射
2026-09-06 22:05:54 [DEBUG] core.topology_builder: 主配接口降级（非错）: 无法从LINE_NAME=10kVLINE199解析出主网站映射
2026-09-06 22:05:54 [DEBUG] core.topology_builder: 主配接口降级（非错）: 无法从LINE_NAME=10kVLINE063解析出主网站映射
2026-09-06 22:05:54 [DEBUG] core.topology_builder: 主配接口降级（非错）: 无法从LINE_NAME=10kVLINE200解析出主网站映射
2026-09-06 22:05:54 [DEBUG] core.topology_builder: 主配接口降级（非错）: 无法从LINE_NAME=10kVLINE201解析出主网站映射
2026-09-06 22:05:54 [DEBUG] core.topology_builder: 主配接口降级（非错）: 无法从LINE_NAME=10kVLINE202解析出主网站映射
2026-09-06 22:05:54 [DEBUG] core.topology_builder: 主配接口降级（非错）: 无法从LINE_NAME=10kVLINE203解析出主网站映射
2026-09-06 22:05:54 [DEBUG] core.topology_builder: 主配接口降级（非错）: 无法从LINE_NAME=10kVLINE204解析出主网站映射
2026-09-06 22:05:54 [DEBUG] core.topology_builder: 主配接口降级（非错）: 无法从LINE_NAME=10kVLINE205解析出主网站映射
2026-09-06 22:05:54 [DEBUG] core.topology_builder: 主配接口降级（非错）: 无法从LINE_NAME=10kVLINE051解析出主网站映射
2026-09-06 22:05:54 [DEBUG] core.topology_builder: 主配接口降级（非错）: 无法从LINE_NAME=10kVLINE187解析出主网站映射
2026-09-06 22:05:54 [DEBUG] core.topology_builder: 主配接口降级（非错）: 无法从LINE_NAME=10kVLINE207解析出主网站映射
2026-09-06 22:05:54 [DEBUG] core.topology_builder: 主配接口降级（非错）: 无法从LINE_NAME=10kVLINE208解析出主网站映射
2026-09-06 22:05:54 [DEBUG] core.topology_builder: 主配接口降级（非错）: 无法从LINE_NAME=10kVLINE209解析出主网站映射
2026-09-06 22:05:54 [DEBUG] core.topology_builder: 主配接口降级（非错）: 无法从LINE_NAME=10kVLINE210解析出主网站映射
2026-09-06 22:05:54 [DEBUG] core.topology_builder: 主配接口降级（非错）: 无法从LINE_NAME=10kVLINE212解析出主网站映射
2026-09-06 22:05:54 [DEBUG] core.topology_builder: 主配接口降级（非错）: 无法从LINE_NAME=10kVLINE213解析出主网站映射
2026-09-06 22:05:54 [DEBUG] core.topology_builder: 主配接口降级（非错）: 无法从LINE_NAME=LINE215解析出主网站映射
2026-09-06 22:05:54 [DEBUG] core.topology_builder: 主配接口降级（非错）: 无法从LINE_NAME=LINE216解析出主网站映射
2026-09-06 22:05:54 [INFO] core.topology_builder: 主配接口校验：通过=184 失败=5
2026-09-06 22:05:54 [INFO] core.topology_builder: [主配接口校验] 4.1/4.2 命中缺陷: 5
2026-09-06 22:06:04 [INFO] core.score_engine: 评分结果: 设备=50744 缺陷=6214 扣分=45.00 缺陷率=12.25% 缺陷率扣分=36.23 score_before=18.8 score_after=18.8
2026-09-06 22:06:05 [INFO] core.feeder_topology_analysis: Sheet3 联络开关: feeder=TMP00000188 识别到 1 个联络开关
2026-09-06 22:06:05 [DEBUG] core.feeder_topology_analysis: P1-P7 引擎产生 15 条断点候选
2026-09-06 22:06:05 [INFO] core.feeder_topology_analysis: Sheet2 断点定位: feeder=TMP00000188 共 378 条 (P1-P7 优先级排序)
2026-09-06 22:06:05 [INFO] core.feeder_topology_analysis: Sheet4 合环识别: feeder=TMP00000188 共 2 条
2026-09-06 22:06:47 [INFO] core.score_engine: 评分结果: 设备=50744 缺陷=6295 扣分=45.00 缺陷率=12.41% 缺陷率扣分=37.03 score_before=18.0 score_after=18.0
2026-09-06 22:06:48 [INFO] core.feeder_topology_analysis: Sheet3 联络开关: feeder=TMP00000189 识别到 1 个联络开关
2026-09-06 22:06:48 [DEBUG] core.feeder_topology_analysis: P1-P7 引擎产生 54 条断点候选
2026-09-06 22:06:48 [INFO] core.feeder_topology_analysis: Sheet2 断点定位: feeder=TMP00000189 共 256 条 (P1-P7 优先级排序)
2026-09-06 22:06:48 [INFO] core.feeder_topology_analysis: Sheet4 合环识别: feeder=TMP00000189 共 9 条
2026-09-06 22:07:40 [INFO] core.topology_builder: 主配数据拆分完成：主网设备=1167 配网设备=50744 主网线段=223 配网线段=189 主网站=10 遥信遥测=5829 ZWMEA=442 ZWSIGNAL=1567
2026-09-06 22:07:40 [INFO] core.topology_builder: 主网设备数量：1167
2026-09-06 22:07:40 [INFO] core.topology_builder: 配网设备数量：50744
2026-09-06 22:07:40 [INFO] core.topology_builder: 主网线路(ZLINEEND)数量：223
2026-09-06 22:07:40 [INFO] core.topology_builder: 配网线路(PWFEEDERLINE)数量：189
2026-09-06 22:07:40 [INFO] core.topology_builder: 主网站点(ZWSUBSTATION)数量：10
2026-09-06 22:07:40 [INFO] core.topology_builder: 遥信遥测(PWREAL)记录数：5829
2026-09-06 22:07:40 [INFO] core.topology_builder: 主网遥测(ZWMEA)：442 主网遥信(ZWSIGNAL)：1567
2026-09-06 22:07:40 [INFO] core.topology_builder: [Builder] 正在添加 1167 个主网设备和 50744 个配网设备...
2026-09-06 22:07:40 [INFO] core.topology_builder: 主网电源设备数=47
2026-09-06 22:07:40 [INFO] core.topology_builder: 主网电源设备识别: 47 台
2026-09-06 22:07:42 [DEBUG] core.topology_builder: 已处理 10000 个配网设备
2026-09-06 22:07:43 [DEBUG] core.topology_builder: 已处理 20000 个配网设备
2026-09-06 22:07:44 [DEBUG] core.topology_builder: 已处理 30000 个配网设备
2026-09-06 22:07:45 [DEBUG] core.topology_builder: 已处理 40000 个配网设备
2026-09-06 22:07:46 [DEBUG] core.topology_builder: 已处理 50000 个配网设备
2026-09-06 22:07:46 [INFO] core.topology_builder: 配网电源设备数=17643
2026-09-06 22:07:46 [INFO] core.topology_builder: 配网电源设备识别: 17643 台
2026-09-06 22:07:49 [INFO] core.topology_builder: 主配电源注入（v2-ZWLINEEND映射）: 0 台配网设备接入主网电源
2026-09-06 22:07:49 [INFO] core.topology_builder:   ZWLINEEND 解析出馈线→主网站映射数: 0
2026-09-06 22:08:00 [INFO] core.topology_builder: [Builder] 配网真实端子数量:76354
2026-09-06 22:08:00 [INFO] core.topology_builder: [Builder] 主网真实端子数量:1562
2026-09-06 22:08:07 [INFO] core.topology_builder: [端子建边完成] 配网拓扑边数量：117276
2026-09-06 22:08:07 [INFO] core.topology_builder: [端子建边完成] 主网拓扑边数量：2632
2026-09-06 22:08:15 [INFO] core.measure_preprocess: [MeasurePreprocess] 遥信实测开关数量：6666
2026-09-06 22:08:15 [INFO] core.measure_preprocess: [MeasurePreprocess] 默认合位开关数量：10942
2026-09-06 22:08:15 [INFO] core.topology_builder: [遥信预处理统计] 总开关状态映射条目:17608 实际挂载到设备:16592
2026-09-06 22:08:15 [INFO] core.topology_builder: 遥信实测开关:6666，赛题默认合位推演开关:10942
2026-09-06 22:08:26 [DEBUG] core.topology_builder: 主配接口降级（非错）: 无法从LINE_NAME=10kVLINE098解析出主网站映射
2026-09-06 22:08:26 [DEBUG] core.topology_builder: 主配接口降级（非错）: 无法从LINE_NAME=10kVLINE060解析出主网站映射
2026-09-06 22:08:26 [DEBUG] core.topology_builder: 主配接口降级（非错）: 无法从LINE_NAME=10kVLINE004解析出主网站映射
2026-09-06 22:08:26 [DEBUG] core.topology_builder: 主配接口降级（非错）: 无法从LINE_NAME=10kVLINE082解析出主网站映射
2026-09-06 22:08:26 [DEBUG] core.topology_builder: 主配接口降级（非错）: 无法从LINE_NAME=10kVLINE018解析出主网站映射
2026-09-06 22:08:26 [DEBUG] core.topology_builder: 主配接口降级（非错）: 无法从LINE_NAME=10kVLINE074解析出主网站映射
2026-09-06 22:08:26 [DEBUG] core.topology_builder: 主配接口降级（非错）: 无法从LINE_NAME=10kVLINE099解析出主网站映射
2026-09-06 22:08:26 [DEBUG] core.topology_builder: 主配接口降级（非错）: 无法从LINE_NAME=10kVLINE041解析出主网站映射
2026-09-06 22:08:26 [DEBUG] core.topology_builder: 主配接口降级（非错）: 无法从LINE_NAME=10kVLINE086解析出主网站映射
2026-09-06 22:08:26 [DEBUG] core.topology_builder: 主配接口降级（非错）: 无法从LINE_NAME=10kVLINE073解析出主网站映射
2026-09-06 22:08:26 [DEBUG] core.topology_builder: 主配接口降级（非错）: 无法从LINE_NAME=10kVLINE033解析出主网站映射
2026-09-06 22:08:26 [DEBUG] core.topology_builder: 主配接口降级（非错）: 无法从LINE_NAME=10kVLINE091解析出主网站映射
2026-09-06 22:08:26 [DEBUG] core.topology_builder: 主配接口降级（非错）: 无法从LINE_NAME=10kVLINE100解析出主网站映射
2026-09-06 22:08:26 [DEBUG] core.topology_builder: 主配接口降级（非错）: 无法从LINE_NAME=10kVLINE013解析出主网站映射
2026-09-06 22:08:26 [DEBUG] core.topology_builder: 主配接口降级（非错）: 无法从LINE_NAME=10kVLINE101解析出主网站映射
2026-09-06 22:08:26 [DEBUG] core.topology_builder: 主配接口降级（非错）: 无法从LINE_NAME=10kVLINE035解析出主网站映射
2026-09-06 22:08:26 [DEBUG] core.topology_builder: 主配接口降级（非错）: 无法从LINE_NAME=10kVLINE102解析出主网站映射
2026-09-06 22:08:26 [DEBUG] core.topology_builder: 主配接口降级（非错）: 无法从LINE_NAME=10kVLINE103解析出主网站映射
2026-09-06 22:08:26 [DEBUG] core.topology_builder: 主配接口降级（非错）: 无法从LINE_NAME=10kVLINE055解析出主网站映射
2026-09-06 22:08:26 [DEBUG] core.topology_builder: 主配接口降级（非错）: 无法从LINE_NAME=10kVLINE024解析出主网站映射
2026-09-06 22:08:26 [DEBUG] core.topology_builder: 主配接口降级（非错）: 无法从LINE_NAME=10kVLINE084解析出主网站映射
2026-09-06 22:08:26 [DEBUG] core.topology_builder: 主配接口降级（非错）: 无法从LINE_NAME=10kVLINE087解析出主网站映射
2026-09-06 22:08:26 [DEBUG] core.topology_builder: 主配接口降级（非错）: 无法从LINE_NAME=20kVLINE104解析出主网站映射
2026-09-06 22:08:26 [DEBUG] core.topology_builder: 主配接口降级（非错）: 无法从LINE_NAME=10kVLINE012解析出主网站映射
2026-09-06 22:08:26 [DEBUG] core.topology_builder: 主配接口降级（非错）: 无法从LINE_NAME=10kVLINE105解析出主网站映射
2026-09-06 22:08:26 [DEBUG] core.topology_builder: 主配接口降级（非错）: 无法从LINE_NAME=10kVLINE106解析出主网站映射
2026-09-06 22:08:26 [DEBUG] core.topology_builder: 主配接口降级（非错）: 无法从LINE_NAME=10kVLINE094解析出主网站映射
2026-09-06 22:08:26 [DEBUG] core.topology_builder: 主配接口降级（非错）: 无法从LINE_NAME=10kVLINE107解析出主网站映射
2026-09-06 22:08:26 [DEBUG] core.topology_builder: 主配接口降级（非错）: 无法从LINE_NAME=10kVLINE053解析出主网站映射
2026-09-06 22:08:26 [DEBUG] core.topology_builder: 主配接口降级（非错）: 无法从LINE_NAME=20kVLINE108解析出主网站映射
2026-09-06 22:08:26 [DEBUG] core.topology_builder: 主配接口降级（非错）: 无法从LINE_NAME=20kVLINE109解析出主网站映射
2026-09-06 22:08:26 [DEBUG] core.topology_builder: 主配接口降级（非错）: 无法从LINE_NAME=10kVLINE110解析出主网站映射
2026-09-06 22:08:26 [DEBUG] core.topology_builder: 主配接口降级（非错）: 无法从LINE_NAME=10kVLINE111解析出主网站映射
2026-09-06 22:08:26 [DEBUG] core.topology_builder: 主配接口降级（非错）: 无法从LINE_NAME=10kVLINE112解析出主网站映射
2026-09-06 22:08:26 [DEBUG] core.topology_builder: 主配接口降级（非错）: 无法从LINE_NAME=20kVLINE113解析出主网站映射
2026-09-06 22:08:26 [DEBUG] core.topology_builder: 主配接口降级（非错）: 无法从LINE_NAME=10kVLINE026解析出主网站映射
2026-09-06 22:08:26 [DEBUG] core.topology_builder: 主配接口降级（非错）: 无法从LINE_NAME=10kVLINE048解析出主网站映射
2026-09-06 22:08:26 [DEBUG] core.topology_builder: 主配接口降级（非错）: 无法从LINE_NAME=10kVLINE003解析出主网站映射
2026-09-06 22:08:26 [DEBUG] core.topology_builder: 主配接口降级（非错）: 无法从LINE_NAME=10kVLINE057解析出主网站映射
2026-09-06 22:08:26 [DEBUG] core.topology_builder: 主配接口降级（非错）: 无法从LINE_NAME=10kVLINE077解析出主网站映射
2026-09-06 22:08:26 [DEBUG] core.topology_builder: 主配接口降级（非错）: 无法从LINE_NAME=10kVLINE114解析出主网站映射
2026-09-06 22:08:26 [DEBUG] core.topology_builder: 主配接口降级（非错）: 无法从LINE_NAME=10kVLINE027解析出主网站映射
2026-09-06 22:08:26 [DEBUG] core.topology_builder: 主配接口降级（非错）: 无法从LINE_NAME=10kVLINE115解析出主网站映射
2026-09-06 22:08:26 [DEBUG] core.topology_builder: 主配接口降级（非错）: 无法从LINE_NAME=10kVLINE116解析出主网站映射
2026-09-06 22:08:26 [DEBUG] core.topology_builder: 主配接口降级（非错）: 无法从LINE_NAME=10kVLINE117解析出主网站映射
2026-09-06 22:08:26 [DEBUG] core.topology_builder: 主配接口降级（非错）: 无法从LINE_NAME=10kVLINE118解析出主网站映射
2026-09-06 22:08:26 [DEBUG] core.topology_builder: 主配接口降级（非错）: 无法从LINE_NAME=10kVLINE038解析出主网站映射
2026-09-06 22:08:26 [DEBUG] core.topology_builder: 主配接口降级（非错）: 无法从LINE_NAME=10kVLINE119解析出主网站映射
2026-09-06 22:08:26 [DEBUG] core.topology_builder: 主配接口降级（非错）: 无法从LINE_NAME=20kVLINE120解析出主网站映射
2026-09-06 22:08:26 [DEBUG] core.topology_builder: 主配接口降级（非错）: 无法从LINE_NAME=10kVLINE121_195解析出主网站映射
2026-09-06 22:08:26 [DEBUG] core.topology_builder: 主配接口降级（非错）: 无法从LINE_NAME=10kVLINE076解析出主网站映射
2026-09-06 22:08:26 [DEBUG] core.topology_builder: 主配接口降级（非错）: 无法从LINE_NAME=10kVLINE093解析出主网站映射
2026-09-06 22:08:26 [DEBUG] core.topology_builder: 主配接口降级（非错）: 无法从LINE_NAME=20kVLINE122解析出主网站映射
2026-09-06 22:08:26 [DEBUG] core.topology_builder: 主配接口降级（非错）: 无法从LINE_NAME=10kVLINE123解析出主网站映射
2026-09-06 22:08:26 [DEBUG] core.topology_builder: 主配接口降级（非错）: 无法从LINE_NAME=10kVLINE039解析出主网站映射
2026-09-06 22:08:26 [DEBUG] core.topology_builder: 主配接口降级（非错）: 无法从LINE_NAME=10kVLINE124解析出主网站映射
2026-09-06 22:08:26 [DEBUG] core.topology_builder: 主配接口降级（非错）: 无法从LINE_NAME=10kVLINE125解析出主网站映射
2026-09-06 22:08:26 [DEBUG] core.topology_builder: 主配接口降级（非错）: 无法从LINE_NAME=10kVLINE126解析出主网站映射
2026-09-06 22:08:26 [DEBUG] core.topology_builder: 主配接口降级（非错）: 无法从LINE_NAME=10kVLINE127解析出主网站映射
2026-09-06 22:08:26 [DEBUG] core.topology_builder: 主配接口降级（非错）: 无法从LINE_NAME=10kVLINE089解析出主网站映射
2026-09-06 22:08:26 [DEBUG] core.topology_builder: 主配接口降级（非错）: 无法从LINE_NAME=10kVLINE090解析出主网站映射
2026-09-06 22:08:26 [DEBUG] core.topology_builder: 主配接口降级（非错）: 无法从LINE_NAME=10kVLINE128解析出主网站映射
2026-09-06 22:08:26 [DEBUG] core.topology_builder: 主配接口降级（非错）: 无法从LINE_NAME=10kVLINE037解析出主网站映射
2026-09-06 22:08:26 [DEBUG] core.topology_builder: 主配接口降级（非错）: 无法从LINE_NAME=10kVLINE071解析出主网站映射
2026-09-06 22:08:26 [DEBUG] core.topology_builder: 主配接口降级（非错）: 无法从LINE_NAME=10kVLINE129解析出主网站映射
2026-09-06 22:08:26 [DEBUG] core.topology_builder: 主配接口降级（非错）: 无法从LINE_NAME=10kVLINE009解析出主网站映射
2026-09-06 22:08:26 [DEBUG] core.topology_builder: 主配接口降级（非错）: 无法从LINE_NAME=10kVLINE022解析出主网站映射
2026-09-06 22:08:26 [DEBUG] core.topology_builder: 主配接口降级（非错）: 无法从LINE_NAME=10kVLINE028解析出主网站映射
2026-09-06 22:08:26 [DEBUG] core.topology_builder: 主配接口降级（非错）: 无法从LINE_NAME=10kVLINE019解析出主网站映射
2026-09-06 22:08:26 [DEBUG] core.topology_builder: 主配接口降级（非错）: 无法从LINE_NAME=10kVLINE015解析出主网站映射
2026-09-06 22:08:26 [DEBUG] core.topology_builder: 主配接口降级（非错）: 无法从LINE_NAME=10kVLINE130解析出主网站映射
2026-09-06 22:08:26 [DEBUG] core.topology_builder: 主配接口降级（非错）: 无法从LINE_NAME=10kVLINE131解析出主网站映射
2026-09-06 22:08:26 [DEBUG] core.topology_builder: 主配接口降级（非错）: 无法从LINE_NAME=10kVLINE132解析出主网站映射
2026-09-06 22:08:26 [DEBUG] core.topology_builder: 主配接口降级（非错）: 无法从LINE_NAME=10kVLINE061解析出主网站映射
2026-09-06 22:08:26 [DEBUG] core.topology_builder: 主配接口降级（非错）: 无法从LINE_NAME=10kVLINE133解析出主网站映射
2026-09-06 22:08:26 [DEBUG] core.topology_builder: 主配接口降级（非错）: 无法从LINE_NAME=10kVLINE075解析出主网站映射
2026-09-06 22:08:26 [DEBUG] core.topology_builder: 主配接口降级（非错）: 无法从LINE_NAME=10kVLINE016解析出主网站映射
2026-09-06 22:08:26 [DEBUG] core.topology_builder: 主配接口降级（非错）: 无法从LINE_NAME=10kVLINE134解析出主网站映射
2026-09-06 22:08:26 [DEBUG] core.topology_builder: 主配接口降级（非错）: 无法从LINE_NAME=10kVLINE043解析出主网站映射
2026-09-06 22:08:26 [DEBUG] core.topology_builder: 主配接口降级（非错）: 无法从LINE_NAME=10kVLINE050解析出主网站映射
2026-09-06 22:08:26 [DEBUG] core.topology_builder: 主配接口降级（非错）: 无法从LINE_NAME=10kVLINE054解析出主网站映射
2026-09-06 22:08:26 [DEBUG] core.topology_builder: 主配接口降级（非错）: 无法从LINE_NAME=10kVLINE040解析出主网站映射
2026-09-06 22:08:26 [DEBUG] core.topology_builder: 主配接口降级（非错）: 无法从LINE_NAME=10kVLINE021解析出主网站映射
2026-09-06 22:08:26 [DEBUG] core.topology_builder: 主配接口降级（非错）: 无法从LINE_NAME=10kVLINE023解析出主网站映射
2026-09-06 22:08:26 [DEBUG] core.topology_builder: 主配接口降级（非错）: 无法从LINE_NAME=10kVLINE020解析出主网站映射
2026-09-06 22:08:26 [DEBUG] core.topology_builder: 主配接口降级（非错）: 无法从LINE_NAME=10kVLINE135解析出主网站映射
2026-09-06 22:08:26 [DEBUG] core.topology_builder: 主配接口降级（非错）: 无法从LINE_NAME=10kVLINE136解析出主网站映射
2026-09-06 22:08:26 [DEBUG] core.topology_builder: 主配接口降级（非错）: 无法从LINE_NAME=10kVLINE097解析出主网站映射
2026-09-06 22:08:26 [DEBUG] core.topology_builder: 主配接口降级（非错）: 无法从LINE_NAME=10kVLINE096解析出主网站映射
2026-09-06 22:08:26 [DEBUG] core.topology_builder: 主配接口降级（非错）: 无法从LINE_NAME=10kVLINE137解析出主网站映射
2026-09-06 22:08:26 [DEBUG] core.topology_builder: 主配接口降级（非错）: 无法从LINE_NAME=10kVLINE138解析出主网站映射
2026-09-06 22:08:26 [DEBUG] core.topology_builder: 主配接口降级（非错）: 无法从LINE_NAME=10kVLINE139解析出主网站映射
2026-09-06 22:08:26 [DEBUG] core.topology_builder: 主配接口降级（非错）: 无法从LINE_NAME=10kVLINE140解析出主网站映射
2026-09-06 22:08:26 [DEBUG] core.topology_builder: 主配接口降级（非错）: 无法从LINE_NAME=10kVLINE141解析出主网站映射
2026-09-06 22:08:26 [DEBUG] core.topology_builder: 主配接口降级（非错）: 无法从LINE_NAME=10kVLINE049解析出主网站映射
2026-09-06 22:08:26 [DEBUG] core.topology_builder: 主配接口降级（非错）: 无法从LINE_NAME=10kVLINE142解析出主网站映射
2026-09-06 22:08:26 [DEBUG] core.topology_builder: 主配接口降级（非错）: 无法从LINE_NAME=10kVLINE042解析出主网站映射
2026-09-06 22:08:26 [DEBUG] core.topology_builder: 主配接口降级（非错）: 无法从LINE_NAME=10kVLINE056解析出主网站映射
2026-09-06 22:08:26 [DEBUG] core.topology_builder: 主配接口降级（非错）: 无法从LINE_NAME=10kVLINE143解析出主网站映射
2026-09-06 22:08:26 [DEBUG] core.topology_builder: 主配接口降级（非错）: 无法从LINE_NAME=10kVLINE144解析出主网站映射
2026-09-06 22:08:26 [DEBUG] core.topology_builder: 主配接口降级（非错）: 无法从LINE_NAME=10kVLINE070解析出主网站映射
2026-09-06 22:08:26 [DEBUG] core.topology_builder: 主配接口降级（非错）: 无法从LINE_NAME=10kVLINE069解析出主网站映射
2026-09-06 22:08:26 [DEBUG] core.topology_builder: 主配接口降级（非错）: 无法从LINE_NAME=10kVLINE145解析出主网站映射
2026-09-06 22:08:26 [DEBUG] core.topology_builder: 主配接口降级（非错）: 无法从LINE_NAME=10kVLINE146解析出主网站映射
2026-09-06 22:08:26 [DEBUG] core.topology_builder: 主配接口降级（非错）: 无法从LINE_NAME=10kVLINE147解析出主网站映射
2026-09-06 22:08:26 [DEBUG] core.topology_builder: 主配接口降级（非错）: 无法从LINE_NAME=10kVLINE148解析出主网站映射
2026-09-06 22:08:26 [DEBUG] core.topology_builder: 主配接口降级（非错）: 无法从LINE_NAME=10kVLINE025解析出主网站映射
2026-09-06 22:08:26 [DEBUG] core.topology_builder: 主配接口降级（非错）: 无法从LINE_NAME=20kVLINE149解析出主网站映射
2026-09-06 22:08:26 [DEBUG] core.topology_builder: 主配接口降级（非错）: 无法从LINE_NAME=10kVLINE083解析出主网站映射
2026-09-06 22:08:26 [DEBUG] core.topology_builder: 主配接口降级（非错）: 无法从LINE_NAME=20kVLINE150解析出主网站映射
2026-09-06 22:08:26 [DEBUG] core.topology_builder: 主配接口降级（非错）: 无法从LINE_NAME=20kVLINE151解析出主网站映射
2026-09-06 22:08:26 [DEBUG] core.topology_builder: 主配接口降级（非错）: 无法从LINE_NAME=20kVLINE152解析出主网站映射
2026-09-06 22:08:26 [DEBUG] core.topology_builder: 主配接口降级（非错）: 无法从LINE_NAME=10kVLINE046解析出主网站映射
2026-09-06 22:08:26 [DEBUG] core.topology_builder: 主配接口降级（非错）: 无法从LINE_NAME=10kVLINE045解析出主网站映射
2026-09-06 22:08:26 [DEBUG] core.topology_builder: 主配接口降级（非错）: 无法从LINE_NAME=10kVLINE153解析出主网站映射
2026-09-06 22:08:26 [DEBUG] core.topology_builder: 主配接口降级（非错）: 无法从LINE_NAME=10kVLINE154解析出主网站映射
2026-09-06 22:08:26 [DEBUG] core.topology_builder: 主配接口降级（非错）: 无法从LINE_NAME=10kVLINE155解析出主网站映射
2026-09-06 22:08:26 [DEBUG] core.topology_builder: 主配接口降级（非错）: 无法从LINE_NAME=10kVLINE156解析出主网站映射
2026-09-06 22:08:26 [DEBUG] core.topology_builder: 主配接口降级（非错）: 无法从LINE_NAME=10kVLINE058解析出主网站映射
2026-09-06 22:08:26 [DEBUG] core.topology_builder: 主配接口降级（非错）: 无法从LINE_NAME=10kVLINE059解析出主网站映射
2026-09-06 22:08:26 [DEBUG] core.topology_builder: 主配接口降级（非错）: 无法从LINE_NAME=10kVLINE157解析出主网站映射
2026-09-06 22:08:26 [DEBUG] core.topology_builder: 主配接口降级（非错）: 无法从LINE_NAME=10kVLINE088解析出主网站映射
2026-09-06 22:08:26 [DEBUG] core.topology_builder: 主配接口降级（非错）: 无法从LINE_NAME=10kVLINE121_185解析出主网站映射
2026-09-06 22:08:26 [DEBUG] core.topology_builder: 主配接口降级（非错）: 无法从LINE_NAME=10kVLINE081解析出主网站映射
2026-09-06 22:08:26 [DEBUG] core.topology_builder: 主配接口降级（非错）: 无法从LINE_NAME=10kVLINE158解析出主网站映射
2026-09-06 22:08:26 [DEBUG] core.topology_builder: 主配接口降级（非错）: 无法从LINE_NAME=10kVLINE159解析出主网站映射
2026-09-06 22:08:26 [DEBUG] core.topology_builder: 主配接口降级（非错）: 无法从LINE_NAME=10kVLINE160解析出主网站映射
2026-09-06 22:08:26 [DEBUG] core.topology_builder: 主配接口降级（非错）: 无法从LINE_NAME=10kVLINE161解析出主网站映射
2026-09-06 22:08:26 [DEBUG] core.topology_builder: 主配接口降级（非错）: 无法从LINE_NAME=10kVLINE162解析出主网站映射
2026-09-06 22:08:26 [DEBUG] core.topology_builder: 主配接口降级（非错）: 无法从LINE_NAME=10kVLINE163解析出主网站映射
2026-09-06 22:08:26 [DEBUG] core.topology_builder: 主配接口降级（非错）: 无法从LINE_NAME=10kVLINE164解析出主网站映射
2026-09-06 22:08:26 [DEBUG] core.topology_builder: 主配接口降级（非错）: 无法从LINE_NAME=10kVLINE165解析出主网站映射
2026-09-06 22:08:26 [DEBUG] core.topology_builder: 主配接口降级（非错）: 无法从LINE_NAME=10kVLINE166解析出主网站映射
2026-09-06 22:08:26 [DEBUG] core.topology_builder: 主配接口降级（非错）: 无法从LINE_NAME=10kVLINE167解析出主网站映射
2026-09-06 22:08:26 [DEBUG] core.topology_builder: 主配接口降级（非错）: 无法从LINE_NAME=10kVLINE168解析出主网站映射
2026-09-06 22:08:26 [DEBUG] core.topology_builder: 主配接口降级（非错）: 无法从LINE_NAME=10kVLINE014解析出主网站映射
2026-09-06 22:08:26 [DEBUG] core.topology_builder: 主配接口降级（非错）: 无法从LINE_NAME=10kVLINE169解析出主网站映射
2026-09-06 22:08:26 [DEBUG] core.topology_builder: 主配接口降级（非错）: 无法从LINE_NAME=10kVLINE170解析出主网站映射
2026-09-06 22:08:26 [DEBUG] core.topology_builder: 主配接口降级（非错）: 无法从LINE_NAME=10kVLINE171解析出主网站映射
2026-09-06 22:08:26 [DEBUG] core.topology_builder: 主配接口降级（非错）: 无法从LINE_NAME=10kVLINE172解析出主网站映射
2026-09-06 22:08:26 [DEBUG] core.topology_builder: 主配接口降级（非错）: 无法从LINE_NAME=10kVLINE173解析出主网站映射
2026-09-06 22:08:26 [DEBUG] core.topology_builder: 主配接口降级（非错）: 无法从LINE_NAME=10kVLINE174解析出主网站映射
2026-09-06 22:08:26 [DEBUG] core.topology_builder: 主配接口降级（非错）: 无法从LINE_NAME=10kVLINE175解析出主网站映射
2026-09-06 22:08:26 [DEBUG] core.topology_builder: 主配接口降级（非错）: 无法从LINE_NAME=10kVLINE176解析出主网站映射
2026-09-06 22:08:26 [DEBUG] core.topology_builder: 主配接口降级（非错）: 无法从LINE_NAME=10kVLINE177解析出主网站映射
2026-09-06 22:08:26 [DEBUG] core.topology_builder: 主配接口降级（非错）: 无法从LINE_NAME=10kVLINE044解析出主网站映射
2026-09-06 22:08:26 [DEBUG] core.topology_builder: 主配接口降级（非错）: 无法从LINE_NAME=10kVLINE178解析出主网站映射
2026-09-06 22:08:26 [DEBUG] core.topology_builder: 主配接口降级（非错）: 无法从LINE_NAME=10kVLINE179解析出主网站映射
2026-09-06 22:08:26 [DEBUG] core.topology_builder: 主配接口降级（非错）: 无法从LINE_NAME=10kVLINE180解析出主网站映射
2026-09-06 22:08:26 [DEBUG] core.topology_builder: 主配接口降级（非错）: 无法从LINE_NAME=20kVLINE181解析出主网站映射
2026-09-06 22:08:26 [DEBUG] core.topology_builder: 主配接口降级（非错）: 无法从LINE_NAME=10kVLINE182解析出主网站映射
2026-09-06 22:08:26 [DEBUG] core.topology_builder: 主配接口降级（非错）: 无法从LINE_NAME=10kVLINE183解析出主网站映射
2026-09-06 22:08:26 [DEBUG] core.topology_builder: 主配接口降级（非错）: 无法从LINE_NAME=10kVLINE184解析出主网站映射
2026-09-06 22:08:26 [DEBUG] core.topology_builder: 主配接口降级（非错）: 无法从LINE_NAME=10kVLINE186解析出主网站映射
2026-09-06 22:08:26 [DEBUG] core.topology_builder: 主配接口降级（非错）: 无法从LINE_NAME=10kVLINE187解析出主网站映射
2026-09-06 22:08:26 [DEBUG] core.topology_builder: 主配接口降级（非错）: 无法从LINE_NAME=10kVLINE188解析出主网站映射
2026-09-06 22:08:26 [DEBUG] core.topology_builder: 主配接口降级（非错）: 无法从LINE_NAME=10kVLINE189解析出主网站映射
2026-09-06 22:08:26 [DEBUG] core.topology_builder: 主配接口降级（非错）: 无法从LINE_NAME=10kVLINE190解析出主网站映射
2026-09-06 22:08:26 [DEBUG] core.topology_builder: 主配接口降级（非错）: 无法从LINE_NAME=10kVLINE191解析出主网站映射
2026-09-06 22:08:26 [DEBUG] core.topology_builder: 主配接口降级（非错）: 无法从LINE_NAME=10kVLINE192解析出主网站映射
2026-09-06 22:08:26 [DEBUG] core.topology_builder: 主配接口降级（非错）: 无法从LINE_NAME=10kVLINE193解析出主网站映射
2026-09-06 22:08:26 [DEBUG] core.topology_builder: 主配接口降级（非错）: 无法从LINE_NAME=10kVLINE194解析出主网站映射
2026-09-06 22:08:26 [DEBUG] core.topology_builder: 主配接口降级（非错）: 无法从LINE_NAME=10kVLINE195解析出主网站映射
2026-09-06 22:08:26 [DEBUG] core.topology_builder: 主配接口降级（非错）: 无法从LINE_NAME=10kVLINE196解析出主网站映射
2026-09-06 22:08:26 [DEBUG] core.topology_builder: 主配接口降级（非错）: 无法从LINE_NAME=10kVLINE197解析出主网站映射
2026-09-06 22:08:26 [DEBUG] core.topology_builder: 主配接口降级（非错）: 无法从LINE_NAME=10kVLINE198解析出主网站映射
2026-09-06 22:08:26 [DEBUG] core.topology_builder: 主配接口降级（非错）: 无法从LINE_NAME=10kVLINE199解析出主网站映射
2026-09-06 22:08:26 [DEBUG] core.topology_builder: 主配接口降级（非错）: 无法从LINE_NAME=10kVLINE063解析出主网站映射
2026-09-06 22:08:26 [DEBUG] core.topology_builder: 主配接口降级（非错）: 无法从LINE_NAME=10kVLINE200解析出主网站映射
2026-09-06 22:08:26 [DEBUG] core.topology_builder: 主配接口降级（非错）: 无法从LINE_NAME=10kVLINE201解析出主网站映射
2026-09-06 22:08:26 [DEBUG] core.topology_builder: 主配接口降级（非错）: 无法从LINE_NAME=10kVLINE202解析出主网站映射
2026-09-06 22:08:26 [DEBUG] core.topology_builder: 主配接口降级（非错）: 无法从LINE_NAME=10kVLINE203解析出主网站映射
2026-09-06 22:08:26 [DEBUG] core.topology_builder: 主配接口降级（非错）: 无法从LINE_NAME=10kVLINE204解析出主网站映射
2026-09-06 22:08:26 [DEBUG] core.topology_builder: 主配接口降级（非错）: 无法从LINE_NAME=10kVLINE205解析出主网站映射
2026-09-06 22:08:26 [DEBUG] core.topology_builder: 主配接口降级（非错）: 无法从LINE_NAME=10kVLINE051解析出主网站映射
2026-09-06 22:08:26 [DEBUG] core.topology_builder: 主配接口降级（非错）: 无法从LINE_NAME=10kVLINE187解析出主网站映射
2026-09-06 22:08:26 [DEBUG] core.topology_builder: 主配接口降级（非错）: 无法从LINE_NAME=10kVLINE207解析出主网站映射
2026-09-06 22:08:26 [DEBUG] core.topology_builder: 主配接口降级（非错）: 无法从LINE_NAME=10kVLINE208解析出主网站映射
2026-09-06 22:08:26 [DEBUG] core.topology_builder: 主配接口降级（非错）: 无法从LINE_NAME=10kVLINE209解析出主网站映射
2026-09-06 22:08:26 [DEBUG] core.topology_builder: 主配接口降级（非错）: 无法从LINE_NAME=10kVLINE210解析出主网站映射
2026-09-06 22:08:26 [DEBUG] core.topology_builder: 主配接口降级（非错）: 无法从LINE_NAME=10kVLINE212解析出主网站映射
2026-09-06 22:08:26 [DEBUG] core.topology_builder: 主配接口降级（非错）: 无法从LINE_NAME=10kVLINE213解析出主网站映射
2026-09-06 22:08:26 [DEBUG] core.topology_builder: 主配接口降级（非错）: 无法从LINE_NAME=LINE215解析出主网站映射
2026-09-06 22:08:26 [DEBUG] core.topology_builder: 主配接口降级（非错）: 无法从LINE_NAME=LINE216解析出主网站映射
2026-09-06 22:08:26 [INFO] core.topology_builder: 主配接口校验：通过=184 失败=5
2026-09-06 22:08:26 [INFO] core.topology_builder: [主配接口校验] 4.1/4.2 命中缺陷: 5
2026-09-06 22:08:26 [INFO] core.topology_builder: [电气逻辑校验] RULE-E01~E07 命中:4458
2026-09-06 22:08:26 [INFO] core.topology_builder: 开始执行拓扑异常检测：悬空、孤岛、断点
2026-09-06 22:08:32 [INFO] core.topology_builder: 主网异常数量：0，断点数量：0
2026-09-06 22:08:32 [INFO] core.topology_builder: 配网异常数量：726，断点数量：418
2026-09-06 22:08:41 [INFO] data_io.data_writer: Exported CSV -> C:\Users\1\Desktop\power_topology_verify\output\csv\sample_abnormal.csv (1 rows)
2026-09-06 22:08:41 [INFO] data_io.data_writer: Exported JSON -> C:\Users\1\Desktop\power_topology_verify\output\json\sample_abnormal.json (1 rows)
2026-09-06 22:18:21 [INFO] core.topology_builder: 主配数据拆分完成：主网设备=1167 配网设备=50744 主网线段=223 配网线段=189 主网站=10 遥信遥测=5829 ZWMEA=442 ZWSIGNAL=1567
2026-09-06 22:18:21 [INFO] core.topology_builder: 主网设备数量：1167
2026-09-06 22:18:21 [INFO] core.topology_builder: 配网设备数量：50744
2026-09-06 22:18:21 [INFO] core.topology_builder: 主网线路(ZLINEEND)数量：223
2026-09-06 22:18:21 [INFO] core.topology_builder: 配网线路(PWFEEDERLINE)数量：189
2026-09-06 22:18:21 [INFO] core.topology_builder: 主网站点(ZWSUBSTATION)数量：10
2026-09-06 22:18:21 [INFO] core.topology_builder: 遥信遥测(PWREAL)记录数：5829
2026-09-06 22:18:21 [INFO] core.topology_builder: 主网遥测(ZWMEA)：442 主网遥信(ZWSIGNAL)：1567
2026-09-06 22:18:21 [INFO] core.topology_builder: [Builder] 正在添加 1167 个主网设备和 50744 个配网设备...
2026-09-06 22:18:21 [INFO] core.topology_builder: 主网电源设备数=47
2026-09-06 22:18:21 [INFO] core.topology_builder: 主网电源设备识别: 47 台
2026-09-06 22:18:22 [DEBUG] core.topology_builder: 已处理 10000 个配网设备
2026-09-06 22:18:23 [DEBUG] core.topology_builder: 已处理 20000 个配网设备
2026-09-06 22:18:24 [DEBUG] core.topology_builder: 已处理 30000 个配网设备
2026-09-06 22:18:25 [DEBUG] core.topology_builder: 已处理 40000 个配网设备
2026-09-06 22:18:26 [DEBUG] core.topology_builder: 已处理 50000 个配网设备
2026-09-06 22:18:27 [INFO] core.topology_builder: 配网电源设备数=17643
2026-09-06 22:18:27 [INFO] core.topology_builder: 配网电源设备识别: 17643 台
2026-09-06 22:18:30 [INFO] core.topology_builder: 主配电源注入（v2-ZWLINEEND映射）: 0 台配网设备接入主网电源
2026-09-06 22:18:30 [INFO] core.topology_builder:   ZWLINEEND 解析出馈线→主网站映射数: 0
2026-09-06 22:18:39 [INFO] core.topology_builder: [Builder] 配网真实端子数量:76354
2026-09-06 22:18:39 [INFO] core.topology_builder: [Builder] 主网真实端子数量:1562
2026-09-06 22:18:49 [INFO] core.topology_builder: [端子建边完成] 配网拓扑边数量：117276
2026-09-06 22:18:49 [INFO] core.topology_builder: [端子建边完成] 主网拓扑边数量：2632
2026-09-06 22:19:03 [INFO] core.measure_preprocess: [MeasurePreprocess] 遥信实测开关数量：6666
2026-09-06 22:19:03 [INFO] core.measure_preprocess: [MeasurePreprocess] 默认合位开关数量：10942
2026-09-06 22:19:03 [INFO] core.topology_builder: [遥信预处理统计] 总开关状态映射条目:17608 实际挂载到设备:16592
2026-09-06 22:19:03 [INFO] core.topology_builder: 遥信实测开关:6666，赛题默认合位推演开关:10942
2026-09-06 22:19:22 [DEBUG] core.topology_builder: 主配接口降级（非错）: 无法从LINE_NAME=10kVLINE098解析出主网站映射
2026-09-06 22:19:22 [DEBUG] core.topology_builder: 主配接口降级（非错）: 无法从LINE_NAME=10kVLINE060解析出主网站映射
2026-09-06 22:19:22 [DEBUG] core.topology_builder: 主配接口降级（非错）: 无法从LINE_NAME=10kVLINE004解析出主网站映射
2026-09-06 22:19:22 [DEBUG] core.topology_builder: 主配接口降级（非错）: 无法从LINE_NAME=10kVLINE082解析出主网站映射
2026-09-06 22:19:22 [DEBUG] core.topology_builder: 主配接口降级（非错）: 无法从LINE_NAME=10kVLINE018解析出主网站映射
2026-09-06 22:19:22 [DEBUG] core.topology_builder: 主配接口降级（非错）: 无法从LINE_NAME=10kVLINE074解析出主网站映射
2026-09-06 22:19:22 [DEBUG] core.topology_builder: 主配接口降级（非错）: 无法从LINE_NAME=10kVLINE099解析出主网站映射
2026-09-06 22:19:22 [DEBUG] core.topology_builder: 主配接口降级（非错）: 无法从LINE_NAME=10kVLINE041解析出主网站映射
2026-09-06 22:19:22 [DEBUG] core.topology_builder: 主配接口降级（非错）: 无法从LINE_NAME=10kVLINE086解析出主网站映射
2026-09-06 22:19:22 [DEBUG] core.topology_builder: 主配接口降级（非错）: 无法从LINE_NAME=10kVLINE073解析出主网站映射
2026-09-06 22:19:22 [DEBUG] core.topology_builder: 主配接口降级（非错）: 无法从LINE_NAME=10kVLINE033解析出主网站映射
2026-09-06 22:19:22 [DEBUG] core.topology_builder: 主配接口降级（非错）: 无法从LINE_NAME=10kVLINE091解析出主网站映射
2026-09-06 22:19:22 [DEBUG] core.topology_builder: 主配接口降级（非错）: 无法从LINE_NAME=10kVLINE100解析出主网站映射
2026-09-06 22:19:22 [DEBUG] core.topology_builder: 主配接口降级（非错）: 无法从LINE_NAME=10kVLINE013解析出主网站映射
2026-09-06 22:19:22 [DEBUG] core.topology_builder: 主配接口降级（非错）: 无法从LINE_NAME=10kVLINE101解析出主网站映射
2026-09-06 22:19:22 [DEBUG] core.topology_builder: 主配接口降级（非错）: 无法从LINE_NAME=10kVLINE035解析出主网站映射
2026-09-06 22:19:22 [DEBUG] core.topology_builder: 主配接口降级（非错）: 无法从LINE_NAME=10kVLINE102解析出主网站映射
2026-09-06 22:19:22 [DEBUG] core.topology_builder: 主配接口降级（非错）: 无法从LINE_NAME=10kVLINE103解析出主网站映射
2026-09-06 22:19:22 [DEBUG] core.topology_builder: 主配接口降级（非错）: 无法从LINE_NAME=10kVLINE055解析出主网站映射
2026-09-06 22:19:22 [DEBUG] core.topology_builder: 主配接口降级（非错）: 无法从LINE_NAME=10kVLINE024解析出主网站映射
2026-09-06 22:19:22 [DEBUG] core.topology_builder: 主配接口降级（非错）: 无法从LINE_NAME=10kVLINE084解析出主网站映射
2026-09-06 22:19:22 [DEBUG] core.topology_builder: 主配接口降级（非错）: 无法从LINE_NAME=10kVLINE087解析出主网站映射
2026-09-06 22:19:22 [DEBUG] core.topology_builder: 主配接口降级（非错）: 无法从LINE_NAME=20kVLINE104解析出主网站映射
2026-09-06 22:19:22 [DEBUG] core.topology_builder: 主配接口降级（非错）: 无法从LINE_NAME=10kVLINE012解析出主网站映射
2026-09-06 22:19:22 [DEBUG] core.topology_builder: 主配接口降级（非错）: 无法从LINE_NAME=10kVLINE105解析出主网站映射
2026-09-06 22:19:22 [DEBUG] core.topology_builder: 主配接口降级（非错）: 无法从LINE_NAME=10kVLINE106解析出主网站映射
2026-09-06 22:19:22 [DEBUG] core.topology_builder: 主配接口降级（非错）: 无法从LINE_NAME=10kVLINE094解析出主网站映射
2026-09-06 22:19:22 [DEBUG] core.topology_builder: 主配接口降级（非错）: 无法从LINE_NAME=10kVLINE107解析出主网站映射
2026-09-06 22:19:22 [DEBUG] core.topology_builder: 主配接口降级（非错）: 无法从LINE_NAME=10kVLINE053解析出主网站映射
2026-09-06 22:19:22 [DEBUG] core.topology_builder: 主配接口降级（非错）: 无法从LINE_NAME=20kVLINE108解析出主网站映射
2026-09-06 22:19:22 [DEBUG] core.topology_builder: 主配接口降级（非错）: 无法从LINE_NAME=20kVLINE109解析出主网站映射
2026-09-06 22:19:22 [DEBUG] core.topology_builder: 主配接口降级（非错）: 无法从LINE_NAME=10kVLINE110解析出主网站映射
2026-09-06 22:19:22 [DEBUG] core.topology_builder: 主配接口降级（非错）: 无法从LINE_NAME=10kVLINE111解析出主网站映射
2026-09-06 22:19:22 [DEBUG] core.topology_builder: 主配接口降级（非错）: 无法从LINE_NAME=10kVLINE112解析出主网站映射
2026-09-06 22:19:22 [DEBUG] core.topology_builder: 主配接口降级（非错）: 无法从LINE_NAME=20kVLINE113解析出主网站映射
2026-09-06 22:19:22 [DEBUG] core.topology_builder: 主配接口降级（非错）: 无法从LINE_NAME=10kVLINE026解析出主网站映射
2026-09-06 22:19:22 [DEBUG] core.topology_builder: 主配接口降级（非错）: 无法从LINE_NAME=10kVLINE048解析出主网站映射
2026-09-06 22:19:22 [DEBUG] core.topology_builder: 主配接口降级（非错）: 无法从LINE_NAME=10kVLINE003解析出主网站映射
2026-09-06 22:19:22 [DEBUG] core.topology_builder: 主配接口降级（非错）: 无法从LINE_NAME=10kVLINE057解析出主网站映射
2026-09-06 22:19:22 [DEBUG] core.topology_builder: 主配接口降级（非错）: 无法从LINE_NAME=10kVLINE077解析出主网站映射
2026-09-06 22:19:22 [DEBUG] core.topology_builder: 主配接口降级（非错）: 无法从LINE_NAME=10kVLINE114解析出主网站映射
2026-09-06 22:19:22 [DEBUG] core.topology_builder: 主配接口降级（非错）: 无法从LINE_NAME=10kVLINE027解析出主网站映射
2026-09-06 22:19:22 [DEBUG] core.topology_builder: 主配接口降级（非错）: 无法从LINE_NAME=10kVLINE115解析出主网站映射
2026-09-06 22:19:22 [DEBUG] core.topology_builder: 主配接口降级（非错）: 无法从LINE_NAME=10kVLINE116解析出主网站映射
2026-09-06 22:19:22 [DEBUG] core.topology_builder: 主配接口降级（非错）: 无法从LINE_NAME=10kVLINE117解析出主网站映射
2026-09-06 22:19:22 [DEBUG] core.topology_builder: 主配接口降级（非错）: 无法从LINE_NAME=10kVLINE118解析出主网站映射
2026-09-06 22:19:22 [DEBUG] core.topology_builder: 主配接口降级（非错）: 无法从LINE_NAME=10kVLINE038解析出主网站映射
2026-09-06 22:19:22 [DEBUG] core.topology_builder: 主配接口降级（非错）: 无法从LINE_NAME=10kVLINE119解析出主网站映射
2026-09-06 22:19:22 [DEBUG] core.topology_builder: 主配接口降级（非错）: 无法从LINE_NAME=20kVLINE120解析出主网站映射
2026-09-06 22:19:22 [DEBUG] core.topology_builder: 主配接口降级（非错）: 无法从LINE_NAME=10kVLINE121_195解析出主网站映射
2026-09-06 22:19:22 [DEBUG] core.topology_builder: 主配接口降级（非错）: 无法从LINE_NAME=10kVLINE076解析出主网站映射
2026-09-06 22:19:22 [DEBUG] core.topology_builder: 主配接口降级（非错）: 无法从LINE_NAME=10kVLINE093解析出主网站映射
2026-09-06 22:19:22 [DEBUG] core.topology_builder: 主配接口降级（非错）: 无法从LINE_NAME=20kVLINE122解析出主网站映射
2026-09-06 22:19:22 [DEBUG] core.topology_builder: 主配接口降级（非错）: 无法从LINE_NAME=10kVLINE123解析出主网站映射
2026-09-06 22:19:22 [DEBUG] core.topology_builder: 主配接口降级（非错）: 无法从LINE_NAME=10kVLINE039解析出主网站映射
2026-09-06 22:19:22 [DEBUG] core.topology_builder: 主配接口降级（非错）: 无法从LINE_NAME=10kVLINE124解析出主网站映射
2026-09-06 22:19:22 [DEBUG] core.topology_builder: 主配接口降级（非错）: 无法从LINE_NAME=10kVLINE125解析出主网站映射
2026-09-06 22:19:22 [DEBUG] core.topology_builder: 主配接口降级（非错）: 无法从LINE_NAME=10kVLINE126解析出主网站映射
2026-09-06 22:19:22 [DEBUG] core.topology_builder: 主配接口降级（非错）: 无法从LINE_NAME=10kVLINE127解析出主网站映射
2026-09-06 22:19:22 [DEBUG] core.topology_builder: 主配接口降级（非错）: 无法从LINE_NAME=10kVLINE089解析出主网站映射
2026-09-06 22:19:22 [DEBUG] core.topology_builder: 主配接口降级（非错）: 无法从LINE_NAME=10kVLINE090解析出主网站映射
2026-09-06 22:19:22 [DEBUG] core.topology_builder: 主配接口降级（非错）: 无法从LINE_NAME=10kVLINE128解析出主网站映射
2026-09-06 22:19:22 [DEBUG] core.topology_builder: 主配接口降级（非错）: 无法从LINE_NAME=10kVLINE037解析出主网站映射
2026-09-06 22:19:22 [DEBUG] core.topology_builder: 主配接口降级（非错）: 无法从LINE_NAME=10kVLINE071解析出主网站映射
2026-09-06 22:19:22 [DEBUG] core.topology_builder: 主配接口降级（非错）: 无法从LINE_NAME=10kVLINE129解析出主网站映射
2026-09-06 22:19:22 [DEBUG] core.topology_builder: 主配接口降级（非错）: 无法从LINE_NAME=10kVLINE009解析出主网站映射
2026-09-06 22:19:22 [DEBUG] core.topology_builder: 主配接口降级（非错）: 无法从LINE_NAME=10kVLINE022解析出主网站映射
2026-09-06 22:19:22 [DEBUG] core.topology_builder: 主配接口降级（非错）: 无法从LINE_NAME=10kVLINE028解析出主网站映射
2026-09-06 22:19:22 [DEBUG] core.topology_builder: 主配接口降级（非错）: 无法从LINE_NAME=10kVLINE019解析出主网站映射
2026-09-06 22:19:22 [DEBUG] core.topology_builder: 主配接口降级（非错）: 无法从LINE_NAME=10kVLINE015解析出主网站映射
2026-09-06 22:19:22 [DEBUG] core.topology_builder: 主配接口降级（非错）: 无法从LINE_NAME=10kVLINE130解析出主网站映射
2026-09-06 22:19:22 [DEBUG] core.topology_builder: 主配接口降级（非错）: 无法从LINE_NAME=10kVLINE131解析出主网站映射
2026-09-06 22:19:22 [DEBUG] core.topology_builder: 主配接口降级（非错）: 无法从LINE_NAME=10kVLINE132解析出主网站映射
2026-09-06 22:19:22 [DEBUG] core.topology_builder: 主配接口降级（非错）: 无法从LINE_NAME=10kVLINE061解析出主网站映射
2026-09-06 22:19:22 [DEBUG] core.topology_builder: 主配接口降级（非错）: 无法从LINE_NAME=10kVLINE133解析出主网站映射
2026-09-06 22:19:22 [DEBUG] core.topology_builder: 主配接口降级（非错）: 无法从LINE_NAME=10kVLINE075解析出主网站映射
2026-09-06 22:19:22 [DEBUG] core.topology_builder: 主配接口降级（非错）: 无法从LINE_NAME=10kVLINE016解析出主网站映射
2026-09-06 22:19:22 [DEBUG] core.topology_builder: 主配接口降级（非错）: 无法从LINE_NAME=10kVLINE134解析出主网站映射
2026-09-06 22:19:22 [DEBUG] core.topology_builder: 主配接口降级（非错）: 无法从LINE_NAME=10kVLINE043解析出主网站映射
2026-09-06 22:19:22 [DEBUG] core.topology_builder: 主配接口降级（非错）: 无法从LINE_NAME=10kVLINE050解析出主网站映射
2026-09-06 22:19:22 [DEBUG] core.topology_builder: 主配接口降级（非错）: 无法从LINE_NAME=10kVLINE054解析出主网站映射
2026-09-06 22:19:22 [DEBUG] core.topology_builder: 主配接口降级（非错）: 无法从LINE_NAME=10kVLINE040解析出主网站映射
2026-09-06 22:19:22 [DEBUG] core.topology_builder: 主配接口降级（非错）: 无法从LINE_NAME=10kVLINE021解析出主网站映射
2026-09-06 22:19:22 [DEBUG] core.topology_builder: 主配接口降级（非错）: 无法从LINE_NAME=10kVLINE023解析出主网站映射
2026-09-06 22:19:22 [DEBUG] core.topology_builder: 主配接口降级（非错）: 无法从LINE_NAME=10kVLINE020解析出主网站映射
2026-09-06 22:19:22 [DEBUG] core.topology_builder: 主配接口降级（非错）: 无法从LINE_NAME=10kVLINE135解析出主网站映射
2026-09-06 22:19:22 [DEBUG] core.topology_builder: 主配接口降级（非错）: 无法从LINE_NAME=10kVLINE136解析出主网站映射
2026-09-06 22:19:22 [DEBUG] core.topology_builder: 主配接口降级（非错）: 无法从LINE_NAME=10kVLINE097解析出主网站映射
2026-09-06 22:19:22 [DEBUG] core.topology_builder: 主配接口降级（非错）: 无法从LINE_NAME=10kVLINE096解析出主网站映射
2026-09-06 22:19:22 [DEBUG] core.topology_builder: 主配接口降级（非错）: 无法从LINE_NAME=10kVLINE137解析出主网站映射
2026-09-06 22:19:22 [DEBUG] core.topology_builder: 主配接口降级（非错）: 无法从LINE_NAME=10kVLINE138解析出主网站映射
2026-09-06 22:19:22 [DEBUG] core.topology_builder: 主配接口降级（非错）: 无法从LINE_NAME=10kVLINE139解析出主网站映射
2026-09-06 22:19:22 [DEBUG] core.topology_builder: 主配接口降级（非错）: 无法从LINE_NAME=10kVLINE140解析出主网站映射
2026-09-06 22:19:22 [DEBUG] core.topology_builder: 主配接口降级（非错）: 无法从LINE_NAME=10kVLINE141解析出主网站映射
2026-09-06 22:19:22 [DEBUG] core.topology_builder: 主配接口降级（非错）: 无法从LINE_NAME=10kVLINE049解析出主网站映射
2026-09-06 22:19:22 [DEBUG] core.topology_builder: 主配接口降级（非错）: 无法从LINE_NAME=10kVLINE142解析出主网站映射
2026-09-06 22:19:22 [DEBUG] core.topology_builder: 主配接口降级（非错）: 无法从LINE_NAME=10kVLINE042解析出主网站映射
2026-09-06 22:19:22 [DEBUG] core.topology_builder: 主配接口降级（非错）: 无法从LINE_NAME=10kVLINE056解析出主网站映射
2026-09-06 22:19:22 [DEBUG] core.topology_builder: 主配接口降级（非错）: 无法从LINE_NAME=10kVLINE143解析出主网站映射
2026-09-06 22:19:22 [DEBUG] core.topology_builder: 主配接口降级（非错）: 无法从LINE_NAME=10kVLINE144解析出主网站映射
2026-09-06 22:19:22 [DEBUG] core.topology_builder: 主配接口降级（非错）: 无法从LINE_NAME=10kVLINE070解析出主网站映射
2026-09-06 22:19:22 [DEBUG] core.topology_builder: 主配接口降级（非错）: 无法从LINE_NAME=10kVLINE069解析出主网站映射
2026-09-06 22:19:22 [DEBUG] core.topology_builder: 主配接口降级（非错）: 无法从LINE_NAME=10kVLINE145解析出主网站映射
2026-09-06 22:19:22 [DEBUG] core.topology_builder: 主配接口降级（非错）: 无法从LINE_NAME=10kVLINE146解析出主网站映射
2026-09-06 22:19:22 [DEBUG] core.topology_builder: 主配接口降级（非错）: 无法从LINE_NAME=10kVLINE147解析出主网站映射
2026-09-06 22:19:22 [DEBUG] core.topology_builder: 主配接口降级（非错）: 无法从LINE_NAME=10kVLINE148解析出主网站映射
2026-09-06 22:19:22 [DEBUG] core.topology_builder: 主配接口降级（非错）: 无法从LINE_NAME=10kVLINE025解析出主网站映射
2026-09-06 22:19:22 [DEBUG] core.topology_builder: 主配接口降级（非错）: 无法从LINE_NAME=20kVLINE149解析出主网站映射
2026-09-06 22:19:22 [DEBUG] core.topology_builder: 主配接口降级（非错）: 无法从LINE_NAME=10kVLINE083解析出主网站映射
2026-09-06 22:19:22 [DEBUG] core.topology_builder: 主配接口降级（非错）: 无法从LINE_NAME=20kVLINE150解析出主网站映射
2026-09-06 22:19:22 [DEBUG] core.topology_builder: 主配接口降级（非错）: 无法从LINE_NAME=20kVLINE151解析出主网站映射
2026-09-06 22:19:22 [DEBUG] core.topology_builder: 主配接口降级（非错）: 无法从LINE_NAME=20kVLINE152解析出主网站映射
2026-09-06 22:19:22 [DEBUG] core.topology_builder: 主配接口降级（非错）: 无法从LINE_NAME=10kVLINE046解析出主网站映射
2026-09-06 22:19:22 [DEBUG] core.topology_builder: 主配接口降级（非错）: 无法从LINE_NAME=10kVLINE045解析出主网站映射
2026-09-06 22:19:22 [DEBUG] core.topology_builder: 主配接口降级（非错）: 无法从LINE_NAME=10kVLINE153解析出主网站映射
2026-09-06 22:19:22 [DEBUG] core.topology_builder: 主配接口降级（非错）: 无法从LINE_NAME=10kVLINE154解析出主网站映射
2026-09-06 22:19:22 [DEBUG] core.topology_builder: 主配接口降级（非错）: 无法从LINE_NAME=10kVLINE155解析出主网站映射
2026-09-06 22:19:22 [DEBUG] core.topology_builder: 主配接口降级（非错）: 无法从LINE_NAME=10kVLINE156解析出主网站映射
2026-09-06 22:19:22 [DEBUG] core.topology_builder: 主配接口降级（非错）: 无法从LINE_NAME=10kVLINE058解析出主网站映射
2026-09-06 22:19:22 [DEBUG] core.topology_builder: 主配接口降级（非错）: 无法从LINE_NAME=10kVLINE059解析出主网站映射
2026-09-06 22:19:22 [DEBUG] core.topology_builder: 主配接口降级（非错）: 无法从LINE_NAME=10kVLINE157解析出主网站映射
2026-09-06 22:19:22 [DEBUG] core.topology_builder: 主配接口降级（非错）: 无法从LINE_NAME=10kVLINE088解析出主网站映射
2026-09-06 22:19:22 [DEBUG] core.topology_builder: 主配接口降级（非错）: 无法从LINE_NAME=10kVLINE121_185解析出主网站映射
2026-09-06 22:19:22 [DEBUG] core.topology_builder: 主配接口降级（非错）: 无法从LINE_NAME=10kVLINE081解析出主网站映射
2026-09-06 22:19:22 [DEBUG] core.topology_builder: 主配接口降级（非错）: 无法从LINE_NAME=10kVLINE158解析出主网站映射
2026-09-06 22:19:22 [DEBUG] core.topology_builder: 主配接口降级（非错）: 无法从LINE_NAME=10kVLINE159解析出主网站映射
2026-09-06 22:19:22 [DEBUG] core.topology_builder: 主配接口降级（非错）: 无法从LINE_NAME=10kVLINE160解析出主网站映射
2026-09-06 22:19:22 [DEBUG] core.topology_builder: 主配接口降级（非错）: 无法从LINE_NAME=10kVLINE161解析出主网站映射
2026-09-06 22:19:22 [DEBUG] core.topology_builder: 主配接口降级（非错）: 无法从LINE_NAME=10kVLINE162解析出主网站映射
2026-09-06 22:19:22 [DEBUG] core.topology_builder: 主配接口降级（非错）: 无法从LINE_NAME=10kVLINE163解析出主网站映射
2026-09-06 22:19:22 [DEBUG] core.topology_builder: 主配接口降级（非错）: 无法从LINE_NAME=10kVLINE164解析出主网站映射
2026-09-06 22:19:22 [DEBUG] core.topology_builder: 主配接口降级（非错）: 无法从LINE_NAME=10kVLINE165解析出主网站映射
2026-09-06 22:19:22 [DEBUG] core.topology_builder: 主配接口降级（非错）: 无法从LINE_NAME=10kVLINE166解析出主网站映射
2026-09-06 22:19:22 [DEBUG] core.topology_builder: 主配接口降级（非错）: 无法从LINE_NAME=10kVLINE167解析出主网站映射
2026-09-06 22:19:22 [DEBUG] core.topology_builder: 主配接口降级（非错）: 无法从LINE_NAME=10kVLINE168解析出主网站映射
2026-09-06 22:19:22 [DEBUG] core.topology_builder: 主配接口降级（非错）: 无法从LINE_NAME=10kVLINE014解析出主网站映射
2026-09-06 22:19:22 [DEBUG] core.topology_builder: 主配接口降级（非错）: 无法从LINE_NAME=10kVLINE169解析出主网站映射
2026-09-06 22:19:22 [DEBUG] core.topology_builder: 主配接口降级（非错）: 无法从LINE_NAME=10kVLINE170解析出主网站映射
2026-09-06 22:19:22 [DEBUG] core.topology_builder: 主配接口降级（非错）: 无法从LINE_NAME=10kVLINE171解析出主网站映射
2026-09-06 22:19:22 [DEBUG] core.topology_builder: 主配接口降级（非错）: 无法从LINE_NAME=10kVLINE172解析出主网站映射
2026-09-06 22:19:22 [DEBUG] core.topology_builder: 主配接口降级（非错）: 无法从LINE_NAME=10kVLINE173解析出主网站映射
2026-09-06 22:19:22 [DEBUG] core.topology_builder: 主配接口降级（非错）: 无法从LINE_NAME=10kVLINE174解析出主网站映射
2026-09-06 22:19:22 [DEBUG] core.topology_builder: 主配接口降级（非错）: 无法从LINE_NAME=10kVLINE175解析出主网站映射
2026-09-06 22:19:22 [DEBUG] core.topology_builder: 主配接口降级（非错）: 无法从LINE_NAME=10kVLINE176解析出主网站映射
2026-09-06 22:19:22 [DEBUG] core.topology_builder: 主配接口降级（非错）: 无法从LINE_NAME=10kVLINE177解析出主网站映射
2026-09-06 22:19:22 [DEBUG] core.topology_builder: 主配接口降级（非错）: 无法从LINE_NAME=10kVLINE044解析出主网站映射
2026-09-06 22:19:22 [DEBUG] core.topology_builder: 主配接口降级（非错）: 无法从LINE_NAME=10kVLINE178解析出主网站映射
2026-09-06 22:19:22 [DEBUG] core.topology_builder: 主配接口降级（非错）: 无法从LINE_NAME=10kVLINE179解析出主网站映射
2026-09-06 22:19:22 [DEBUG] core.topology_builder: 主配接口降级（非错）: 无法从LINE_NAME=10kVLINE180解析出主网站映射
2026-09-06 22:19:22 [DEBUG] core.topology_builder: 主配接口降级（非错）: 无法从LINE_NAME=20kVLINE181解析出主网站映射
2026-09-06 22:19:22 [DEBUG] core.topology_builder: 主配接口降级（非错）: 无法从LINE_NAME=10kVLINE182解析出主网站映射
2026-09-06 22:19:22 [DEBUG] core.topology_builder: 主配接口降级（非错）: 无法从LINE_NAME=10kVLINE183解析出主网站映射
2026-09-06 22:19:22 [DEBUG] core.topology_builder: 主配接口降级（非错）: 无法从LINE_NAME=10kVLINE184解析出主网站映射
2026-09-06 22:19:22 [DEBUG] core.topology_builder: 主配接口降级（非错）: 无法从LINE_NAME=10kVLINE186解析出主网站映射
2026-09-06 22:19:22 [DEBUG] core.topology_builder: 主配接口降级（非错）: 无法从LINE_NAME=10kVLINE187解析出主网站映射
2026-09-06 22:19:22 [DEBUG] core.topology_builder: 主配接口降级（非错）: 无法从LINE_NAME=10kVLINE188解析出主网站映射
2026-09-06 22:19:22 [DEBUG] core.topology_builder: 主配接口降级（非错）: 无法从LINE_NAME=10kVLINE189解析出主网站映射
2026-09-06 22:19:22 [DEBUG] core.topology_builder: 主配接口降级（非错）: 无法从LINE_NAME=10kVLINE190解析出主网站映射
2026-09-06 22:19:22 [DEBUG] core.topology_builder: 主配接口降级（非错）: 无法从LINE_NAME=10kVLINE191解析出主网站映射
2026-09-06 22:19:22 [DEBUG] core.topology_builder: 主配接口降级（非错）: 无法从LINE_NAME=10kVLINE192解析出主网站映射
2026-09-06 22:19:22 [DEBUG] core.topology_builder: 主配接口降级（非错）: 无法从LINE_NAME=10kVLINE193解析出主网站映射
2026-09-06 22:19:22 [DEBUG] core.topology_builder: 主配接口降级（非错）: 无法从LINE_NAME=10kVLINE194解析出主网站映射
2026-09-06 22:19:22 [DEBUG] core.topology_builder: 主配接口降级（非错）: 无法从LINE_NAME=10kVLINE195解析出主网站映射
2026-09-06 22:19:22 [DEBUG] core.topology_builder: 主配接口降级（非错）: 无法从LINE_NAME=10kVLINE196解析出主网站映射
2026-09-06 22:19:22 [DEBUG] core.topology_builder: 主配接口降级（非错）: 无法从LINE_NAME=10kVLINE197解析出主网站映射
2026-09-06 22:19:22 [DEBUG] core.topology_builder: 主配接口降级（非错）: 无法从LINE_NAME=10kVLINE198解析出主网站映射
2026-09-06 22:19:22 [DEBUG] core.topology_builder: 主配接口降级（非错）: 无法从LINE_NAME=10kVLINE199解析出主网站映射
2026-09-06 22:19:22 [DEBUG] core.topology_builder: 主配接口降级（非错）: 无法从LINE_NAME=10kVLINE063解析出主网站映射
2026-09-06 22:19:22 [DEBUG] core.topology_builder: 主配接口降级（非错）: 无法从LINE_NAME=10kVLINE200解析出主网站映射
2026-09-06 22:19:22 [DEBUG] core.topology_builder: 主配接口降级（非错）: 无法从LINE_NAME=10kVLINE201解析出主网站映射
2026-09-06 22:19:22 [DEBUG] core.topology_builder: 主配接口降级（非错）: 无法从LINE_NAME=10kVLINE202解析出主网站映射
2026-09-06 22:19:22 [DEBUG] core.topology_builder: 主配接口降级（非错）: 无法从LINE_NAME=10kVLINE203解析出主网站映射
2026-09-06 22:19:22 [DEBUG] core.topology_builder: 主配接口降级（非错）: 无法从LINE_NAME=10kVLINE204解析出主网站映射
2026-09-06 22:19:22 [DEBUG] core.topology_builder: 主配接口降级（非错）: 无法从LINE_NAME=10kVLINE205解析出主网站映射
2026-09-06 22:19:22 [DEBUG] core.topology_builder: 主配接口降级（非错）: 无法从LINE_NAME=10kVLINE051解析出主网站映射
2026-09-06 22:19:22 [DEBUG] core.topology_builder: 主配接口降级（非错）: 无法从LINE_NAME=10kVLINE187解析出主网站映射
2026-09-06 22:19:22 [DEBUG] core.topology_builder: 主配接口降级（非错）: 无法从LINE_NAME=10kVLINE207解析出主网站映射
2026-09-06 22:19:22 [DEBUG] core.topology_builder: 主配接口降级（非错）: 无法从LINE_NAME=10kVLINE208解析出主网站映射
2026-09-06 22:19:22 [DEBUG] core.topology_builder: 主配接口降级（非错）: 无法从LINE_NAME=10kVLINE209解析出主网站映射
2026-09-06 22:19:22 [DEBUG] core.topology_builder: 主配接口降级（非错）: 无法从LINE_NAME=10kVLINE210解析出主网站映射
2026-09-06 22:19:22 [DEBUG] core.topology_builder: 主配接口降级（非错）: 无法从LINE_NAME=10kVLINE212解析出主网站映射
2026-09-06 22:19:22 [DEBUG] core.topology_builder: 主配接口降级（非错）: 无法从LINE_NAME=10kVLINE213解析出主网站映射
2026-09-06 22:19:22 [DEBUG] core.topology_builder: 主配接口降级（非错）: 无法从LINE_NAME=LINE215解析出主网站映射
2026-09-06 22:19:22 [DEBUG] core.topology_builder: 主配接口降级（非错）: 无法从LINE_NAME=LINE216解析出主网站映射
2026-09-06 22:19:22 [INFO] core.topology_builder: 主配接口校验：通过=184 失败=5
2026-09-06 22:19:22 [INFO] core.topology_builder: [主配接口校验] 4.1/4.2 命中缺陷: 5
2026-09-06 22:19:22 [INFO] core.topology_builder: [电气逻辑校验] RULE-E01~E07 命中:4458
2026-09-06 22:19:22 [INFO] core.topology_builder: 开始执行拓扑异常检测：悬空、孤岛、断点
2026-09-06 22:19:29 [INFO] core.topology_builder: 主网异常数量：0，断点数量：0
2026-09-06 22:19:29 [INFO] core.topology_builder: 配网异常数量：726，断点数量：418
2026-09-06 22:19:43 [DEBUG] core.topology_builder: 主配接口降级（非错）: 无法从LINE_NAME=10kVLINE098解析出主网站映射
2026-09-06 22:19:43 [DEBUG] core.topology_builder: 主配接口降级（非错）: 无法从LINE_NAME=10kVLINE060解析出主网站映射
2026-09-06 22:19:43 [DEBUG] core.topology_builder: 主配接口降级（非错）: 无法从LINE_NAME=10kVLINE004解析出主网站映射
2026-09-06 22:19:43 [DEBUG] core.topology_builder: 主配接口降级（非错）: 无法从LINE_NAME=10kVLINE082解析出主网站映射
2026-09-06 22:19:43 [DEBUG] core.topology_builder: 主配接口降级（非错）: 无法从LINE_NAME=10kVLINE018解析出主网站映射
2026-09-06 22:19:43 [DEBUG] core.topology_builder: 主配接口降级（非错）: 无法从LINE_NAME=10kVLINE074解析出主网站映射
2026-09-06 22:19:43 [DEBUG] core.topology_builder: 主配接口降级（非错）: 无法从LINE_NAME=10kVLINE099解析出主网站映射
2026-09-06 22:19:43 [DEBUG] core.topology_builder: 主配接口降级（非错）: 无法从LINE_NAME=10kVLINE041解析出主网站映射
2026-09-06 22:19:43 [DEBUG] core.topology_builder: 主配接口降级（非错）: 无法从LINE_NAME=10kVLINE086解析出主网站映射
2026-09-06 22:19:43 [DEBUG] core.topology_builder: 主配接口降级（非错）: 无法从LINE_NAME=10kVLINE073解析出主网站映射
2026-09-06 22:19:43 [DEBUG] core.topology_builder: 主配接口降级（非错）: 无法从LINE_NAME=10kVLINE033解析出主网站映射
2026-09-06 22:19:43 [DEBUG] core.topology_builder: 主配接口降级（非错）: 无法从LINE_NAME=10kVLINE091解析出主网站映射
2026-09-06 22:19:43 [DEBUG] core.topology_builder: 主配接口降级（非错）: 无法从LINE_NAME=10kVLINE100解析出主网站映射
2026-09-06 22:19:43 [DEBUG] core.topology_builder: 主配接口降级（非错）: 无法从LINE_NAME=10kVLINE013解析出主网站映射
2026-09-06 22:19:43 [DEBUG] core.topology_builder: 主配接口降级（非错）: 无法从LINE_NAME=10kVLINE101解析出主网站映射
2026-09-06 22:19:43 [DEBUG] core.topology_builder: 主配接口降级（非错）: 无法从LINE_NAME=10kVLINE035解析出主网站映射
2026-09-06 22:19:43 [DEBUG] core.topology_builder: 主配接口降级（非错）: 无法从LINE_NAME=10kVLINE102解析出主网站映射
2026-09-06 22:19:43 [DEBUG] core.topology_builder: 主配接口降级（非错）: 无法从LINE_NAME=10kVLINE103解析出主网站映射
2026-09-06 22:19:43 [DEBUG] core.topology_builder: 主配接口降级（非错）: 无法从LINE_NAME=10kVLINE055解析出主网站映射
2026-09-06 22:19:43 [DEBUG] core.topology_builder: 主配接口降级（非错）: 无法从LINE_NAME=10kVLINE024解析出主网站映射
2026-09-06 22:19:43 [DEBUG] core.topology_builder: 主配接口降级（非错）: 无法从LINE_NAME=10kVLINE084解析出主网站映射
2026-09-06 22:19:43 [DEBUG] core.topology_builder: 主配接口降级（非错）: 无法从LINE_NAME=10kVLINE087解析出主网站映射
2026-09-06 22:19:43 [DEBUG] core.topology_builder: 主配接口降级（非错）: 无法从LINE_NAME=20kVLINE104解析出主网站映射
2026-09-06 22:19:43 [DEBUG] core.topology_builder: 主配接口降级（非错）: 无法从LINE_NAME=10kVLINE012解析出主网站映射
2026-09-06 22:19:43 [DEBUG] core.topology_builder: 主配接口降级（非错）: 无法从LINE_NAME=10kVLINE105解析出主网站映射
2026-09-06 22:19:43 [DEBUG] core.topology_builder: 主配接口降级（非错）: 无法从LINE_NAME=10kVLINE106解析出主网站映射
2026-09-06 22:19:43 [DEBUG] core.topology_builder: 主配接口降级（非错）: 无法从LINE_NAME=10kVLINE094解析出主网站映射
2026-09-06 22:19:43 [DEBUG] core.topology_builder: 主配接口降级（非错）: 无法从LINE_NAME=10kVLINE107解析出主网站映射
2026-09-06 22:19:43 [DEBUG] core.topology_builder: 主配接口降级（非错）: 无法从LINE_NAME=10kVLINE053解析出主网站映射
2026-09-06 22:19:43 [DEBUG] core.topology_builder: 主配接口降级（非错）: 无法从LINE_NAME=20kVLINE108解析出主网站映射
2026-09-06 22:19:43 [DEBUG] core.topology_builder: 主配接口降级（非错）: 无法从LINE_NAME=20kVLINE109解析出主网站映射
2026-09-06 22:19:43 [DEBUG] core.topology_builder: 主配接口降级（非错）: 无法从LINE_NAME=10kVLINE110解析出主网站映射
2026-09-06 22:19:43 [DEBUG] core.topology_builder: 主配接口降级（非错）: 无法从LINE_NAME=10kVLINE111解析出主网站映射
2026-09-06 22:19:43 [DEBUG] core.topology_builder: 主配接口降级（非错）: 无法从LINE_NAME=10kVLINE112解析出主网站映射
2026-09-06 22:19:43 [DEBUG] core.topology_builder: 主配接口降级（非错）: 无法从LINE_NAME=20kVLINE113解析出主网站映射
2026-09-06 22:19:44 [DEBUG] core.topology_builder: 主配接口降级（非错）: 无法从LINE_NAME=10kVLINE026解析出主网站映射
2026-09-06 22:19:44 [DEBUG] core.topology_builder: 主配接口降级（非错）: 无法从LINE_NAME=10kVLINE048解析出主网站映射
2026-09-06 22:19:44 [DEBUG] core.topology_builder: 主配接口降级（非错）: 无法从LINE_NAME=10kVLINE003解析出主网站映射
2026-09-06 22:19:44 [DEBUG] core.topology_builder: 主配接口降级（非错）: 无法从LINE_NAME=10kVLINE057解析出主网站映射
2026-09-06 22:19:44 [DEBUG] core.topology_builder: 主配接口降级（非错）: 无法从LINE_NAME=10kVLINE077解析出主网站映射
2026-09-06 22:19:44 [DEBUG] core.topology_builder: 主配接口降级（非错）: 无法从LINE_NAME=10kVLINE114解析出主网站映射
2026-09-06 22:19:44 [DEBUG] core.topology_builder: 主配接口降级（非错）: 无法从LINE_NAME=10kVLINE027解析出主网站映射
2026-09-06 22:19:44 [DEBUG] core.topology_builder: 主配接口降级（非错）: 无法从LINE_NAME=10kVLINE115解析出主网站映射
2026-09-06 22:19:44 [DEBUG] core.topology_builder: 主配接口降级（非错）: 无法从LINE_NAME=10kVLINE116解析出主网站映射
2026-09-06 22:19:44 [DEBUG] core.topology_builder: 主配接口降级（非错）: 无法从LINE_NAME=10kVLINE117解析出主网站映射
2026-09-06 22:19:44 [DEBUG] core.topology_builder: 主配接口降级（非错）: 无法从LINE_NAME=10kVLINE118解析出主网站映射
2026-09-06 22:19:44 [DEBUG] core.topology_builder: 主配接口降级（非错）: 无法从LINE_NAME=10kVLINE038解析出主网站映射
2026-09-06 22:19:44 [DEBUG] core.topology_builder: 主配接口降级（非错）: 无法从LINE_NAME=10kVLINE119解析出主网站映射
2026-09-06 22:19:44 [DEBUG] core.topology_builder: 主配接口降级（非错）: 无法从LINE_NAME=20kVLINE120解析出主网站映射
2026-09-06 22:19:44 [DEBUG] core.topology_builder: 主配接口降级（非错）: 无法从LINE_NAME=10kVLINE121_195解析出主网站映射
2026-09-06 22:19:44 [DEBUG] core.topology_builder: 主配接口降级（非错）: 无法从LINE_NAME=10kVLINE076解析出主网站映射
2026-09-06 22:19:44 [DEBUG] core.topology_builder: 主配接口降级（非错）: 无法从LINE_NAME=10kVLINE093解析出主网站映射
2026-09-06 22:19:44 [DEBUG] core.topology_builder: 主配接口降级（非错）: 无法从LINE_NAME=20kVLINE122解析出主网站映射
2026-09-06 22:19:44 [DEBUG] core.topology_builder: 主配接口降级（非错）: 无法从LINE_NAME=10kVLINE123解析出主网站映射
2026-09-06 22:19:44 [DEBUG] core.topology_builder: 主配接口降级（非错）: 无法从LINE_NAME=10kVLINE039解析出主网站映射
2026-09-06 22:19:44 [DEBUG] core.topology_builder: 主配接口降级（非错）: 无法从LINE_NAME=10kVLINE124解析出主网站映射
2026-09-06 22:19:44 [DEBUG] core.topology_builder: 主配接口降级（非错）: 无法从LINE_NAME=10kVLINE125解析出主网站映射
2026-09-06 22:19:44 [DEBUG] core.topology_builder: 主配接口降级（非错）: 无法从LINE_NAME=10kVLINE126解析出主网站映射
2026-09-06 22:19:44 [DEBUG] core.topology_builder: 主配接口降级（非错）: 无法从LINE_NAME=10kVLINE127解析出主网站映射
2026-09-06 22:19:44 [DEBUG] core.topology_builder: 主配接口降级（非错）: 无法从LINE_NAME=10kVLINE089解析出主网站映射
2026-09-06 22:19:44 [DEBUG] core.topology_builder: 主配接口降级（非错）: 无法从LINE_NAME=10kVLINE090解析出主网站映射
2026-09-06 22:19:44 [DEBUG] core.topology_builder: 主配接口降级（非错）: 无法从LINE_NAME=10kVLINE128解析出主网站映射
2026-09-06 22:19:44 [DEBUG] core.topology_builder: 主配接口降级（非错）: 无法从LINE_NAME=10kVLINE037解析出主网站映射
2026-09-06 22:19:44 [DEBUG] core.topology_builder: 主配接口降级（非错）: 无法从LINE_NAME=10kVLINE071解析出主网站映射
2026-09-06 22:19:44 [DEBUG] core.topology_builder: 主配接口降级（非错）: 无法从LINE_NAME=10kVLINE129解析出主网站映射
2026-09-06 22:19:44 [DEBUG] core.topology_builder: 主配接口降级（非错）: 无法从LINE_NAME=10kVLINE009解析出主网站映射
2026-09-06 22:19:44 [DEBUG] core.topology_builder: 主配接口降级（非错）: 无法从LINE_NAME=10kVLINE022解析出主网站映射
2026-09-06 22:19:44 [DEBUG] core.topology_builder: 主配接口降级（非错）: 无法从LINE_NAME=10kVLINE028解析出主网站映射
2026-09-06 22:19:44 [DEBUG] core.topology_builder: 主配接口降级（非错）: 无法从LINE_NAME=10kVLINE019解析出主网站映射
2026-09-06 22:19:44 [DEBUG] core.topology_builder: 主配接口降级（非错）: 无法从LINE_NAME=10kVLINE015解析出主网站映射
2026-09-06 22:19:44 [DEBUG] core.topology_builder: 主配接口降级（非错）: 无法从LINE_NAME=10kVLINE130解析出主网站映射
2026-09-06 22:19:44 [DEBUG] core.topology_builder: 主配接口降级（非错）: 无法从LINE_NAME=10kVLINE131解析出主网站映射
2026-09-06 22:19:44 [DEBUG] core.topology_builder: 主配接口降级（非错）: 无法从LINE_NAME=10kVLINE132解析出主网站映射
2026-09-06 22:19:44 [DEBUG] core.topology_builder: 主配接口降级（非错）: 无法从LINE_NAME=10kVLINE061解析出主网站映射
2026-09-06 22:19:44 [DEBUG] core.topology_builder: 主配接口降级（非错）: 无法从LINE_NAME=10kVLINE133解析出主网站映射
2026-09-06 22:19:44 [DEBUG] core.topology_builder: 主配接口降级（非错）: 无法从LINE_NAME=10kVLINE075解析出主网站映射
2026-09-06 22:19:44 [DEBUG] core.topology_builder: 主配接口降级（非错）: 无法从LINE_NAME=10kVLINE016解析出主网站映射
2026-09-06 22:19:44 [DEBUG] core.topology_builder: 主配接口降级（非错）: 无法从LINE_NAME=10kVLINE134解析出主网站映射
2026-09-06 22:19:44 [DEBUG] core.topology_builder: 主配接口降级（非错）: 无法从LINE_NAME=10kVLINE043解析出主网站映射
2026-09-06 22:19:44 [DEBUG] core.topology_builder: 主配接口降级（非错）: 无法从LINE_NAME=10kVLINE050解析出主网站映射
2026-09-06 22:19:44 [DEBUG] core.topology_builder: 主配接口降级（非错）: 无法从LINE_NAME=10kVLINE054解析出主网站映射
2026-09-06 22:19:44 [DEBUG] core.topology_builder: 主配接口降级（非错）: 无法从LINE_NAME=10kVLINE040解析出主网站映射
2026-09-06 22:19:44 [DEBUG] core.topology_builder: 主配接口降级（非错）: 无法从LINE_NAME=10kVLINE021解析出主网站映射
2026-09-06 22:19:44 [DEBUG] core.topology_builder: 主配接口降级（非错）: 无法从LINE_NAME=10kVLINE023解析出主网站映射
2026-09-06 22:19:44 [DEBUG] core.topology_builder: 主配接口降级（非错）: 无法从LINE_NAME=10kVLINE020解析出主网站映射
2026-09-06 22:19:44 [DEBUG] core.topology_builder: 主配接口降级（非错）: 无法从LINE_NAME=10kVLINE135解析出主网站映射
2026-09-06 22:19:44 [DEBUG] core.topology_builder: 主配接口降级（非错）: 无法从LINE_NAME=10kVLINE136解析出主网站映射
2026-09-06 22:19:44 [DEBUG] core.topology_builder: 主配接口降级（非错）: 无法从LINE_NAME=10kVLINE097解析出主网站映射
2026-09-06 22:19:44 [DEBUG] core.topology_builder: 主配接口降级（非错）: 无法从LINE_NAME=10kVLINE096解析出主网站映射
2026-09-06 22:19:44 [DEBUG] core.topology_builder: 主配接口降级（非错）: 无法从LINE_NAME=10kVLINE137解析出主网站映射
2026-09-06 22:19:44 [DEBUG] core.topology_builder: 主配接口降级（非错）: 无法从LINE_NAME=10kVLINE138解析出主网站映射
2026-09-06 22:19:44 [DEBUG] core.topology_builder: 主配接口降级（非错）: 无法从LINE_NAME=10kVLINE139解析出主网站映射
2026-09-06 22:19:44 [DEBUG] core.topology_builder: 主配接口降级（非错）: 无法从LINE_NAME=10kVLINE140解析出主网站映射
2026-09-06 22:19:44 [DEBUG] core.topology_builder: 主配接口降级（非错）: 无法从LINE_NAME=10kVLINE141解析出主网站映射
2026-09-06 22:19:44 [DEBUG] core.topology_builder: 主配接口降级（非错）: 无法从LINE_NAME=10kVLINE049解析出主网站映射
2026-09-06 22:19:44 [DEBUG] core.topology_builder: 主配接口降级（非错）: 无法从LINE_NAME=10kVLINE142解析出主网站映射
2026-09-06 22:19:44 [DEBUG] core.topology_builder: 主配接口降级（非错）: 无法从LINE_NAME=10kVLINE042解析出主网站映射
2026-09-06 22:19:44 [DEBUG] core.topology_builder: 主配接口降级（非错）: 无法从LINE_NAME=10kVLINE056解析出主网站映射
2026-09-06 22:19:44 [DEBUG] core.topology_builder: 主配接口降级（非错）: 无法从LINE_NAME=10kVLINE143解析出主网站映射
2026-09-06 22:19:44 [DEBUG] core.topology_builder: 主配接口降级（非错）: 无法从LINE_NAME=10kVLINE144解析出主网站映射
2026-09-06 22:19:44 [DEBUG] core.topology_builder: 主配接口降级（非错）: 无法从LINE_NAME=10kVLINE070解析出主网站映射
2026-09-06 22:19:44 [DEBUG] core.topology_builder: 主配接口降级（非错）: 无法从LINE_NAME=10kVLINE069解析出主网站映射
2026-09-06 22:19:44 [DEBUG] core.topology_builder: 主配接口降级（非错）: 无法从LINE_NAME=10kVLINE145解析出主网站映射
2026-09-06 22:19:44 [DEBUG] core.topology_builder: 主配接口降级（非错）: 无法从LINE_NAME=10kVLINE146解析出主网站映射
2026-09-06 22:19:44 [DEBUG] core.topology_builder: 主配接口降级（非错）: 无法从LINE_NAME=10kVLINE147解析出主网站映射
2026-09-06 22:19:44 [DEBUG] core.topology_builder: 主配接口降级（非错）: 无法从LINE_NAME=10kVLINE148解析出主网站映射
2026-09-06 22:19:44 [DEBUG] core.topology_builder: 主配接口降级（非错）: 无法从LINE_NAME=10kVLINE025解析出主网站映射
2026-09-06 22:19:44 [DEBUG] core.topology_builder: 主配接口降级（非错）: 无法从LINE_NAME=20kVLINE149解析出主网站映射
2026-09-06 22:19:44 [DEBUG] core.topology_builder: 主配接口降级（非错）: 无法从LINE_NAME=10kVLINE083解析出主网站映射
2026-09-06 22:19:44 [DEBUG] core.topology_builder: 主配接口降级（非错）: 无法从LINE_NAME=20kVLINE150解析出主网站映射
2026-09-06 22:19:44 [DEBUG] core.topology_builder: 主配接口降级（非错）: 无法从LINE_NAME=20kVLINE151解析出主网站映射
2026-09-06 22:19:44 [DEBUG] core.topology_builder: 主配接口降级（非错）: 无法从LINE_NAME=20kVLINE152解析出主网站映射
2026-09-06 22:19:44 [DEBUG] core.topology_builder: 主配接口降级（非错）: 无法从LINE_NAME=10kVLINE046解析出主网站映射
2026-09-06 22:19:44 [DEBUG] core.topology_builder: 主配接口降级（非错）: 无法从LINE_NAME=10kVLINE045解析出主网站映射
2026-09-06 22:19:44 [DEBUG] core.topology_builder: 主配接口降级（非错）: 无法从LINE_NAME=10kVLINE153解析出主网站映射
2026-09-06 22:19:44 [DEBUG] core.topology_builder: 主配接口降级（非错）: 无法从LINE_NAME=10kVLINE154解析出主网站映射
2026-09-06 22:19:44 [DEBUG] core.topology_builder: 主配接口降级（非错）: 无法从LINE_NAME=10kVLINE155解析出主网站映射
2026-09-06 22:19:44 [DEBUG] core.topology_builder: 主配接口降级（非错）: 无法从LINE_NAME=10kVLINE156解析出主网站映射
2026-09-06 22:19:44 [DEBUG] core.topology_builder: 主配接口降级（非错）: 无法从LINE_NAME=10kVLINE058解析出主网站映射
2026-09-06 22:19:44 [DEBUG] core.topology_builder: 主配接口降级（非错）: 无法从LINE_NAME=10kVLINE059解析出主网站映射
2026-09-06 22:19:44 [DEBUG] core.topology_builder: 主配接口降级（非错）: 无法从LINE_NAME=10kVLINE157解析出主网站映射
2026-09-06 22:19:44 [DEBUG] core.topology_builder: 主配接口降级（非错）: 无法从LINE_NAME=10kVLINE088解析出主网站映射
2026-09-06 22:19:44 [DEBUG] core.topology_builder: 主配接口降级（非错）: 无法从LINE_NAME=10kVLINE121_185解析出主网站映射
2026-09-06 22:19:44 [DEBUG] core.topology_builder: 主配接口降级（非错）: 无法从LINE_NAME=10kVLINE081解析出主网站映射
2026-09-06 22:19:44 [DEBUG] core.topology_builder: 主配接口降级（非错）: 无法从LINE_NAME=10kVLINE158解析出主网站映射
2026-09-06 22:19:44 [DEBUG] core.topology_builder: 主配接口降级（非错）: 无法从LINE_NAME=10kVLINE159解析出主网站映射
2026-09-06 22:19:44 [DEBUG] core.topology_builder: 主配接口降级（非错）: 无法从LINE_NAME=10kVLINE160解析出主网站映射
2026-09-06 22:19:44 [DEBUG] core.topology_builder: 主配接口降级（非错）: 无法从LINE_NAME=10kVLINE161解析出主网站映射
2026-09-06 22:19:44 [DEBUG] core.topology_builder: 主配接口降级（非错）: 无法从LINE_NAME=10kVLINE162解析出主网站映射
2026-09-06 22:19:44 [DEBUG] core.topology_builder: 主配接口降级（非错）: 无法从LINE_NAME=10kVLINE163解析出主网站映射
2026-09-06 22:19:44 [DEBUG] core.topology_builder: 主配接口降级（非错）: 无法从LINE_NAME=10kVLINE164解析出主网站映射
2026-09-06 22:19:44 [DEBUG] core.topology_builder: 主配接口降级（非错）: 无法从LINE_NAME=10kVLINE165解析出主网站映射
2026-09-06 22:19:44 [DEBUG] core.topology_builder: 主配接口降级（非错）: 无法从LINE_NAME=10kVLINE166解析出主网站映射
2026-09-06 22:19:44 [DEBUG] core.topology_builder: 主配接口降级（非错）: 无法从LINE_NAME=10kVLINE167解析出主网站映射
2026-09-06 22:19:44 [DEBUG] core.topology_builder: 主配接口降级（非错）: 无法从LINE_NAME=10kVLINE168解析出主网站映射
2026-09-06 22:19:44 [DEBUG] core.topology_builder: 主配接口降级（非错）: 无法从LINE_NAME=10kVLINE014解析出主网站映射
2026-09-06 22:19:44 [DEBUG] core.topology_builder: 主配接口降级（非错）: 无法从LINE_NAME=10kVLINE169解析出主网站映射
2026-09-06 22:19:44 [DEBUG] core.topology_builder: 主配接口降级（非错）: 无法从LINE_NAME=10kVLINE170解析出主网站映射
2026-09-06 22:19:44 [DEBUG] core.topology_builder: 主配接口降级（非错）: 无法从LINE_NAME=10kVLINE171解析出主网站映射
2026-09-06 22:19:44 [DEBUG] core.topology_builder: 主配接口降级（非错）: 无法从LINE_NAME=10kVLINE172解析出主网站映射
2026-09-06 22:19:44 [DEBUG] core.topology_builder: 主配接口降级（非错）: 无法从LINE_NAME=10kVLINE173解析出主网站映射
2026-09-06 22:19:44 [DEBUG] core.topology_builder: 主配接口降级（非错）: 无法从LINE_NAME=10kVLINE174解析出主网站映射
2026-09-06 22:19:44 [DEBUG] core.topology_builder: 主配接口降级（非错）: 无法从LINE_NAME=10kVLINE175解析出主网站映射
2026-09-06 22:19:44 [DEBUG] core.topology_builder: 主配接口降级（非错）: 无法从LINE_NAME=10kVLINE176解析出主网站映射
2026-09-06 22:19:44 [DEBUG] core.topology_builder: 主配接口降级（非错）: 无法从LINE_NAME=10kVLINE177解析出主网站映射
2026-09-06 22:19:44 [DEBUG] core.topology_builder: 主配接口降级（非错）: 无法从LINE_NAME=10kVLINE044解析出主网站映射
2026-09-06 22:19:44 [DEBUG] core.topology_builder: 主配接口降级（非错）: 无法从LINE_NAME=10kVLINE178解析出主网站映射
2026-09-06 22:19:44 [DEBUG] core.topology_builder: 主配接口降级（非错）: 无法从LINE_NAME=10kVLINE179解析出主网站映射
2026-09-06 22:19:44 [DEBUG] core.topology_builder: 主配接口降级（非错）: 无法从LINE_NAME=10kVLINE180解析出主网站映射
2026-09-06 22:19:44 [DEBUG] core.topology_builder: 主配接口降级（非错）: 无法从LINE_NAME=20kVLINE181解析出主网站映射
2026-09-06 22:19:44 [DEBUG] core.topology_builder: 主配接口降级（非错）: 无法从LINE_NAME=10kVLINE182解析出主网站映射
2026-09-06 22:19:44 [DEBUG] core.topology_builder: 主配接口降级（非错）: 无法从LINE_NAME=10kVLINE183解析出主网站映射
2026-09-06 22:19:44 [DEBUG] core.topology_builder: 主配接口降级（非错）: 无法从LINE_NAME=10kVLINE184解析出主网站映射
2026-09-06 22:19:44 [DEBUG] core.topology_builder: 主配接口降级（非错）: 无法从LINE_NAME=10kVLINE186解析出主网站映射
2026-09-06 22:19:44 [DEBUG] core.topology_builder: 主配接口降级（非错）: 无法从LINE_NAME=10kVLINE187解析出主网站映射
2026-09-06 22:19:44 [DEBUG] core.topology_builder: 主配接口降级（非错）: 无法从LINE_NAME=10kVLINE188解析出主网站映射
2026-09-06 22:19:44 [DEBUG] core.topology_builder: 主配接口降级（非错）: 无法从LINE_NAME=10kVLINE189解析出主网站映射
2026-09-06 22:19:44 [DEBUG] core.topology_builder: 主配接口降级（非错）: 无法从LINE_NAME=10kVLINE190解析出主网站映射
2026-09-06 22:19:44 [DEBUG] core.topology_builder: 主配接口降级（非错）: 无法从LINE_NAME=10kVLINE191解析出主网站映射
2026-09-06 22:19:44 [DEBUG] core.topology_builder: 主配接口降级（非错）: 无法从LINE_NAME=10kVLINE192解析出主网站映射
2026-09-06 22:19:44 [DEBUG] core.topology_builder: 主配接口降级（非错）: 无法从LINE_NAME=10kVLINE193解析出主网站映射
2026-09-06 22:19:44 [DEBUG] core.topology_builder: 主配接口降级（非错）: 无法从LINE_NAME=10kVLINE194解析出主网站映射
2026-09-06 22:19:44 [DEBUG] core.topology_builder: 主配接口降级（非错）: 无法从LINE_NAME=10kVLINE195解析出主网站映射
2026-09-06 22:19:44 [DEBUG] core.topology_builder: 主配接口降级（非错）: 无法从LINE_NAME=10kVLINE196解析出主网站映射
2026-09-06 22:19:44 [DEBUG] core.topology_builder: 主配接口降级（非错）: 无法从LINE_NAME=10kVLINE197解析出主网站映射
2026-09-06 22:19:44 [DEBUG] core.topology_builder: 主配接口降级（非错）: 无法从LINE_NAME=10kVLINE198解析出主网站映射
2026-09-06 22:19:44 [DEBUG] core.topology_builder: 主配接口降级（非错）: 无法从LINE_NAME=10kVLINE199解析出主网站映射
2026-09-06 22:19:44 [DEBUG] core.topology_builder: 主配接口降级（非错）: 无法从LINE_NAME=10kVLINE063解析出主网站映射
2026-09-06 22:19:44 [DEBUG] core.topology_builder: 主配接口降级（非错）: 无法从LINE_NAME=10kVLINE200解析出主网站映射
2026-09-06 22:19:44 [DEBUG] core.topology_builder: 主配接口降级（非错）: 无法从LINE_NAME=10kVLINE201解析出主网站映射
2026-09-06 22:19:44 [DEBUG] core.topology_builder: 主配接口降级（非错）: 无法从LINE_NAME=10kVLINE202解析出主网站映射
2026-09-06 22:19:44 [DEBUG] core.topology_builder: 主配接口降级（非错）: 无法从LINE_NAME=10kVLINE203解析出主网站映射
2026-09-06 22:19:44 [DEBUG] core.topology_builder: 主配接口降级（非错）: 无法从LINE_NAME=10kVLINE204解析出主网站映射
2026-09-06 22:19:44 [DEBUG] core.topology_builder: 主配接口降级（非错）: 无法从LINE_NAME=10kVLINE205解析出主网站映射
2026-09-06 22:19:44 [DEBUG] core.topology_builder: 主配接口降级（非错）: 无法从LINE_NAME=10kVLINE051解析出主网站映射
2026-09-06 22:19:44 [DEBUG] core.topology_builder: 主配接口降级（非错）: 无法从LINE_NAME=10kVLINE187解析出主网站映射
2026-09-06 22:19:44 [DEBUG] core.topology_builder: 主配接口降级（非错）: 无法从LINE_NAME=10kVLINE207解析出主网站映射
2026-09-06 22:19:44 [DEBUG] core.topology_builder: 主配接口降级（非错）: 无法从LINE_NAME=10kVLINE208解析出主网站映射
2026-09-06 22:19:44 [DEBUG] core.topology_builder: 主配接口降级（非错）: 无法从LINE_NAME=10kVLINE209解析出主网站映射
2026-09-06 22:19:44 [DEBUG] core.topology_builder: 主配接口降级（非错）: 无法从LINE_NAME=10kVLINE210解析出主网站映射
2026-09-06 22:19:44 [DEBUG] core.topology_builder: 主配接口降级（非错）: 无法从LINE_NAME=10kVLINE212解析出主网站映射
2026-09-06 22:19:44 [DEBUG] core.topology_builder: 主配接口降级（非错）: 无法从LINE_NAME=10kVLINE213解析出主网站映射
2026-09-06 22:19:44 [DEBUG] core.topology_builder: 主配接口降级（非错）: 无法从LINE_NAME=LINE215解析出主网站映射
2026-09-06 22:19:44 [DEBUG] core.topology_builder: 主配接口降级（非错）: 无法从LINE_NAME=LINE216解析出主网站映射
2026-09-06 22:19:44 [INFO] core.topology_builder: 主配接口校验：通过=184 失败=5
2026-09-06 22:19:44 [INFO] core.topology_builder: [主配接口校验] 4.1/4.2 命中缺陷: 5
2026-09-06 22:21:24 [INFO] core.topology_builder: 主配数据拆分完成：主网设备=1167 配网设备=50744 主网线段=223 配网线段=189 主网站=10 遥信遥测=5829 ZWMEA=442 ZWSIGNAL=1567
2026-09-06 22:21:24 [INFO] core.topology_builder: 主网设备数量：1167
2026-09-06 22:21:24 [INFO] core.topology_builder: 配网设备数量：50744
2026-09-06 22:21:24 [INFO] core.topology_builder: 主网线路(ZLINEEND)数量：223
2026-09-06 22:21:24 [INFO] core.topology_builder: 配网线路(PWFEEDERLINE)数量：189
2026-09-06 22:21:24 [INFO] core.topology_builder: 主网站点(ZWSUBSTATION)数量：10
2026-09-06 22:21:24 [INFO] core.topology_builder: 遥信遥测(PWREAL)记录数：5829
2026-09-06 22:21:24 [INFO] core.topology_builder: 主网遥测(ZWMEA)：442 主网遥信(ZWSIGNAL)：1567
2026-09-06 22:21:24 [INFO] core.topology_builder: [Builder] 正在添加 1167 个主网设备和 50744 个配网设备...
2026-09-06 22:21:24 [INFO] core.topology_builder: 主网电源设备数=47
2026-09-06 22:21:24 [INFO] core.topology_builder: 主网电源设备识别: 47 台
2026-09-06 22:21:26 [DEBUG] core.topology_builder: 已处理 10000 个配网设备
2026-09-06 22:21:27 [DEBUG] core.topology_builder: 已处理 20000 个配网设备
2026-09-06 22:21:29 [DEBUG] core.topology_builder: 已处理 30000 个配网设备
2026-09-06 22:21:31 [DEBUG] core.topology_builder: 已处理 40000 个配网设备
2026-09-06 22:21:32 [DEBUG] core.topology_builder: 已处理 50000 个配网设备
2026-09-06 22:21:32 [INFO] core.topology_builder: 配网电源设备数=17643
2026-09-06 22:21:32 [INFO] core.topology_builder: 配网电源设备识别: 17643 台
2026-09-06 22:21:37 [INFO] core.topology_builder: 主配电源注入（v2-ZWLINEEND映射）: 0 台配网设备接入主网电源
2026-09-06 22:21:37 [INFO] core.topology_builder:   ZWLINEEND 解析出馈线→主网站映射数: 0
2026-09-06 22:21:52 [INFO] core.topology_builder: [Builder] 配网真实端子数量:76354
2026-09-06 22:21:52 [INFO] core.topology_builder: [Builder] 主网真实端子数量:1562
2026-09-06 22:22:04 [INFO] core.topology_builder: [端子建边完成] 配网拓扑边数量：117276
2026-09-06 22:22:04 [INFO] core.topology_builder: [端子建边完成] 主网拓扑边数量：2632
2026-09-06 22:22:16 [INFO] core.measure_preprocess: [MeasurePreprocess] 遥信实测开关数量：6666
2026-09-06 22:22:16 [INFO] core.measure_preprocess: [MeasurePreprocess] 默认合位开关数量：10942
2026-09-06 22:22:16 [INFO] core.topology_builder: [遥信预处理统计] 总开关状态映射条目:17608 实际挂载到设备:16592
2026-09-06 22:22:16 [INFO] core.topology_builder: 遥信实测开关:6666，赛题默认合位推演开关:10942
2026-09-06 22:22:33 [DEBUG] core.topology_builder: 主配接口降级（非错）: 无法从LINE_NAME=10kVLINE098解析出主网站映射
2026-09-06 22:22:33 [DEBUG] core.topology_builder: 主配接口降级（非错）: 无法从LINE_NAME=10kVLINE060解析出主网站映射
2026-09-06 22:22:33 [DEBUG] core.topology_builder: 主配接口降级（非错）: 无法从LINE_NAME=10kVLINE004解析出主网站映射
2026-09-06 22:22:33 [DEBUG] core.topology_builder: 主配接口降级（非错）: 无法从LINE_NAME=10kVLINE082解析出主网站映射
2026-09-06 22:22:33 [DEBUG] core.topology_builder: 主配接口降级（非错）: 无法从LINE_NAME=10kVLINE018解析出主网站映射
2026-09-06 22:22:33 [DEBUG] core.topology_builder: 主配接口降级（非错）: 无法从LINE_NAME=10kVLINE074解析出主网站映射
2026-09-06 22:22:33 [DEBUG] core.topology_builder: 主配接口降级（非错）: 无法从LINE_NAME=10kVLINE099解析出主网站映射
2026-09-06 22:22:33 [DEBUG] core.topology_builder: 主配接口降级（非错）: 无法从LINE_NAME=10kVLINE041解析出主网站映射
2026-09-06 22:22:33 [DEBUG] core.topology_builder: 主配接口降级（非错）: 无法从LINE_NAME=10kVLINE086解析出主网站映射
2026-09-06 22:22:33 [DEBUG] core.topology_builder: 主配接口降级（非错）: 无法从LINE_NAME=10kVLINE073解析出主网站映射
2026-09-06 22:22:33 [DEBUG] core.topology_builder: 主配接口降级（非错）: 无法从LINE_NAME=10kVLINE033解析出主网站映射
2026-09-06 22:22:33 [DEBUG] core.topology_builder: 主配接口降级（非错）: 无法从LINE_NAME=10kVLINE091解析出主网站映射
2026-09-06 22:22:33 [DEBUG] core.topology_builder: 主配接口降级（非错）: 无法从LINE_NAME=10kVLINE100解析出主网站映射
2026-09-06 22:22:33 [DEBUG] core.topology_builder: 主配接口降级（非错）: 无法从LINE_NAME=10kVLINE013解析出主网站映射
2026-09-06 22:22:33 [DEBUG] core.topology_builder: 主配接口降级（非错）: 无法从LINE_NAME=10kVLINE101解析出主网站映射
2026-09-06 22:22:33 [DEBUG] core.topology_builder: 主配接口降级（非错）: 无法从LINE_NAME=10kVLINE035解析出主网站映射
2026-09-06 22:22:33 [DEBUG] core.topology_builder: 主配接口降级（非错）: 无法从LINE_NAME=10kVLINE102解析出主网站映射
2026-09-06 22:22:33 [DEBUG] core.topology_builder: 主配接口降级（非错）: 无法从LINE_NAME=10kVLINE103解析出主网站映射
2026-09-06 22:22:33 [DEBUG] core.topology_builder: 主配接口降级（非错）: 无法从LINE_NAME=10kVLINE055解析出主网站映射
2026-09-06 22:22:33 [DEBUG] core.topology_builder: 主配接口降级（非错）: 无法从LINE_NAME=10kVLINE024解析出主网站映射
2026-09-06 22:22:33 [DEBUG] core.topology_builder: 主配接口降级（非错）: 无法从LINE_NAME=10kVLINE084解析出主网站映射
2026-09-06 22:22:33 [DEBUG] core.topology_builder: 主配接口降级（非错）: 无法从LINE_NAME=10kVLINE087解析出主网站映射
2026-09-06 22:22:33 [DEBUG] core.topology_builder: 主配接口降级（非错）: 无法从LINE_NAME=20kVLINE104解析出主网站映射
2026-09-06 22:22:33 [DEBUG] core.topology_builder: 主配接口降级（非错）: 无法从LINE_NAME=10kVLINE012解析出主网站映射
2026-09-06 22:22:33 [DEBUG] core.topology_builder: 主配接口降级（非错）: 无法从LINE_NAME=10kVLINE105解析出主网站映射
2026-09-06 22:22:33 [DEBUG] core.topology_builder: 主配接口降级（非错）: 无法从LINE_NAME=10kVLINE106解析出主网站映射
2026-09-06 22:22:33 [DEBUG] core.topology_builder: 主配接口降级（非错）: 无法从LINE_NAME=10kVLINE094解析出主网站映射
2026-09-06 22:22:33 [DEBUG] core.topology_builder: 主配接口降级（非错）: 无法从LINE_NAME=10kVLINE107解析出主网站映射
2026-09-06 22:22:33 [DEBUG] core.topology_builder: 主配接口降级（非错）: 无法从LINE_NAME=10kVLINE053解析出主网站映射
2026-09-06 22:22:33 [DEBUG] core.topology_builder: 主配接口降级（非错）: 无法从LINE_NAME=20kVLINE108解析出主网站映射
2026-09-06 22:22:33 [DEBUG] core.topology_builder: 主配接口降级（非错）: 无法从LINE_NAME=20kVLINE109解析出主网站映射
2026-09-06 22:22:33 [DEBUG] core.topology_builder: 主配接口降级（非错）: 无法从LINE_NAME=10kVLINE110解析出主网站映射
2026-09-06 22:22:33 [DEBUG] core.topology_builder: 主配接口降级（非错）: 无法从LINE_NAME=10kVLINE111解析出主网站映射
2026-09-06 22:22:33 [DEBUG] core.topology_builder: 主配接口降级（非错）: 无法从LINE_NAME=10kVLINE112解析出主网站映射
2026-09-06 22:22:33 [DEBUG] core.topology_builder: 主配接口降级（非错）: 无法从LINE_NAME=20kVLINE113解析出主网站映射
2026-09-06 22:22:33 [DEBUG] core.topology_builder: 主配接口降级（非错）: 无法从LINE_NAME=10kVLINE026解析出主网站映射
2026-09-06 22:22:33 [DEBUG] core.topology_builder: 主配接口降级（非错）: 无法从LINE_NAME=10kVLINE048解析出主网站映射
2026-09-06 22:22:33 [DEBUG] core.topology_builder: 主配接口降级（非错）: 无法从LINE_NAME=10kVLINE003解析出主网站映射
2026-09-06 22:22:33 [DEBUG] core.topology_builder: 主配接口降级（非错）: 无法从LINE_NAME=10kVLINE057解析出主网站映射
2026-09-06 22:22:33 [DEBUG] core.topology_builder: 主配接口降级（非错）: 无法从LINE_NAME=10kVLINE077解析出主网站映射
2026-09-06 22:22:33 [DEBUG] core.topology_builder: 主配接口降级（非错）: 无法从LINE_NAME=10kVLINE114解析出主网站映射
2026-09-06 22:22:33 [DEBUG] core.topology_builder: 主配接口降级（非错）: 无法从LINE_NAME=10kVLINE027解析出主网站映射
2026-09-06 22:22:33 [DEBUG] core.topology_builder: 主配接口降级（非错）: 无法从LINE_NAME=10kVLINE115解析出主网站映射
2026-09-06 22:22:33 [DEBUG] core.topology_builder: 主配接口降级（非错）: 无法从LINE_NAME=10kVLINE116解析出主网站映射
2026-09-06 22:22:33 [DEBUG] core.topology_builder: 主配接口降级（非错）: 无法从LINE_NAME=10kVLINE117解析出主网站映射
2026-09-06 22:22:33 [DEBUG] core.topology_builder: 主配接口降级（非错）: 无法从LINE_NAME=10kVLINE118解析出主网站映射
2026-09-06 22:22:33 [DEBUG] core.topology_builder: 主配接口降级（非错）: 无法从LINE_NAME=10kVLINE038解析出主网站映射
2026-09-06 22:22:33 [DEBUG] core.topology_builder: 主配接口降级（非错）: 无法从LINE_NAME=10kVLINE119解析出主网站映射
2026-09-06 22:22:33 [DEBUG] core.topology_builder: 主配接口降级（非错）: 无法从LINE_NAME=20kVLINE120解析出主网站映射
2026-09-06 22:22:33 [DEBUG] core.topology_builder: 主配接口降级（非错）: 无法从LINE_NAME=10kVLINE121_195解析出主网站映射
2026-09-06 22:22:33 [DEBUG] core.topology_builder: 主配接口降级（非错）: 无法从LINE_NAME=10kVLINE076解析出主网站映射
2026-09-06 22:22:33 [DEBUG] core.topology_builder: 主配接口降级（非错）: 无法从LINE_NAME=10kVLINE093解析出主网站映射
2026-09-06 22:22:33 [DEBUG] core.topology_builder: 主配接口降级（非错）: 无法从LINE_NAME=20kVLINE122解析出主网站映射
2026-09-06 22:22:33 [DEBUG] core.topology_builder: 主配接口降级（非错）: 无法从LINE_NAME=10kVLINE123解析出主网站映射
2026-09-06 22:22:33 [DEBUG] core.topology_builder: 主配接口降级（非错）: 无法从LINE_NAME=10kVLINE039解析出主网站映射
2026-09-06 22:22:33 [DEBUG] core.topology_builder: 主配接口降级（非错）: 无法从LINE_NAME=10kVLINE124解析出主网站映射
2026-09-06 22:22:33 [DEBUG] core.topology_builder: 主配接口降级（非错）: 无法从LINE_NAME=10kVLINE125解析出主网站映射
2026-09-06 22:22:33 [DEBUG] core.topology_builder: 主配接口降级（非错）: 无法从LINE_NAME=10kVLINE126解析出主网站映射
2026-09-06 22:22:33 [DEBUG] core.topology_builder: 主配接口降级（非错）: 无法从LINE_NAME=10kVLINE127解析出主网站映射
2026-09-06 22:22:33 [DEBUG] core.topology_builder: 主配接口降级（非错）: 无法从LINE_NAME=10kVLINE089解析出主网站映射
2026-09-06 22:22:33 [DEBUG] core.topology_builder: 主配接口降级（非错）: 无法从LINE_NAME=10kVLINE090解析出主网站映射
2026-09-06 22:22:33 [DEBUG] core.topology_builder: 主配接口降级（非错）: 无法从LINE_NAME=10kVLINE128解析出主网站映射
2026-09-06 22:22:33 [DEBUG] core.topology_builder: 主配接口降级（非错）: 无法从LINE_NAME=10kVLINE037解析出主网站映射
2026-09-06 22:22:33 [DEBUG] core.topology_builder: 主配接口降级（非错）: 无法从LINE_NAME=10kVLINE071解析出主网站映射
2026-09-06 22:22:33 [DEBUG] core.topology_builder: 主配接口降级（非错）: 无法从LINE_NAME=10kVLINE129解析出主网站映射
2026-09-06 22:22:33 [DEBUG] core.topology_builder: 主配接口降级（非错）: 无法从LINE_NAME=10kVLINE009解析出主网站映射
2026-09-06 22:22:33 [DEBUG] core.topology_builder: 主配接口降级（非错）: 无法从LINE_NAME=10kVLINE022解析出主网站映射
2026-09-06 22:22:33 [DEBUG] core.topology_builder: 主配接口降级（非错）: 无法从LINE_NAME=10kVLINE028解析出主网站映射
2026-09-06 22:22:33 [DEBUG] core.topology_builder: 主配接口降级（非错）: 无法从LINE_NAME=10kVLINE019解析出主网站映射
2026-09-06 22:22:33 [DEBUG] core.topology_builder: 主配接口降级（非错）: 无法从LINE_NAME=10kVLINE015解析出主网站映射
2026-09-06 22:22:33 [DEBUG] core.topology_builder: 主配接口降级（非错）: 无法从LINE_NAME=10kVLINE130解析出主网站映射
2026-09-06 22:22:33 [DEBUG] core.topology_builder: 主配接口降级（非错）: 无法从LINE_NAME=10kVLINE131解析出主网站映射
2026-09-06 22:22:33 [DEBUG] core.topology_builder: 主配接口降级（非错）: 无法从LINE_NAME=10kVLINE132解析出主网站映射
2026-09-06 22:22:33 [DEBUG] core.topology_builder: 主配接口降级（非错）: 无法从LINE_NAME=10kVLINE061解析出主网站映射
2026-09-06 22:22:33 [DEBUG] core.topology_builder: 主配接口降级（非错）: 无法从LINE_NAME=10kVLINE133解析出主网站映射
2026-09-06 22:22:33 [DEBUG] core.topology_builder: 主配接口降级（非错）: 无法从LINE_NAME=10kVLINE075解析出主网站映射
2026-09-06 22:22:33 [DEBUG] core.topology_builder: 主配接口降级（非错）: 无法从LINE_NAME=10kVLINE016解析出主网站映射
2026-09-06 22:22:33 [DEBUG] core.topology_builder: 主配接口降级（非错）: 无法从LINE_NAME=10kVLINE134解析出主网站映射
2026-09-06 22:22:33 [DEBUG] core.topology_builder: 主配接口降级（非错）: 无法从LINE_NAME=10kVLINE043解析出主网站映射
2026-09-06 22:22:33 [DEBUG] core.topology_builder: 主配接口降级（非错）: 无法从LINE_NAME=10kVLINE050解析出主网站映射
2026-09-06 22:22:33 [DEBUG] core.topology_builder: 主配接口降级（非错）: 无法从LINE_NAME=10kVLINE054解析出主网站映射
2026-09-06 22:22:33 [DEBUG] core.topology_builder: 主配接口降级（非错）: 无法从LINE_NAME=10kVLINE040解析出主网站映射
2026-09-06 22:22:33 [DEBUG] core.topology_builder: 主配接口降级（非错）: 无法从LINE_NAME=10kVLINE021解析出主网站映射
2026-09-06 22:22:33 [DEBUG] core.topology_builder: 主配接口降级（非错）: 无法从LINE_NAME=10kVLINE023解析出主网站映射
2026-09-06 22:22:33 [DEBUG] core.topology_builder: 主配接口降级（非错）: 无法从LINE_NAME=10kVLINE020解析出主网站映射
2026-09-06 22:22:33 [DEBUG] core.topology_builder: 主配接口降级（非错）: 无法从LINE_NAME=10kVLINE135解析出主网站映射
2026-09-06 22:22:33 [DEBUG] core.topology_builder: 主配接口降级（非错）: 无法从LINE_NAME=10kVLINE136解析出主网站映射
2026-09-06 22:22:33 [DEBUG] core.topology_builder: 主配接口降级（非错）: 无法从LINE_NAME=10kVLINE097解析出主网站映射
2026-09-06 22:22:33 [DEBUG] core.topology_builder: 主配接口降级（非错）: 无法从LINE_NAME=10kVLINE096解析出主网站映射
2026-09-06 22:22:33 [DEBUG] core.topology_builder: 主配接口降级（非错）: 无法从LINE_NAME=10kVLINE137解析出主网站映射
2026-09-06 22:22:33 [DEBUG] core.topology_builder: 主配接口降级（非错）: 无法从LINE_NAME=10kVLINE138解析出主网站映射
2026-09-06 22:22:33 [DEBUG] core.topology_builder: 主配接口降级（非错）: 无法从LINE_NAME=10kVLINE139解析出主网站映射
2026-09-06 22:22:33 [DEBUG] core.topology_builder: 主配接口降级（非错）: 无法从LINE_NAME=10kVLINE140解析出主网站映射
2026-09-06 22:22:33 [DEBUG] core.topology_builder: 主配接口降级（非错）: 无法从LINE_NAME=10kVLINE141解析出主网站映射
2026-09-06 22:22:33 [DEBUG] core.topology_builder: 主配接口降级（非错）: 无法从LINE_NAME=10kVLINE049解析出主网站映射
2026-09-06 22:22:33 [DEBUG] core.topology_builder: 主配接口降级（非错）: 无法从LINE_NAME=10kVLINE142解析出主网站映射
2026-09-06 22:22:33 [DEBUG] core.topology_builder: 主配接口降级（非错）: 无法从LINE_NAME=10kVLINE042解析出主网站映射
2026-09-06 22:22:33 [DEBUG] core.topology_builder: 主配接口降级（非错）: 无法从LINE_NAME=10kVLINE056解析出主网站映射
2026-09-06 22:22:33 [DEBUG] core.topology_builder: 主配接口降级（非错）: 无法从LINE_NAME=10kVLINE143解析出主网站映射
2026-09-06 22:22:33 [DEBUG] core.topology_builder: 主配接口降级（非错）: 无法从LINE_NAME=10kVLINE144解析出主网站映射
2026-09-06 22:22:33 [DEBUG] core.topology_builder: 主配接口降级（非错）: 无法从LINE_NAME=10kVLINE070解析出主网站映射
2026-09-06 22:22:33 [DEBUG] core.topology_builder: 主配接口降级（非错）: 无法从LINE_NAME=10kVLINE069解析出主网站映射
2026-09-06 22:22:33 [DEBUG] core.topology_builder: 主配接口降级（非错）: 无法从LINE_NAME=10kVLINE145解析出主网站映射
2026-09-06 22:22:33 [DEBUG] core.topology_builder: 主配接口降级（非错）: 无法从LINE_NAME=10kVLINE146解析出主网站映射
2026-09-06 22:22:33 [DEBUG] core.topology_builder: 主配接口降级（非错）: 无法从LINE_NAME=10kVLINE147解析出主网站映射
2026-09-06 22:22:33 [DEBUG] core.topology_builder: 主配接口降级（非错）: 无法从LINE_NAME=10kVLINE148解析出主网站映射
2026-09-06 22:22:33 [DEBUG] core.topology_builder: 主配接口降级（非错）: 无法从LINE_NAME=10kVLINE025解析出主网站映射
2026-09-06 22:22:33 [DEBUG] core.topology_builder: 主配接口降级（非错）: 无法从LINE_NAME=20kVLINE149解析出主网站映射
2026-09-06 22:22:33 [DEBUG] core.topology_builder: 主配接口降级（非错）: 无法从LINE_NAME=10kVLINE083解析出主网站映射
2026-09-06 22:22:33 [DEBUG] core.topology_builder: 主配接口降级（非错）: 无法从LINE_NAME=20kVLINE150解析出主网站映射
2026-09-06 22:22:33 [DEBUG] core.topology_builder: 主配接口降级（非错）: 无法从LINE_NAME=20kVLINE151解析出主网站映射
2026-09-06 22:22:33 [DEBUG] core.topology_builder: 主配接口降级（非错）: 无法从LINE_NAME=20kVLINE152解析出主网站映射
2026-09-06 22:22:33 [DEBUG] core.topology_builder: 主配接口降级（非错）: 无法从LINE_NAME=10kVLINE046解析出主网站映射
2026-09-06 22:22:33 [DEBUG] core.topology_builder: 主配接口降级（非错）: 无法从LINE_NAME=10kVLINE045解析出主网站映射
2026-09-06 22:22:33 [DEBUG] core.topology_builder: 主配接口降级（非错）: 无法从LINE_NAME=10kVLINE153解析出主网站映射
2026-09-06 22:22:33 [DEBUG] core.topology_builder: 主配接口降级（非错）: 无法从LINE_NAME=10kVLINE154解析出主网站映射
2026-09-06 22:22:33 [DEBUG] core.topology_builder: 主配接口降级（非错）: 无法从LINE_NAME=10kVLINE155解析出主网站映射
2026-09-06 22:22:33 [DEBUG] core.topology_builder: 主配接口降级（非错）: 无法从LINE_NAME=10kVLINE156解析出主网站映射
2026-09-06 22:22:33 [DEBUG] core.topology_builder: 主配接口降级（非错）: 无法从LINE_NAME=10kVLINE058解析出主网站映射
2026-09-06 22:22:33 [DEBUG] core.topology_builder: 主配接口降级（非错）: 无法从LINE_NAME=10kVLINE059解析出主网站映射
2026-09-06 22:22:33 [DEBUG] core.topology_builder: 主配接口降级（非错）: 无法从LINE_NAME=10kVLINE157解析出主网站映射
2026-09-06 22:22:33 [DEBUG] core.topology_builder: 主配接口降级（非错）: 无法从LINE_NAME=10kVLINE088解析出主网站映射
2026-09-06 22:22:33 [DEBUG] core.topology_builder: 主配接口降级（非错）: 无法从LINE_NAME=10kVLINE121_185解析出主网站映射
2026-09-06 22:22:33 [DEBUG] core.topology_builder: 主配接口降级（非错）: 无法从LINE_NAME=10kVLINE081解析出主网站映射
2026-09-06 22:22:33 [DEBUG] core.topology_builder: 主配接口降级（非错）: 无法从LINE_NAME=10kVLINE158解析出主网站映射
2026-09-06 22:22:33 [DEBUG] core.topology_builder: 主配接口降级（非错）: 无法从LINE_NAME=10kVLINE159解析出主网站映射
2026-09-06 22:22:33 [DEBUG] core.topology_builder: 主配接口降级（非错）: 无法从LINE_NAME=10kVLINE160解析出主网站映射
2026-09-06 22:22:33 [DEBUG] core.topology_builder: 主配接口降级（非错）: 无法从LINE_NAME=10kVLINE161解析出主网站映射
2026-09-06 22:22:33 [DEBUG] core.topology_builder: 主配接口降级（非错）: 无法从LINE_NAME=10kVLINE162解析出主网站映射
2026-09-06 22:22:33 [DEBUG] core.topology_builder: 主配接口降级（非错）: 无法从LINE_NAME=10kVLINE163解析出主网站映射
2026-09-06 22:22:33 [DEBUG] core.topology_builder: 主配接口降级（非错）: 无法从LINE_NAME=10kVLINE164解析出主网站映射
2026-09-06 22:22:33 [DEBUG] core.topology_builder: 主配接口降级（非错）: 无法从LINE_NAME=10kVLINE165解析出主网站映射
2026-09-06 22:22:33 [DEBUG] core.topology_builder: 主配接口降级（非错）: 无法从LINE_NAME=10kVLINE166解析出主网站映射
2026-09-06 22:22:33 [DEBUG] core.topology_builder: 主配接口降级（非错）: 无法从LINE_NAME=10kVLINE167解析出主网站映射
2026-09-06 22:22:33 [DEBUG] core.topology_builder: 主配接口降级（非错）: 无法从LINE_NAME=10kVLINE168解析出主网站映射
2026-09-06 22:22:33 [DEBUG] core.topology_builder: 主配接口降级（非错）: 无法从LINE_NAME=10kVLINE014解析出主网站映射
2026-09-06 22:22:33 [DEBUG] core.topology_builder: 主配接口降级（非错）: 无法从LINE_NAME=10kVLINE169解析出主网站映射
2026-09-06 22:22:33 [DEBUG] core.topology_builder: 主配接口降级（非错）: 无法从LINE_NAME=10kVLINE170解析出主网站映射
2026-09-06 22:22:33 [DEBUG] core.topology_builder: 主配接口降级（非错）: 无法从LINE_NAME=10kVLINE171解析出主网站映射
2026-09-06 22:22:33 [DEBUG] core.topology_builder: 主配接口降级（非错）: 无法从LINE_NAME=10kVLINE172解析出主网站映射
2026-09-06 22:22:33 [DEBUG] core.topology_builder: 主配接口降级（非错）: 无法从LINE_NAME=10kVLINE173解析出主网站映射
2026-09-06 22:22:33 [DEBUG] core.topology_builder: 主配接口降级（非错）: 无法从LINE_NAME=10kVLINE174解析出主网站映射
2026-09-06 22:22:33 [DEBUG] core.topology_builder: 主配接口降级（非错）: 无法从LINE_NAME=10kVLINE175解析出主网站映射
2026-09-06 22:22:33 [DEBUG] core.topology_builder: 主配接口降级（非错）: 无法从LINE_NAME=10kVLINE176解析出主网站映射
2026-09-06 22:22:33 [DEBUG] core.topology_builder: 主配接口降级（非错）: 无法从LINE_NAME=10kVLINE177解析出主网站映射
2026-09-06 22:22:33 [DEBUG] core.topology_builder: 主配接口降级（非错）: 无法从LINE_NAME=10kVLINE044解析出主网站映射
2026-09-06 22:22:33 [DEBUG] core.topology_builder: 主配接口降级（非错）: 无法从LINE_NAME=10kVLINE178解析出主网站映射
2026-09-06 22:22:33 [DEBUG] core.topology_builder: 主配接口降级（非错）: 无法从LINE_NAME=10kVLINE179解析出主网站映射
2026-09-06 22:22:33 [DEBUG] core.topology_builder: 主配接口降级（非错）: 无法从LINE_NAME=10kVLINE180解析出主网站映射
2026-09-06 22:22:33 [DEBUG] core.topology_builder: 主配接口降级（非错）: 无法从LINE_NAME=20kVLINE181解析出主网站映射
2026-09-06 22:22:33 [DEBUG] core.topology_builder: 主配接口降级（非错）: 无法从LINE_NAME=10kVLINE182解析出主网站映射
2026-09-06 22:22:33 [DEBUG] core.topology_builder: 主配接口降级（非错）: 无法从LINE_NAME=10kVLINE183解析出主网站映射
2026-09-06 22:22:33 [DEBUG] core.topology_builder: 主配接口降级（非错）: 无法从LINE_NAME=10kVLINE184解析出主网站映射
2026-09-06 22:22:33 [DEBUG] core.topology_builder: 主配接口降级（非错）: 无法从LINE_NAME=10kVLINE186解析出主网站映射
2026-09-06 22:22:33 [DEBUG] core.topology_builder: 主配接口降级（非错）: 无法从LINE_NAME=10kVLINE187解析出主网站映射
2026-09-06 22:22:33 [DEBUG] core.topology_builder: 主配接口降级（非错）: 无法从LINE_NAME=10kVLINE188解析出主网站映射
2026-09-06 22:22:33 [DEBUG] core.topology_builder: 主配接口降级（非错）: 无法从LINE_NAME=10kVLINE189解析出主网站映射
2026-09-06 22:22:33 [DEBUG] core.topology_builder: 主配接口降级（非错）: 无法从LINE_NAME=10kVLINE190解析出主网站映射
2026-09-06 22:22:33 [DEBUG] core.topology_builder: 主配接口降级（非错）: 无法从LINE_NAME=10kVLINE191解析出主网站映射
2026-09-06 22:22:33 [DEBUG] core.topology_builder: 主配接口降级（非错）: 无法从LINE_NAME=10kVLINE192解析出主网站映射
2026-09-06 22:22:33 [DEBUG] core.topology_builder: 主配接口降级（非错）: 无法从LINE_NAME=10kVLINE193解析出主网站映射
2026-09-06 22:22:33 [DEBUG] core.topology_builder: 主配接口降级（非错）: 无法从LINE_NAME=10kVLINE194解析出主网站映射
2026-09-06 22:22:33 [DEBUG] core.topology_builder: 主配接口降级（非错）: 无法从LINE_NAME=10kVLINE195解析出主网站映射
2026-09-06 22:22:33 [DEBUG] core.topology_builder: 主配接口降级（非错）: 无法从LINE_NAME=10kVLINE196解析出主网站映射
2026-09-06 22:22:33 [DEBUG] core.topology_builder: 主配接口降级（非错）: 无法从LINE_NAME=10kVLINE197解析出主网站映射
2026-09-06 22:22:33 [DEBUG] core.topology_builder: 主配接口降级（非错）: 无法从LINE_NAME=10kVLINE198解析出主网站映射
2026-09-06 22:22:33 [DEBUG] core.topology_builder: 主配接口降级（非错）: 无法从LINE_NAME=10kVLINE199解析出主网站映射
2026-09-06 22:22:33 [DEBUG] core.topology_builder: 主配接口降级（非错）: 无法从LINE_NAME=10kVLINE063解析出主网站映射
2026-09-06 22:22:33 [DEBUG] core.topology_builder: 主配接口降级（非错）: 无法从LINE_NAME=10kVLINE200解析出主网站映射
2026-09-06 22:22:33 [DEBUG] core.topology_builder: 主配接口降级（非错）: 无法从LINE_NAME=10kVLINE201解析出主网站映射
2026-09-06 22:22:33 [DEBUG] core.topology_builder: 主配接口降级（非错）: 无法从LINE_NAME=10kVLINE202解析出主网站映射
2026-09-06 22:22:33 [DEBUG] core.topology_builder: 主配接口降级（非错）: 无法从LINE_NAME=10kVLINE203解析出主网站映射
2026-09-06 22:22:33 [DEBUG] core.topology_builder: 主配接口降级（非错）: 无法从LINE_NAME=10kVLINE204解析出主网站映射
2026-09-06 22:22:33 [DEBUG] core.topology_builder: 主配接口降级（非错）: 无法从LINE_NAME=10kVLINE205解析出主网站映射
2026-09-06 22:22:33 [DEBUG] core.topology_builder: 主配接口降级（非错）: 无法从LINE_NAME=10kVLINE051解析出主网站映射
2026-09-06 22:22:33 [DEBUG] core.topology_builder: 主配接口降级（非错）: 无法从LINE_NAME=10kVLINE187解析出主网站映射
2026-09-06 22:22:33 [DEBUG] core.topology_builder: 主配接口降级（非错）: 无法从LINE_NAME=10kVLINE207解析出主网站映射
2026-09-06 22:22:33 [DEBUG] core.topology_builder: 主配接口降级（非错）: 无法从LINE_NAME=10kVLINE208解析出主网站映射
2026-09-06 22:22:33 [DEBUG] core.topology_builder: 主配接口降级（非错）: 无法从LINE_NAME=10kVLINE209解析出主网站映射
2026-09-06 22:22:33 [DEBUG] core.topology_builder: 主配接口降级（非错）: 无法从LINE_NAME=10kVLINE210解析出主网站映射
2026-09-06 22:22:33 [DEBUG] core.topology_builder: 主配接口降级（非错）: 无法从LINE_NAME=10kVLINE212解析出主网站映射
2026-09-06 22:22:33 [DEBUG] core.topology_builder: 主配接口降级（非错）: 无法从LINE_NAME=10kVLINE213解析出主网站映射
2026-09-06 22:22:33 [DEBUG] core.topology_builder: 主配接口降级（非错）: 无法从LINE_NAME=LINE215解析出主网站映射
2026-09-06 22:22:33 [DEBUG] core.topology_builder: 主配接口降级（非错）: 无法从LINE_NAME=LINE216解析出主网站映射
2026-09-06 22:22:33 [INFO] core.topology_builder: 主配接口校验：通过=184 失败=5
2026-09-06 22:22:33 [INFO] core.topology_builder: [主配接口校验] 4.1/4.2 命中缺陷: 5
2026-09-06 22:22:33 [INFO] core.topology_builder: [电气逻辑校验] RULE-E01~E07 命中:4458
2026-09-06 22:22:33 [INFO] core.topology_builder: 开始执行拓扑异常检测：悬空、孤岛、断点
2026-09-06 22:22:42 [INFO] core.topology_builder: 主网异常数量：0，断点数量：0
2026-09-06 22:22:42 [INFO] core.topology_builder: 配网异常数量：726，断点数量：418
2026-09-06 22:22:57 [DEBUG] core.topology_builder: 主配接口降级（非错）: 无法从LINE_NAME=10kVLINE098解析出主网站映射
2026-09-06 22:22:57 [DEBUG] core.topology_builder: 主配接口降级（非错）: 无法从LINE_NAME=10kVLINE060解析出主网站映射
2026-09-06 22:22:57 [DEBUG] core.topology_builder: 主配接口降级（非错）: 无法从LINE_NAME=10kVLINE004解析出主网站映射
2026-09-06 22:22:57 [DEBUG] core.topology_builder: 主配接口降级（非错）: 无法从LINE_NAME=10kVLINE082解析出主网站映射
2026-09-06 22:22:57 [DEBUG] core.topology_builder: 主配接口降级（非错）: 无法从LINE_NAME=10kVLINE018解析出主网站映射
2026-09-06 22:22:57 [DEBUG] core.topology_builder: 主配接口降级（非错）: 无法从LINE_NAME=10kVLINE074解析出主网站映射
2026-09-06 22:22:57 [DEBUG] core.topology_builder: 主配接口降级（非错）: 无法从LINE_NAME=10kVLINE099解析出主网站映射
2026-09-06 22:22:57 [DEBUG] core.topology_builder: 主配接口降级（非错）: 无法从LINE_NAME=10kVLINE041解析出主网站映射
2026-09-06 22:22:57 [DEBUG] core.topology_builder: 主配接口降级（非错）: 无法从LINE_NAME=10kVLINE086解析出主网站映射
2026-09-06 22:22:57 [DEBUG] core.topology_builder: 主配接口降级（非错）: 无法从LINE_NAME=10kVLINE073解析出主网站映射
2026-09-06 22:22:57 [DEBUG] core.topology_builder: 主配接口降级（非错）: 无法从LINE_NAME=10kVLINE033解析出主网站映射
2026-09-06 22:22:57 [DEBUG] core.topology_builder: 主配接口降级（非错）: 无法从LINE_NAME=10kVLINE091解析出主网站映射
2026-09-06 22:22:57 [DEBUG] core.topology_builder: 主配接口降级（非错）: 无法从LINE_NAME=10kVLINE100解析出主网站映射
2026-09-06 22:22:57 [DEBUG] core.topology_builder: 主配接口降级（非错）: 无法从LINE_NAME=10kVLINE013解析出主网站映射
2026-09-06 22:22:57 [DEBUG] core.topology_builder: 主配接口降级（非错）: 无法从LINE_NAME=10kVLINE101解析出主网站映射
2026-09-06 22:22:57 [DEBUG] core.topology_builder: 主配接口降级（非错）: 无法从LINE_NAME=10kVLINE035解析出主网站映射
2026-09-06 22:22:57 [DEBUG] core.topology_builder: 主配接口降级（非错）: 无法从LINE_NAME=10kVLINE102解析出主网站映射
2026-09-06 22:22:57 [DEBUG] core.topology_builder: 主配接口降级（非错）: 无法从LINE_NAME=10kVLINE103解析出主网站映射
2026-09-06 22:22:57 [DEBUG] core.topology_builder: 主配接口降级（非错）: 无法从LINE_NAME=10kVLINE055解析出主网站映射
2026-09-06 22:22:57 [DEBUG] core.topology_builder: 主配接口降级（非错）: 无法从LINE_NAME=10kVLINE024解析出主网站映射
2026-09-06 22:22:57 [DEBUG] core.topology_builder: 主配接口降级（非错）: 无法从LINE_NAME=10kVLINE084解析出主网站映射
2026-09-06 22:22:57 [DEBUG] core.topology_builder: 主配接口降级（非错）: 无法从LINE_NAME=10kVLINE087解析出主网站映射
2026-09-06 22:22:57 [DEBUG] core.topology_builder: 主配接口降级（非错）: 无法从LINE_NAME=20kVLINE104解析出主网站映射
2026-09-06 22:22:57 [DEBUG] core.topology_builder: 主配接口降级（非错）: 无法从LINE_NAME=10kVLINE012解析出主网站映射
2026-09-06 22:22:57 [DEBUG] core.topology_builder: 主配接口降级（非错）: 无法从LINE_NAME=10kVLINE105解析出主网站映射
2026-09-06 22:22:57 [DEBUG] core.topology_builder: 主配接口降级（非错）: 无法从LINE_NAME=10kVLINE106解析出主网站映射
2026-09-06 22:22:57 [DEBUG] core.topology_builder: 主配接口降级（非错）: 无法从LINE_NAME=10kVLINE094解析出主网站映射
2026-09-06 22:22:57 [DEBUG] core.topology_builder: 主配接口降级（非错）: 无法从LINE_NAME=10kVLINE107解析出主网站映射
2026-09-06 22:22:57 [DEBUG] core.topology_builder: 主配接口降级（非错）: 无法从LINE_NAME=10kVLINE053解析出主网站映射
2026-09-06 22:22:57 [DEBUG] core.topology_builder: 主配接口降级（非错）: 无法从LINE_NAME=20kVLINE108解析出主网站映射
2026-09-06 22:22:57 [DEBUG] core.topology_builder: 主配接口降级（非错）: 无法从LINE_NAME=20kVLINE109解析出主网站映射
2026-09-06 22:22:57 [DEBUG] core.topology_builder: 主配接口降级（非错）: 无法从LINE_NAME=10kVLINE110解析出主网站映射
2026-09-06 22:22:57 [DEBUG] core.topology_builder: 主配接口降级（非错）: 无法从LINE_NAME=10kVLINE111解析出主网站映射
2026-09-06 22:22:57 [DEBUG] core.topology_builder: 主配接口降级（非错）: 无法从LINE_NAME=10kVLINE112解析出主网站映射
2026-09-06 22:22:57 [DEBUG] core.topology_builder: 主配接口降级（非错）: 无法从LINE_NAME=20kVLINE113解析出主网站映射
2026-09-06 22:22:57 [DEBUG] core.topology_builder: 主配接口降级（非错）: 无法从LINE_NAME=10kVLINE026解析出主网站映射
2026-09-06 22:22:57 [DEBUG] core.topology_builder: 主配接口降级（非错）: 无法从LINE_NAME=10kVLINE048解析出主网站映射
2026-09-06 22:22:57 [DEBUG] core.topology_builder: 主配接口降级（非错）: 无法从LINE_NAME=10kVLINE003解析出主网站映射
2026-09-06 22:22:57 [DEBUG] core.topology_builder: 主配接口降级（非错）: 无法从LINE_NAME=10kVLINE057解析出主网站映射
2026-09-06 22:22:57 [DEBUG] core.topology_builder: 主配接口降级（非错）: 无法从LINE_NAME=10kVLINE077解析出主网站映射
2026-09-06 22:22:57 [DEBUG] core.topology_builder: 主配接口降级（非错）: 无法从LINE_NAME=10kVLINE114解析出主网站映射
2026-09-06 22:22:57 [DEBUG] core.topology_builder: 主配接口降级（非错）: 无法从LINE_NAME=10kVLINE027解析出主网站映射
2026-09-06 22:22:57 [DEBUG] core.topology_builder: 主配接口降级（非错）: 无法从LINE_NAME=10kVLINE115解析出主网站映射
2026-09-06 22:22:57 [DEBUG] core.topology_builder: 主配接口降级（非错）: 无法从LINE_NAME=10kVLINE116解析出主网站映射
2026-09-06 22:22:57 [DEBUG] core.topology_builder: 主配接口降级（非错）: 无法从LINE_NAME=10kVLINE117解析出主网站映射
2026-09-06 22:22:57 [DEBUG] core.topology_builder: 主配接口降级（非错）: 无法从LINE_NAME=10kVLINE118解析出主网站映射
2026-09-06 22:22:57 [DEBUG] core.topology_builder: 主配接口降级（非错）: 无法从LINE_NAME=10kVLINE038解析出主网站映射
2026-09-06 22:22:57 [DEBUG] core.topology_builder: 主配接口降级（非错）: 无法从LINE_NAME=10kVLINE119解析出主网站映射
2026-09-06 22:22:57 [DEBUG] core.topology_builder: 主配接口降级（非错）: 无法从LINE_NAME=20kVLINE120解析出主网站映射
2026-09-06 22:22:57 [DEBUG] core.topology_builder: 主配接口降级（非错）: 无法从LINE_NAME=10kVLINE121_195解析出主网站映射
2026-09-06 22:22:57 [DEBUG] core.topology_builder: 主配接口降级（非错）: 无法从LINE_NAME=10kVLINE076解析出主网站映射
2026-09-06 22:22:57 [DEBUG] core.topology_builder: 主配接口降级（非错）: 无法从LINE_NAME=10kVLINE093解析出主网站映射
2026-09-06 22:22:57 [DEBUG] core.topology_builder: 主配接口降级（非错）: 无法从LINE_NAME=20kVLINE122解析出主网站映射
2026-09-06 22:22:57 [DEBUG] core.topology_builder: 主配接口降级（非错）: 无法从LINE_NAME=10kVLINE123解析出主网站映射
2026-09-06 22:22:57 [DEBUG] core.topology_builder: 主配接口降级（非错）: 无法从LINE_NAME=10kVLINE039解析出主网站映射
2026-09-06 22:22:57 [DEBUG] core.topology_builder: 主配接口降级（非错）: 无法从LINE_NAME=10kVLINE124解析出主网站映射
2026-09-06 22:22:57 [DEBUG] core.topology_builder: 主配接口降级（非错）: 无法从LINE_NAME=10kVLINE125解析出主网站映射
2026-09-06 22:22:57 [DEBUG] core.topology_builder: 主配接口降级（非错）: 无法从LINE_NAME=10kVLINE126解析出主网站映射
2026-09-06 22:22:57 [DEBUG] core.topology_builder: 主配接口降级（非错）: 无法从LINE_NAME=10kVLINE127解析出主网站映射
2026-09-06 22:22:57 [DEBUG] core.topology_builder: 主配接口降级（非错）: 无法从LINE_NAME=10kVLINE089解析出主网站映射
2026-09-06 22:22:57 [DEBUG] core.topology_builder: 主配接口降级（非错）: 无法从LINE_NAME=10kVLINE090解析出主网站映射
2026-09-06 22:22:57 [DEBUG] core.topology_builder: 主配接口降级（非错）: 无法从LINE_NAME=10kVLINE128解析出主网站映射
2026-09-06 22:22:57 [DEBUG] core.topology_builder: 主配接口降级（非错）: 无法从LINE_NAME=10kVLINE037解析出主网站映射
2026-09-06 22:22:57 [DEBUG] core.topology_builder: 主配接口降级（非错）: 无法从LINE_NAME=10kVLINE071解析出主网站映射
2026-09-06 22:22:57 [DEBUG] core.topology_builder: 主配接口降级（非错）: 无法从LINE_NAME=10kVLINE129解析出主网站映射
2026-09-06 22:22:57 [DEBUG] core.topology_builder: 主配接口降级（非错）: 无法从LINE_NAME=10kVLINE009解析出主网站映射
2026-09-06 22:22:57 [DEBUG] core.topology_builder: 主配接口降级（非错）: 无法从LINE_NAME=10kVLINE022解析出主网站映射
2026-09-06 22:22:57 [DEBUG] core.topology_builder: 主配接口降级（非错）: 无法从LINE_NAME=10kVLINE028解析出主网站映射
2026-09-06 22:22:57 [DEBUG] core.topology_builder: 主配接口降级（非错）: 无法从LINE_NAME=10kVLINE019解析出主网站映射
2026-09-06 22:22:57 [DEBUG] core.topology_builder: 主配接口降级（非错）: 无法从LINE_NAME=10kVLINE015解析出主网站映射
2026-09-06 22:22:57 [DEBUG] core.topology_builder: 主配接口降级（非错）: 无法从LINE_NAME=10kVLINE130解析出主网站映射
2026-09-06 22:22:57 [DEBUG] core.topology_builder: 主配接口降级（非错）: 无法从LINE_NAME=10kVLINE131解析出主网站映射
2026-09-06 22:22:57 [DEBUG] core.topology_builder: 主配接口降级（非错）: 无法从LINE_NAME=10kVLINE132解析出主网站映射
2026-09-06 22:22:57 [DEBUG] core.topology_builder: 主配接口降级（非错）: 无法从LINE_NAME=10kVLINE061解析出主网站映射
2026-09-06 22:22:58 [DEBUG] core.topology_builder: 主配接口降级（非错）: 无法从LINE_NAME=10kVLINE133解析出主网站映射
2026-09-06 22:22:58 [DEBUG] core.topology_builder: 主配接口降级（非错）: 无法从LINE_NAME=10kVLINE075解析出主网站映射
2026-09-06 22:22:58 [DEBUG] core.topology_builder: 主配接口降级（非错）: 无法从LINE_NAME=10kVLINE016解析出主网站映射
2026-09-06 22:22:58 [DEBUG] core.topology_builder: 主配接口降级（非错）: 无法从LINE_NAME=10kVLINE134解析出主网站映射
2026-09-06 22:22:58 [DEBUG] core.topology_builder: 主配接口降级（非错）: 无法从LINE_NAME=10kVLINE043解析出主网站映射
2026-09-06 22:22:58 [DEBUG] core.topology_builder: 主配接口降级（非错）: 无法从LINE_NAME=10kVLINE050解析出主网站映射
2026-09-06 22:22:58 [DEBUG] core.topology_builder: 主配接口降级（非错）: 无法从LINE_NAME=10kVLINE054解析出主网站映射
2026-09-06 22:22:58 [DEBUG] core.topology_builder: 主配接口降级（非错）: 无法从LINE_NAME=10kVLINE040解析出主网站映射
2026-09-06 22:22:58 [DEBUG] core.topology_builder: 主配接口降级（非错）: 无法从LINE_NAME=10kVLINE021解析出主网站映射
2026-09-06 22:22:58 [DEBUG] core.topology_builder: 主配接口降级（非错）: 无法从LINE_NAME=10kVLINE023解析出主网站映射
2026-09-06 22:22:58 [DEBUG] core.topology_builder: 主配接口降级（非错）: 无法从LINE_NAME=10kVLINE020解析出主网站映射
2026-09-06 22:22:58 [DEBUG] core.topology_builder: 主配接口降级（非错）: 无法从LINE_NAME=10kVLINE135解析出主网站映射
2026-09-06 22:22:58 [DEBUG] core.topology_builder: 主配接口降级（非错）: 无法从LINE_NAME=10kVLINE136解析出主网站映射
2026-09-06 22:22:58 [DEBUG] core.topology_builder: 主配接口降级（非错）: 无法从LINE_NAME=10kVLINE097解析出主网站映射
2026-09-06 22:22:58 [DEBUG] core.topology_builder: 主配接口降级（非错）: 无法从LINE_NAME=10kVLINE096解析出主网站映射
2026-09-06 22:22:58 [DEBUG] core.topology_builder: 主配接口降级（非错）: 无法从LINE_NAME=10kVLINE137解析出主网站映射
2026-09-06 22:22:58 [DEBUG] core.topology_builder: 主配接口降级（非错）: 无法从LINE_NAME=10kVLINE138解析出主网站映射
2026-09-06 22:22:58 [DEBUG] core.topology_builder: 主配接口降级（非错）: 无法从LINE_NAME=10kVLINE139解析出主网站映射
2026-09-06 22:22:58 [DEBUG] core.topology_builder: 主配接口降级（非错）: 无法从LINE_NAME=10kVLINE140解析出主网站映射
2026-09-06 22:22:58 [DEBUG] core.topology_builder: 主配接口降级（非错）: 无法从LINE_NAME=10kVLINE141解析出主网站映射
2026-09-06 22:22:58 [DEBUG] core.topology_builder: 主配接口降级（非错）: 无法从LINE_NAME=10kVLINE049解析出主网站映射
2026-09-06 22:22:58 [DEBUG] core.topology_builder: 主配接口降级（非错）: 无法从LINE_NAME=10kVLINE142解析出主网站映射
2026-09-06 22:22:58 [DEBUG] core.topology_builder: 主配接口降级（非错）: 无法从LINE_NAME=10kVLINE042解析出主网站映射
2026-09-06 22:22:58 [DEBUG] core.topology_builder: 主配接口降级（非错）: 无法从LINE_NAME=10kVLINE056解析出主网站映射
2026-09-06 22:22:58 [DEBUG] core.topology_builder: 主配接口降级（非错）: 无法从LINE_NAME=10kVLINE143解析出主网站映射
2026-09-06 22:22:58 [DEBUG] core.topology_builder: 主配接口降级（非错）: 无法从LINE_NAME=10kVLINE144解析出主网站映射
2026-09-06 22:22:58 [DEBUG] core.topology_builder: 主配接口降级（非错）: 无法从LINE_NAME=10kVLINE070解析出主网站映射
2026-09-06 22:22:58 [DEBUG] core.topology_builder: 主配接口降级（非错）: 无法从LINE_NAME=10kVLINE069解析出主网站映射
2026-09-06 22:22:58 [DEBUG] core.topology_builder: 主配接口降级（非错）: 无法从LINE_NAME=10kVLINE145解析出主网站映射
2026-09-06 22:22:58 [DEBUG] core.topology_builder: 主配接口降级（非错）: 无法从LINE_NAME=10kVLINE146解析出主网站映射
2026-09-06 22:22:58 [DEBUG] core.topology_builder: 主配接口降级（非错）: 无法从LINE_NAME=10kVLINE147解析出主网站映射
2026-09-06 22:22:58 [DEBUG] core.topology_builder: 主配接口降级（非错）: 无法从LINE_NAME=10kVLINE148解析出主网站映射
2026-09-06 22:22:58 [DEBUG] core.topology_builder: 主配接口降级（非错）: 无法从LINE_NAME=10kVLINE025解析出主网站映射
2026-09-06 22:22:58 [DEBUG] core.topology_builder: 主配接口降级（非错）: 无法从LINE_NAME=20kVLINE149解析出主网站映射
2026-09-06 22:22:58 [DEBUG] core.topology_builder: 主配接口降级（非错）: 无法从LINE_NAME=10kVLINE083解析出主网站映射
2026-09-06 22:22:58 [DEBUG] core.topology_builder: 主配接口降级（非错）: 无法从LINE_NAME=20kVLINE150解析出主网站映射
2026-09-06 22:22:58 [DEBUG] core.topology_builder: 主配接口降级（非错）: 无法从LINE_NAME=20kVLINE151解析出主网站映射
2026-09-06 22:22:58 [DEBUG] core.topology_builder: 主配接口降级（非错）: 无法从LINE_NAME=20kVLINE152解析出主网站映射
2026-09-06 22:22:58 [DEBUG] core.topology_builder: 主配接口降级（非错）: 无法从LINE_NAME=10kVLINE046解析出主网站映射
2026-09-06 22:22:58 [DEBUG] core.topology_builder: 主配接口降级（非错）: 无法从LINE_NAME=10kVLINE045解析出主网站映射
2026-09-06 22:22:58 [DEBUG] core.topology_builder: 主配接口降级（非错）: 无法从LINE_NAME=10kVLINE153解析出主网站映射
2026-09-06 22:22:58 [DEBUG] core.topology_builder: 主配接口降级（非错）: 无法从LINE_NAME=10kVLINE154解析出主网站映射
2026-09-06 22:22:58 [DEBUG] core.topology_builder: 主配接口降级（非错）: 无法从LINE_NAME=10kVLINE155解析出主网站映射
2026-09-06 22:22:58 [DEBUG] core.topology_builder: 主配接口降级（非错）: 无法从LINE_NAME=10kVLINE156解析出主网站映射
2026-09-06 22:22:58 [DEBUG] core.topology_builder: 主配接口降级（非错）: 无法从LINE_NAME=10kVLINE058解析出主网站映射
2026-09-06 22:22:58 [DEBUG] core.topology_builder: 主配接口降级（非错）: 无法从LINE_NAME=10kVLINE059解析出主网站映射
2026-09-06 22:22:58 [DEBUG] core.topology_builder: 主配接口降级（非错）: 无法从LINE_NAME=10kVLINE157解析出主网站映射
2026-09-06 22:22:58 [DEBUG] core.topology_builder: 主配接口降级（非错）: 无法从LINE_NAME=10kVLINE088解析出主网站映射
2026-09-06 22:22:58 [DEBUG] core.topology_builder: 主配接口降级（非错）: 无法从LINE_NAME=10kVLINE121_185解析出主网站映射
2026-09-06 22:22:58 [DEBUG] core.topology_builder: 主配接口降级（非错）: 无法从LINE_NAME=10kVLINE081解析出主网站映射
2026-09-06 22:22:58 [DEBUG] core.topology_builder: 主配接口降级（非错）: 无法从LINE_NAME=10kVLINE158解析出主网站映射
2026-09-06 22:22:58 [DEBUG] core.topology_builder: 主配接口降级（非错）: 无法从LINE_NAME=10kVLINE159解析出主网站映射
2026-09-06 22:22:58 [DEBUG] core.topology_builder: 主配接口降级（非错）: 无法从LINE_NAME=10kVLINE160解析出主网站映射
2026-09-06 22:22:58 [DEBUG] core.topology_builder: 主配接口降级（非错）: 无法从LINE_NAME=10kVLINE161解析出主网站映射
2026-09-06 22:22:58 [DEBUG] core.topology_builder: 主配接口降级（非错）: 无法从LINE_NAME=10kVLINE162解析出主网站映射
2026-09-06 22:22:58 [DEBUG] core.topology_builder: 主配接口降级（非错）: 无法从LINE_NAME=10kVLINE163解析出主网站映射
2026-09-06 22:22:58 [DEBUG] core.topology_builder: 主配接口降级（非错）: 无法从LINE_NAME=10kVLINE164解析出主网站映射
2026-09-06 22:22:58 [DEBUG] core.topology_builder: 主配接口降级（非错）: 无法从LINE_NAME=10kVLINE165解析出主网站映射
2026-09-06 22:22:58 [DEBUG] core.topology_builder: 主配接口降级（非错）: 无法从LINE_NAME=10kVLINE166解析出主网站映射
2026-09-06 22:22:58 [DEBUG] core.topology_builder: 主配接口降级（非错）: 无法从LINE_NAME=10kVLINE167解析出主网站映射
2026-09-06 22:22:58 [DEBUG] core.topology_builder: 主配接口降级（非错）: 无法从LINE_NAME=10kVLINE168解析出主网站映射
2026-09-06 22:22:58 [DEBUG] core.topology_builder: 主配接口降级（非错）: 无法从LINE_NAME=10kVLINE014解析出主网站映射
2026-09-06 22:22:58 [DEBUG] core.topology_builder: 主配接口降级（非错）: 无法从LINE_NAME=10kVLINE169解析出主网站映射
2026-09-06 22:22:58 [DEBUG] core.topology_builder: 主配接口降级（非错）: 无法从LINE_NAME=10kVLINE170解析出主网站映射
2026-09-06 22:22:58 [DEBUG] core.topology_builder: 主配接口降级（非错）: 无法从LINE_NAME=10kVLINE171解析出主网站映射
2026-09-06 22:22:58 [DEBUG] core.topology_builder: 主配接口降级（非错）: 无法从LINE_NAME=10kVLINE172解析出主网站映射
2026-09-06 22:22:58 [DEBUG] core.topology_builder: 主配接口降级（非错）: 无法从LINE_NAME=10kVLINE173解析出主网站映射
2026-09-06 22:22:58 [DEBUG] core.topology_builder: 主配接口降级（非错）: 无法从LINE_NAME=10kVLINE174解析出主网站映射
2026-09-06 22:22:58 [DEBUG] core.topology_builder: 主配接口降级（非错）: 无法从LINE_NAME=10kVLINE175解析出主网站映射
2026-09-06 22:22:58 [DEBUG] core.topology_builder: 主配接口降级（非错）: 无法从LINE_NAME=10kVLINE176解析出主网站映射
2026-09-06 22:22:58 [DEBUG] core.topology_builder: 主配接口降级（非错）: 无法从LINE_NAME=10kVLINE177解析出主网站映射
2026-09-06 22:22:58 [DEBUG] core.topology_builder: 主配接口降级（非错）: 无法从LINE_NAME=10kVLINE044解析出主网站映射
2026-09-06 22:22:58 [DEBUG] core.topology_builder: 主配接口降级（非错）: 无法从LINE_NAME=10kVLINE178解析出主网站映射
2026-09-06 22:22:58 [DEBUG] core.topology_builder: 主配接口降级（非错）: 无法从LINE_NAME=10kVLINE179解析出主网站映射
2026-09-06 22:22:58 [DEBUG] core.topology_builder: 主配接口降级（非错）: 无法从LINE_NAME=10kVLINE180解析出主网站映射
2026-09-06 22:22:58 [DEBUG] core.topology_builder: 主配接口降级（非错）: 无法从LINE_NAME=20kVLINE181解析出主网站映射
2026-09-06 22:22:58 [DEBUG] core.topology_builder: 主配接口降级（非错）: 无法从LINE_NAME=10kVLINE182解析出主网站映射
2026-09-06 22:22:58 [DEBUG] core.topology_builder: 主配接口降级（非错）: 无法从LINE_NAME=10kVLINE183解析出主网站映射
2026-09-06 22:22:58 [DEBUG] core.topology_builder: 主配接口降级（非错）: 无法从LINE_NAME=10kVLINE184解析出主网站映射
2026-09-06 22:22:58 [DEBUG] core.topology_builder: 主配接口降级（非错）: 无法从LINE_NAME=10kVLINE186解析出主网站映射
2026-09-06 22:22:58 [DEBUG] core.topology_builder: 主配接口降级（非错）: 无法从LINE_NAME=10kVLINE187解析出主网站映射
2026-09-06 22:22:58 [DEBUG] core.topology_builder: 主配接口降级（非错）: 无法从LINE_NAME=10kVLINE188解析出主网站映射
2026-09-06 22:22:58 [DEBUG] core.topology_builder: 主配接口降级（非错）: 无法从LINE_NAME=10kVLINE189解析出主网站映射
2026-09-06 22:22:58 [DEBUG] core.topology_builder: 主配接口降级（非错）: 无法从LINE_NAME=10kVLINE190解析出主网站映射
2026-09-06 22:22:58 [DEBUG] core.topology_builder: 主配接口降级（非错）: 无法从LINE_NAME=10kVLINE191解析出主网站映射
2026-09-06 22:22:58 [DEBUG] core.topology_builder: 主配接口降级（非错）: 无法从LINE_NAME=10kVLINE192解析出主网站映射
2026-09-06 22:22:58 [DEBUG] core.topology_builder: 主配接口降级（非错）: 无法从LINE_NAME=10kVLINE193解析出主网站映射
2026-09-06 22:22:58 [DEBUG] core.topology_builder: 主配接口降级（非错）: 无法从LINE_NAME=10kVLINE194解析出主网站映射
2026-09-06 22:22:58 [DEBUG] core.topology_builder: 主配接口降级（非错）: 无法从LINE_NAME=10kVLINE195解析出主网站映射
2026-09-06 22:22:58 [DEBUG] core.topology_builder: 主配接口降级（非错）: 无法从LINE_NAME=10kVLINE196解析出主网站映射
2026-09-06 22:22:58 [DEBUG] core.topology_builder: 主配接口降级（非错）: 无法从LINE_NAME=10kVLINE197解析出主网站映射
2026-09-06 22:22:58 [DEBUG] core.topology_builder: 主配接口降级（非错）: 无法从LINE_NAME=10kVLINE198解析出主网站映射
2026-09-06 22:22:58 [DEBUG] core.topology_builder: 主配接口降级（非错）: 无法从LINE_NAME=10kVLINE199解析出主网站映射
2026-09-06 22:22:58 [DEBUG] core.topology_builder: 主配接口降级（非错）: 无法从LINE_NAME=10kVLINE063解析出主网站映射
2026-09-06 22:22:58 [DEBUG] core.topology_builder: 主配接口降级（非错）: 无法从LINE_NAME=10kVLINE200解析出主网站映射
2026-09-06 22:22:58 [DEBUG] core.topology_builder: 主配接口降级（非错）: 无法从LINE_NAME=10kVLINE201解析出主网站映射
2026-09-06 22:22:58 [DEBUG] core.topology_builder: 主配接口降级（非错）: 无法从LINE_NAME=10kVLINE202解析出主网站映射
2026-09-06 22:22:58 [DEBUG] core.topology_builder: 主配接口降级（非错）: 无法从LINE_NAME=10kVLINE203解析出主网站映射
2026-09-06 22:22:58 [DEBUG] core.topology_builder: 主配接口降级（非错）: 无法从LINE_NAME=10kVLINE204解析出主网站映射
2026-09-06 22:22:58 [DEBUG] core.topology_builder: 主配接口降级（非错）: 无法从LINE_NAME=10kVLINE205解析出主网站映射
2026-09-06 22:22:58 [DEBUG] core.topology_builder: 主配接口降级（非错）: 无法从LINE_NAME=10kVLINE051解析出主网站映射
2026-09-06 22:22:58 [DEBUG] core.topology_builder: 主配接口降级（非错）: 无法从LINE_NAME=10kVLINE187解析出主网站映射
2026-09-06 22:22:58 [DEBUG] core.topology_builder: 主配接口降级（非错）: 无法从LINE_NAME=10kVLINE207解析出主网站映射
2026-09-06 22:22:58 [DEBUG] core.topology_builder: 主配接口降级（非错）: 无法从LINE_NAME=10kVLINE208解析出主网站映射
2026-09-06 22:22:58 [DEBUG] core.topology_builder: 主配接口降级（非错）: 无法从LINE_NAME=10kVLINE209解析出主网站映射
2026-09-06 22:22:58 [DEBUG] core.topology_builder: 主配接口降级（非错）: 无法从LINE_NAME=10kVLINE210解析出主网站映射
2026-09-06 22:22:58 [DEBUG] core.topology_builder: 主配接口降级（非错）: 无法从LINE_NAME=10kVLINE212解析出主网站映射
2026-09-06 22:22:58 [DEBUG] core.topology_builder: 主配接口降级（非错）: 无法从LINE_NAME=10kVLINE213解析出主网站映射
2026-09-06 22:22:58 [DEBUG] core.topology_builder: 主配接口降级（非错）: 无法从LINE_NAME=LINE215解析出主网站映射
2026-09-06 22:22:58 [DEBUG] core.topology_builder: 主配接口降级（非错）: 无法从LINE_NAME=LINE216解析出主网站映射
2026-09-06 22:22:58 [INFO] core.topology_builder: 主配接口校验：通过=184 失败=5
2026-09-06 22:22:58 [INFO] core.topology_builder: [主配接口校验] 4.1/4.2 命中缺陷: 5
2026-09-06 22:23:13 [INFO] core.score_engine: 评分结果: 设备=50744 缺陷=5119 扣分=45.00 缺陷率=10.09% 缺陷率扣分=25.44 score_before=29.6 score_after=29.6
2026-09-06 22:23:15 [INFO] core.feeder_topology_analysis: Sheet3 联络开关: feeder=TMP00000188 识别到 1 个联络开关
2026-09-06 22:23:15 [DEBUG] core.feeder_topology_analysis: P1-P7 引擎产生 15 条断点候选
2026-09-06 22:23:15 [INFO] core.feeder_topology_analysis: Sheet2 断点定位: feeder=TMP00000188 共 378 条 (P1-P7 优先级排序)
2026-09-06 22:23:15 [INFO] core.feeder_topology_analysis: Sheet4 合环识别: feeder=TMP00000188 共 2 条
2026-09-06 22:24:05 [INFO] core.score_engine: 评分结果: 设备=50744 缺陷=4754 扣分=45.00 缺陷率=9.37% 缺陷率扣分=21.84 score_before=33.2 score_after=33.2
2026-09-06 22:24:06 [INFO] core.feeder_topology_analysis: Sheet3 联络开关: feeder=TMP00000189 识别到 1 个联络开关
2026-09-06 22:24:06 [DEBUG] core.feeder_topology_analysis: P1-P7 引擎产生 54 条断点候选
2026-09-06 22:24:06 [INFO] core.feeder_topology_analysis: Sheet2 断点定位: feeder=TMP00000189 共 256 条 (P1-P7 优先级排序)
2026-09-06 22:24:06 [INFO] core.feeder_topology_analysis: Sheet4 合环识别: feeder=TMP00000189 共 9 条
2026-09-06 22:25:08 [INFO] core.topology_builder: 主配数据拆分完成：主网设备=1167 配网设备=50744 主网线段=223 配网线段=189 主网站=10 遥信遥测=5829 ZWMEA=442 ZWSIGNAL=1567
2026-09-06 22:25:08 [INFO] core.topology_builder: 主网设备数量：1167
2026-09-06 22:25:08 [INFO] core.topology_builder: 配网设备数量：50744
2026-09-06 22:25:08 [INFO] core.topology_builder: 主网线路(ZLINEEND)数量：223
2026-09-06 22:25:08 [INFO] core.topology_builder: 配网线路(PWFEEDERLINE)数量：189
2026-09-06 22:25:08 [INFO] core.topology_builder: 主网站点(ZWSUBSTATION)数量：10
2026-09-06 22:25:08 [INFO] core.topology_builder: 遥信遥测(PWREAL)记录数：5829
2026-09-06 22:25:08 [INFO] core.topology_builder: 主网遥测(ZWMEA)：442 主网遥信(ZWSIGNAL)：1567
2026-09-06 22:25:08 [INFO] core.topology_builder: [Builder] 正在添加 1167 个主网设备和 50744 个配网设备...
2026-09-06 22:25:08 [INFO] core.topology_builder: 主网电源设备数=47
2026-09-06 22:25:08 [INFO] core.topology_builder: 主网电源设备识别: 47 台
2026-09-06 22:25:10 [DEBUG] core.topology_builder: 已处理 10000 个配网设备
2026-09-06 22:25:11 [DEBUG] core.topology_builder: 已处理 20000 个配网设备
2026-09-06 22:25:13 [DEBUG] core.topology_builder: 已处理 30000 个配网设备
2026-09-06 22:25:15 [DEBUG] core.topology_builder: 已处理 40000 个配网设备
2026-09-06 22:25:16 [DEBUG] core.topology_builder: 已处理 50000 个配网设备
2026-09-06 22:25:16 [INFO] core.topology_builder: 配网电源设备数=17643
2026-09-06 22:25:16 [INFO] core.topology_builder: 配网电源设备识别: 17643 台
2026-09-06 22:25:22 [INFO] core.topology_builder: 主配电源注入（v2-ZWLINEEND映射）: 0 台配网设备接入主网电源
2026-09-06 22:25:22 [INFO] core.topology_builder:   ZWLINEEND 解析出馈线→主网站映射数: 0
2026-09-06 22:25:36 [INFO] core.topology_builder: [Builder] 配网真实端子数量:76354
2026-09-06 22:25:36 [INFO] core.topology_builder: [Builder] 主网真实端子数量:1562
2026-09-06 22:25:49 [INFO] core.topology_builder: [端子建边完成] 配网拓扑边数量：117276
2026-09-06 22:25:49 [INFO] core.topology_builder: [端子建边完成] 主网拓扑边数量：2632
2026-09-06 22:26:02 [INFO] core.measure_preprocess: [MeasurePreprocess] 遥信实测开关数量：6666
2026-09-06 22:26:02 [INFO] core.measure_preprocess: [MeasurePreprocess] 默认合位开关数量：10942
2026-09-06 22:26:02 [INFO] core.topology_builder: [遥信预处理统计] 总开关状态映射条目:17608 实际挂载到设备:16592
2026-09-06 22:26:02 [INFO] core.topology_builder: 遥信实测开关:6666，赛题默认合位推演开关:10942
2026-09-06 22:26:18 [DEBUG] core.topology_builder: 主配接口降级（非错）: 无法从LINE_NAME=10kVLINE098解析出主网站映射
2026-09-06 22:26:18 [DEBUG] core.topology_builder: 主配接口降级（非错）: 无法从LINE_NAME=10kVLINE060解析出主网站映射
2026-09-06 22:26:18 [DEBUG] core.topology_builder: 主配接口降级（非错）: 无法从LINE_NAME=10kVLINE004解析出主网站映射
2026-09-06 22:26:18 [DEBUG] core.topology_builder: 主配接口降级（非错）: 无法从LINE_NAME=10kVLINE082解析出主网站映射
2026-09-06 22:26:18 [DEBUG] core.topology_builder: 主配接口降级（非错）: 无法从LINE_NAME=10kVLINE018解析出主网站映射
2026-09-06 22:26:18 [DEBUG] core.topology_builder: 主配接口降级（非错）: 无法从LINE_NAME=10kVLINE074解析出主网站映射
2026-09-06 22:26:18 [DEBUG] core.topology_builder: 主配接口降级（非错）: 无法从LINE_NAME=10kVLINE099解析出主网站映射
2026-09-06 22:26:18 [DEBUG] core.topology_builder: 主配接口降级（非错）: 无法从LINE_NAME=10kVLINE041解析出主网站映射
2026-09-06 22:26:18 [DEBUG] core.topology_builder: 主配接口降级（非错）: 无法从LINE_NAME=10kVLINE086解析出主网站映射
2026-09-06 22:26:18 [DEBUG] core.topology_builder: 主配接口降级（非错）: 无法从LINE_NAME=10kVLINE073解析出主网站映射
2026-09-06 22:26:18 [DEBUG] core.topology_builder: 主配接口降级（非错）: 无法从LINE_NAME=10kVLINE033解析出主网站映射
2026-09-06 22:26:18 [DEBUG] core.topology_builder: 主配接口降级（非错）: 无法从LINE_NAME=10kVLINE091解析出主网站映射
2026-09-06 22:26:18 [DEBUG] core.topology_builder: 主配接口降级（非错）: 无法从LINE_NAME=10kVLINE100解析出主网站映射
2026-09-06 22:26:18 [DEBUG] core.topology_builder: 主配接口降级（非错）: 无法从LINE_NAME=10kVLINE013解析出主网站映射
2026-09-06 22:26:18 [DEBUG] core.topology_builder: 主配接口降级（非错）: 无法从LINE_NAME=10kVLINE101解析出主网站映射
2026-09-06 22:26:18 [DEBUG] core.topology_builder: 主配接口降级（非错）: 无法从LINE_NAME=10kVLINE035解析出主网站映射
2026-09-06 22:26:18 [DEBUG] core.topology_builder: 主配接口降级（非错）: 无法从LINE_NAME=10kVLINE102解析出主网站映射
2026-09-06 22:26:18 [DEBUG] core.topology_builder: 主配接口降级（非错）: 无法从LINE_NAME=10kVLINE103解析出主网站映射
2026-09-06 22:26:18 [DEBUG] core.topology_builder: 主配接口降级（非错）: 无法从LINE_NAME=10kVLINE055解析出主网站映射
2026-09-06 22:26:18 [DEBUG] core.topology_builder: 主配接口降级（非错）: 无法从LINE_NAME=10kVLINE024解析出主网站映射
2026-09-06 22:26:18 [DEBUG] core.topology_builder: 主配接口降级（非错）: 无法从LINE_NAME=10kVLINE084解析出主网站映射
2026-09-06 22:26:18 [DEBUG] core.topology_builder: 主配接口降级（非错）: 无法从LINE_NAME=10kVLINE087解析出主网站映射
2026-09-06 22:26:18 [DEBUG] core.topology_builder: 主配接口降级（非错）: 无法从LINE_NAME=20kVLINE104解析出主网站映射
2026-09-06 22:26:18 [DEBUG] core.topology_builder: 主配接口降级（非错）: 无法从LINE_NAME=10kVLINE012解析出主网站映射
2026-09-06 22:26:18 [DEBUG] core.topology_builder: 主配接口降级（非错）: 无法从LINE_NAME=10kVLINE105解析出主网站映射
2026-09-06 22:26:18 [DEBUG] core.topology_builder: 主配接口降级（非错）: 无法从LINE_NAME=10kVLINE106解析出主网站映射
2026-09-06 22:26:18 [DEBUG] core.topology_builder: 主配接口降级（非错）: 无法从LINE_NAME=10kVLINE094解析出主网站映射
2026-09-06 22:26:18 [DEBUG] core.topology_builder: 主配接口降级（非错）: 无法从LINE_NAME=10kVLINE107解析出主网站映射
2026-09-06 22:26:18 [DEBUG] core.topology_builder: 主配接口降级（非错）: 无法从LINE_NAME=10kVLINE053解析出主网站映射
2026-09-06 22:26:18 [DEBUG] core.topology_builder: 主配接口降级（非错）: 无法从LINE_NAME=20kVLINE108解析出主网站映射
2026-09-06 22:26:18 [DEBUG] core.topology_builder: 主配接口降级（非错）: 无法从LINE_NAME=20kVLINE109解析出主网站映射
2026-09-06 22:26:18 [DEBUG] core.topology_builder: 主配接口降级（非错）: 无法从LINE_NAME=10kVLINE110解析出主网站映射
2026-09-06 22:26:18 [DEBUG] core.topology_builder: 主配接口降级（非错）: 无法从LINE_NAME=10kVLINE111解析出主网站映射
2026-09-06 22:26:18 [DEBUG] core.topology_builder: 主配接口降级（非错）: 无法从LINE_NAME=10kVLINE112解析出主网站映射
2026-09-06 22:26:18 [DEBUG] core.topology_builder: 主配接口降级（非错）: 无法从LINE_NAME=20kVLINE113解析出主网站映射
2026-09-06 22:26:18 [DEBUG] core.topology_builder: 主配接口降级（非错）: 无法从LINE_NAME=10kVLINE026解析出主网站映射
2026-09-06 22:26:18 [DEBUG] core.topology_builder: 主配接口降级（非错）: 无法从LINE_NAME=10kVLINE048解析出主网站映射
2026-09-06 22:26:18 [DEBUG] core.topology_builder: 主配接口降级（非错）: 无法从LINE_NAME=10kVLINE003解析出主网站映射
2026-09-06 22:26:18 [DEBUG] core.topology_builder: 主配接口降级（非错）: 无法从LINE_NAME=10kVLINE057解析出主网站映射
2026-09-06 22:26:18 [DEBUG] core.topology_builder: 主配接口降级（非错）: 无法从LINE_NAME=10kVLINE077解析出主网站映射
2026-09-06 22:26:18 [DEBUG] core.topology_builder: 主配接口降级（非错）: 无法从LINE_NAME=10kVLINE114解析出主网站映射
2026-09-06 22:26:18 [DEBUG] core.topology_builder: 主配接口降级（非错）: 无法从LINE_NAME=10kVLINE027解析出主网站映射
2026-09-06 22:26:18 [DEBUG] core.topology_builder: 主配接口降级（非错）: 无法从LINE_NAME=10kVLINE115解析出主网站映射
2026-09-06 22:26:18 [DEBUG] core.topology_builder: 主配接口降级（非错）: 无法从LINE_NAME=10kVLINE116解析出主网站映射
2026-09-06 22:26:18 [DEBUG] core.topology_builder: 主配接口降级（非错）: 无法从LINE_NAME=10kVLINE117解析出主网站映射
2026-09-06 22:26:18 [DEBUG] core.topology_builder: 主配接口降级（非错）: 无法从LINE_NAME=10kVLINE118解析出主网站映射
2026-09-06 22:26:18 [DEBUG] core.topology_builder: 主配接口降级（非错）: 无法从LINE_NAME=10kVLINE038解析出主网站映射
2026-09-06 22:26:18 [DEBUG] core.topology_builder: 主配接口降级（非错）: 无法从LINE_NAME=10kVLINE119解析出主网站映射
2026-09-06 22:26:18 [DEBUG] core.topology_builder: 主配接口降级（非错）: 无法从LINE_NAME=20kVLINE120解析出主网站映射
2026-09-06 22:26:18 [DEBUG] core.topology_builder: 主配接口降级（非错）: 无法从LINE_NAME=10kVLINE121_195解析出主网站映射
2026-09-06 22:26:18 [DEBUG] core.topology_builder: 主配接口降级（非错）: 无法从LINE_NAME=10kVLINE076解析出主网站映射
2026-09-06 22:26:18 [DEBUG] core.topology_builder: 主配接口降级（非错）: 无法从LINE_NAME=10kVLINE093解析出主网站映射
2026-09-06 22:26:18 [DEBUG] core.topology_builder: 主配接口降级（非错）: 无法从LINE_NAME=20kVLINE122解析出主网站映射
2026-09-06 22:26:18 [DEBUG] core.topology_builder: 主配接口降级（非错）: 无法从LINE_NAME=10kVLINE123解析出主网站映射
2026-09-06 22:26:18 [DEBUG] core.topology_builder: 主配接口降级（非错）: 无法从LINE_NAME=10kVLINE039解析出主网站映射
2026-09-06 22:26:18 [DEBUG] core.topology_builder: 主配接口降级（非错）: 无法从LINE_NAME=10kVLINE124解析出主网站映射
2026-09-06 22:26:18 [DEBUG] core.topology_builder: 主配接口降级（非错）: 无法从LINE_NAME=10kVLINE125解析出主网站映射
2026-09-06 22:26:18 [DEBUG] core.topology_builder: 主配接口降级（非错）: 无法从LINE_NAME=10kVLINE126解析出主网站映射
2026-09-06 22:26:18 [DEBUG] core.topology_builder: 主配接口降级（非错）: 无法从LINE_NAME=10kVLINE127解析出主网站映射
2026-09-06 22:26:18 [DEBUG] core.topology_builder: 主配接口降级（非错）: 无法从LINE_NAME=10kVLINE089解析出主网站映射
2026-09-06 22:26:18 [DEBUG] core.topology_builder: 主配接口降级（非错）: 无法从LINE_NAME=10kVLINE090解析出主网站映射
2026-09-06 22:26:18 [DEBUG] core.topology_builder: 主配接口降级（非错）: 无法从LINE_NAME=10kVLINE128解析出主网站映射
2026-09-06 22:26:18 [DEBUG] core.topology_builder: 主配接口降级（非错）: 无法从LINE_NAME=10kVLINE037解析出主网站映射
2026-09-06 22:26:18 [DEBUG] core.topology_builder: 主配接口降级（非错）: 无法从LINE_NAME=10kVLINE071解析出主网站映射
2026-09-06 22:26:18 [DEBUG] core.topology_builder: 主配接口降级（非错）: 无法从LINE_NAME=10kVLINE129解析出主网站映射
2026-09-06 22:26:18 [DEBUG] core.topology_builder: 主配接口降级（非错）: 无法从LINE_NAME=10kVLINE009解析出主网站映射
2026-09-06 22:26:18 [DEBUG] core.topology_builder: 主配接口降级（非错）: 无法从LINE_NAME=10kVLINE022解析出主网站映射
2026-09-06 22:26:18 [DEBUG] core.topology_builder: 主配接口降级（非错）: 无法从LINE_NAME=10kVLINE028解析出主网站映射
2026-09-06 22:26:18 [DEBUG] core.topology_builder: 主配接口降级（非错）: 无法从LINE_NAME=10kVLINE019解析出主网站映射
2026-09-06 22:26:18 [DEBUG] core.topology_builder: 主配接口降级（非错）: 无法从LINE_NAME=10kVLINE015解析出主网站映射
2026-09-06 22:26:18 [DEBUG] core.topology_builder: 主配接口降级（非错）: 无法从LINE_NAME=10kVLINE130解析出主网站映射
2026-09-06 22:26:18 [DEBUG] core.topology_builder: 主配接口降级（非错）: 无法从LINE_NAME=10kVLINE131解析出主网站映射
2026-09-06 22:26:18 [DEBUG] core.topology_builder: 主配接口降级（非错）: 无法从LINE_NAME=10kVLINE132解析出主网站映射
2026-09-06 22:26:18 [DEBUG] core.topology_builder: 主配接口降级（非错）: 无法从LINE_NAME=10kVLINE061解析出主网站映射
2026-09-06 22:26:18 [DEBUG] core.topology_builder: 主配接口降级（非错）: 无法从LINE_NAME=10kVLINE133解析出主网站映射
2026-09-06 22:26:18 [DEBUG] core.topology_builder: 主配接口降级（非错）: 无法从LINE_NAME=10kVLINE075解析出主网站映射
2026-09-06 22:26:18 [DEBUG] core.topology_builder: 主配接口降级（非错）: 无法从LINE_NAME=10kVLINE016解析出主网站映射
2026-09-06 22:26:18 [DEBUG] core.topology_builder: 主配接口降级（非错）: 无法从LINE_NAME=10kVLINE134解析出主网站映射
2026-09-06 22:26:18 [DEBUG] core.topology_builder: 主配接口降级（非错）: 无法从LINE_NAME=10kVLINE043解析出主网站映射
2026-09-06 22:26:18 [DEBUG] core.topology_builder: 主配接口降级（非错）: 无法从LINE_NAME=10kVLINE050解析出主网站映射
2026-09-06 22:26:18 [DEBUG] core.topology_builder: 主配接口降级（非错）: 无法从LINE_NAME=10kVLINE054解析出主网站映射
2026-09-06 22:26:18 [DEBUG] core.topology_builder: 主配接口降级（非错）: 无法从LINE_NAME=10kVLINE040解析出主网站映射
2026-09-06 22:26:18 [DEBUG] core.topology_builder: 主配接口降级（非错）: 无法从LINE_NAME=10kVLINE021解析出主网站映射
2026-09-06 22:26:18 [DEBUG] core.topology_builder: 主配接口降级（非错）: 无法从LINE_NAME=10kVLINE023解析出主网站映射
2026-09-06 22:26:18 [DEBUG] core.topology_builder: 主配接口降级（非错）: 无法从LINE_NAME=10kVLINE020解析出主网站映射
2026-09-06 22:26:18 [DEBUG] core.topology_builder: 主配接口降级（非错）: 无法从LINE_NAME=10kVLINE135解析出主网站映射
2026-09-06 22:26:18 [DEBUG] core.topology_builder: 主配接口降级（非错）: 无法从LINE_NAME=10kVLINE136解析出主网站映射
2026-09-06 22:26:18 [DEBUG] core.topology_builder: 主配接口降级（非错）: 无法从LINE_NAME=10kVLINE097解析出主网站映射
2026-09-06 22:26:18 [DEBUG] core.topology_builder: 主配接口降级（非错）: 无法从LINE_NAME=10kVLINE096解析出主网站映射
2026-09-06 22:26:18 [DEBUG] core.topology_builder: 主配接口降级（非错）: 无法从LINE_NAME=10kVLINE137解析出主网站映射
2026-09-06 22:26:18 [DEBUG] core.topology_builder: 主配接口降级（非错）: 无法从LINE_NAME=10kVLINE138解析出主网站映射
2026-09-06 22:26:18 [DEBUG] core.topology_builder: 主配接口降级（非错）: 无法从LINE_NAME=10kVLINE139解析出主网站映射
2026-09-06 22:26:18 [DEBUG] core.topology_builder: 主配接口降级（非错）: 无法从LINE_NAME=10kVLINE140解析出主网站映射
2026-09-06 22:26:18 [DEBUG] core.topology_builder: 主配接口降级（非错）: 无法从LINE_NAME=10kVLINE141解析出主网站映射
2026-09-06 22:26:18 [DEBUG] core.topology_builder: 主配接口降级（非错）: 无法从LINE_NAME=10kVLINE049解析出主网站映射
2026-09-06 22:26:18 [DEBUG] core.topology_builder: 主配接口降级（非错）: 无法从LINE_NAME=10kVLINE142解析出主网站映射
2026-09-06 22:26:18 [DEBUG] core.topology_builder: 主配接口降级（非错）: 无法从LINE_NAME=10kVLINE042解析出主网站映射
2026-09-06 22:26:18 [DEBUG] core.topology_builder: 主配接口降级（非错）: 无法从LINE_NAME=10kVLINE056解析出主网站映射
2026-09-06 22:26:18 [DEBUG] core.topology_builder: 主配接口降级（非错）: 无法从LINE_NAME=10kVLINE143解析出主网站映射
2026-09-06 22:26:18 [DEBUG] core.topology_builder: 主配接口降级（非错）: 无法从LINE_NAME=10kVLINE144解析出主网站映射
2026-09-06 22:26:18 [DEBUG] core.topology_builder: 主配接口降级（非错）: 无法从LINE_NAME=10kVLINE070解析出主网站映射
2026-09-06 22:26:18 [DEBUG] core.topology_builder: 主配接口降级（非错）: 无法从LINE_NAME=10kVLINE069解析出主网站映射
2026-09-06 22:26:18 [DEBUG] core.topology_builder: 主配接口降级（非错）: 无法从LINE_NAME=10kVLINE145解析出主网站映射
2026-09-06 22:26:18 [DEBUG] core.topology_builder: 主配接口降级（非错）: 无法从LINE_NAME=10kVLINE146解析出主网站映射
2026-09-06 22:26:18 [DEBUG] core.topology_builder: 主配接口降级（非错）: 无法从LINE_NAME=10kVLINE147解析出主网站映射
2026-09-06 22:26:18 [DEBUG] core.topology_builder: 主配接口降级（非错）: 无法从LINE_NAME=10kVLINE148解析出主网站映射
2026-09-06 22:26:18 [DEBUG] core.topology_builder: 主配接口降级（非错）: 无法从LINE_NAME=10kVLINE025解析出主网站映射
2026-09-06 22:26:18 [DEBUG] core.topology_builder: 主配接口降级（非错）: 无法从LINE_NAME=20kVLINE149解析出主网站映射
2026-09-06 22:26:18 [DEBUG] core.topology_builder: 主配接口降级（非错）: 无法从LINE_NAME=10kVLINE083解析出主网站映射
2026-09-06 22:26:18 [DEBUG] core.topology_builder: 主配接口降级（非错）: 无法从LINE_NAME=20kVLINE150解析出主网站映射
2026-09-06 22:26:18 [DEBUG] core.topology_builder: 主配接口降级（非错）: 无法从LINE_NAME=20kVLINE151解析出主网站映射
2026-09-06 22:26:18 [DEBUG] core.topology_builder: 主配接口降级（非错）: 无法从LINE_NAME=20kVLINE152解析出主网站映射
2026-09-06 22:26:18 [DEBUG] core.topology_builder: 主配接口降级（非错）: 无法从LINE_NAME=10kVLINE046解析出主网站映射
2026-09-06 22:26:18 [DEBUG] core.topology_builder: 主配接口降级（非错）: 无法从LINE_NAME=10kVLINE045解析出主网站映射
2026-09-06 22:26:18 [DEBUG] core.topology_builder: 主配接口降级（非错）: 无法从LINE_NAME=10kVLINE153解析出主网站映射
2026-09-06 22:26:18 [DEBUG] core.topology_builder: 主配接口降级（非错）: 无法从LINE_NAME=10kVLINE154解析出主网站映射
2026-09-06 22:26:18 [DEBUG] core.topology_builder: 主配接口降级（非错）: 无法从LINE_NAME=10kVLINE155解析出主网站映射
2026-09-06 22:26:18 [DEBUG] core.topology_builder: 主配接口降级（非错）: 无法从LINE_NAME=10kVLINE156解析出主网站映射
2026-09-06 22:26:18 [DEBUG] core.topology_builder: 主配接口降级（非错）: 无法从LINE_NAME=10kVLINE058解析出主网站映射
2026-09-06 22:26:18 [DEBUG] core.topology_builder: 主配接口降级（非错）: 无法从LINE_NAME=10kVLINE059解析出主网站映射
2026-09-06 22:26:18 [DEBUG] core.topology_builder: 主配接口降级（非错）: 无法从LINE_NAME=10kVLINE157解析出主网站映射
2026-09-06 22:26:18 [DEBUG] core.topology_builder: 主配接口降级（非错）: 无法从LINE_NAME=10kVLINE088解析出主网站映射
2026-09-06 22:26:18 [DEBUG] core.topology_builder: 主配接口降级（非错）: 无法从LINE_NAME=10kVLINE121_185解析出主网站映射
2026-09-06 22:26:18 [DEBUG] core.topology_builder: 主配接口降级（非错）: 无法从LINE_NAME=10kVLINE081解析出主网站映射
2026-09-06 22:26:18 [DEBUG] core.topology_builder: 主配接口降级（非错）: 无法从LINE_NAME=10kVLINE158解析出主网站映射
2026-09-06 22:26:18 [DEBUG] core.topology_builder: 主配接口降级（非错）: 无法从LINE_NAME=10kVLINE159解析出主网站映射
2026-09-06 22:26:18 [DEBUG] core.topology_builder: 主配接口降级（非错）: 无法从LINE_NAME=10kVLINE160解析出主网站映射
2026-09-06 22:26:18 [DEBUG] core.topology_builder: 主配接口降级（非错）: 无法从LINE_NAME=10kVLINE161解析出主网站映射
2026-09-06 22:26:18 [DEBUG] core.topology_builder: 主配接口降级（非错）: 无法从LINE_NAME=10kVLINE162解析出主网站映射
2026-09-06 22:26:18 [DEBUG] core.topology_builder: 主配接口降级（非错）: 无法从LINE_NAME=10kVLINE163解析出主网站映射
2026-09-06 22:26:18 [DEBUG] core.topology_builder: 主配接口降级（非错）: 无法从LINE_NAME=10kVLINE164解析出主网站映射
2026-09-06 22:26:18 [DEBUG] core.topology_builder: 主配接口降级（非错）: 无法从LINE_NAME=10kVLINE165解析出主网站映射
2026-09-06 22:26:18 [DEBUG] core.topology_builder: 主配接口降级（非错）: 无法从LINE_NAME=10kVLINE166解析出主网站映射
2026-09-06 22:26:18 [DEBUG] core.topology_builder: 主配接口降级（非错）: 无法从LINE_NAME=10kVLINE167解析出主网站映射
2026-09-06 22:26:18 [DEBUG] core.topology_builder: 主配接口降级（非错）: 无法从LINE_NAME=10kVLINE168解析出主网站映射
2026-09-06 22:26:18 [DEBUG] core.topology_builder: 主配接口降级（非错）: 无法从LINE_NAME=10kVLINE014解析出主网站映射
2026-09-06 22:26:18 [DEBUG] core.topology_builder: 主配接口降级（非错）: 无法从LINE_NAME=10kVLINE169解析出主网站映射
2026-09-06 22:26:18 [DEBUG] core.topology_builder: 主配接口降级（非错）: 无法从LINE_NAME=10kVLINE170解析出主网站映射
2026-09-06 22:26:18 [DEBUG] core.topology_builder: 主配接口降级（非错）: 无法从LINE_NAME=10kVLINE171解析出主网站映射
2026-09-06 22:26:18 [DEBUG] core.topology_builder: 主配接口降级（非错）: 无法从LINE_NAME=10kVLINE172解析出主网站映射
2026-09-06 22:26:18 [DEBUG] core.topology_builder: 主配接口降级（非错）: 无法从LINE_NAME=10kVLINE173解析出主网站映射
2026-09-06 22:26:18 [DEBUG] core.topology_builder: 主配接口降级（非错）: 无法从LINE_NAME=10kVLINE174解析出主网站映射
2026-09-06 22:26:18 [DEBUG] core.topology_builder: 主配接口降级（非错）: 无法从LINE_NAME=10kVLINE175解析出主网站映射
2026-09-06 22:26:18 [DEBUG] core.topology_builder: 主配接口降级（非错）: 无法从LINE_NAME=10kVLINE176解析出主网站映射
2026-09-06 22:26:18 [DEBUG] core.topology_builder: 主配接口降级（非错）: 无法从LINE_NAME=10kVLINE177解析出主网站映射
2026-09-06 22:26:18 [DEBUG] core.topology_builder: 主配接口降级（非错）: 无法从LINE_NAME=10kVLINE044解析出主网站映射
2026-09-06 22:26:18 [DEBUG] core.topology_builder: 主配接口降级（非错）: 无法从LINE_NAME=10kVLINE178解析出主网站映射
2026-09-06 22:26:18 [DEBUG] core.topology_builder: 主配接口降级（非错）: 无法从LINE_NAME=10kVLINE179解析出主网站映射
2026-09-06 22:26:18 [DEBUG] core.topology_builder: 主配接口降级（非错）: 无法从LINE_NAME=10kVLINE180解析出主网站映射
2026-09-06 22:26:18 [DEBUG] core.topology_builder: 主配接口降级（非错）: 无法从LINE_NAME=20kVLINE181解析出主网站映射
2026-09-06 22:26:18 [DEBUG] core.topology_builder: 主配接口降级（非错）: 无法从LINE_NAME=10kVLINE182解析出主网站映射
2026-09-06 22:26:18 [DEBUG] core.topology_builder: 主配接口降级（非错）: 无法从LINE_NAME=10kVLINE183解析出主网站映射
2026-09-06 22:26:18 [DEBUG] core.topology_builder: 主配接口降级（非错）: 无法从LINE_NAME=10kVLINE184解析出主网站映射
2026-09-06 22:26:18 [DEBUG] core.topology_builder: 主配接口降级（非错）: 无法从LINE_NAME=10kVLINE186解析出主网站映射
2026-09-06 22:26:18 [DEBUG] core.topology_builder: 主配接口降级（非错）: 无法从LINE_NAME=10kVLINE187解析出主网站映射
2026-09-06 22:26:18 [DEBUG] core.topology_builder: 主配接口降级（非错）: 无法从LINE_NAME=10kVLINE188解析出主网站映射
2026-09-06 22:26:18 [DEBUG] core.topology_builder: 主配接口降级（非错）: 无法从LINE_NAME=10kVLINE189解析出主网站映射
2026-09-06 22:26:18 [DEBUG] core.topology_builder: 主配接口降级（非错）: 无法从LINE_NAME=10kVLINE190解析出主网站映射
2026-09-06 22:26:18 [DEBUG] core.topology_builder: 主配接口降级（非错）: 无法从LINE_NAME=10kVLINE191解析出主网站映射
2026-09-06 22:26:18 [DEBUG] core.topology_builder: 主配接口降级（非错）: 无法从LINE_NAME=10kVLINE192解析出主网站映射
2026-09-06 22:26:18 [DEBUG] core.topology_builder: 主配接口降级（非错）: 无法从LINE_NAME=10kVLINE193解析出主网站映射
2026-09-06 22:26:18 [DEBUG] core.topology_builder: 主配接口降级（非错）: 无法从LINE_NAME=10kVLINE194解析出主网站映射
2026-09-06 22:26:18 [DEBUG] core.topology_builder: 主配接口降级（非错）: 无法从LINE_NAME=10kVLINE195解析出主网站映射
2026-09-06 22:26:18 [DEBUG] core.topology_builder: 主配接口降级（非错）: 无法从LINE_NAME=10kVLINE196解析出主网站映射
2026-09-06 22:26:18 [DEBUG] core.topology_builder: 主配接口降级（非错）: 无法从LINE_NAME=10kVLINE197解析出主网站映射
2026-09-06 22:26:18 [DEBUG] core.topology_builder: 主配接口降级（非错）: 无法从LINE_NAME=10kVLINE198解析出主网站映射
2026-09-06 22:26:18 [DEBUG] core.topology_builder: 主配接口降级（非错）: 无法从LINE_NAME=10kVLINE199解析出主网站映射
2026-09-06 22:26:18 [DEBUG] core.topology_builder: 主配接口降级（非错）: 无法从LINE_NAME=10kVLINE063解析出主网站映射
2026-09-06 22:26:18 [DEBUG] core.topology_builder: 主配接口降级（非错）: 无法从LINE_NAME=10kVLINE200解析出主网站映射
2026-09-06 22:26:18 [DEBUG] core.topology_builder: 主配接口降级（非错）: 无法从LINE_NAME=10kVLINE201解析出主网站映射
2026-09-06 22:26:18 [DEBUG] core.topology_builder: 主配接口降级（非错）: 无法从LINE_NAME=10kVLINE202解析出主网站映射
2026-09-06 22:26:18 [DEBUG] core.topology_builder: 主配接口降级（非错）: 无法从LINE_NAME=10kVLINE203解析出主网站映射
2026-09-06 22:26:18 [DEBUG] core.topology_builder: 主配接口降级（非错）: 无法从LINE_NAME=10kVLINE204解析出主网站映射
2026-09-06 22:26:18 [DEBUG] core.topology_builder: 主配接口降级（非错）: 无法从LINE_NAME=10kVLINE205解析出主网站映射
2026-09-06 22:26:18 [DEBUG] core.topology_builder: 主配接口降级（非错）: 无法从LINE_NAME=10kVLINE051解析出主网站映射
2026-09-06 22:26:18 [DEBUG] core.topology_builder: 主配接口降级（非错）: 无法从LINE_NAME=10kVLINE187解析出主网站映射
2026-09-06 22:26:18 [DEBUG] core.topology_builder: 主配接口降级（非错）: 无法从LINE_NAME=10kVLINE207解析出主网站映射
2026-09-06 22:26:18 [DEBUG] core.topology_builder: 主配接口降级（非错）: 无法从LINE_NAME=10kVLINE208解析出主网站映射
2026-09-06 22:26:18 [DEBUG] core.topology_builder: 主配接口降级（非错）: 无法从LINE_NAME=10kVLINE209解析出主网站映射
2026-09-06 22:26:18 [DEBUG] core.topology_builder: 主配接口降级（非错）: 无法从LINE_NAME=10kVLINE210解析出主网站映射
2026-09-06 22:26:18 [DEBUG] core.topology_builder: 主配接口降级（非错）: 无法从LINE_NAME=10kVLINE212解析出主网站映射
2026-09-06 22:26:18 [DEBUG] core.topology_builder: 主配接口降级（非错）: 无法从LINE_NAME=10kVLINE213解析出主网站映射
2026-09-06 22:26:18 [DEBUG] core.topology_builder: 主配接口降级（非错）: 无法从LINE_NAME=LINE215解析出主网站映射
2026-09-06 22:26:18 [DEBUG] core.topology_builder: 主配接口降级（非错）: 无法从LINE_NAME=LINE216解析出主网站映射
2026-09-06 22:26:18 [INFO] core.topology_builder: 主配接口校验：通过=184 失败=5
2026-09-06 22:26:18 [INFO] core.topology_builder: [主配接口校验] 4.1/4.2 命中缺陷: 5
2026-09-06 22:26:18 [INFO] core.topology_builder: [电气逻辑校验] RULE-E01~E07 命中:4458
2026-09-06 22:26:18 [INFO] core.topology_builder: 开始执行拓扑异常检测：悬空、孤岛、断点
2026-09-06 22:26:25 [INFO] core.topology_builder: 主网异常数量：0，断点数量：0
2026-09-06 22:26:25 [INFO] core.topology_builder: 配网异常数量：726，断点数量：418
2026-09-06 22:26:40 [INFO] data_io.data_writer: Exported CSV -> C:\Users\1\Desktop\power_topology_verify\output\csv\sample_abnormal.csv (1 rows)
2026-09-06 22:26:40 [INFO] data_io.data_writer: Exported JSON -> C:\Users\1\Desktop\power_topology_verify\output\json\sample_abnormal.json (1 rows)
2026-09-06 22:32:25 [INFO] core.topology_builder: 主配数据拆分完成：主网设备=1167 配网设备=50744 主网线段=223 配网线段=189 主网站=10 遥信遥测=5829 ZWMEA=442 ZWSIGNAL=1567
2026-09-06 22:32:25 [INFO] core.topology_builder: 主网设备数量：1167
2026-09-06 22:32:25 [INFO] core.topology_builder: 配网设备数量：50744
2026-09-06 22:32:25 [INFO] core.topology_builder: 主网线路(ZLINEEND)数量：223
2026-09-06 22:32:25 [INFO] core.topology_builder: 配网线路(PWFEEDERLINE)数量：189
2026-09-06 22:32:25 [INFO] core.topology_builder: 主网站点(ZWSUBSTATION)数量：10
2026-09-06 22:32:25 [INFO] core.topology_builder: 遥信遥测(PWREAL)记录数：5829
2026-09-06 22:32:25 [INFO] core.topology_builder: 主网遥测(ZWMEA)：442 主网遥信(ZWSIGNAL)：1567
2026-09-06 22:32:25 [INFO] core.topology_builder: [Builder] 正在添加 1167 个主网设备和 50744 个配网设备...
2026-09-06 22:32:25 [INFO] core.topology_builder: 主网电源设备数=47
2026-09-06 22:32:25 [INFO] core.topology_builder: 主网电源设备识别: 47 台
2026-09-06 22:32:26 [DEBUG] core.topology_builder: 已处理 10000 个配网设备
2026-09-06 22:32:27 [DEBUG] core.topology_builder: 已处理 20000 个配网设备
2026-09-06 22:32:29 [DEBUG] core.topology_builder: 已处理 30000 个配网设备
2026-09-06 22:32:30 [DEBUG] core.topology_builder: 已处理 40000 个配网设备
2026-09-06 22:32:31 [DEBUG] core.topology_builder: 已处理 50000 个配网设备
2026-09-06 22:32:31 [INFO] core.topology_builder: 配网电源设备数=17643
2026-09-06 22:32:31 [INFO] core.topology_builder: 配网电源设备识别: 17643 台
2026-09-06 22:32:34 [INFO] core.topology_builder: 主配电源注入（v2-ZWLINEEND映射）: 0 台配网设备接入主网电源
2026-09-06 22:32:34 [INFO] core.topology_builder:   ZWLINEEND 解析出馈线→主网站映射数: 0
2026-09-06 22:32:43 [INFO] core.topology_builder: [Builder] 配网真实端子数量:76354
2026-09-06 22:32:43 [INFO] core.topology_builder: [Builder] 主网真实端子数量:1562
2026-09-06 22:32:51 [INFO] core.topology_builder: [端子建边完成] 配网拓扑边数量：117276
2026-09-06 22:32:51 [INFO] core.topology_builder: [端子建边完成] 主网拓扑边数量：2632
2026-09-06 22:32:59 [INFO] core.measure_preprocess: [MeasurePreprocess] 遥信实测开关数量：6666
2026-09-06 22:32:59 [INFO] core.measure_preprocess: [MeasurePreprocess] 默认合位开关数量：10942
2026-09-06 22:32:59 [INFO] core.topology_builder: [遥信预处理统计] 总开关状态映射条目:17608 实际挂载到设备:16592
2026-09-06 22:32:59 [INFO] core.topology_builder: 遥信实测开关:6666，赛题默认合位推演开关:10942
2026-09-06 22:33:10 [DEBUG] core.topology_builder: 主配接口降级（非错）: 无法从LINE_NAME=10kVLINE098解析出主网站映射
2026-09-06 22:33:10 [DEBUG] core.topology_builder: 主配接口降级（非错）: 无法从LINE_NAME=10kVLINE060解析出主网站映射
2026-09-06 22:33:10 [DEBUG] core.topology_builder: 主配接口降级（非错）: 无法从LINE_NAME=10kVLINE004解析出主网站映射
2026-09-06 22:33:10 [DEBUG] core.topology_builder: 主配接口降级（非错）: 无法从LINE_NAME=10kVLINE082解析出主网站映射
2026-09-06 22:33:10 [DEBUG] core.topology_builder: 主配接口降级（非错）: 无法从LINE_NAME=10kVLINE018解析出主网站映射
2026-09-06 22:33:10 [DEBUG] core.topology_builder: 主配接口降级（非错）: 无法从LINE_NAME=10kVLINE074解析出主网站映射
2026-09-06 22:33:10 [DEBUG] core.topology_builder: 主配接口降级（非错）: 无法从LINE_NAME=10kVLINE099解析出主网站映射
2026-09-06 22:33:10 [DEBUG] core.topology_builder: 主配接口降级（非错）: 无法从LINE_NAME=10kVLINE041解析出主网站映射
2026-09-06 22:33:10 [DEBUG] core.topology_builder: 主配接口降级（非错）: 无法从LINE_NAME=10kVLINE086解析出主网站映射
2026-09-06 22:33:10 [DEBUG] core.topology_builder: 主配接口降级（非错）: 无法从LINE_NAME=10kVLINE073解析出主网站映射
2026-09-06 22:33:10 [DEBUG] core.topology_builder: 主配接口降级（非错）: 无法从LINE_NAME=10kVLINE033解析出主网站映射
2026-09-06 22:33:10 [DEBUG] core.topology_builder: 主配接口降级（非错）: 无法从LINE_NAME=10kVLINE091解析出主网站映射
2026-09-06 22:33:10 [DEBUG] core.topology_builder: 主配接口降级（非错）: 无法从LINE_NAME=10kVLINE100解析出主网站映射
2026-09-06 22:33:10 [DEBUG] core.topology_builder: 主配接口降级（非错）: 无法从LINE_NAME=10kVLINE013解析出主网站映射
2026-09-06 22:33:10 [DEBUG] core.topology_builder: 主配接口降级（非错）: 无法从LINE_NAME=10kVLINE101解析出主网站映射
2026-09-06 22:33:10 [DEBUG] core.topology_builder: 主配接口降级（非错）: 无法从LINE_NAME=10kVLINE035解析出主网站映射
2026-09-06 22:33:10 [DEBUG] core.topology_builder: 主配接口降级（非错）: 无法从LINE_NAME=10kVLINE102解析出主网站映射
2026-09-06 22:33:10 [DEBUG] core.topology_builder: 主配接口降级（非错）: 无法从LINE_NAME=10kVLINE103解析出主网站映射
2026-09-06 22:33:10 [DEBUG] core.topology_builder: 主配接口降级（非错）: 无法从LINE_NAME=10kVLINE055解析出主网站映射
2026-09-06 22:33:10 [DEBUG] core.topology_builder: 主配接口降级（非错）: 无法从LINE_NAME=10kVLINE024解析出主网站映射
2026-09-06 22:33:10 [DEBUG] core.topology_builder: 主配接口降级（非错）: 无法从LINE_NAME=10kVLINE084解析出主网站映射
2026-09-06 22:33:10 [DEBUG] core.topology_builder: 主配接口降级（非错）: 无法从LINE_NAME=10kVLINE087解析出主网站映射
2026-09-06 22:33:10 [DEBUG] core.topology_builder: 主配接口降级（非错）: 无法从LINE_NAME=20kVLINE104解析出主网站映射
2026-09-06 22:33:10 [DEBUG] core.topology_builder: 主配接口降级（非错）: 无法从LINE_NAME=10kVLINE012解析出主网站映射
2026-09-06 22:33:10 [DEBUG] core.topology_builder: 主配接口降级（非错）: 无法从LINE_NAME=10kVLINE105解析出主网站映射
2026-09-06 22:33:10 [DEBUG] core.topology_builder: 主配接口降级（非错）: 无法从LINE_NAME=10kVLINE106解析出主网站映射
2026-09-06 22:33:10 [DEBUG] core.topology_builder: 主配接口降级（非错）: 无法从LINE_NAME=10kVLINE094解析出主网站映射
2026-09-06 22:33:10 [DEBUG] core.topology_builder: 主配接口降级（非错）: 无法从LINE_NAME=10kVLINE107解析出主网站映射
2026-09-06 22:33:10 [DEBUG] core.topology_builder: 主配接口降级（非错）: 无法从LINE_NAME=10kVLINE053解析出主网站映射
2026-09-06 22:33:10 [DEBUG] core.topology_builder: 主配接口降级（非错）: 无法从LINE_NAME=20kVLINE108解析出主网站映射
2026-09-06 22:33:10 [DEBUG] core.topology_builder: 主配接口降级（非错）: 无法从LINE_NAME=20kVLINE109解析出主网站映射
2026-09-06 22:33:10 [DEBUG] core.topology_builder: 主配接口降级（非错）: 无法从LINE_NAME=10kVLINE110解析出主网站映射
2026-09-06 22:33:10 [DEBUG] core.topology_builder: 主配接口降级（非错）: 无法从LINE_NAME=10kVLINE111解析出主网站映射
2026-09-06 22:33:10 [DEBUG] core.topology_builder: 主配接口降级（非错）: 无法从LINE_NAME=10kVLINE112解析出主网站映射
2026-09-06 22:33:10 [DEBUG] core.topology_builder: 主配接口降级（非错）: 无法从LINE_NAME=20kVLINE113解析出主网站映射
2026-09-06 22:33:10 [DEBUG] core.topology_builder: 主配接口降级（非错）: 无法从LINE_NAME=10kVLINE026解析出主网站映射
2026-09-06 22:33:10 [DEBUG] core.topology_builder: 主配接口降级（非错）: 无法从LINE_NAME=10kVLINE048解析出主网站映射
2026-09-06 22:33:10 [DEBUG] core.topology_builder: 主配接口降级（非错）: 无法从LINE_NAME=10kVLINE003解析出主网站映射
2026-09-06 22:33:10 [DEBUG] core.topology_builder: 主配接口降级（非错）: 无法从LINE_NAME=10kVLINE057解析出主网站映射
2026-09-06 22:33:10 [DEBUG] core.topology_builder: 主配接口降级（非错）: 无法从LINE_NAME=10kVLINE077解析出主网站映射
2026-09-06 22:33:10 [DEBUG] core.topology_builder: 主配接口降级（非错）: 无法从LINE_NAME=10kVLINE114解析出主网站映射
2026-09-06 22:33:10 [DEBUG] core.topology_builder: 主配接口降级（非错）: 无法从LINE_NAME=10kVLINE027解析出主网站映射
2026-09-06 22:33:10 [DEBUG] core.topology_builder: 主配接口降级（非错）: 无法从LINE_NAME=10kVLINE115解析出主网站映射
2026-09-06 22:33:10 [DEBUG] core.topology_builder: 主配接口降级（非错）: 无法从LINE_NAME=10kVLINE116解析出主网站映射
2026-09-06 22:33:10 [DEBUG] core.topology_builder: 主配接口降级（非错）: 无法从LINE_NAME=10kVLINE117解析出主网站映射
2026-09-06 22:33:10 [DEBUG] core.topology_builder: 主配接口降级（非错）: 无法从LINE_NAME=10kVLINE118解析出主网站映射
2026-09-06 22:33:10 [DEBUG] core.topology_builder: 主配接口降级（非错）: 无法从LINE_NAME=10kVLINE038解析出主网站映射
2026-09-06 22:33:10 [DEBUG] core.topology_builder: 主配接口降级（非错）: 无法从LINE_NAME=10kVLINE119解析出主网站映射
2026-09-06 22:33:10 [DEBUG] core.topology_builder: 主配接口降级（非错）: 无法从LINE_NAME=20kVLINE120解析出主网站映射
2026-09-06 22:33:10 [DEBUG] core.topology_builder: 主配接口降级（非错）: 无法从LINE_NAME=10kVLINE121_195解析出主网站映射
2026-09-06 22:33:10 [DEBUG] core.topology_builder: 主配接口降级（非错）: 无法从LINE_NAME=10kVLINE076解析出主网站映射
2026-09-06 22:33:10 [DEBUG] core.topology_builder: 主配接口降级（非错）: 无法从LINE_NAME=10kVLINE093解析出主网站映射
2026-09-06 22:33:10 [DEBUG] core.topology_builder: 主配接口降级（非错）: 无法从LINE_NAME=20kVLINE122解析出主网站映射
2026-09-06 22:33:10 [DEBUG] core.topology_builder: 主配接口降级（非错）: 无法从LINE_NAME=10kVLINE123解析出主网站映射
2026-09-06 22:33:10 [DEBUG] core.topology_builder: 主配接口降级（非错）: 无法从LINE_NAME=10kVLINE039解析出主网站映射
2026-09-06 22:33:10 [DEBUG] core.topology_builder: 主配接口降级（非错）: 无法从LINE_NAME=10kVLINE124解析出主网站映射
2026-09-06 22:33:10 [DEBUG] core.topology_builder: 主配接口降级（非错）: 无法从LINE_NAME=10kVLINE125解析出主网站映射
2026-09-06 22:33:10 [DEBUG] core.topology_builder: 主配接口降级（非错）: 无法从LINE_NAME=10kVLINE126解析出主网站映射
2026-09-06 22:33:10 [DEBUG] core.topology_builder: 主配接口降级（非错）: 无法从LINE_NAME=10kVLINE127解析出主网站映射
2026-09-06 22:33:10 [DEBUG] core.topology_builder: 主配接口降级（非错）: 无法从LINE_NAME=10kVLINE089解析出主网站映射
2026-09-06 22:33:10 [DEBUG] core.topology_builder: 主配接口降级（非错）: 无法从LINE_NAME=10kVLINE090解析出主网站映射
2026-09-06 22:33:10 [DEBUG] core.topology_builder: 主配接口降级（非错）: 无法从LINE_NAME=10kVLINE128解析出主网站映射
2026-09-06 22:33:10 [DEBUG] core.topology_builder: 主配接口降级（非错）: 无法从LINE_NAME=10kVLINE037解析出主网站映射
2026-09-06 22:33:10 [DEBUG] core.topology_builder: 主配接口降级（非错）: 无法从LINE_NAME=10kVLINE071解析出主网站映射
2026-09-06 22:33:10 [DEBUG] core.topology_builder: 主配接口降级（非错）: 无法从LINE_NAME=10kVLINE129解析出主网站映射
2026-09-06 22:33:10 [DEBUG] core.topology_builder: 主配接口降级（非错）: 无法从LINE_NAME=10kVLINE009解析出主网站映射
2026-09-06 22:33:10 [DEBUG] core.topology_builder: 主配接口降级（非错）: 无法从LINE_NAME=10kVLINE022解析出主网站映射
2026-09-06 22:33:10 [DEBUG] core.topology_builder: 主配接口降级（非错）: 无法从LINE_NAME=10kVLINE028解析出主网站映射
2026-09-06 22:33:10 [DEBUG] core.topology_builder: 主配接口降级（非错）: 无法从LINE_NAME=10kVLINE019解析出主网站映射
2026-09-06 22:33:10 [DEBUG] core.topology_builder: 主配接口降级（非错）: 无法从LINE_NAME=10kVLINE015解析出主网站映射
2026-09-06 22:33:10 [DEBUG] core.topology_builder: 主配接口降级（非错）: 无法从LINE_NAME=10kVLINE130解析出主网站映射
2026-09-06 22:33:10 [DEBUG] core.topology_builder: 主配接口降级（非错）: 无法从LINE_NAME=10kVLINE131解析出主网站映射
2026-09-06 22:33:10 [DEBUG] core.topology_builder: 主配接口降级（非错）: 无法从LINE_NAME=10kVLINE132解析出主网站映射
2026-09-06 22:33:10 [DEBUG] core.topology_builder: 主配接口降级（非错）: 无法从LINE_NAME=10kVLINE061解析出主网站映射
2026-09-06 22:33:10 [DEBUG] core.topology_builder: 主配接口降级（非错）: 无法从LINE_NAME=10kVLINE133解析出主网站映射
2026-09-06 22:33:10 [DEBUG] core.topology_builder: 主配接口降级（非错）: 无法从LINE_NAME=10kVLINE075解析出主网站映射
2026-09-06 22:33:10 [DEBUG] core.topology_builder: 主配接口降级（非错）: 无法从LINE_NAME=10kVLINE016解析出主网站映射
2026-09-06 22:33:10 [DEBUG] core.topology_builder: 主配接口降级（非错）: 无法从LINE_NAME=10kVLINE134解析出主网站映射
2026-09-06 22:33:10 [DEBUG] core.topology_builder: 主配接口降级（非错）: 无法从LINE_NAME=10kVLINE043解析出主网站映射
2026-09-06 22:33:10 [DEBUG] core.topology_builder: 主配接口降级（非错）: 无法从LINE_NAME=10kVLINE050解析出主网站映射
2026-09-06 22:33:10 [DEBUG] core.topology_builder: 主配接口降级（非错）: 无法从LINE_NAME=10kVLINE054解析出主网站映射
2026-09-06 22:33:10 [DEBUG] core.topology_builder: 主配接口降级（非错）: 无法从LINE_NAME=10kVLINE040解析出主网站映射
2026-09-06 22:33:10 [DEBUG] core.topology_builder: 主配接口降级（非错）: 无法从LINE_NAME=10kVLINE021解析出主网站映射
2026-09-06 22:33:10 [DEBUG] core.topology_builder: 主配接口降级（非错）: 无法从LINE_NAME=10kVLINE023解析出主网站映射
2026-09-06 22:33:10 [DEBUG] core.topology_builder: 主配接口降级（非错）: 无法从LINE_NAME=10kVLINE020解析出主网站映射
2026-09-06 22:33:10 [DEBUG] core.topology_builder: 主配接口降级（非错）: 无法从LINE_NAME=10kVLINE135解析出主网站映射
2026-09-06 22:33:10 [DEBUG] core.topology_builder: 主配接口降级（非错）: 无法从LINE_NAME=10kVLINE136解析出主网站映射
2026-09-06 22:33:10 [DEBUG] core.topology_builder: 主配接口降级（非错）: 无法从LINE_NAME=10kVLINE097解析出主网站映射
2026-09-06 22:33:10 [DEBUG] core.topology_builder: 主配接口降级（非错）: 无法从LINE_NAME=10kVLINE096解析出主网站映射
2026-09-06 22:33:10 [DEBUG] core.topology_builder: 主配接口降级（非错）: 无法从LINE_NAME=10kVLINE137解析出主网站映射
2026-09-06 22:33:10 [DEBUG] core.topology_builder: 主配接口降级（非错）: 无法从LINE_NAME=10kVLINE138解析出主网站映射
2026-09-06 22:33:10 [DEBUG] core.topology_builder: 主配接口降级（非错）: 无法从LINE_NAME=10kVLINE139解析出主网站映射
2026-09-06 22:33:10 [DEBUG] core.topology_builder: 主配接口降级（非错）: 无法从LINE_NAME=10kVLINE140解析出主网站映射
2026-09-06 22:33:10 [DEBUG] core.topology_builder: 主配接口降级（非错）: 无法从LINE_NAME=10kVLINE141解析出主网站映射
2026-09-06 22:33:10 [DEBUG] core.topology_builder: 主配接口降级（非错）: 无法从LINE_NAME=10kVLINE049解析出主网站映射
2026-09-06 22:33:10 [DEBUG] core.topology_builder: 主配接口降级（非错）: 无法从LINE_NAME=10kVLINE142解析出主网站映射
2026-09-06 22:33:10 [DEBUG] core.topology_builder: 主配接口降级（非错）: 无法从LINE_NAME=10kVLINE042解析出主网站映射
2026-09-06 22:33:10 [DEBUG] core.topology_builder: 主配接口降级（非错）: 无法从LINE_NAME=10kVLINE056解析出主网站映射
2026-09-06 22:33:10 [DEBUG] core.topology_builder: 主配接口降级（非错）: 无法从LINE_NAME=10kVLINE143解析出主网站映射
2026-09-06 22:33:10 [DEBUG] core.topology_builder: 主配接口降级（非错）: 无法从LINE_NAME=10kVLINE144解析出主网站映射
2026-09-06 22:33:10 [DEBUG] core.topology_builder: 主配接口降级（非错）: 无法从LINE_NAME=10kVLINE070解析出主网站映射
2026-09-06 22:33:10 [DEBUG] core.topology_builder: 主配接口降级（非错）: 无法从LINE_NAME=10kVLINE069解析出主网站映射
2026-09-06 22:33:10 [DEBUG] core.topology_builder: 主配接口降级（非错）: 无法从LINE_NAME=10kVLINE145解析出主网站映射
2026-09-06 22:33:10 [DEBUG] core.topology_builder: 主配接口降级（非错）: 无法从LINE_NAME=10kVLINE146解析出主网站映射
2026-09-06 22:33:10 [DEBUG] core.topology_builder: 主配接口降级（非错）: 无法从LINE_NAME=10kVLINE147解析出主网站映射
2026-09-06 22:33:10 [DEBUG] core.topology_builder: 主配接口降级（非错）: 无法从LINE_NAME=10kVLINE148解析出主网站映射
2026-09-06 22:33:10 [DEBUG] core.topology_builder: 主配接口降级（非错）: 无法从LINE_NAME=10kVLINE025解析出主网站映射
2026-09-06 22:33:10 [DEBUG] core.topology_builder: 主配接口降级（非错）: 无法从LINE_NAME=20kVLINE149解析出主网站映射
2026-09-06 22:33:10 [DEBUG] core.topology_builder: 主配接口降级（非错）: 无法从LINE_NAME=10kVLINE083解析出主网站映射
2026-09-06 22:33:10 [DEBUG] core.topology_builder: 主配接口降级（非错）: 无法从LINE_NAME=20kVLINE150解析出主网站映射
2026-09-06 22:33:10 [DEBUG] core.topology_builder: 主配接口降级（非错）: 无法从LINE_NAME=20kVLINE151解析出主网站映射
2026-09-06 22:33:10 [DEBUG] core.topology_builder: 主配接口降级（非错）: 无法从LINE_NAME=20kVLINE152解析出主网站映射
2026-09-06 22:33:10 [DEBUG] core.topology_builder: 主配接口降级（非错）: 无法从LINE_NAME=10kVLINE046解析出主网站映射
2026-09-06 22:33:10 [DEBUG] core.topology_builder: 主配接口降级（非错）: 无法从LINE_NAME=10kVLINE045解析出主网站映射
2026-09-06 22:33:10 [DEBUG] core.topology_builder: 主配接口降级（非错）: 无法从LINE_NAME=10kVLINE153解析出主网站映射
2026-09-06 22:33:10 [DEBUG] core.topology_builder: 主配接口降级（非错）: 无法从LINE_NAME=10kVLINE154解析出主网站映射
2026-09-06 22:33:10 [DEBUG] core.topology_builder: 主配接口降级（非错）: 无法从LINE_NAME=10kVLINE155解析出主网站映射
2026-09-06 22:33:10 [DEBUG] core.topology_builder: 主配接口降级（非错）: 无法从LINE_NAME=10kVLINE156解析出主网站映射
2026-09-06 22:33:10 [DEBUG] core.topology_builder: 主配接口降级（非错）: 无法从LINE_NAME=10kVLINE058解析出主网站映射
2026-09-06 22:33:10 [DEBUG] core.topology_builder: 主配接口降级（非错）: 无法从LINE_NAME=10kVLINE059解析出主网站映射
2026-09-06 22:33:10 [DEBUG] core.topology_builder: 主配接口降级（非错）: 无法从LINE_NAME=10kVLINE157解析出主网站映射
2026-09-06 22:33:10 [DEBUG] core.topology_builder: 主配接口降级（非错）: 无法从LINE_NAME=10kVLINE088解析出主网站映射
2026-09-06 22:33:10 [DEBUG] core.topology_builder: 主配接口降级（非错）: 无法从LINE_NAME=10kVLINE121_185解析出主网站映射
2026-09-06 22:33:10 [DEBUG] core.topology_builder: 主配接口降级（非错）: 无法从LINE_NAME=10kVLINE081解析出主网站映射
2026-09-06 22:33:10 [DEBUG] core.topology_builder: 主配接口降级（非错）: 无法从LINE_NAME=10kVLINE158解析出主网站映射
2026-09-06 22:33:10 [DEBUG] core.topology_builder: 主配接口降级（非错）: 无法从LINE_NAME=10kVLINE159解析出主网站映射
2026-09-06 22:33:10 [DEBUG] core.topology_builder: 主配接口降级（非错）: 无法从LINE_NAME=10kVLINE160解析出主网站映射
2026-09-06 22:33:10 [DEBUG] core.topology_builder: 主配接口降级（非错）: 无法从LINE_NAME=10kVLINE161解析出主网站映射
2026-09-06 22:33:10 [DEBUG] core.topology_builder: 主配接口降级（非错）: 无法从LINE_NAME=10kVLINE162解析出主网站映射
2026-09-06 22:33:10 [DEBUG] core.topology_builder: 主配接口降级（非错）: 无法从LINE_NAME=10kVLINE163解析出主网站映射
2026-09-06 22:33:10 [DEBUG] core.topology_builder: 主配接口降级（非错）: 无法从LINE_NAME=10kVLINE164解析出主网站映射
2026-09-06 22:33:10 [DEBUG] core.topology_builder: 主配接口降级（非错）: 无法从LINE_NAME=10kVLINE165解析出主网站映射
2026-09-06 22:33:10 [DEBUG] core.topology_builder: 主配接口降级（非错）: 无法从LINE_NAME=10kVLINE166解析出主网站映射
2026-09-06 22:33:10 [DEBUG] core.topology_builder: 主配接口降级（非错）: 无法从LINE_NAME=10kVLINE167解析出主网站映射
2026-09-06 22:33:10 [DEBUG] core.topology_builder: 主配接口降级（非错）: 无法从LINE_NAME=10kVLINE168解析出主网站映射
2026-09-06 22:33:10 [DEBUG] core.topology_builder: 主配接口降级（非错）: 无法从LINE_NAME=10kVLINE014解析出主网站映射
2026-09-06 22:33:10 [DEBUG] core.topology_builder: 主配接口降级（非错）: 无法从LINE_NAME=10kVLINE169解析出主网站映射
2026-09-06 22:33:10 [DEBUG] core.topology_builder: 主配接口降级（非错）: 无法从LINE_NAME=10kVLINE170解析出主网站映射
2026-09-06 22:33:10 [DEBUG] core.topology_builder: 主配接口降级（非错）: 无法从LINE_NAME=10kVLINE171解析出主网站映射
2026-09-06 22:33:10 [DEBUG] core.topology_builder: 主配接口降级（非错）: 无法从LINE_NAME=10kVLINE172解析出主网站映射
2026-09-06 22:33:10 [DEBUG] core.topology_builder: 主配接口降级（非错）: 无法从LINE_NAME=10kVLINE173解析出主网站映射
2026-09-06 22:33:10 [DEBUG] core.topology_builder: 主配接口降级（非错）: 无法从LINE_NAME=10kVLINE174解析出主网站映射
2026-09-06 22:33:10 [DEBUG] core.topology_builder: 主配接口降级（非错）: 无法从LINE_NAME=10kVLINE175解析出主网站映射
2026-09-06 22:33:10 [DEBUG] core.topology_builder: 主配接口降级（非错）: 无法从LINE_NAME=10kVLINE176解析出主网站映射
2026-09-06 22:33:10 [DEBUG] core.topology_builder: 主配接口降级（非错）: 无法从LINE_NAME=10kVLINE177解析出主网站映射
2026-09-06 22:33:10 [DEBUG] core.topology_builder: 主配接口降级（非错）: 无法从LINE_NAME=10kVLINE044解析出主网站映射
2026-09-06 22:33:10 [DEBUG] core.topology_builder: 主配接口降级（非错）: 无法从LINE_NAME=10kVLINE178解析出主网站映射
2026-09-06 22:33:10 [DEBUG] core.topology_builder: 主配接口降级（非错）: 无法从LINE_NAME=10kVLINE179解析出主网站映射
2026-09-06 22:33:10 [DEBUG] core.topology_builder: 主配接口降级（非错）: 无法从LINE_NAME=10kVLINE180解析出主网站映射
2026-09-06 22:33:10 [DEBUG] core.topology_builder: 主配接口降级（非错）: 无法从LINE_NAME=20kVLINE181解析出主网站映射
2026-09-06 22:33:10 [DEBUG] core.topology_builder: 主配接口降级（非错）: 无法从LINE_NAME=10kVLINE182解析出主网站映射
2026-09-06 22:33:10 [DEBUG] core.topology_builder: 主配接口降级（非错）: 无法从LINE_NAME=10kVLINE183解析出主网站映射
2026-09-06 22:33:10 [DEBUG] core.topology_builder: 主配接口降级（非错）: 无法从LINE_NAME=10kVLINE184解析出主网站映射
2026-09-06 22:33:10 [DEBUG] core.topology_builder: 主配接口降级（非错）: 无法从LINE_NAME=10kVLINE186解析出主网站映射
2026-09-06 22:33:10 [DEBUG] core.topology_builder: 主配接口降级（非错）: 无法从LINE_NAME=10kVLINE187解析出主网站映射
2026-09-06 22:33:10 [DEBUG] core.topology_builder: 主配接口降级（非错）: 无法从LINE_NAME=10kVLINE188解析出主网站映射
2026-09-06 22:33:10 [DEBUG] core.topology_builder: 主配接口降级（非错）: 无法从LINE_NAME=10kVLINE189解析出主网站映射
2026-09-06 22:33:10 [DEBUG] core.topology_builder: 主配接口降级（非错）: 无法从LINE_NAME=10kVLINE190解析出主网站映射
2026-09-06 22:33:10 [DEBUG] core.topology_builder: 主配接口降级（非错）: 无法从LINE_NAME=10kVLINE191解析出主网站映射
2026-09-06 22:33:10 [DEBUG] core.topology_builder: 主配接口降级（非错）: 无法从LINE_NAME=10kVLINE192解析出主网站映射
2026-09-06 22:33:10 [DEBUG] core.topology_builder: 主配接口降级（非错）: 无法从LINE_NAME=10kVLINE193解析出主网站映射
2026-09-06 22:33:10 [DEBUG] core.topology_builder: 主配接口降级（非错）: 无法从LINE_NAME=10kVLINE194解析出主网站映射
2026-09-06 22:33:10 [DEBUG] core.topology_builder: 主配接口降级（非错）: 无法从LINE_NAME=10kVLINE195解析出主网站映射
2026-09-06 22:33:10 [DEBUG] core.topology_builder: 主配接口降级（非错）: 无法从LINE_NAME=10kVLINE196解析出主网站映射
2026-09-06 22:33:10 [DEBUG] core.topology_builder: 主配接口降级（非错）: 无法从LINE_NAME=10kVLINE197解析出主网站映射
2026-09-06 22:33:10 [DEBUG] core.topology_builder: 主配接口降级（非错）: 无法从LINE_NAME=10kVLINE198解析出主网站映射
2026-09-06 22:33:10 [DEBUG] core.topology_builder: 主配接口降级（非错）: 无法从LINE_NAME=10kVLINE199解析出主网站映射
2026-09-06 22:33:10 [DEBUG] core.topology_builder: 主配接口降级（非错）: 无法从LINE_NAME=10kVLINE063解析出主网站映射
2026-09-06 22:33:10 [DEBUG] core.topology_builder: 主配接口降级（非错）: 无法从LINE_NAME=10kVLINE200解析出主网站映射
2026-09-06 22:33:10 [DEBUG] core.topology_builder: 主配接口降级（非错）: 无法从LINE_NAME=10kVLINE201解析出主网站映射
2026-09-06 22:33:10 [DEBUG] core.topology_builder: 主配接口降级（非错）: 无法从LINE_NAME=10kVLINE202解析出主网站映射
2026-09-06 22:33:10 [DEBUG] core.topology_builder: 主配接口降级（非错）: 无法从LINE_NAME=10kVLINE203解析出主网站映射
2026-09-06 22:33:10 [DEBUG] core.topology_builder: 主配接口降级（非错）: 无法从LINE_NAME=10kVLINE204解析出主网站映射
2026-09-06 22:33:10 [DEBUG] core.topology_builder: 主配接口降级（非错）: 无法从LINE_NAME=10kVLINE205解析出主网站映射
2026-09-06 22:33:10 [DEBUG] core.topology_builder: 主配接口降级（非错）: 无法从LINE_NAME=10kVLINE051解析出主网站映射
2026-09-06 22:33:10 [DEBUG] core.topology_builder: 主配接口降级（非错）: 无法从LINE_NAME=10kVLINE187解析出主网站映射
2026-09-06 22:33:10 [DEBUG] core.topology_builder: 主配接口降级（非错）: 无法从LINE_NAME=10kVLINE207解析出主网站映射
2026-09-06 22:33:10 [DEBUG] core.topology_builder: 主配接口降级（非错）: 无法从LINE_NAME=10kVLINE208解析出主网站映射
2026-09-06 22:33:10 [DEBUG] core.topology_builder: 主配接口降级（非错）: 无法从LINE_NAME=10kVLINE209解析出主网站映射
2026-09-06 22:33:10 [DEBUG] core.topology_builder: 主配接口降级（非错）: 无法从LINE_NAME=10kVLINE210解析出主网站映射
2026-09-06 22:33:10 [DEBUG] core.topology_builder: 主配接口降级（非错）: 无法从LINE_NAME=10kVLINE212解析出主网站映射
2026-09-06 22:33:10 [DEBUG] core.topology_builder: 主配接口降级（非错）: 无法从LINE_NAME=10kVLINE213解析出主网站映射
2026-09-06 22:33:10 [DEBUG] core.topology_builder: 主配接口降级（非错）: 无法从LINE_NAME=LINE215解析出主网站映射
2026-09-06 22:33:10 [DEBUG] core.topology_builder: 主配接口降级（非错）: 无法从LINE_NAME=LINE216解析出主网站映射
2026-09-06 22:33:10 [INFO] core.topology_builder: 主配接口校验：通过=184 失败=5
2026-09-06 22:33:10 [INFO] core.topology_builder: [主配接口校验] 4.1/4.2 命中缺陷: 5
2026-09-06 22:33:10 [INFO] core.topology_builder: [电气逻辑校验] RULE-E01~E07 命中:4458
2026-09-06 22:33:10 [INFO] core.topology_builder: 开始执行拓扑异常检测：悬空、孤岛、断点
2026-09-06 22:33:15 [INFO] core.topology_builder: 主网异常数量：0，断点数量：0
2026-09-06 22:33:15 [INFO] core.topology_builder: 配网异常数量：726，断点数量：418
2026-09-06 22:33:26 [DEBUG] core.topology_builder: 主配接口降级（非错）: 无法从LINE_NAME=10kVLINE098解析出主网站映射
2026-09-06 22:33:26 [DEBUG] core.topology_builder: 主配接口降级（非错）: 无法从LINE_NAME=10kVLINE060解析出主网站映射
2026-09-06 22:33:26 [DEBUG] core.topology_builder: 主配接口降级（非错）: 无法从LINE_NAME=10kVLINE004解析出主网站映射
2026-09-06 22:33:26 [DEBUG] core.topology_builder: 主配接口降级（非错）: 无法从LINE_NAME=10kVLINE082解析出主网站映射
2026-09-06 22:33:26 [DEBUG] core.topology_builder: 主配接口降级（非错）: 无法从LINE_NAME=10kVLINE018解析出主网站映射
2026-09-06 22:33:26 [DEBUG] core.topology_builder: 主配接口降级（非错）: 无法从LINE_NAME=10kVLINE074解析出主网站映射
2026-09-06 22:33:26 [DEBUG] core.topology_builder: 主配接口降级（非错）: 无法从LINE_NAME=10kVLINE099解析出主网站映射
2026-09-06 22:33:26 [DEBUG] core.topology_builder: 主配接口降级（非错）: 无法从LINE_NAME=10kVLINE041解析出主网站映射
2026-09-06 22:33:26 [DEBUG] core.topology_builder: 主配接口降级（非错）: 无法从LINE_NAME=10kVLINE086解析出主网站映射
2026-09-06 22:33:26 [DEBUG] core.topology_builder: 主配接口降级（非错）: 无法从LINE_NAME=10kVLINE073解析出主网站映射
2026-09-06 22:33:26 [DEBUG] core.topology_builder: 主配接口降级（非错）: 无法从LINE_NAME=10kVLINE033解析出主网站映射
2026-09-06 22:33:26 [DEBUG] core.topology_builder: 主配接口降级（非错）: 无法从LINE_NAME=10kVLINE091解析出主网站映射
2026-09-06 22:33:26 [DEBUG] core.topology_builder: 主配接口降级（非错）: 无法从LINE_NAME=10kVLINE100解析出主网站映射
2026-09-06 22:33:26 [DEBUG] core.topology_builder: 主配接口降级（非错）: 无法从LINE_NAME=10kVLINE013解析出主网站映射
2026-09-06 22:33:26 [DEBUG] core.topology_builder: 主配接口降级（非错）: 无法从LINE_NAME=10kVLINE101解析出主网站映射
2026-09-06 22:33:26 [DEBUG] core.topology_builder: 主配接口降级（非错）: 无法从LINE_NAME=10kVLINE035解析出主网站映射
2026-09-06 22:33:26 [DEBUG] core.topology_builder: 主配接口降级（非错）: 无法从LINE_NAME=10kVLINE102解析出主网站映射
2026-09-06 22:33:26 [DEBUG] core.topology_builder: 主配接口降级（非错）: 无法从LINE_NAME=10kVLINE103解析出主网站映射
2026-09-06 22:33:26 [DEBUG] core.topology_builder: 主配接口降级（非错）: 无法从LINE_NAME=10kVLINE055解析出主网站映射
2026-09-06 22:33:26 [DEBUG] core.topology_builder: 主配接口降级（非错）: 无法从LINE_NAME=10kVLINE024解析出主网站映射
2026-09-06 22:33:26 [DEBUG] core.topology_builder: 主配接口降级（非错）: 无法从LINE_NAME=10kVLINE084解析出主网站映射
2026-09-06 22:33:26 [DEBUG] core.topology_builder: 主配接口降级（非错）: 无法从LINE_NAME=10kVLINE087解析出主网站映射
2026-09-06 22:33:26 [DEBUG] core.topology_builder: 主配接口降级（非错）: 无法从LINE_NAME=20kVLINE104解析出主网站映射
2026-09-06 22:33:26 [DEBUG] core.topology_builder: 主配接口降级（非错）: 无法从LINE_NAME=10kVLINE012解析出主网站映射
2026-09-06 22:33:26 [DEBUG] core.topology_builder: 主配接口降级（非错）: 无法从LINE_NAME=10kVLINE105解析出主网站映射
2026-09-06 22:33:26 [DEBUG] core.topology_builder: 主配接口降级（非错）: 无法从LINE_NAME=10kVLINE106解析出主网站映射
2026-09-06 22:33:26 [DEBUG] core.topology_builder: 主配接口降级（非错）: 无法从LINE_NAME=10kVLINE094解析出主网站映射
2026-09-06 22:33:26 [DEBUG] core.topology_builder: 主配接口降级（非错）: 无法从LINE_NAME=10kVLINE107解析出主网站映射
2026-09-06 22:33:26 [DEBUG] core.topology_builder: 主配接口降级（非错）: 无法从LINE_NAME=10kVLINE053解析出主网站映射
2026-09-06 22:33:26 [DEBUG] core.topology_builder: 主配接口降级（非错）: 无法从LINE_NAME=20kVLINE108解析出主网站映射
2026-09-06 22:33:26 [DEBUG] core.topology_builder: 主配接口降级（非错）: 无法从LINE_NAME=20kVLINE109解析出主网站映射
2026-09-06 22:33:26 [DEBUG] core.topology_builder: 主配接口降级（非错）: 无法从LINE_NAME=10kVLINE110解析出主网站映射
2026-09-06 22:33:26 [DEBUG] core.topology_builder: 主配接口降级（非错）: 无法从LINE_NAME=10kVLINE111解析出主网站映射
2026-09-06 22:33:26 [DEBUG] core.topology_builder: 主配接口降级（非错）: 无法从LINE_NAME=10kVLINE112解析出主网站映射
2026-09-06 22:33:26 [DEBUG] core.topology_builder: 主配接口降级（非错）: 无法从LINE_NAME=20kVLINE113解析出主网站映射
2026-09-06 22:33:26 [DEBUG] core.topology_builder: 主配接口降级（非错）: 无法从LINE_NAME=10kVLINE026解析出主网站映射
2026-09-06 22:33:26 [DEBUG] core.topology_builder: 主配接口降级（非错）: 无法从LINE_NAME=10kVLINE048解析出主网站映射
2026-09-06 22:33:26 [DEBUG] core.topology_builder: 主配接口降级（非错）: 无法从LINE_NAME=10kVLINE003解析出主网站映射
2026-09-06 22:33:26 [DEBUG] core.topology_builder: 主配接口降级（非错）: 无法从LINE_NAME=10kVLINE057解析出主网站映射
2026-09-06 22:33:26 [DEBUG] core.topology_builder: 主配接口降级（非错）: 无法从LINE_NAME=10kVLINE077解析出主网站映射
2026-09-06 22:33:26 [DEBUG] core.topology_builder: 主配接口降级（非错）: 无法从LINE_NAME=10kVLINE114解析出主网站映射
2026-09-06 22:33:26 [DEBUG] core.topology_builder: 主配接口降级（非错）: 无法从LINE_NAME=10kVLINE027解析出主网站映射
2026-09-06 22:33:26 [DEBUG] core.topology_builder: 主配接口降级（非错）: 无法从LINE_NAME=10kVLINE115解析出主网站映射
2026-09-06 22:33:26 [DEBUG] core.topology_builder: 主配接口降级（非错）: 无法从LINE_NAME=10kVLINE116解析出主网站映射
2026-09-06 22:33:26 [DEBUG] core.topology_builder: 主配接口降级（非错）: 无法从LINE_NAME=10kVLINE117解析出主网站映射
2026-09-06 22:33:26 [DEBUG] core.topology_builder: 主配接口降级（非错）: 无法从LINE_NAME=10kVLINE118解析出主网站映射
2026-09-06 22:33:26 [DEBUG] core.topology_builder: 主配接口降级（非错）: 无法从LINE_NAME=10kVLINE038解析出主网站映射
2026-09-06 22:33:26 [DEBUG] core.topology_builder: 主配接口降级（非错）: 无法从LINE_NAME=10kVLINE119解析出主网站映射
2026-09-06 22:33:26 [DEBUG] core.topology_builder: 主配接口降级（非错）: 无法从LINE_NAME=20kVLINE120解析出主网站映射
2026-09-06 22:33:26 [DEBUG] core.topology_builder: 主配接口降级（非错）: 无法从LINE_NAME=10kVLINE121_195解析出主网站映射
2026-09-06 22:33:26 [DEBUG] core.topology_builder: 主配接口降级（非错）: 无法从LINE_NAME=10kVLINE076解析出主网站映射
2026-09-06 22:33:26 [DEBUG] core.topology_builder: 主配接口降级（非错）: 无法从LINE_NAME=10kVLINE093解析出主网站映射
2026-09-06 22:33:26 [DEBUG] core.topology_builder: 主配接口降级（非错）: 无法从LINE_NAME=20kVLINE122解析出主网站映射
2026-09-06 22:33:26 [DEBUG] core.topology_builder: 主配接口降级（非错）: 无法从LINE_NAME=10kVLINE123解析出主网站映射
2026-09-06 22:33:26 [DEBUG] core.topology_builder: 主配接口降级（非错）: 无法从LINE_NAME=10kVLINE039解析出主网站映射
2026-09-06 22:33:26 [DEBUG] core.topology_builder: 主配接口降级（非错）: 无法从LINE_NAME=10kVLINE124解析出主网站映射
2026-09-06 22:33:26 [DEBUG] core.topology_builder: 主配接口降级（非错）: 无法从LINE_NAME=10kVLINE125解析出主网站映射
2026-09-06 22:33:26 [DEBUG] core.topology_builder: 主配接口降级（非错）: 无法从LINE_NAME=10kVLINE126解析出主网站映射
2026-09-06 22:33:26 [DEBUG] core.topology_builder: 主配接口降级（非错）: 无法从LINE_NAME=10kVLINE127解析出主网站映射
2026-09-06 22:33:26 [DEBUG] core.topology_builder: 主配接口降级（非错）: 无法从LINE_NAME=10kVLINE089解析出主网站映射
2026-09-06 22:33:26 [DEBUG] core.topology_builder: 主配接口降级（非错）: 无法从LINE_NAME=10kVLINE090解析出主网站映射
2026-09-06 22:33:26 [DEBUG] core.topology_builder: 主配接口降级（非错）: 无法从LINE_NAME=10kVLINE128解析出主网站映射
2026-09-06 22:33:26 [DEBUG] core.topology_builder: 主配接口降级（非错）: 无法从LINE_NAME=10kVLINE037解析出主网站映射
2026-09-06 22:33:26 [DEBUG] core.topology_builder: 主配接口降级（非错）: 无法从LINE_NAME=10kVLINE071解析出主网站映射
2026-09-06 22:33:26 [DEBUG] core.topology_builder: 主配接口降级（非错）: 无法从LINE_NAME=10kVLINE129解析出主网站映射
2026-09-06 22:33:26 [DEBUG] core.topology_builder: 主配接口降级（非错）: 无法从LINE_NAME=10kVLINE009解析出主网站映射
2026-09-06 22:33:26 [DEBUG] core.topology_builder: 主配接口降级（非错）: 无法从LINE_NAME=10kVLINE022解析出主网站映射
2026-09-06 22:33:26 [DEBUG] core.topology_builder: 主配接口降级（非错）: 无法从LINE_NAME=10kVLINE028解析出主网站映射
2026-09-06 22:33:26 [DEBUG] core.topology_builder: 主配接口降级（非错）: 无法从LINE_NAME=10kVLINE019解析出主网站映射
2026-09-06 22:33:26 [DEBUG] core.topology_builder: 主配接口降级（非错）: 无法从LINE_NAME=10kVLINE015解析出主网站映射
2026-09-06 22:33:26 [DEBUG] core.topology_builder: 主配接口降级（非错）: 无法从LINE_NAME=10kVLINE130解析出主网站映射
2026-09-06 22:33:26 [DEBUG] core.topology_builder: 主配接口降级（非错）: 无法从LINE_NAME=10kVLINE131解析出主网站映射
2026-09-06 22:33:26 [DEBUG] core.topology_builder: 主配接口降级（非错）: 无法从LINE_NAME=10kVLINE132解析出主网站映射
2026-09-06 22:33:26 [DEBUG] core.topology_builder: 主配接口降级（非错）: 无法从LINE_NAME=10kVLINE061解析出主网站映射
2026-09-06 22:33:26 [DEBUG] core.topology_builder: 主配接口降级（非错）: 无法从LINE_NAME=10kVLINE133解析出主网站映射
2026-09-06 22:33:26 [DEBUG] core.topology_builder: 主配接口降级（非错）: 无法从LINE_NAME=10kVLINE075解析出主网站映射
2026-09-06 22:33:26 [DEBUG] core.topology_builder: 主配接口降级（非错）: 无法从LINE_NAME=10kVLINE016解析出主网站映射
2026-09-06 22:33:26 [DEBUG] core.topology_builder: 主配接口降级（非错）: 无法从LINE_NAME=10kVLINE134解析出主网站映射
2026-09-06 22:33:26 [DEBUG] core.topology_builder: 主配接口降级（非错）: 无法从LINE_NAME=10kVLINE043解析出主网站映射
2026-09-06 22:33:26 [DEBUG] core.topology_builder: 主配接口降级（非错）: 无法从LINE_NAME=10kVLINE050解析出主网站映射
2026-09-06 22:33:26 [DEBUG] core.topology_builder: 主配接口降级（非错）: 无法从LINE_NAME=10kVLINE054解析出主网站映射
2026-09-06 22:33:26 [DEBUG] core.topology_builder: 主配接口降级（非错）: 无法从LINE_NAME=10kVLINE040解析出主网站映射
2026-09-06 22:33:26 [DEBUG] core.topology_builder: 主配接口降级（非错）: 无法从LINE_NAME=10kVLINE021解析出主网站映射
2026-09-06 22:33:26 [DEBUG] core.topology_builder: 主配接口降级（非错）: 无法从LINE_NAME=10kVLINE023解析出主网站映射
2026-09-06 22:33:26 [DEBUG] core.topology_builder: 主配接口降级（非错）: 无法从LINE_NAME=10kVLINE020解析出主网站映射
2026-09-06 22:33:26 [DEBUG] core.topology_builder: 主配接口降级（非错）: 无法从LINE_NAME=10kVLINE135解析出主网站映射
2026-09-06 22:33:26 [DEBUG] core.topology_builder: 主配接口降级（非错）: 无法从LINE_NAME=10kVLINE136解析出主网站映射
2026-09-06 22:33:26 [DEBUG] core.topology_builder: 主配接口降级（非错）: 无法从LINE_NAME=10kVLINE097解析出主网站映射
2026-09-06 22:33:26 [DEBUG] core.topology_builder: 主配接口降级（非错）: 无法从LINE_NAME=10kVLINE096解析出主网站映射
2026-09-06 22:33:26 [DEBUG] core.topology_builder: 主配接口降级（非错）: 无法从LINE_NAME=10kVLINE137解析出主网站映射
2026-09-06 22:33:26 [DEBUG] core.topology_builder: 主配接口降级（非错）: 无法从LINE_NAME=10kVLINE138解析出主网站映射
2026-09-06 22:33:26 [DEBUG] core.topology_builder: 主配接口降级（非错）: 无法从LINE_NAME=10kVLINE139解析出主网站映射
2026-09-06 22:33:26 [DEBUG] core.topology_builder: 主配接口降级（非错）: 无法从LINE_NAME=10kVLINE140解析出主网站映射
2026-09-06 22:33:26 [DEBUG] core.topology_builder: 主配接口降级（非错）: 无法从LINE_NAME=10kVLINE141解析出主网站映射
2026-09-06 22:33:26 [DEBUG] core.topology_builder: 主配接口降级（非错）: 无法从LINE_NAME=10kVLINE049解析出主网站映射
2026-09-06 22:33:26 [DEBUG] core.topology_builder: 主配接口降级（非错）: 无法从LINE_NAME=10kVLINE142解析出主网站映射
2026-09-06 22:33:26 [DEBUG] core.topology_builder: 主配接口降级（非错）: 无法从LINE_NAME=10kVLINE042解析出主网站映射
2026-09-06 22:33:26 [DEBUG] core.topology_builder: 主配接口降级（非错）: 无法从LINE_NAME=10kVLINE056解析出主网站映射
2026-09-06 22:33:26 [DEBUG] core.topology_builder: 主配接口降级（非错）: 无法从LINE_NAME=10kVLINE143解析出主网站映射
2026-09-06 22:33:26 [DEBUG] core.topology_builder: 主配接口降级（非错）: 无法从LINE_NAME=10kVLINE144解析出主网站映射
2026-09-06 22:33:26 [DEBUG] core.topology_builder: 主配接口降级（非错）: 无法从LINE_NAME=10kVLINE070解析出主网站映射
2026-09-06 22:33:26 [DEBUG] core.topology_builder: 主配接口降级（非错）: 无法从LINE_NAME=10kVLINE069解析出主网站映射
2026-09-06 22:33:26 [DEBUG] core.topology_builder: 主配接口降级（非错）: 无法从LINE_NAME=10kVLINE145解析出主网站映射
2026-09-06 22:33:26 [DEBUG] core.topology_builder: 主配接口降级（非错）: 无法从LINE_NAME=10kVLINE146解析出主网站映射
2026-09-06 22:33:26 [DEBUG] core.topology_builder: 主配接口降级（非错）: 无法从LINE_NAME=10kVLINE147解析出主网站映射
2026-09-06 22:33:26 [DEBUG] core.topology_builder: 主配接口降级（非错）: 无法从LINE_NAME=10kVLINE148解析出主网站映射
2026-09-06 22:33:26 [DEBUG] core.topology_builder: 主配接口降级（非错）: 无法从LINE_NAME=10kVLINE025解析出主网站映射
2026-09-06 22:33:26 [DEBUG] core.topology_builder: 主配接口降级（非错）: 无法从LINE_NAME=20kVLINE149解析出主网站映射
2026-09-06 22:33:26 [DEBUG] core.topology_builder: 主配接口降级（非错）: 无法从LINE_NAME=10kVLINE083解析出主网站映射
2026-09-06 22:33:26 [DEBUG] core.topology_builder: 主配接口降级（非错）: 无法从LINE_NAME=20kVLINE150解析出主网站映射
2026-09-06 22:33:26 [DEBUG] core.topology_builder: 主配接口降级（非错）: 无法从LINE_NAME=20kVLINE151解析出主网站映射
2026-09-06 22:33:26 [DEBUG] core.topology_builder: 主配接口降级（非错）: 无法从LINE_NAME=20kVLINE152解析出主网站映射
2026-09-06 22:33:26 [DEBUG] core.topology_builder: 主配接口降级（非错）: 无法从LINE_NAME=10kVLINE046解析出主网站映射
2026-09-06 22:33:26 [DEBUG] core.topology_builder: 主配接口降级（非错）: 无法从LINE_NAME=10kVLINE045解析出主网站映射
2026-09-06 22:33:26 [DEBUG] core.topology_builder: 主配接口降级（非错）: 无法从LINE_NAME=10kVLINE153解析出主网站映射
2026-09-06 22:33:26 [DEBUG] core.topology_builder: 主配接口降级（非错）: 无法从LINE_NAME=10kVLINE154解析出主网站映射
2026-09-06 22:33:26 [DEBUG] core.topology_builder: 主配接口降级（非错）: 无法从LINE_NAME=10kVLINE155解析出主网站映射
2026-09-06 22:33:26 [DEBUG] core.topology_builder: 主配接口降级（非错）: 无法从LINE_NAME=10kVLINE156解析出主网站映射
2026-09-06 22:33:26 [DEBUG] core.topology_builder: 主配接口降级（非错）: 无法从LINE_NAME=10kVLINE058解析出主网站映射
2026-09-06 22:33:26 [DEBUG] core.topology_builder: 主配接口降级（非错）: 无法从LINE_NAME=10kVLINE059解析出主网站映射
2026-09-06 22:33:26 [DEBUG] core.topology_builder: 主配接口降级（非错）: 无法从LINE_NAME=10kVLINE157解析出主网站映射
2026-09-06 22:33:26 [DEBUG] core.topology_builder: 主配接口降级（非错）: 无法从LINE_NAME=10kVLINE088解析出主网站映射
2026-09-06 22:33:26 [DEBUG] core.topology_builder: 主配接口降级（非错）: 无法从LINE_NAME=10kVLINE121_185解析出主网站映射
2026-09-06 22:33:26 [DEBUG] core.topology_builder: 主配接口降级（非错）: 无法从LINE_NAME=10kVLINE081解析出主网站映射
2026-09-06 22:33:26 [DEBUG] core.topology_builder: 主配接口降级（非错）: 无法从LINE_NAME=10kVLINE158解析出主网站映射
2026-09-06 22:33:26 [DEBUG] core.topology_builder: 主配接口降级（非错）: 无法从LINE_NAME=10kVLINE159解析出主网站映射
2026-09-06 22:33:26 [DEBUG] core.topology_builder: 主配接口降级（非错）: 无法从LINE_NAME=10kVLINE160解析出主网站映射
2026-09-06 22:33:26 [DEBUG] core.topology_builder: 主配接口降级（非错）: 无法从LINE_NAME=10kVLINE161解析出主网站映射
2026-09-06 22:33:26 [DEBUG] core.topology_builder: 主配接口降级（非错）: 无法从LINE_NAME=10kVLINE162解析出主网站映射
2026-09-06 22:33:26 [DEBUG] core.topology_builder: 主配接口降级（非错）: 无法从LINE_NAME=10kVLINE163解析出主网站映射
2026-09-06 22:33:26 [DEBUG] core.topology_builder: 主配接口降级（非错）: 无法从LINE_NAME=10kVLINE164解析出主网站映射
2026-09-06 22:33:26 [DEBUG] core.topology_builder: 主配接口降级（非错）: 无法从LINE_NAME=10kVLINE165解析出主网站映射
2026-09-06 22:33:26 [DEBUG] core.topology_builder: 主配接口降级（非错）: 无法从LINE_NAME=10kVLINE166解析出主网站映射
2026-09-06 22:33:26 [DEBUG] core.topology_builder: 主配接口降级（非错）: 无法从LINE_NAME=10kVLINE167解析出主网站映射
2026-09-06 22:33:26 [DEBUG] core.topology_builder: 主配接口降级（非错）: 无法从LINE_NAME=10kVLINE168解析出主网站映射
2026-09-06 22:33:26 [DEBUG] core.topology_builder: 主配接口降级（非错）: 无法从LINE_NAME=10kVLINE014解析出主网站映射
2026-09-06 22:33:26 [DEBUG] core.topology_builder: 主配接口降级（非错）: 无法从LINE_NAME=10kVLINE169解析出主网站映射
2026-09-06 22:33:26 [DEBUG] core.topology_builder: 主配接口降级（非错）: 无法从LINE_NAME=10kVLINE170解析出主网站映射
2026-09-06 22:33:26 [DEBUG] core.topology_builder: 主配接口降级（非错）: 无法从LINE_NAME=10kVLINE171解析出主网站映射
2026-09-06 22:33:26 [DEBUG] core.topology_builder: 主配接口降级（非错）: 无法从LINE_NAME=10kVLINE172解析出主网站映射
2026-09-06 22:33:26 [DEBUG] core.topology_builder: 主配接口降级（非错）: 无法从LINE_NAME=10kVLINE173解析出主网站映射
2026-09-06 22:33:26 [DEBUG] core.topology_builder: 主配接口降级（非错）: 无法从LINE_NAME=10kVLINE174解析出主网站映射
2026-09-06 22:33:26 [DEBUG] core.topology_builder: 主配接口降级（非错）: 无法从LINE_NAME=10kVLINE175解析出主网站映射
2026-09-06 22:33:26 [DEBUG] core.topology_builder: 主配接口降级（非错）: 无法从LINE_NAME=10kVLINE176解析出主网站映射
2026-09-06 22:33:26 [DEBUG] core.topology_builder: 主配接口降级（非错）: 无法从LINE_NAME=10kVLINE177解析出主网站映射
2026-09-06 22:33:26 [DEBUG] core.topology_builder: 主配接口降级（非错）: 无法从LINE_NAME=10kVLINE044解析出主网站映射
2026-09-06 22:33:26 [DEBUG] core.topology_builder: 主配接口降级（非错）: 无法从LINE_NAME=10kVLINE178解析出主网站映射
2026-09-06 22:33:26 [DEBUG] core.topology_builder: 主配接口降级（非错）: 无法从LINE_NAME=10kVLINE179解析出主网站映射
2026-09-06 22:33:26 [DEBUG] core.topology_builder: 主配接口降级（非错）: 无法从LINE_NAME=10kVLINE180解析出主网站映射
2026-09-06 22:33:26 [DEBUG] core.topology_builder: 主配接口降级（非错）: 无法从LINE_NAME=20kVLINE181解析出主网站映射
2026-09-06 22:33:26 [DEBUG] core.topology_builder: 主配接口降级（非错）: 无法从LINE_NAME=10kVLINE182解析出主网站映射
2026-09-06 22:33:26 [DEBUG] core.topology_builder: 主配接口降级（非错）: 无法从LINE_NAME=10kVLINE183解析出主网站映射
2026-09-06 22:33:26 [DEBUG] core.topology_builder: 主配接口降级（非错）: 无法从LINE_NAME=10kVLINE184解析出主网站映射
2026-09-06 22:33:26 [DEBUG] core.topology_builder: 主配接口降级（非错）: 无法从LINE_NAME=10kVLINE186解析出主网站映射
2026-09-06 22:33:26 [DEBUG] core.topology_builder: 主配接口降级（非错）: 无法从LINE_NAME=10kVLINE187解析出主网站映射
2026-09-06 22:33:26 [DEBUG] core.topology_builder: 主配接口降级（非错）: 无法从LINE_NAME=10kVLINE188解析出主网站映射
2026-09-06 22:33:26 [DEBUG] core.topology_builder: 主配接口降级（非错）: 无法从LINE_NAME=10kVLINE189解析出主网站映射
2026-09-06 22:33:26 [DEBUG] core.topology_builder: 主配接口降级（非错）: 无法从LINE_NAME=10kVLINE190解析出主网站映射
2026-09-06 22:33:26 [DEBUG] core.topology_builder: 主配接口降级（非错）: 无法从LINE_NAME=10kVLINE191解析出主网站映射
2026-09-06 22:33:26 [DEBUG] core.topology_builder: 主配接口降级（非错）: 无法从LINE_NAME=10kVLINE192解析出主网站映射
2026-09-06 22:33:26 [DEBUG] core.topology_builder: 主配接口降级（非错）: 无法从LINE_NAME=10kVLINE193解析出主网站映射
2026-09-06 22:33:26 [DEBUG] core.topology_builder: 主配接口降级（非错）: 无法从LINE_NAME=10kVLINE194解析出主网站映射
2026-09-06 22:33:26 [DEBUG] core.topology_builder: 主配接口降级（非错）: 无法从LINE_NAME=10kVLINE195解析出主网站映射
2026-09-06 22:33:26 [DEBUG] core.topology_builder: 主配接口降级（非错）: 无法从LINE_NAME=10kVLINE196解析出主网站映射
2026-09-06 22:33:26 [DEBUG] core.topology_builder: 主配接口降级（非错）: 无法从LINE_NAME=10kVLINE197解析出主网站映射
2026-09-06 22:33:26 [DEBUG] core.topology_builder: 主配接口降级（非错）: 无法从LINE_NAME=10kVLINE198解析出主网站映射
2026-09-06 22:33:26 [DEBUG] core.topology_builder: 主配接口降级（非错）: 无法从LINE_NAME=10kVLINE199解析出主网站映射
2026-09-06 22:33:26 [DEBUG] core.topology_builder: 主配接口降级（非错）: 无法从LINE_NAME=10kVLINE063解析出主网站映射
2026-09-06 22:33:26 [DEBUG] core.topology_builder: 主配接口降级（非错）: 无法从LINE_NAME=10kVLINE200解析出主网站映射
2026-09-06 22:33:26 [DEBUG] core.topology_builder: 主配接口降级（非错）: 无法从LINE_NAME=10kVLINE201解析出主网站映射
2026-09-06 22:33:26 [DEBUG] core.topology_builder: 主配接口降级（非错）: 无法从LINE_NAME=10kVLINE202解析出主网站映射
2026-09-06 22:33:26 [DEBUG] core.topology_builder: 主配接口降级（非错）: 无法从LINE_NAME=10kVLINE203解析出主网站映射
2026-09-06 22:33:26 [DEBUG] core.topology_builder: 主配接口降级（非错）: 无法从LINE_NAME=10kVLINE204解析出主网站映射
2026-09-06 22:33:26 [DEBUG] core.topology_builder: 主配接口降级（非错）: 无法从LINE_NAME=10kVLINE205解析出主网站映射
2026-09-06 22:33:26 [DEBUG] core.topology_builder: 主配接口降级（非错）: 无法从LINE_NAME=10kVLINE051解析出主网站映射
2026-09-06 22:33:26 [DEBUG] core.topology_builder: 主配接口降级（非错）: 无法从LINE_NAME=10kVLINE187解析出主网站映射
2026-09-06 22:33:26 [DEBUG] core.topology_builder: 主配接口降级（非错）: 无法从LINE_NAME=10kVLINE207解析出主网站映射
2026-09-06 22:33:26 [DEBUG] core.topology_builder: 主配接口降级（非错）: 无法从LINE_NAME=10kVLINE208解析出主网站映射
2026-09-06 22:33:26 [DEBUG] core.topology_builder: 主配接口降级（非错）: 无法从LINE_NAME=10kVLINE209解析出主网站映射
2026-09-06 22:33:26 [DEBUG] core.topology_builder: 主配接口降级（非错）: 无法从LINE_NAME=10kVLINE210解析出主网站映射
2026-09-06 22:33:26 [DEBUG] core.topology_builder: 主配接口降级（非错）: 无法从LINE_NAME=10kVLINE212解析出主网站映射
2026-09-06 22:33:26 [DEBUG] core.topology_builder: 主配接口降级（非错）: 无法从LINE_NAME=10kVLINE213解析出主网站映射
2026-09-06 22:33:26 [DEBUG] core.topology_builder: 主配接口降级（非错）: 无法从LINE_NAME=LINE215解析出主网站映射
2026-09-06 22:33:26 [DEBUG] core.topology_builder: 主配接口降级（非错）: 无法从LINE_NAME=LINE216解析出主网站映射
2026-09-06 22:33:26 [INFO] core.topology_builder: 主配接口校验：通过=184 失败=5
2026-09-06 22:33:26 [INFO] core.topology_builder: [主配接口校验] 4.1/4.2 命中缺陷: 5
2026-09-06 22:33:36 [INFO] core.score_engine: 评分结果: 设备=50744 缺陷=5246 扣分=75.00 缺陷率=10.34% 缺陷率扣分=26.69 score_before=0.0 score_after=0.0
2026-09-06 22:33:38 [INFO] core.feeder_topology_analysis: Sheet3 联络开关: feeder=TMP00000188 识别到 1 个联络开关
2026-09-06 22:33:38 [DEBUG] core.feeder_topology_analysis: P1-P7 引擎产生 15 条断点候选
2026-09-06 22:33:38 [INFO] core.feeder_topology_analysis: Sheet2 断点定位: feeder=TMP00000188 共 378 条 (P1-P7 优先级排序)
2026-09-06 22:33:38 [INFO] core.feeder_topology_analysis: Sheet4 合环识别: feeder=TMP00000188 共 2 条
2026-09-06 22:34:14 [INFO] core.score_engine: 评分结果: 设备=50744 缺陷=4857 扣分=75.00 缺陷率=9.57% 缺陷率扣分=22.86 score_before=2.1 score_after=2.1
2026-09-06 22:34:14 [INFO] core.feeder_topology_analysis: Sheet3 联络开关: feeder=TMP00000189 识别到 1 个联络开关
2026-09-06 22:34:14 [DEBUG] core.feeder_topology_analysis: P1-P7 引擎产生 54 条断点候选
2026-09-06 22:34:14 [INFO] core.feeder_topology_analysis: Sheet2 断点定位: feeder=TMP00000189 共 256 条 (P1-P7 优先级排序)
2026-09-06 22:34:14 [INFO] core.feeder_topology_analysis: Sheet4 合环识别: feeder=TMP00000189 共 9 条
2026-09-06 22:34:56 [INFO] core.topology_builder: 主配数据拆分完成：主网设备=1167 配网设备=50744 主网线段=223 配网线段=189 主网站=10 遥信遥测=5829 ZWMEA=442 ZWSIGNAL=1567
2026-09-06 22:34:56 [INFO] core.topology_builder: 主网设备数量：1167
2026-09-06 22:34:56 [INFO] core.topology_builder: 配网设备数量：50744
2026-09-06 22:34:56 [INFO] core.topology_builder: 主网线路(ZLINEEND)数量：223
2026-09-06 22:34:56 [INFO] core.topology_builder: 配网线路(PWFEEDERLINE)数量：189
2026-09-06 22:34:56 [INFO] core.topology_builder: 主网站点(ZWSUBSTATION)数量：10
2026-09-06 22:34:56 [INFO] core.topology_builder: 遥信遥测(PWREAL)记录数：5829
2026-09-06 22:34:56 [INFO] core.topology_builder: 主网遥测(ZWMEA)：442 主网遥信(ZWSIGNAL)：1567
2026-09-06 22:34:56 [INFO] core.topology_builder: [Builder] 正在添加 1167 个主网设备和 50744 个配网设备...
2026-09-06 22:34:56 [INFO] core.topology_builder: 主网电源设备数=47
2026-09-06 22:34:56 [INFO] core.topology_builder: 主网电源设备识别: 47 台
2026-09-06 22:34:58 [DEBUG] core.topology_builder: 已处理 10000 个配网设备
2026-09-06 22:34:59 [DEBUG] core.topology_builder: 已处理 20000 个配网设备
2026-09-06 22:35:00 [DEBUG] core.topology_builder: 已处理 30000 个配网设备
2026-09-06 22:35:01 [DEBUG] core.topology_builder: 已处理 40000 个配网设备
2026-09-06 22:35:02 [DEBUG] core.topology_builder: 已处理 50000 个配网设备
2026-09-06 22:35:02 [INFO] core.topology_builder: 配网电源设备数=17643
2026-09-06 22:35:02 [INFO] core.topology_builder: 配网电源设备识别: 17643 台
2026-09-06 22:35:05 [INFO] core.topology_builder: 主配电源注入（v2-ZWLINEEND映射）: 0 台配网设备接入主网电源
2026-09-06 22:35:05 [INFO] core.topology_builder:   ZWLINEEND 解析出馈线→主网站映射数: 0
2026-09-06 22:35:15 [INFO] core.topology_builder: [Builder] 配网真实端子数量:76354
2026-09-06 22:35:15 [INFO] core.topology_builder: [Builder] 主网真实端子数量:1562
2026-09-06 22:35:22 [INFO] core.topology_builder: [端子建边完成] 配网拓扑边数量：117276
2026-09-06 22:35:22 [INFO] core.topology_builder: [端子建边完成] 主网拓扑边数量：2632
2026-09-06 22:35:30 [INFO] core.measure_preprocess: [MeasurePreprocess] 遥信实测开关数量：6666
2026-09-06 22:35:30 [INFO] core.measure_preprocess: [MeasurePreprocess] 默认合位开关数量：10942
2026-09-06 22:35:30 [INFO] core.topology_builder: [遥信预处理统计] 总开关状态映射条目:17608 实际挂载到设备:16592
2026-09-06 22:35:30 [INFO] core.topology_builder: 遥信实测开关:6666，赛题默认合位推演开关:10942
2026-09-06 22:35:42 [DEBUG] core.topology_builder: 主配接口降级（非错）: 无法从LINE_NAME=10kVLINE098解析出主网站映射
2026-09-06 22:35:42 [DEBUG] core.topology_builder: 主配接口降级（非错）: 无法从LINE_NAME=10kVLINE060解析出主网站映射
2026-09-06 22:35:42 [DEBUG] core.topology_builder: 主配接口降级（非错）: 无法从LINE_NAME=10kVLINE004解析出主网站映射
2026-09-06 22:35:42 [DEBUG] core.topology_builder: 主配接口降级（非错）: 无法从LINE_NAME=10kVLINE082解析出主网站映射
2026-09-06 22:35:42 [DEBUG] core.topology_builder: 主配接口降级（非错）: 无法从LINE_NAME=10kVLINE018解析出主网站映射
2026-09-06 22:35:42 [DEBUG] core.topology_builder: 主配接口降级（非错）: 无法从LINE_NAME=10kVLINE074解析出主网站映射
2026-09-06 22:35:42 [DEBUG] core.topology_builder: 主配接口降级（非错）: 无法从LINE_NAME=10kVLINE099解析出主网站映射
2026-09-06 22:35:42 [DEBUG] core.topology_builder: 主配接口降级（非错）: 无法从LINE_NAME=10kVLINE041解析出主网站映射
2026-09-06 22:35:42 [DEBUG] core.topology_builder: 主配接口降级（非错）: 无法从LINE_NAME=10kVLINE086解析出主网站映射
2026-09-06 22:35:42 [DEBUG] core.topology_builder: 主配接口降级（非错）: 无法从LINE_NAME=10kVLINE073解析出主网站映射
2026-09-06 22:35:42 [DEBUG] core.topology_builder: 主配接口降级（非错）: 无法从LINE_NAME=10kVLINE033解析出主网站映射
2026-09-06 22:35:42 [DEBUG] core.topology_builder: 主配接口降级（非错）: 无法从LINE_NAME=10kVLINE091解析出主网站映射
2026-09-06 22:35:42 [DEBUG] core.topology_builder: 主配接口降级（非错）: 无法从LINE_NAME=10kVLINE100解析出主网站映射
2026-09-06 22:35:42 [DEBUG] core.topology_builder: 主配接口降级（非错）: 无法从LINE_NAME=10kVLINE013解析出主网站映射
2026-09-06 22:35:42 [DEBUG] core.topology_builder: 主配接口降级（非错）: 无法从LINE_NAME=10kVLINE101解析出主网站映射
2026-09-06 22:35:42 [DEBUG] core.topology_builder: 主配接口降级（非错）: 无法从LINE_NAME=10kVLINE035解析出主网站映射
2026-09-06 22:35:42 [DEBUG] core.topology_builder: 主配接口降级（非错）: 无法从LINE_NAME=10kVLINE102解析出主网站映射
2026-09-06 22:35:42 [DEBUG] core.topology_builder: 主配接口降级（非错）: 无法从LINE_NAME=10kVLINE103解析出主网站映射
2026-09-06 22:35:42 [DEBUG] core.topology_builder: 主配接口降级（非错）: 无法从LINE_NAME=10kVLINE055解析出主网站映射
2026-09-06 22:35:42 [DEBUG] core.topology_builder: 主配接口降级（非错）: 无法从LINE_NAME=10kVLINE024解析出主网站映射
2026-09-06 22:35:42 [DEBUG] core.topology_builder: 主配接口降级（非错）: 无法从LINE_NAME=10kVLINE084解析出主网站映射
2026-09-06 22:35:42 [DEBUG] core.topology_builder: 主配接口降级（非错）: 无法从LINE_NAME=10kVLINE087解析出主网站映射
2026-09-06 22:35:42 [DEBUG] core.topology_builder: 主配接口降级（非错）: 无法从LINE_NAME=20kVLINE104解析出主网站映射
2026-09-06 22:35:42 [DEBUG] core.topology_builder: 主配接口降级（非错）: 无法从LINE_NAME=10kVLINE012解析出主网站映射
2026-09-06 22:35:42 [DEBUG] core.topology_builder: 主配接口降级（非错）: 无法从LINE_NAME=10kVLINE105解析出主网站映射
2026-09-06 22:35:42 [DEBUG] core.topology_builder: 主配接口降级（非错）: 无法从LINE_NAME=10kVLINE106解析出主网站映射
2026-09-06 22:35:42 [DEBUG] core.topology_builder: 主配接口降级（非错）: 无法从LINE_NAME=10kVLINE094解析出主网站映射
2026-09-06 22:35:42 [DEBUG] core.topology_builder: 主配接口降级（非错）: 无法从LINE_NAME=10kVLINE107解析出主网站映射
2026-09-06 22:35:42 [DEBUG] core.topology_builder: 主配接口降级（非错）: 无法从LINE_NAME=10kVLINE053解析出主网站映射
2026-09-06 22:35:42 [DEBUG] core.topology_builder: 主配接口降级（非错）: 无法从LINE_NAME=20kVLINE108解析出主网站映射
2026-09-06 22:35:42 [DEBUG] core.topology_builder: 主配接口降级（非错）: 无法从LINE_NAME=20kVLINE109解析出主网站映射
2026-09-06 22:35:42 [DEBUG] core.topology_builder: 主配接口降级（非错）: 无法从LINE_NAME=10kVLINE110解析出主网站映射
2026-09-06 22:35:42 [DEBUG] core.topology_builder: 主配接口降级（非错）: 无法从LINE_NAME=10kVLINE111解析出主网站映射
2026-09-06 22:35:42 [DEBUG] core.topology_builder: 主配接口降级（非错）: 无法从LINE_NAME=10kVLINE112解析出主网站映射
2026-09-06 22:35:42 [DEBUG] core.topology_builder: 主配接口降级（非错）: 无法从LINE_NAME=20kVLINE113解析出主网站映射
2026-09-06 22:35:42 [DEBUG] core.topology_builder: 主配接口降级（非错）: 无法从LINE_NAME=10kVLINE026解析出主网站映射
2026-09-06 22:35:42 [DEBUG] core.topology_builder: 主配接口降级（非错）: 无法从LINE_NAME=10kVLINE048解析出主网站映射
2026-09-06 22:35:42 [DEBUG] core.topology_builder: 主配接口降级（非错）: 无法从LINE_NAME=10kVLINE003解析出主网站映射
2026-09-06 22:35:42 [DEBUG] core.topology_builder: 主配接口降级（非错）: 无法从LINE_NAME=10kVLINE057解析出主网站映射
2026-09-06 22:35:42 [DEBUG] core.topology_builder: 主配接口降级（非错）: 无法从LINE_NAME=10kVLINE077解析出主网站映射
2026-09-06 22:35:42 [DEBUG] core.topology_builder: 主配接口降级（非错）: 无法从LINE_NAME=10kVLINE114解析出主网站映射
2026-09-06 22:35:42 [DEBUG] core.topology_builder: 主配接口降级（非错）: 无法从LINE_NAME=10kVLINE027解析出主网站映射
2026-09-06 22:35:42 [DEBUG] core.topology_builder: 主配接口降级（非错）: 无法从LINE_NAME=10kVLINE115解析出主网站映射
2026-09-06 22:35:42 [DEBUG] core.topology_builder: 主配接口降级（非错）: 无法从LINE_NAME=10kVLINE116解析出主网站映射
2026-09-06 22:35:42 [DEBUG] core.topology_builder: 主配接口降级（非错）: 无法从LINE_NAME=10kVLINE117解析出主网站映射
2026-09-06 22:35:42 [DEBUG] core.topology_builder: 主配接口降级（非错）: 无法从LINE_NAME=10kVLINE118解析出主网站映射
2026-09-06 22:35:42 [DEBUG] core.topology_builder: 主配接口降级（非错）: 无法从LINE_NAME=10kVLINE038解析出主网站映射
2026-09-06 22:35:42 [DEBUG] core.topology_builder: 主配接口降级（非错）: 无法从LINE_NAME=10kVLINE119解析出主网站映射
2026-09-06 22:35:42 [DEBUG] core.topology_builder: 主配接口降级（非错）: 无法从LINE_NAME=20kVLINE120解析出主网站映射
2026-09-06 22:35:42 [DEBUG] core.topology_builder: 主配接口降级（非错）: 无法从LINE_NAME=10kVLINE121_195解析出主网站映射
2026-09-06 22:35:42 [DEBUG] core.topology_builder: 主配接口降级（非错）: 无法从LINE_NAME=10kVLINE076解析出主网站映射
2026-09-06 22:35:42 [DEBUG] core.topology_builder: 主配接口降级（非错）: 无法从LINE_NAME=10kVLINE093解析出主网站映射
2026-09-06 22:35:42 [DEBUG] core.topology_builder: 主配接口降级（非错）: 无法从LINE_NAME=20kVLINE122解析出主网站映射
2026-09-06 22:35:42 [DEBUG] core.topology_builder: 主配接口降级（非错）: 无法从LINE_NAME=10kVLINE123解析出主网站映射
2026-09-06 22:35:42 [DEBUG] core.topology_builder: 主配接口降级（非错）: 无法从LINE_NAME=10kVLINE039解析出主网站映射
2026-09-06 22:35:42 [DEBUG] core.topology_builder: 主配接口降级（非错）: 无法从LINE_NAME=10kVLINE124解析出主网站映射
2026-09-06 22:35:42 [DEBUG] core.topology_builder: 主配接口降级（非错）: 无法从LINE_NAME=10kVLINE125解析出主网站映射
2026-09-06 22:35:42 [DEBUG] core.topology_builder: 主配接口降级（非错）: 无法从LINE_NAME=10kVLINE126解析出主网站映射
2026-09-06 22:35:42 [DEBUG] core.topology_builder: 主配接口降级（非错）: 无法从LINE_NAME=10kVLINE127解析出主网站映射
2026-09-06 22:35:42 [DEBUG] core.topology_builder: 主配接口降级（非错）: 无法从LINE_NAME=10kVLINE089解析出主网站映射
2026-09-06 22:35:42 [DEBUG] core.topology_builder: 主配接口降级（非错）: 无法从LINE_NAME=10kVLINE090解析出主网站映射
2026-09-06 22:35:42 [DEBUG] core.topology_builder: 主配接口降级（非错）: 无法从LINE_NAME=10kVLINE128解析出主网站映射
2026-09-06 22:35:42 [DEBUG] core.topology_builder: 主配接口降级（非错）: 无法从LINE_NAME=10kVLINE037解析出主网站映射
2026-09-06 22:35:42 [DEBUG] core.topology_builder: 主配接口降级（非错）: 无法从LINE_NAME=10kVLINE071解析出主网站映射
2026-09-06 22:35:42 [DEBUG] core.topology_builder: 主配接口降级（非错）: 无法从LINE_NAME=10kVLINE129解析出主网站映射
2026-09-06 22:35:42 [DEBUG] core.topology_builder: 主配接口降级（非错）: 无法从LINE_NAME=10kVLINE009解析出主网站映射
2026-09-06 22:35:42 [DEBUG] core.topology_builder: 主配接口降级（非错）: 无法从LINE_NAME=10kVLINE022解析出主网站映射
2026-09-06 22:35:42 [DEBUG] core.topology_builder: 主配接口降级（非错）: 无法从LINE_NAME=10kVLINE028解析出主网站映射
2026-09-06 22:35:42 [DEBUG] core.topology_builder: 主配接口降级（非错）: 无法从LINE_NAME=10kVLINE019解析出主网站映射
2026-09-06 22:35:42 [DEBUG] core.topology_builder: 主配接口降级（非错）: 无法从LINE_NAME=10kVLINE015解析出主网站映射
2026-09-06 22:35:42 [DEBUG] core.topology_builder: 主配接口降级（非错）: 无法从LINE_NAME=10kVLINE130解析出主网站映射
2026-09-06 22:35:42 [DEBUG] core.topology_builder: 主配接口降级（非错）: 无法从LINE_NAME=10kVLINE131解析出主网站映射
2026-09-06 22:35:42 [DEBUG] core.topology_builder: 主配接口降级（非错）: 无法从LINE_NAME=10kVLINE132解析出主网站映射
2026-09-06 22:35:42 [DEBUG] core.topology_builder: 主配接口降级（非错）: 无法从LINE_NAME=10kVLINE061解析出主网站映射
2026-09-06 22:35:42 [DEBUG] core.topology_builder: 主配接口降级（非错）: 无法从LINE_NAME=10kVLINE133解析出主网站映射
2026-09-06 22:35:42 [DEBUG] core.topology_builder: 主配接口降级（非错）: 无法从LINE_NAME=10kVLINE075解析出主网站映射
2026-09-06 22:35:42 [DEBUG] core.topology_builder: 主配接口降级（非错）: 无法从LINE_NAME=10kVLINE016解析出主网站映射
2026-09-06 22:35:42 [DEBUG] core.topology_builder: 主配接口降级（非错）: 无法从LINE_NAME=10kVLINE134解析出主网站映射
2026-09-06 22:35:42 [DEBUG] core.topology_builder: 主配接口降级（非错）: 无法从LINE_NAME=10kVLINE043解析出主网站映射
2026-09-06 22:35:42 [DEBUG] core.topology_builder: 主配接口降级（非错）: 无法从LINE_NAME=10kVLINE050解析出主网站映射
2026-09-06 22:35:42 [DEBUG] core.topology_builder: 主配接口降级（非错）: 无法从LINE_NAME=10kVLINE054解析出主网站映射
2026-09-06 22:35:42 [DEBUG] core.topology_builder: 主配接口降级（非错）: 无法从LINE_NAME=10kVLINE040解析出主网站映射
2026-09-06 22:35:42 [DEBUG] core.topology_builder: 主配接口降级（非错）: 无法从LINE_NAME=10kVLINE021解析出主网站映射
2026-09-06 22:35:42 [DEBUG] core.topology_builder: 主配接口降级（非错）: 无法从LINE_NAME=10kVLINE023解析出主网站映射
2026-09-06 22:35:42 [DEBUG] core.topology_builder: 主配接口降级（非错）: 无法从LINE_NAME=10kVLINE020解析出主网站映射
2026-09-06 22:35:42 [DEBUG] core.topology_builder: 主配接口降级（非错）: 无法从LINE_NAME=10kVLINE135解析出主网站映射
2026-09-06 22:35:42 [DEBUG] core.topology_builder: 主配接口降级（非错）: 无法从LINE_NAME=10kVLINE136解析出主网站映射
2026-09-06 22:35:42 [DEBUG] core.topology_builder: 主配接口降级（非错）: 无法从LINE_NAME=10kVLINE097解析出主网站映射
2026-09-06 22:35:42 [DEBUG] core.topology_builder: 主配接口降级（非错）: 无法从LINE_NAME=10kVLINE096解析出主网站映射
2026-09-06 22:35:42 [DEBUG] core.topology_builder: 主配接口降级（非错）: 无法从LINE_NAME=10kVLINE137解析出主网站映射
2026-09-06 22:35:42 [DEBUG] core.topology_builder: 主配接口降级（非错）: 无法从LINE_NAME=10kVLINE138解析出主网站映射
2026-09-06 22:35:42 [DEBUG] core.topology_builder: 主配接口降级（非错）: 无法从LINE_NAME=10kVLINE139解析出主网站映射
2026-09-06 22:35:42 [DEBUG] core.topology_builder: 主配接口降级（非错）: 无法从LINE_NAME=10kVLINE140解析出主网站映射
2026-09-06 22:35:42 [DEBUG] core.topology_builder: 主配接口降级（非错）: 无法从LINE_NAME=10kVLINE141解析出主网站映射
2026-09-06 22:35:42 [DEBUG] core.topology_builder: 主配接口降级（非错）: 无法从LINE_NAME=10kVLINE049解析出主网站映射
2026-09-06 22:35:42 [DEBUG] core.topology_builder: 主配接口降级（非错）: 无法从LINE_NAME=10kVLINE142解析出主网站映射
2026-09-06 22:35:42 [DEBUG] core.topology_builder: 主配接口降级（非错）: 无法从LINE_NAME=10kVLINE042解析出主网站映射
2026-09-06 22:35:42 [DEBUG] core.topology_builder: 主配接口降级（非错）: 无法从LINE_NAME=10kVLINE056解析出主网站映射
2026-09-06 22:35:42 [DEBUG] core.topology_builder: 主配接口降级（非错）: 无法从LINE_NAME=10kVLINE143解析出主网站映射
2026-09-06 22:35:42 [DEBUG] core.topology_builder: 主配接口降级（非错）: 无法从LINE_NAME=10kVLINE144解析出主网站映射
2026-09-06 22:35:42 [DEBUG] core.topology_builder: 主配接口降级（非错）: 无法从LINE_NAME=10kVLINE070解析出主网站映射
2026-09-06 22:35:42 [DEBUG] core.topology_builder: 主配接口降级（非错）: 无法从LINE_NAME=10kVLINE069解析出主网站映射
2026-09-06 22:35:42 [DEBUG] core.topology_builder: 主配接口降级（非错）: 无法从LINE_NAME=10kVLINE145解析出主网站映射
2026-09-06 22:35:42 [DEBUG] core.topology_builder: 主配接口降级（非错）: 无法从LINE_NAME=10kVLINE146解析出主网站映射
2026-09-06 22:35:42 [DEBUG] core.topology_builder: 主配接口降级（非错）: 无法从LINE_NAME=10kVLINE147解析出主网站映射
2026-09-06 22:35:42 [DEBUG] core.topology_builder: 主配接口降级（非错）: 无法从LINE_NAME=10kVLINE148解析出主网站映射
2026-09-06 22:35:42 [DEBUG] core.topology_builder: 主配接口降级（非错）: 无法从LINE_NAME=10kVLINE025解析出主网站映射
2026-09-06 22:35:42 [DEBUG] core.topology_builder: 主配接口降级（非错）: 无法从LINE_NAME=20kVLINE149解析出主网站映射
2026-09-06 22:35:42 [DEBUG] core.topology_builder: 主配接口降级（非错）: 无法从LINE_NAME=10kVLINE083解析出主网站映射
2026-09-06 22:35:42 [DEBUG] core.topology_builder: 主配接口降级（非错）: 无法从LINE_NAME=20kVLINE150解析出主网站映射
2026-09-06 22:35:42 [DEBUG] core.topology_builder: 主配接口降级（非错）: 无法从LINE_NAME=20kVLINE151解析出主网站映射
2026-09-06 22:35:42 [DEBUG] core.topology_builder: 主配接口降级（非错）: 无法从LINE_NAME=20kVLINE152解析出主网站映射
2026-09-06 22:35:42 [DEBUG] core.topology_builder: 主配接口降级（非错）: 无法从LINE_NAME=10kVLINE046解析出主网站映射
2026-09-06 22:35:42 [DEBUG] core.topology_builder: 主配接口降级（非错）: 无法从LINE_NAME=10kVLINE045解析出主网站映射
2026-09-06 22:35:42 [DEBUG] core.topology_builder: 主配接口降级（非错）: 无法从LINE_NAME=10kVLINE153解析出主网站映射
2026-09-06 22:35:42 [DEBUG] core.topology_builder: 主配接口降级（非错）: 无法从LINE_NAME=10kVLINE154解析出主网站映射
2026-09-06 22:35:42 [DEBUG] core.topology_builder: 主配接口降级（非错）: 无法从LINE_NAME=10kVLINE155解析出主网站映射
2026-09-06 22:35:42 [DEBUG] core.topology_builder: 主配接口降级（非错）: 无法从LINE_NAME=10kVLINE156解析出主网站映射
2026-09-06 22:35:42 [DEBUG] core.topology_builder: 主配接口降级（非错）: 无法从LINE_NAME=10kVLINE058解析出主网站映射
2026-09-06 22:35:42 [DEBUG] core.topology_builder: 主配接口降级（非错）: 无法从LINE_NAME=10kVLINE059解析出主网站映射
2026-09-06 22:35:42 [DEBUG] core.topology_builder: 主配接口降级（非错）: 无法从LINE_NAME=10kVLINE157解析出主网站映射
2026-09-06 22:35:42 [DEBUG] core.topology_builder: 主配接口降级（非错）: 无法从LINE_NAME=10kVLINE088解析出主网站映射
2026-09-06 22:35:42 [DEBUG] core.topology_builder: 主配接口降级（非错）: 无法从LINE_NAME=10kVLINE121_185解析出主网站映射
2026-09-06 22:35:42 [DEBUG] core.topology_builder: 主配接口降级（非错）: 无法从LINE_NAME=10kVLINE081解析出主网站映射
2026-09-06 22:35:42 [DEBUG] core.topology_builder: 主配接口降级（非错）: 无法从LINE_NAME=10kVLINE158解析出主网站映射
2026-09-06 22:35:42 [DEBUG] core.topology_builder: 主配接口降级（非错）: 无法从LINE_NAME=10kVLINE159解析出主网站映射
2026-09-06 22:35:42 [DEBUG] core.topology_builder: 主配接口降级（非错）: 无法从LINE_NAME=10kVLINE160解析出主网站映射
2026-09-06 22:35:42 [DEBUG] core.topology_builder: 主配接口降级（非错）: 无法从LINE_NAME=10kVLINE161解析出主网站映射
2026-09-06 22:35:42 [DEBUG] core.topology_builder: 主配接口降级（非错）: 无法从LINE_NAME=10kVLINE162解析出主网站映射
2026-09-06 22:35:42 [DEBUG] core.topology_builder: 主配接口降级（非错）: 无法从LINE_NAME=10kVLINE163解析出主网站映射
2026-09-06 22:35:42 [DEBUG] core.topology_builder: 主配接口降级（非错）: 无法从LINE_NAME=10kVLINE164解析出主网站映射
2026-09-06 22:35:42 [DEBUG] core.topology_builder: 主配接口降级（非错）: 无法从LINE_NAME=10kVLINE165解析出主网站映射
2026-09-06 22:35:42 [DEBUG] core.topology_builder: 主配接口降级（非错）: 无法从LINE_NAME=10kVLINE166解析出主网站映射
2026-09-06 22:35:42 [DEBUG] core.topology_builder: 主配接口降级（非错）: 无法从LINE_NAME=10kVLINE167解析出主网站映射
2026-09-06 22:35:42 [DEBUG] core.topology_builder: 主配接口降级（非错）: 无法从LINE_NAME=10kVLINE168解析出主网站映射
2026-09-06 22:35:42 [DEBUG] core.topology_builder: 主配接口降级（非错）: 无法从LINE_NAME=10kVLINE014解析出主网站映射
2026-09-06 22:35:42 [DEBUG] core.topology_builder: 主配接口降级（非错）: 无法从LINE_NAME=10kVLINE169解析出主网站映射
2026-09-06 22:35:42 [DEBUG] core.topology_builder: 主配接口降级（非错）: 无法从LINE_NAME=10kVLINE170解析出主网站映射
2026-09-06 22:35:42 [DEBUG] core.topology_builder: 主配接口降级（非错）: 无法从LINE_NAME=10kVLINE171解析出主网站映射
2026-09-06 22:35:42 [DEBUG] core.topology_builder: 主配接口降级（非错）: 无法从LINE_NAME=10kVLINE172解析出主网站映射
2026-09-06 22:35:42 [DEBUG] core.topology_builder: 主配接口降级（非错）: 无法从LINE_NAME=10kVLINE173解析出主网站映射
2026-09-06 22:35:42 [DEBUG] core.topology_builder: 主配接口降级（非错）: 无法从LINE_NAME=10kVLINE174解析出主网站映射
2026-09-06 22:35:42 [DEBUG] core.topology_builder: 主配接口降级（非错）: 无法从LINE_NAME=10kVLINE175解析出主网站映射
2026-09-06 22:35:42 [DEBUG] core.topology_builder: 主配接口降级（非错）: 无法从LINE_NAME=10kVLINE176解析出主网站映射
2026-09-06 22:35:42 [DEBUG] core.topology_builder: 主配接口降级（非错）: 无法从LINE_NAME=10kVLINE177解析出主网站映射
2026-09-06 22:35:42 [DEBUG] core.topology_builder: 主配接口降级（非错）: 无法从LINE_NAME=10kVLINE044解析出主网站映射
2026-09-06 22:35:42 [DEBUG] core.topology_builder: 主配接口降级（非错）: 无法从LINE_NAME=10kVLINE178解析出主网站映射
2026-09-06 22:35:42 [DEBUG] core.topology_builder: 主配接口降级（非错）: 无法从LINE_NAME=10kVLINE179解析出主网站映射
2026-09-06 22:35:42 [DEBUG] core.topology_builder: 主配接口降级（非错）: 无法从LINE_NAME=10kVLINE180解析出主网站映射
2026-09-06 22:35:42 [DEBUG] core.topology_builder: 主配接口降级（非错）: 无法从LINE_NAME=20kVLINE181解析出主网站映射
2026-09-06 22:35:42 [DEBUG] core.topology_builder: 主配接口降级（非错）: 无法从LINE_NAME=10kVLINE182解析出主网站映射
2026-09-06 22:35:42 [DEBUG] core.topology_builder: 主配接口降级（非错）: 无法从LINE_NAME=10kVLINE183解析出主网站映射
2026-09-06 22:35:42 [DEBUG] core.topology_builder: 主配接口降级（非错）: 无法从LINE_NAME=10kVLINE184解析出主网站映射
2026-09-06 22:35:42 [DEBUG] core.topology_builder: 主配接口降级（非错）: 无法从LINE_NAME=10kVLINE186解析出主网站映射
2026-09-06 22:35:42 [DEBUG] core.topology_builder: 主配接口降级（非错）: 无法从LINE_NAME=10kVLINE187解析出主网站映射
2026-09-06 22:35:42 [DEBUG] core.topology_builder: 主配接口降级（非错）: 无法从LINE_NAME=10kVLINE188解析出主网站映射
2026-09-06 22:35:42 [DEBUG] core.topology_builder: 主配接口降级（非错）: 无法从LINE_NAME=10kVLINE189解析出主网站映射
2026-09-06 22:35:42 [DEBUG] core.topology_builder: 主配接口降级（非错）: 无法从LINE_NAME=10kVLINE190解析出主网站映射
2026-09-06 22:35:42 [DEBUG] core.topology_builder: 主配接口降级（非错）: 无法从LINE_NAME=10kVLINE191解析出主网站映射
2026-09-06 22:35:42 [DEBUG] core.topology_builder: 主配接口降级（非错）: 无法从LINE_NAME=10kVLINE192解析出主网站映射
2026-09-06 22:35:42 [DEBUG] core.topology_builder: 主配接口降级（非错）: 无法从LINE_NAME=10kVLINE193解析出主网站映射
2026-09-06 22:35:42 [DEBUG] core.topology_builder: 主配接口降级（非错）: 无法从LINE_NAME=10kVLINE194解析出主网站映射
2026-09-06 22:35:42 [DEBUG] core.topology_builder: 主配接口降级（非错）: 无法从LINE_NAME=10kVLINE195解析出主网站映射
2026-09-06 22:35:42 [DEBUG] core.topology_builder: 主配接口降级（非错）: 无法从LINE_NAME=10kVLINE196解析出主网站映射
2026-09-06 22:35:42 [DEBUG] core.topology_builder: 主配接口降级（非错）: 无法从LINE_NAME=10kVLINE197解析出主网站映射
2026-09-06 22:35:42 [DEBUG] core.topology_builder: 主配接口降级（非错）: 无法从LINE_NAME=10kVLINE198解析出主网站映射
2026-09-06 22:35:42 [DEBUG] core.topology_builder: 主配接口降级（非错）: 无法从LINE_NAME=10kVLINE199解析出主网站映射
2026-09-06 22:35:42 [DEBUG] core.topology_builder: 主配接口降级（非错）: 无法从LINE_NAME=10kVLINE063解析出主网站映射
2026-09-06 22:35:42 [DEBUG] core.topology_builder: 主配接口降级（非错）: 无法从LINE_NAME=10kVLINE200解析出主网站映射
2026-09-06 22:35:42 [DEBUG] core.topology_builder: 主配接口降级（非错）: 无法从LINE_NAME=10kVLINE201解析出主网站映射
2026-09-06 22:35:42 [DEBUG] core.topology_builder: 主配接口降级（非错）: 无法从LINE_NAME=10kVLINE202解析出主网站映射
2026-09-06 22:35:42 [DEBUG] core.topology_builder: 主配接口降级（非错）: 无法从LINE_NAME=10kVLINE203解析出主网站映射
2026-09-06 22:35:42 [DEBUG] core.topology_builder: 主配接口降级（非错）: 无法从LINE_NAME=10kVLINE204解析出主网站映射
2026-09-06 22:35:42 [DEBUG] core.topology_builder: 主配接口降级（非错）: 无法从LINE_NAME=10kVLINE205解析出主网站映射
2026-09-06 22:35:42 [DEBUG] core.topology_builder: 主配接口降级（非错）: 无法从LINE_NAME=10kVLINE051解析出主网站映射
2026-09-06 22:35:42 [DEBUG] core.topology_builder: 主配接口降级（非错）: 无法从LINE_NAME=10kVLINE187解析出主网站映射
2026-09-06 22:35:42 [DEBUG] core.topology_builder: 主配接口降级（非错）: 无法从LINE_NAME=10kVLINE207解析出主网站映射
2026-09-06 22:35:42 [DEBUG] core.topology_builder: 主配接口降级（非错）: 无法从LINE_NAME=10kVLINE208解析出主网站映射
2026-09-06 22:35:42 [DEBUG] core.topology_builder: 主配接口降级（非错）: 无法从LINE_NAME=10kVLINE209解析出主网站映射
2026-09-06 22:35:42 [DEBUG] core.topology_builder: 主配接口降级（非错）: 无法从LINE_NAME=10kVLINE210解析出主网站映射
2026-09-06 22:35:42 [DEBUG] core.topology_builder: 主配接口降级（非错）: 无法从LINE_NAME=10kVLINE212解析出主网站映射
2026-09-06 22:35:42 [DEBUG] core.topology_builder: 主配接口降级（非错）: 无法从LINE_NAME=10kVLINE213解析出主网站映射
2026-09-06 22:35:42 [DEBUG] core.topology_builder: 主配接口降级（非错）: 无法从LINE_NAME=LINE215解析出主网站映射
2026-09-06 22:35:42 [DEBUG] core.topology_builder: 主配接口降级（非错）: 无法从LINE_NAME=LINE216解析出主网站映射
2026-09-06 22:35:42 [INFO] core.topology_builder: 主配接口校验：通过=184 失败=5
2026-09-06 22:35:42 [INFO] core.topology_builder: [主配接口校验] 4.1/4.2 命中缺陷: 5
2026-09-06 22:35:42 [INFO] core.topology_builder: [电气逻辑校验] RULE-E01~E07 命中:4458
2026-09-06 22:35:42 [INFO] core.topology_builder: 开始执行拓扑异常检测：悬空、孤岛、断点
2026-09-06 22:35:47 [INFO] core.topology_builder: 主网异常数量：0，断点数量：0
2026-09-06 22:35:47 [INFO] core.topology_builder: 配网异常数量：726，断点数量：418
2026-09-06 22:35:57 [INFO] data_io.data_writer: Exported CSV -> C:\Users\1\Desktop\power_topology_verify\output\csv\sample_abnormal.csv (1 rows)
2026-09-06 22:35:57 [INFO] data_io.data_writer: Exported JSON -> C:\Users\1\Desktop\power_topology_verify\output\json\sample_abnormal.json (1 rows)
2026-09-06 22:43:57 [INFO] core.topology_builder: 主配数据拆分完成：主网设备=1167 配网设备=50744 主网线段=223 配网线段=189 主网站=10 遥信遥测=5829 ZWMEA=442 ZWSIGNAL=1567
2026-09-06 22:43:57 [INFO] core.topology_builder: 主网设备数量：1167
2026-09-06 22:43:57 [INFO] core.topology_builder: 配网设备数量：50744
2026-09-06 22:43:57 [INFO] core.topology_builder: 主网线路(ZLINEEND)数量：223
2026-09-06 22:43:57 [INFO] core.topology_builder: 配网线路(PWFEEDERLINE)数量：189
2026-09-06 22:43:57 [INFO] core.topology_builder: 主网站点(ZWSUBSTATION)数量：10
2026-09-06 22:43:57 [INFO] core.topology_builder: 遥信遥测(PWREAL)记录数：5829
2026-09-06 22:43:57 [INFO] core.topology_builder: 主网遥测(ZWMEA)：442 主网遥信(ZWSIGNAL)：1567
2026-09-06 22:43:57 [INFO] core.topology_builder: [Builder] 正在添加 1167 个主网设备和 50744 个配网设备...
2026-09-06 22:43:57 [INFO] core.topology_builder: 主网电源设备数=47
2026-09-06 22:43:57 [INFO] core.topology_builder: 主网电源设备识别: 47 台
2026-09-06 22:43:58 [DEBUG] core.topology_builder: 已处理 10000 个配网设备
2026-09-06 22:43:59 [DEBUG] core.topology_builder: 已处理 20000 个配网设备
2026-09-06 22:44:01 [DEBUG] core.topology_builder: 已处理 30000 个配网设备
2026-09-06 22:44:02 [DEBUG] core.topology_builder: 已处理 40000 个配网设备
2026-09-06 22:44:03 [DEBUG] core.topology_builder: 已处理 50000 个配网设备
2026-09-06 22:44:03 [INFO] core.topology_builder: 配网电源设备数=17643
2026-09-06 22:44:03 [INFO] core.topology_builder: 配网电源设备识别: 17643 台
2026-09-06 22:44:06 [INFO] core.topology_builder: 主配电源注入（v2-ZWLINEEND映射）: 0 台配网设备接入主网电源
2026-09-06 22:44:06 [INFO] core.topology_builder:   ZWLINEEND 解析出馈线→主网站映射数: 0
2026-09-06 22:44:17 [INFO] core.topology_builder: [Builder] 配网真实端子数量:76354
2026-09-06 22:44:17 [INFO] core.topology_builder: [Builder] 主网真实端子数量:1562
2026-09-06 22:44:24 [INFO] core.topology_builder: [端子建边完成] 配网拓扑边数量：117276
2026-09-06 22:44:24 [INFO] core.topology_builder: [端子建边完成] 主网拓扑边数量：2632
2026-09-06 22:44:32 [INFO] core.measure_preprocess: [MeasurePreprocess] 遥信实测开关数量：6666
2026-09-06 22:44:32 [INFO] core.measure_preprocess: [MeasurePreprocess] 默认合位开关数量：10942
2026-09-06 22:44:32 [INFO] core.topology_builder: [遥信预处理统计] 总开关状态映射条目:17608 实际挂载到设备:16592
2026-09-06 22:44:32 [INFO] core.topology_builder: 遥信实测开关:6666，赛题默认合位推演开关:10942
2026-09-06 22:44:43 [DEBUG] core.topology_builder: 主配接口降级（非错）: 无法从LINE_NAME=10kVLINE098解析出主网站映射
2026-09-06 22:44:43 [DEBUG] core.topology_builder: 主配接口降级（非错）: 无法从LINE_NAME=10kVLINE060解析出主网站映射
2026-09-06 22:44:43 [DEBUG] core.topology_builder: 主配接口降级（非错）: 无法从LINE_NAME=10kVLINE004解析出主网站映射
2026-09-06 22:44:43 [DEBUG] core.topology_builder: 主配接口降级（非错）: 无法从LINE_NAME=10kVLINE082解析出主网站映射
2026-09-06 22:44:43 [DEBUG] core.topology_builder: 主配接口降级（非错）: 无法从LINE_NAME=10kVLINE018解析出主网站映射
2026-09-06 22:44:43 [DEBUG] core.topology_builder: 主配接口降级（非错）: 无法从LINE_NAME=10kVLINE074解析出主网站映射
2026-09-06 22:44:43 [DEBUG] core.topology_builder: 主配接口降级（非错）: 无法从LINE_NAME=10kVLINE099解析出主网站映射
2026-09-06 22:44:43 [DEBUG] core.topology_builder: 主配接口降级（非错）: 无法从LINE_NAME=10kVLINE041解析出主网站映射
2026-09-06 22:44:43 [DEBUG] core.topology_builder: 主配接口降级（非错）: 无法从LINE_NAME=10kVLINE086解析出主网站映射
2026-09-06 22:44:43 [DEBUG] core.topology_builder: 主配接口降级（非错）: 无法从LINE_NAME=10kVLINE073解析出主网站映射
2026-09-06 22:44:43 [DEBUG] core.topology_builder: 主配接口降级（非错）: 无法从LINE_NAME=10kVLINE033解析出主网站映射
2026-09-06 22:44:43 [DEBUG] core.topology_builder: 主配接口降级（非错）: 无法从LINE_NAME=10kVLINE091解析出主网站映射
2026-09-06 22:44:43 [DEBUG] core.topology_builder: 主配接口降级（非错）: 无法从LINE_NAME=10kVLINE100解析出主网站映射
2026-09-06 22:44:43 [DEBUG] core.topology_builder: 主配接口降级（非错）: 无法从LINE_NAME=10kVLINE013解析出主网站映射
2026-09-06 22:44:43 [DEBUG] core.topology_builder: 主配接口降级（非错）: 无法从LINE_NAME=10kVLINE101解析出主网站映射
2026-09-06 22:44:43 [DEBUG] core.topology_builder: 主配接口降级（非错）: 无法从LINE_NAME=10kVLINE035解析出主网站映射
2026-09-06 22:44:43 [DEBUG] core.topology_builder: 主配接口降级（非错）: 无法从LINE_NAME=10kVLINE102解析出主网站映射
2026-09-06 22:44:43 [DEBUG] core.topology_builder: 主配接口降级（非错）: 无法从LINE_NAME=10kVLINE103解析出主网站映射
2026-09-06 22:44:43 [DEBUG] core.topology_builder: 主配接口降级（非错）: 无法从LINE_NAME=10kVLINE055解析出主网站映射
2026-09-06 22:44:43 [DEBUG] core.topology_builder: 主配接口降级（非错）: 无法从LINE_NAME=10kVLINE024解析出主网站映射
2026-09-06 22:44:43 [DEBUG] core.topology_builder: 主配接口降级（非错）: 无法从LINE_NAME=10kVLINE084解析出主网站映射
2026-09-06 22:44:43 [DEBUG] core.topology_builder: 主配接口降级（非错）: 无法从LINE_NAME=10kVLINE087解析出主网站映射
2026-09-06 22:44:43 [DEBUG] core.topology_builder: 主配接口降级（非错）: 无法从LINE_NAME=20kVLINE104解析出主网站映射
2026-09-06 22:44:43 [DEBUG] core.topology_builder: 主配接口降级（非错）: 无法从LINE_NAME=10kVLINE012解析出主网站映射
2026-09-06 22:44:43 [DEBUG] core.topology_builder: 主配接口降级（非错）: 无法从LINE_NAME=10kVLINE105解析出主网站映射
2026-09-06 22:44:43 [DEBUG] core.topology_builder: 主配接口降级（非错）: 无法从LINE_NAME=10kVLINE106解析出主网站映射
2026-09-06 22:44:43 [DEBUG] core.topology_builder: 主配接口降级（非错）: 无法从LINE_NAME=10kVLINE094解析出主网站映射
2026-09-06 22:44:43 [DEBUG] core.topology_builder: 主配接口降级（非错）: 无法从LINE_NAME=10kVLINE107解析出主网站映射
2026-09-06 22:44:43 [DEBUG] core.topology_builder: 主配接口降级（非错）: 无法从LINE_NAME=10kVLINE053解析出主网站映射
2026-09-06 22:44:43 [DEBUG] core.topology_builder: 主配接口降级（非错）: 无法从LINE_NAME=20kVLINE108解析出主网站映射
2026-09-06 22:44:43 [DEBUG] core.topology_builder: 主配接口降级（非错）: 无法从LINE_NAME=20kVLINE109解析出主网站映射
2026-09-06 22:44:43 [DEBUG] core.topology_builder: 主配接口降级（非错）: 无法从LINE_NAME=10kVLINE110解析出主网站映射
2026-09-06 22:44:43 [DEBUG] core.topology_builder: 主配接口降级（非错）: 无法从LINE_NAME=10kVLINE111解析出主网站映射
2026-09-06 22:44:43 [DEBUG] core.topology_builder: 主配接口降级（非错）: 无法从LINE_NAME=10kVLINE112解析出主网站映射
2026-09-06 22:44:43 [DEBUG] core.topology_builder: 主配接口降级（非错）: 无法从LINE_NAME=20kVLINE113解析出主网站映射
2026-09-06 22:44:43 [DEBUG] core.topology_builder: 主配接口降级（非错）: 无法从LINE_NAME=10kVLINE026解析出主网站映射
2026-09-06 22:44:43 [DEBUG] core.topology_builder: 主配接口降级（非错）: 无法从LINE_NAME=10kVLINE048解析出主网站映射
2026-09-06 22:44:43 [DEBUG] core.topology_builder: 主配接口降级（非错）: 无法从LINE_NAME=10kVLINE003解析出主网站映射
2026-09-06 22:44:43 [DEBUG] core.topology_builder: 主配接口降级（非错）: 无法从LINE_NAME=10kVLINE057解析出主网站映射
2026-09-06 22:44:43 [DEBUG] core.topology_builder: 主配接口降级（非错）: 无法从LINE_NAME=10kVLINE077解析出主网站映射
2026-09-06 22:44:43 [DEBUG] core.topology_builder: 主配接口降级（非错）: 无法从LINE_NAME=10kVLINE114解析出主网站映射
2026-09-06 22:44:43 [DEBUG] core.topology_builder: 主配接口降级（非错）: 无法从LINE_NAME=10kVLINE027解析出主网站映射
2026-09-06 22:44:43 [DEBUG] core.topology_builder: 主配接口降级（非错）: 无法从LINE_NAME=10kVLINE115解析出主网站映射
2026-09-06 22:44:43 [DEBUG] core.topology_builder: 主配接口降级（非错）: 无法从LINE_NAME=10kVLINE116解析出主网站映射
2026-09-06 22:44:43 [DEBUG] core.topology_builder: 主配接口降级（非错）: 无法从LINE_NAME=10kVLINE117解析出主网站映射
2026-09-06 22:44:43 [DEBUG] core.topology_builder: 主配接口降级（非错）: 无法从LINE_NAME=10kVLINE118解析出主网站映射
2026-09-06 22:44:43 [DEBUG] core.topology_builder: 主配接口降级（非错）: 无法从LINE_NAME=10kVLINE038解析出主网站映射
2026-09-06 22:44:43 [DEBUG] core.topology_builder: 主配接口降级（非错）: 无法从LINE_NAME=10kVLINE119解析出主网站映射
2026-09-06 22:44:43 [DEBUG] core.topology_builder: 主配接口降级（非错）: 无法从LINE_NAME=20kVLINE120解析出主网站映射
2026-09-06 22:44:43 [DEBUG] core.topology_builder: 主配接口降级（非错）: 无法从LINE_NAME=10kVLINE121_195解析出主网站映射
2026-09-06 22:44:43 [DEBUG] core.topology_builder: 主配接口降级（非错）: 无法从LINE_NAME=10kVLINE076解析出主网站映射
2026-09-06 22:44:43 [DEBUG] core.topology_builder: 主配接口降级（非错）: 无法从LINE_NAME=10kVLINE093解析出主网站映射
2026-09-06 22:44:43 [DEBUG] core.topology_builder: 主配接口降级（非错）: 无法从LINE_NAME=20kVLINE122解析出主网站映射
2026-09-06 22:44:43 [DEBUG] core.topology_builder: 主配接口降级（非错）: 无法从LINE_NAME=10kVLINE123解析出主网站映射
2026-09-06 22:44:43 [DEBUG] core.topology_builder: 主配接口降级（非错）: 无法从LINE_NAME=10kVLINE039解析出主网站映射
2026-09-06 22:44:43 [DEBUG] core.topology_builder: 主配接口降级（非错）: 无法从LINE_NAME=10kVLINE124解析出主网站映射
2026-09-06 22:44:43 [DEBUG] core.topology_builder: 主配接口降级（非错）: 无法从LINE_NAME=10kVLINE125解析出主网站映射
2026-09-06 22:44:43 [DEBUG] core.topology_builder: 主配接口降级（非错）: 无法从LINE_NAME=10kVLINE126解析出主网站映射
2026-09-06 22:44:43 [DEBUG] core.topology_builder: 主配接口降级（非错）: 无法从LINE_NAME=10kVLINE127解析出主网站映射
2026-09-06 22:44:43 [DEBUG] core.topology_builder: 主配接口降级（非错）: 无法从LINE_NAME=10kVLINE089解析出主网站映射
2026-09-06 22:44:43 [DEBUG] core.topology_builder: 主配接口降级（非错）: 无法从LINE_NAME=10kVLINE090解析出主网站映射
2026-09-06 22:44:43 [DEBUG] core.topology_builder: 主配接口降级（非错）: 无法从LINE_NAME=10kVLINE128解析出主网站映射
2026-09-06 22:44:43 [DEBUG] core.topology_builder: 主配接口降级（非错）: 无法从LINE_NAME=10kVLINE037解析出主网站映射
2026-09-06 22:44:43 [DEBUG] core.topology_builder: 主配接口降级（非错）: 无法从LINE_NAME=10kVLINE071解析出主网站映射
2026-09-06 22:44:43 [DEBUG] core.topology_builder: 主配接口降级（非错）: 无法从LINE_NAME=10kVLINE129解析出主网站映射
2026-09-06 22:44:43 [DEBUG] core.topology_builder: 主配接口降级（非错）: 无法从LINE_NAME=10kVLINE009解析出主网站映射
2026-09-06 22:44:43 [DEBUG] core.topology_builder: 主配接口降级（非错）: 无法从LINE_NAME=10kVLINE022解析出主网站映射
2026-09-06 22:44:43 [DEBUG] core.topology_builder: 主配接口降级（非错）: 无法从LINE_NAME=10kVLINE028解析出主网站映射
2026-09-06 22:44:43 [DEBUG] core.topology_builder: 主配接口降级（非错）: 无法从LINE_NAME=10kVLINE019解析出主网站映射
2026-09-06 22:44:43 [DEBUG] core.topology_builder: 主配接口降级（非错）: 无法从LINE_NAME=10kVLINE015解析出主网站映射
2026-09-06 22:44:43 [DEBUG] core.topology_builder: 主配接口降级（非错）: 无法从LINE_NAME=10kVLINE130解析出主网站映射
2026-09-06 22:44:43 [DEBUG] core.topology_builder: 主配接口降级（非错）: 无法从LINE_NAME=10kVLINE131解析出主网站映射
2026-09-06 22:44:43 [DEBUG] core.topology_builder: 主配接口降级（非错）: 无法从LINE_NAME=10kVLINE132解析出主网站映射
2026-09-06 22:44:43 [DEBUG] core.topology_builder: 主配接口降级（非错）: 无法从LINE_NAME=10kVLINE061解析出主网站映射
2026-09-06 22:44:43 [DEBUG] core.topology_builder: 主配接口降级（非错）: 无法从LINE_NAME=10kVLINE133解析出主网站映射
2026-09-06 22:44:43 [DEBUG] core.topology_builder: 主配接口降级（非错）: 无法从LINE_NAME=10kVLINE075解析出主网站映射
2026-09-06 22:44:43 [DEBUG] core.topology_builder: 主配接口降级（非错）: 无法从LINE_NAME=10kVLINE016解析出主网站映射
2026-09-06 22:44:43 [DEBUG] core.topology_builder: 主配接口降级（非错）: 无法从LINE_NAME=10kVLINE134解析出主网站映射
2026-09-06 22:44:43 [DEBUG] core.topology_builder: 主配接口降级（非错）: 无法从LINE_NAME=10kVLINE043解析出主网站映射
2026-09-06 22:44:43 [DEBUG] core.topology_builder: 主配接口降级（非错）: 无法从LINE_NAME=10kVLINE050解析出主网站映射
2026-09-06 22:44:43 [DEBUG] core.topology_builder: 主配接口降级（非错）: 无法从LINE_NAME=10kVLINE054解析出主网站映射
2026-09-06 22:44:43 [DEBUG] core.topology_builder: 主配接口降级（非错）: 无法从LINE_NAME=10kVLINE040解析出主网站映射
2026-09-06 22:44:43 [DEBUG] core.topology_builder: 主配接口降级（非错）: 无法从LINE_NAME=10kVLINE021解析出主网站映射
2026-09-06 22:44:43 [DEBUG] core.topology_builder: 主配接口降级（非错）: 无法从LINE_NAME=10kVLINE023解析出主网站映射
2026-09-06 22:44:43 [DEBUG] core.topology_builder: 主配接口降级（非错）: 无法从LINE_NAME=10kVLINE020解析出主网站映射
2026-09-06 22:44:43 [DEBUG] core.topology_builder: 主配接口降级（非错）: 无法从LINE_NAME=10kVLINE135解析出主网站映射
2026-09-06 22:44:43 [DEBUG] core.topology_builder: 主配接口降级（非错）: 无法从LINE_NAME=10kVLINE136解析出主网站映射
2026-09-06 22:44:43 [DEBUG] core.topology_builder: 主配接口降级（非错）: 无法从LINE_NAME=10kVLINE097解析出主网站映射
2026-09-06 22:44:43 [DEBUG] core.topology_builder: 主配接口降级（非错）: 无法从LINE_NAME=10kVLINE096解析出主网站映射
2026-09-06 22:44:43 [DEBUG] core.topology_builder: 主配接口降级（非错）: 无法从LINE_NAME=10kVLINE137解析出主网站映射
2026-09-06 22:44:43 [DEBUG] core.topology_builder: 主配接口降级（非错）: 无法从LINE_NAME=10kVLINE138解析出主网站映射
2026-09-06 22:44:43 [DEBUG] core.topology_builder: 主配接口降级（非错）: 无法从LINE_NAME=10kVLINE139解析出主网站映射
2026-09-06 22:44:43 [DEBUG] core.topology_builder: 主配接口降级（非错）: 无法从LINE_NAME=10kVLINE140解析出主网站映射
2026-09-06 22:44:43 [DEBUG] core.topology_builder: 主配接口降级（非错）: 无法从LINE_NAME=10kVLINE141解析出主网站映射
2026-09-06 22:44:43 [DEBUG] core.topology_builder: 主配接口降级（非错）: 无法从LINE_NAME=10kVLINE049解析出主网站映射
2026-09-06 22:44:43 [DEBUG] core.topology_builder: 主配接口降级（非错）: 无法从LINE_NAME=10kVLINE142解析出主网站映射
2026-09-06 22:44:43 [DEBUG] core.topology_builder: 主配接口降级（非错）: 无法从LINE_NAME=10kVLINE042解析出主网站映射
2026-09-06 22:44:43 [DEBUG] core.topology_builder: 主配接口降级（非错）: 无法从LINE_NAME=10kVLINE056解析出主网站映射
2026-09-06 22:44:43 [DEBUG] core.topology_builder: 主配接口降级（非错）: 无法从LINE_NAME=10kVLINE143解析出主网站映射
2026-09-06 22:44:43 [DEBUG] core.topology_builder: 主配接口降级（非错）: 无法从LINE_NAME=10kVLINE144解析出主网站映射
2026-09-06 22:44:43 [DEBUG] core.topology_builder: 主配接口降级（非错）: 无法从LINE_NAME=10kVLINE070解析出主网站映射
2026-09-06 22:44:43 [DEBUG] core.topology_builder: 主配接口降级（非错）: 无法从LINE_NAME=10kVLINE069解析出主网站映射
2026-09-06 22:44:43 [DEBUG] core.topology_builder: 主配接口降级（非错）: 无法从LINE_NAME=10kVLINE145解析出主网站映射
2026-09-06 22:44:43 [DEBUG] core.topology_builder: 主配接口降级（非错）: 无法从LINE_NAME=10kVLINE146解析出主网站映射
2026-09-06 22:44:43 [DEBUG] core.topology_builder: 主配接口降级（非错）: 无法从LINE_NAME=10kVLINE147解析出主网站映射
2026-09-06 22:44:43 [DEBUG] core.topology_builder: 主配接口降级（非错）: 无法从LINE_NAME=10kVLINE148解析出主网站映射
2026-09-06 22:44:43 [DEBUG] core.topology_builder: 主配接口降级（非错）: 无法从LINE_NAME=10kVLINE025解析出主网站映射
2026-09-06 22:44:43 [DEBUG] core.topology_builder: 主配接口降级（非错）: 无法从LINE_NAME=20kVLINE149解析出主网站映射
2026-09-06 22:44:43 [DEBUG] core.topology_builder: 主配接口降级（非错）: 无法从LINE_NAME=10kVLINE083解析出主网站映射
2026-09-06 22:44:43 [DEBUG] core.topology_builder: 主配接口降级（非错）: 无法从LINE_NAME=20kVLINE150解析出主网站映射
2026-09-06 22:44:43 [DEBUG] core.topology_builder: 主配接口降级（非错）: 无法从LINE_NAME=20kVLINE151解析出主网站映射
2026-09-06 22:44:43 [DEBUG] core.topology_builder: 主配接口降级（非错）: 无法从LINE_NAME=20kVLINE152解析出主网站映射
2026-09-06 22:44:43 [DEBUG] core.topology_builder: 主配接口降级（非错）: 无法从LINE_NAME=10kVLINE046解析出主网站映射
2026-09-06 22:44:43 [DEBUG] core.topology_builder: 主配接口降级（非错）: 无法从LINE_NAME=10kVLINE045解析出主网站映射
2026-09-06 22:44:43 [DEBUG] core.topology_builder: 主配接口降级（非错）: 无法从LINE_NAME=10kVLINE153解析出主网站映射
2026-09-06 22:44:43 [DEBUG] core.topology_builder: 主配接口降级（非错）: 无法从LINE_NAME=10kVLINE154解析出主网站映射
2026-09-06 22:44:43 [DEBUG] core.topology_builder: 主配接口降级（非错）: 无法从LINE_NAME=10kVLINE155解析出主网站映射
2026-09-06 22:44:43 [DEBUG] core.topology_builder: 主配接口降级（非错）: 无法从LINE_NAME=10kVLINE156解析出主网站映射
2026-09-06 22:44:43 [DEBUG] core.topology_builder: 主配接口降级（非错）: 无法从LINE_NAME=10kVLINE058解析出主网站映射
2026-09-06 22:44:43 [DEBUG] core.topology_builder: 主配接口降级（非错）: 无法从LINE_NAME=10kVLINE059解析出主网站映射
2026-09-06 22:44:43 [DEBUG] core.topology_builder: 主配接口降级（非错）: 无法从LINE_NAME=10kVLINE157解析出主网站映射
2026-09-06 22:44:43 [DEBUG] core.topology_builder: 主配接口降级（非错）: 无法从LINE_NAME=10kVLINE088解析出主网站映射
2026-09-06 22:44:43 [DEBUG] core.topology_builder: 主配接口降级（非错）: 无法从LINE_NAME=10kVLINE121_185解析出主网站映射
2026-09-06 22:44:43 [DEBUG] core.topology_builder: 主配接口降级（非错）: 无法从LINE_NAME=10kVLINE081解析出主网站映射
2026-09-06 22:44:43 [DEBUG] core.topology_builder: 主配接口降级（非错）: 无法从LINE_NAME=10kVLINE158解析出主网站映射
2026-09-06 22:44:43 [DEBUG] core.topology_builder: 主配接口降级（非错）: 无法从LINE_NAME=10kVLINE159解析出主网站映射
2026-09-06 22:44:43 [DEBUG] core.topology_builder: 主配接口降级（非错）: 无法从LINE_NAME=10kVLINE160解析出主网站映射
2026-09-06 22:44:43 [DEBUG] core.topology_builder: 主配接口降级（非错）: 无法从LINE_NAME=10kVLINE161解析出主网站映射
2026-09-06 22:44:43 [DEBUG] core.topology_builder: 主配接口降级（非错）: 无法从LINE_NAME=10kVLINE162解析出主网站映射
2026-09-06 22:44:43 [DEBUG] core.topology_builder: 主配接口降级（非错）: 无法从LINE_NAME=10kVLINE163解析出主网站映射
2026-09-06 22:44:43 [DEBUG] core.topology_builder: 主配接口降级（非错）: 无法从LINE_NAME=10kVLINE164解析出主网站映射
2026-09-06 22:44:43 [DEBUG] core.topology_builder: 主配接口降级（非错）: 无法从LINE_NAME=10kVLINE165解析出主网站映射
2026-09-06 22:44:43 [DEBUG] core.topology_builder: 主配接口降级（非错）: 无法从LINE_NAME=10kVLINE166解析出主网站映射
2026-09-06 22:44:43 [DEBUG] core.topology_builder: 主配接口降级（非错）: 无法从LINE_NAME=10kVLINE167解析出主网站映射
2026-09-06 22:44:43 [DEBUG] core.topology_builder: 主配接口降级（非错）: 无法从LINE_NAME=10kVLINE168解析出主网站映射
2026-09-06 22:44:43 [DEBUG] core.topology_builder: 主配接口降级（非错）: 无法从LINE_NAME=10kVLINE014解析出主网站映射
2026-09-06 22:44:43 [DEBUG] core.topology_builder: 主配接口降级（非错）: 无法从LINE_NAME=10kVLINE169解析出主网站映射
2026-09-06 22:44:43 [DEBUG] core.topology_builder: 主配接口降级（非错）: 无法从LINE_NAME=10kVLINE170解析出主网站映射
2026-09-06 22:44:43 [DEBUG] core.topology_builder: 主配接口降级（非错）: 无法从LINE_NAME=10kVLINE171解析出主网站映射
2026-09-06 22:44:43 [DEBUG] core.topology_builder: 主配接口降级（非错）: 无法从LINE_NAME=10kVLINE172解析出主网站映射
2026-09-06 22:44:43 [DEBUG] core.topology_builder: 主配接口降级（非错）: 无法从LINE_NAME=10kVLINE173解析出主网站映射
2026-09-06 22:44:43 [DEBUG] core.topology_builder: 主配接口降级（非错）: 无法从LINE_NAME=10kVLINE174解析出主网站映射
2026-09-06 22:44:43 [DEBUG] core.topology_builder: 主配接口降级（非错）: 无法从LINE_NAME=10kVLINE175解析出主网站映射
2026-09-06 22:44:43 [DEBUG] core.topology_builder: 主配接口降级（非错）: 无法从LINE_NAME=10kVLINE176解析出主网站映射
2026-09-06 22:44:43 [DEBUG] core.topology_builder: 主配接口降级（非错）: 无法从LINE_NAME=10kVLINE177解析出主网站映射
2026-09-06 22:44:43 [DEBUG] core.topology_builder: 主配接口降级（非错）: 无法从LINE_NAME=10kVLINE044解析出主网站映射
2026-09-06 22:44:43 [DEBUG] core.topology_builder: 主配接口降级（非错）: 无法从LINE_NAME=10kVLINE178解析出主网站映射
2026-09-06 22:44:43 [DEBUG] core.topology_builder: 主配接口降级（非错）: 无法从LINE_NAME=10kVLINE179解析出主网站映射
2026-09-06 22:44:43 [DEBUG] core.topology_builder: 主配接口降级（非错）: 无法从LINE_NAME=10kVLINE180解析出主网站映射
2026-09-06 22:44:43 [DEBUG] core.topology_builder: 主配接口降级（非错）: 无法从LINE_NAME=20kVLINE181解析出主网站映射
2026-09-06 22:44:43 [DEBUG] core.topology_builder: 主配接口降级（非错）: 无法从LINE_NAME=10kVLINE182解析出主网站映射
2026-09-06 22:44:43 [DEBUG] core.topology_builder: 主配接口降级（非错）: 无法从LINE_NAME=10kVLINE183解析出主网站映射
2026-09-06 22:44:43 [DEBUG] core.topology_builder: 主配接口降级（非错）: 无法从LINE_NAME=10kVLINE184解析出主网站映射
2026-09-06 22:44:43 [DEBUG] core.topology_builder: 主配接口降级（非错）: 无法从LINE_NAME=10kVLINE186解析出主网站映射
2026-09-06 22:44:43 [DEBUG] core.topology_builder: 主配接口降级（非错）: 无法从LINE_NAME=10kVLINE187解析出主网站映射
2026-09-06 22:44:43 [DEBUG] core.topology_builder: 主配接口降级（非错）: 无法从LINE_NAME=10kVLINE188解析出主网站映射
2026-09-06 22:44:43 [DEBUG] core.topology_builder: 主配接口降级（非错）: 无法从LINE_NAME=10kVLINE189解析出主网站映射
2026-09-06 22:44:43 [DEBUG] core.topology_builder: 主配接口降级（非错）: 无法从LINE_NAME=10kVLINE190解析出主网站映射
2026-09-06 22:44:43 [DEBUG] core.topology_builder: 主配接口降级（非错）: 无法从LINE_NAME=10kVLINE191解析出主网站映射
2026-09-06 22:44:43 [DEBUG] core.topology_builder: 主配接口降级（非错）: 无法从LINE_NAME=10kVLINE192解析出主网站映射
2026-09-06 22:44:43 [DEBUG] core.topology_builder: 主配接口降级（非错）: 无法从LINE_NAME=10kVLINE193解析出主网站映射
2026-09-06 22:44:43 [DEBUG] core.topology_builder: 主配接口降级（非错）: 无法从LINE_NAME=10kVLINE194解析出主网站映射
2026-09-06 22:44:43 [DEBUG] core.topology_builder: 主配接口降级（非错）: 无法从LINE_NAME=10kVLINE195解析出主网站映射
2026-09-06 22:44:43 [DEBUG] core.topology_builder: 主配接口降级（非错）: 无法从LINE_NAME=10kVLINE196解析出主网站映射
2026-09-06 22:44:43 [DEBUG] core.topology_builder: 主配接口降级（非错）: 无法从LINE_NAME=10kVLINE197解析出主网站映射
2026-09-06 22:44:43 [DEBUG] core.topology_builder: 主配接口降级（非错）: 无法从LINE_NAME=10kVLINE198解析出主网站映射
2026-09-06 22:44:43 [DEBUG] core.topology_builder: 主配接口降级（非错）: 无法从LINE_NAME=10kVLINE199解析出主网站映射
2026-09-06 22:44:43 [DEBUG] core.topology_builder: 主配接口降级（非错）: 无法从LINE_NAME=10kVLINE063解析出主网站映射
2026-09-06 22:44:43 [DEBUG] core.topology_builder: 主配接口降级（非错）: 无法从LINE_NAME=10kVLINE200解析出主网站映射
2026-09-06 22:44:43 [DEBUG] core.topology_builder: 主配接口降级（非错）: 无法从LINE_NAME=10kVLINE201解析出主网站映射
2026-09-06 22:44:43 [DEBUG] core.topology_builder: 主配接口降级（非错）: 无法从LINE_NAME=10kVLINE202解析出主网站映射
2026-09-06 22:44:43 [DEBUG] core.topology_builder: 主配接口降级（非错）: 无法从LINE_NAME=10kVLINE203解析出主网站映射
2026-09-06 22:44:43 [DEBUG] core.topology_builder: 主配接口降级（非错）: 无法从LINE_NAME=10kVLINE204解析出主网站映射
2026-09-06 22:44:43 [DEBUG] core.topology_builder: 主配接口降级（非错）: 无法从LINE_NAME=10kVLINE205解析出主网站映射
2026-09-06 22:44:43 [DEBUG] core.topology_builder: 主配接口降级（非错）: 无法从LINE_NAME=10kVLINE051解析出主网站映射
2026-09-06 22:44:43 [DEBUG] core.topology_builder: 主配接口降级（非错）: 无法从LINE_NAME=10kVLINE187解析出主网站映射
2026-09-06 22:44:43 [DEBUG] core.topology_builder: 主配接口降级（非错）: 无法从LINE_NAME=10kVLINE207解析出主网站映射
2026-09-06 22:44:43 [DEBUG] core.topology_builder: 主配接口降级（非错）: 无法从LINE_NAME=10kVLINE208解析出主网站映射
2026-09-06 22:44:43 [DEBUG] core.topology_builder: 主配接口降级（非错）: 无法从LINE_NAME=10kVLINE209解析出主网站映射
2026-09-06 22:44:43 [DEBUG] core.topology_builder: 主配接口降级（非错）: 无法从LINE_NAME=10kVLINE210解析出主网站映射
2026-09-06 22:44:43 [DEBUG] core.topology_builder: 主配接口降级（非错）: 无法从LINE_NAME=10kVLINE212解析出主网站映射
2026-09-06 22:44:43 [DEBUG] core.topology_builder: 主配接口降级（非错）: 无法从LINE_NAME=10kVLINE213解析出主网站映射
2026-09-06 22:44:43 [DEBUG] core.topology_builder: 主配接口降级（非错）: 无法从LINE_NAME=LINE215解析出主网站映射
2026-09-06 22:44:43 [DEBUG] core.topology_builder: 主配接口降级（非错）: 无法从LINE_NAME=LINE216解析出主网站映射
2026-09-06 22:44:43 [INFO] core.topology_builder: 主配接口校验：通过=184 失败=5
2026-09-06 22:44:43 [INFO] core.topology_builder: [主配接口校验] 4.1/4.2 命中缺陷: 5
2026-09-06 22:44:43 [INFO] core.topology_builder: [电气逻辑校验] RULE-E01~E07 命中:4458
2026-09-06 22:44:43 [INFO] core.topology_builder: 开始执行拓扑异常检测：悬空、孤岛、断点
2026-09-06 22:44:48 [INFO] core.topology_builder: 主网异常数量：0，断点数量：0
2026-09-06 22:44:48 [INFO] core.topology_builder: 配网异常数量：726，断点数量：418
2026-09-06 22:45:00 [DEBUG] core.topology_builder: 主配接口降级（非错）: 无法从LINE_NAME=10kVLINE098解析出主网站映射
2026-09-06 22:45:00 [DEBUG] core.topology_builder: 主配接口降级（非错）: 无法从LINE_NAME=10kVLINE060解析出主网站映射
2026-09-06 22:45:00 [DEBUG] core.topology_builder: 主配接口降级（非错）: 无法从LINE_NAME=10kVLINE004解析出主网站映射
2026-09-06 22:45:00 [DEBUG] core.topology_builder: 主配接口降级（非错）: 无法从LINE_NAME=10kVLINE082解析出主网站映射
2026-09-06 22:45:00 [DEBUG] core.topology_builder: 主配接口降级（非错）: 无法从LINE_NAME=10kVLINE018解析出主网站映射
2026-09-06 22:45:00 [DEBUG] core.topology_builder: 主配接口降级（非错）: 无法从LINE_NAME=10kVLINE074解析出主网站映射
2026-09-06 22:45:00 [DEBUG] core.topology_builder: 主配接口降级（非错）: 无法从LINE_NAME=10kVLINE099解析出主网站映射
2026-09-06 22:45:00 [DEBUG] core.topology_builder: 主配接口降级（非错）: 无法从LINE_NAME=10kVLINE041解析出主网站映射
2026-09-06 22:45:00 [DEBUG] core.topology_builder: 主配接口降级（非错）: 无法从LINE_NAME=10kVLINE086解析出主网站映射
2026-09-06 22:45:00 [DEBUG] core.topology_builder: 主配接口降级（非错）: 无法从LINE_NAME=10kVLINE073解析出主网站映射
2026-09-06 22:45:00 [DEBUG] core.topology_builder: 主配接口降级（非错）: 无法从LINE_NAME=10kVLINE033解析出主网站映射
2026-09-06 22:45:00 [DEBUG] core.topology_builder: 主配接口降级（非错）: 无法从LINE_NAME=10kVLINE091解析出主网站映射
2026-09-06 22:45:00 [DEBUG] core.topology_builder: 主配接口降级（非错）: 无法从LINE_NAME=10kVLINE100解析出主网站映射
2026-09-06 22:45:00 [DEBUG] core.topology_builder: 主配接口降级（非错）: 无法从LINE_NAME=10kVLINE013解析出主网站映射
2026-09-06 22:45:00 [DEBUG] core.topology_builder: 主配接口降级（非错）: 无法从LINE_NAME=10kVLINE101解析出主网站映射
2026-09-06 22:45:00 [DEBUG] core.topology_builder: 主配接口降级（非错）: 无法从LINE_NAME=10kVLINE035解析出主网站映射
2026-09-06 22:45:00 [DEBUG] core.topology_builder: 主配接口降级（非错）: 无法从LINE_NAME=10kVLINE102解析出主网站映射
2026-09-06 22:45:00 [DEBUG] core.topology_builder: 主配接口降级（非错）: 无法从LINE_NAME=10kVLINE103解析出主网站映射
2026-09-06 22:45:00 [DEBUG] core.topology_builder: 主配接口降级（非错）: 无法从LINE_NAME=10kVLINE055解析出主网站映射
2026-09-06 22:45:00 [DEBUG] core.topology_builder: 主配接口降级（非错）: 无法从LINE_NAME=10kVLINE024解析出主网站映射
2026-09-06 22:45:00 [DEBUG] core.topology_builder: 主配接口降级（非错）: 无法从LINE_NAME=10kVLINE084解析出主网站映射
2026-09-06 22:45:00 [DEBUG] core.topology_builder: 主配接口降级（非错）: 无法从LINE_NAME=10kVLINE087解析出主网站映射
2026-09-06 22:45:00 [DEBUG] core.topology_builder: 主配接口降级（非错）: 无法从LINE_NAME=20kVLINE104解析出主网站映射
2026-09-06 22:45:00 [DEBUG] core.topology_builder: 主配接口降级（非错）: 无法从LINE_NAME=10kVLINE012解析出主网站映射
2026-09-06 22:45:00 [DEBUG] core.topology_builder: 主配接口降级（非错）: 无法从LINE_NAME=10kVLINE105解析出主网站映射
2026-09-06 22:45:00 [DEBUG] core.topology_builder: 主配接口降级（非错）: 无法从LINE_NAME=10kVLINE106解析出主网站映射
2026-09-06 22:45:00 [DEBUG] core.topology_builder: 主配接口降级（非错）: 无法从LINE_NAME=10kVLINE094解析出主网站映射
2026-09-06 22:45:00 [DEBUG] core.topology_builder: 主配接口降级（非错）: 无法从LINE_NAME=10kVLINE107解析出主网站映射
2026-09-06 22:45:00 [DEBUG] core.topology_builder: 主配接口降级（非错）: 无法从LINE_NAME=10kVLINE053解析出主网站映射
2026-09-06 22:45:00 [DEBUG] core.topology_builder: 主配接口降级（非错）: 无法从LINE_NAME=20kVLINE108解析出主网站映射
2026-09-06 22:45:00 [DEBUG] core.topology_builder: 主配接口降级（非错）: 无法从LINE_NAME=20kVLINE109解析出主网站映射
2026-09-06 22:45:00 [DEBUG] core.topology_builder: 主配接口降级（非错）: 无法从LINE_NAME=10kVLINE110解析出主网站映射
2026-09-06 22:45:00 [DEBUG] core.topology_builder: 主配接口降级（非错）: 无法从LINE_NAME=10kVLINE111解析出主网站映射
2026-09-06 22:45:00 [DEBUG] core.topology_builder: 主配接口降级（非错）: 无法从LINE_NAME=10kVLINE112解析出主网站映射
2026-09-06 22:45:00 [DEBUG] core.topology_builder: 主配接口降级（非错）: 无法从LINE_NAME=20kVLINE113解析出主网站映射
2026-09-06 22:45:00 [DEBUG] core.topology_builder: 主配接口降级（非错）: 无法从LINE_NAME=10kVLINE026解析出主网站映射
2026-09-06 22:45:00 [DEBUG] core.topology_builder: 主配接口降级（非错）: 无法从LINE_NAME=10kVLINE048解析出主网站映射
2026-09-06 22:45:00 [DEBUG] core.topology_builder: 主配接口降级（非错）: 无法从LINE_NAME=10kVLINE003解析出主网站映射
2026-09-06 22:45:00 [DEBUG] core.topology_builder: 主配接口降级（非错）: 无法从LINE_NAME=10kVLINE057解析出主网站映射
2026-09-06 22:45:00 [DEBUG] core.topology_builder: 主配接口降级（非错）: 无法从LINE_NAME=10kVLINE077解析出主网站映射
2026-09-06 22:45:00 [DEBUG] core.topology_builder: 主配接口降级（非错）: 无法从LINE_NAME=10kVLINE114解析出主网站映射
2026-09-06 22:45:00 [DEBUG] core.topology_builder: 主配接口降级（非错）: 无法从LINE_NAME=10kVLINE027解析出主网站映射
2026-09-06 22:45:00 [DEBUG] core.topology_builder: 主配接口降级（非错）: 无法从LINE_NAME=10kVLINE115解析出主网站映射
2026-09-06 22:45:00 [DEBUG] core.topology_builder: 主配接口降级（非错）: 无法从LINE_NAME=10kVLINE116解析出主网站映射
2026-09-06 22:45:00 [DEBUG] core.topology_builder: 主配接口降级（非错）: 无法从LINE_NAME=10kVLINE117解析出主网站映射
2026-09-06 22:45:00 [DEBUG] core.topology_builder: 主配接口降级（非错）: 无法从LINE_NAME=10kVLINE118解析出主网站映射
2026-09-06 22:45:00 [DEBUG] core.topology_builder: 主配接口降级（非错）: 无法从LINE_NAME=10kVLINE038解析出主网站映射
2026-09-06 22:45:00 [DEBUG] core.topology_builder: 主配接口降级（非错）: 无法从LINE_NAME=10kVLINE119解析出主网站映射
2026-09-06 22:45:00 [DEBUG] core.topology_builder: 主配接口降级（非错）: 无法从LINE_NAME=20kVLINE120解析出主网站映射
2026-09-06 22:45:00 [DEBUG] core.topology_builder: 主配接口降级（非错）: 无法从LINE_NAME=10kVLINE121_195解析出主网站映射
2026-09-06 22:45:00 [DEBUG] core.topology_builder: 主配接口降级（非错）: 无法从LINE_NAME=10kVLINE076解析出主网站映射
2026-09-06 22:45:00 [DEBUG] core.topology_builder: 主配接口降级（非错）: 无法从LINE_NAME=10kVLINE093解析出主网站映射
2026-09-06 22:45:00 [DEBUG] core.topology_builder: 主配接口降级（非错）: 无法从LINE_NAME=20kVLINE122解析出主网站映射
2026-09-06 22:45:00 [DEBUG] core.topology_builder: 主配接口降级（非错）: 无法从LINE_NAME=10kVLINE123解析出主网站映射
2026-09-06 22:45:00 [DEBUG] core.topology_builder: 主配接口降级（非错）: 无法从LINE_NAME=10kVLINE039解析出主网站映射
2026-09-06 22:45:00 [DEBUG] core.topology_builder: 主配接口降级（非错）: 无法从LINE_NAME=10kVLINE124解析出主网站映射
2026-09-06 22:45:00 [DEBUG] core.topology_builder: 主配接口降级（非错）: 无法从LINE_NAME=10kVLINE125解析出主网站映射
2026-09-06 22:45:00 [DEBUG] core.topology_builder: 主配接口降级（非错）: 无法从LINE_NAME=10kVLINE126解析出主网站映射
2026-09-06 22:45:00 [DEBUG] core.topology_builder: 主配接口降级（非错）: 无法从LINE_NAME=10kVLINE127解析出主网站映射
2026-09-06 22:45:00 [DEBUG] core.topology_builder: 主配接口降级（非错）: 无法从LINE_NAME=10kVLINE089解析出主网站映射
2026-09-06 22:45:00 [DEBUG] core.topology_builder: 主配接口降级（非错）: 无法从LINE_NAME=10kVLINE090解析出主网站映射
2026-09-06 22:45:00 [DEBUG] core.topology_builder: 主配接口降级（非错）: 无法从LINE_NAME=10kVLINE128解析出主网站映射
2026-09-06 22:45:00 [DEBUG] core.topology_builder: 主配接口降级（非错）: 无法从LINE_NAME=10kVLINE037解析出主网站映射
2026-09-06 22:45:00 [DEBUG] core.topology_builder: 主配接口降级（非错）: 无法从LINE_NAME=10kVLINE071解析出主网站映射
2026-09-06 22:45:00 [DEBUG] core.topology_builder: 主配接口降级（非错）: 无法从LINE_NAME=10kVLINE129解析出主网站映射
2026-09-06 22:45:00 [DEBUG] core.topology_builder: 主配接口降级（非错）: 无法从LINE_NAME=10kVLINE009解析出主网站映射
2026-09-06 22:45:00 [DEBUG] core.topology_builder: 主配接口降级（非错）: 无法从LINE_NAME=10kVLINE022解析出主网站映射
2026-09-06 22:45:00 [DEBUG] core.topology_builder: 主配接口降级（非错）: 无法从LINE_NAME=10kVLINE028解析出主网站映射
2026-09-06 22:45:00 [DEBUG] core.topology_builder: 主配接口降级（非错）: 无法从LINE_NAME=10kVLINE019解析出主网站映射
2026-09-06 22:45:00 [DEBUG] core.topology_builder: 主配接口降级（非错）: 无法从LINE_NAME=10kVLINE015解析出主网站映射
2026-09-06 22:45:00 [DEBUG] core.topology_builder: 主配接口降级（非错）: 无法从LINE_NAME=10kVLINE130解析出主网站映射
2026-09-06 22:45:00 [DEBUG] core.topology_builder: 主配接口降级（非错）: 无法从LINE_NAME=10kVLINE131解析出主网站映射
2026-09-06 22:45:00 [DEBUG] core.topology_builder: 主配接口降级（非错）: 无法从LINE_NAME=10kVLINE132解析出主网站映射
2026-09-06 22:45:00 [DEBUG] core.topology_builder: 主配接口降级（非错）: 无法从LINE_NAME=10kVLINE061解析出主网站映射
2026-09-06 22:45:00 [DEBUG] core.topology_builder: 主配接口降级（非错）: 无法从LINE_NAME=10kVLINE133解析出主网站映射
2026-09-06 22:45:00 [DEBUG] core.topology_builder: 主配接口降级（非错）: 无法从LINE_NAME=10kVLINE075解析出主网站映射
2026-09-06 22:45:00 [DEBUG] core.topology_builder: 主配接口降级（非错）: 无法从LINE_NAME=10kVLINE016解析出主网站映射
2026-09-06 22:45:00 [DEBUG] core.topology_builder: 主配接口降级（非错）: 无法从LINE_NAME=10kVLINE134解析出主网站映射
2026-09-06 22:45:00 [DEBUG] core.topology_builder: 主配接口降级（非错）: 无法从LINE_NAME=10kVLINE043解析出主网站映射
2026-09-06 22:45:00 [DEBUG] core.topology_builder: 主配接口降级（非错）: 无法从LINE_NAME=10kVLINE050解析出主网站映射
2026-09-06 22:45:00 [DEBUG] core.topology_builder: 主配接口降级（非错）: 无法从LINE_NAME=10kVLINE054解析出主网站映射
2026-09-06 22:45:00 [DEBUG] core.topology_builder: 主配接口降级（非错）: 无法从LINE_NAME=10kVLINE040解析出主网站映射
2026-09-06 22:45:00 [DEBUG] core.topology_builder: 主配接口降级（非错）: 无法从LINE_NAME=10kVLINE021解析出主网站映射
2026-09-06 22:45:00 [DEBUG] core.topology_builder: 主配接口降级（非错）: 无法从LINE_NAME=10kVLINE023解析出主网站映射
2026-09-06 22:45:00 [DEBUG] core.topology_builder: 主配接口降级（非错）: 无法从LINE_NAME=10kVLINE020解析出主网站映射
2026-09-06 22:45:00 [DEBUG] core.topology_builder: 主配接口降级（非错）: 无法从LINE_NAME=10kVLINE135解析出主网站映射
2026-09-06 22:45:00 [DEBUG] core.topology_builder: 主配接口降级（非错）: 无法从LINE_NAME=10kVLINE136解析出主网站映射
2026-09-06 22:45:00 [DEBUG] core.topology_builder: 主配接口降级（非错）: 无法从LINE_NAME=10kVLINE097解析出主网站映射
2026-09-06 22:45:00 [DEBUG] core.topology_builder: 主配接口降级（非错）: 无法从LINE_NAME=10kVLINE096解析出主网站映射
2026-09-06 22:45:00 [DEBUG] core.topology_builder: 主配接口降级（非错）: 无法从LINE_NAME=10kVLINE137解析出主网站映射
2026-09-06 22:45:00 [DEBUG] core.topology_builder: 主配接口降级（非错）: 无法从LINE_NAME=10kVLINE138解析出主网站映射
2026-09-06 22:45:00 [DEBUG] core.topology_builder: 主配接口降级（非错）: 无法从LINE_NAME=10kVLINE139解析出主网站映射
2026-09-06 22:45:00 [DEBUG] core.topology_builder: 主配接口降级（非错）: 无法从LINE_NAME=10kVLINE140解析出主网站映射
2026-09-06 22:45:00 [DEBUG] core.topology_builder: 主配接口降级（非错）: 无法从LINE_NAME=10kVLINE141解析出主网站映射
2026-09-06 22:45:00 [DEBUG] core.topology_builder: 主配接口降级（非错）: 无法从LINE_NAME=10kVLINE049解析出主网站映射
2026-09-06 22:45:00 [DEBUG] core.topology_builder: 主配接口降级（非错）: 无法从LINE_NAME=10kVLINE142解析出主网站映射
2026-09-06 22:45:00 [DEBUG] core.topology_builder: 主配接口降级（非错）: 无法从LINE_NAME=10kVLINE042解析出主网站映射
2026-09-06 22:45:00 [DEBUG] core.topology_builder: 主配接口降级（非错）: 无法从LINE_NAME=10kVLINE056解析出主网站映射
2026-09-06 22:45:00 [DEBUG] core.topology_builder: 主配接口降级（非错）: 无法从LINE_NAME=10kVLINE143解析出主网站映射
2026-09-06 22:45:00 [DEBUG] core.topology_builder: 主配接口降级（非错）: 无法从LINE_NAME=10kVLINE144解析出主网站映射
2026-09-06 22:45:00 [DEBUG] core.topology_builder: 主配接口降级（非错）: 无法从LINE_NAME=10kVLINE070解析出主网站映射
2026-09-06 22:45:00 [DEBUG] core.topology_builder: 主配接口降级（非错）: 无法从LINE_NAME=10kVLINE069解析出主网站映射
2026-09-06 22:45:00 [DEBUG] core.topology_builder: 主配接口降级（非错）: 无法从LINE_NAME=10kVLINE145解析出主网站映射
2026-09-06 22:45:00 [DEBUG] core.topology_builder: 主配接口降级（非错）: 无法从LINE_NAME=10kVLINE146解析出主网站映射
2026-09-06 22:45:00 [DEBUG] core.topology_builder: 主配接口降级（非错）: 无法从LINE_NAME=10kVLINE147解析出主网站映射
2026-09-06 22:45:00 [DEBUG] core.topology_builder: 主配接口降级（非错）: 无法从LINE_NAME=10kVLINE148解析出主网站映射
2026-09-06 22:45:00 [DEBUG] core.topology_builder: 主配接口降级（非错）: 无法从LINE_NAME=10kVLINE025解析出主网站映射
2026-09-06 22:45:00 [DEBUG] core.topology_builder: 主配接口降级（非错）: 无法从LINE_NAME=20kVLINE149解析出主网站映射
2026-09-06 22:45:00 [DEBUG] core.topology_builder: 主配接口降级（非错）: 无法从LINE_NAME=10kVLINE083解析出主网站映射
2026-09-06 22:45:00 [DEBUG] core.topology_builder: 主配接口降级（非错）: 无法从LINE_NAME=20kVLINE150解析出主网站映射
2026-09-06 22:45:00 [DEBUG] core.topology_builder: 主配接口降级（非错）: 无法从LINE_NAME=20kVLINE151解析出主网站映射
2026-09-06 22:45:00 [DEBUG] core.topology_builder: 主配接口降级（非错）: 无法从LINE_NAME=20kVLINE152解析出主网站映射
2026-09-06 22:45:00 [DEBUG] core.topology_builder: 主配接口降级（非错）: 无法从LINE_NAME=10kVLINE046解析出主网站映射
2026-09-06 22:45:00 [DEBUG] core.topology_builder: 主配接口降级（非错）: 无法从LINE_NAME=10kVLINE045解析出主网站映射
2026-09-06 22:45:00 [DEBUG] core.topology_builder: 主配接口降级（非错）: 无法从LINE_NAME=10kVLINE153解析出主网站映射
2026-09-06 22:45:00 [DEBUG] core.topology_builder: 主配接口降级（非错）: 无法从LINE_NAME=10kVLINE154解析出主网站映射
2026-09-06 22:45:00 [DEBUG] core.topology_builder: 主配接口降级（非错）: 无法从LINE_NAME=10kVLINE155解析出主网站映射
2026-09-06 22:45:00 [DEBUG] core.topology_builder: 主配接口降级（非错）: 无法从LINE_NAME=10kVLINE156解析出主网站映射
2026-09-06 22:45:00 [DEBUG] core.topology_builder: 主配接口降级（非错）: 无法从LINE_NAME=10kVLINE058解析出主网站映射
2026-09-06 22:45:00 [DEBUG] core.topology_builder: 主配接口降级（非错）: 无法从LINE_NAME=10kVLINE059解析出主网站映射
2026-09-06 22:45:00 [DEBUG] core.topology_builder: 主配接口降级（非错）: 无法从LINE_NAME=10kVLINE157解析出主网站映射
2026-09-06 22:45:00 [DEBUG] core.topology_builder: 主配接口降级（非错）: 无法从LINE_NAME=10kVLINE088解析出主网站映射
2026-09-06 22:45:00 [DEBUG] core.topology_builder: 主配接口降级（非错）: 无法从LINE_NAME=10kVLINE121_185解析出主网站映射
2026-09-06 22:45:00 [DEBUG] core.topology_builder: 主配接口降级（非错）: 无法从LINE_NAME=10kVLINE081解析出主网站映射
2026-09-06 22:45:00 [DEBUG] core.topology_builder: 主配接口降级（非错）: 无法从LINE_NAME=10kVLINE158解析出主网站映射
2026-09-06 22:45:00 [DEBUG] core.topology_builder: 主配接口降级（非错）: 无法从LINE_NAME=10kVLINE159解析出主网站映射
2026-09-06 22:45:00 [DEBUG] core.topology_builder: 主配接口降级（非错）: 无法从LINE_NAME=10kVLINE160解析出主网站映射
2026-09-06 22:45:00 [DEBUG] core.topology_builder: 主配接口降级（非错）: 无法从LINE_NAME=10kVLINE161解析出主网站映射
2026-09-06 22:45:00 [DEBUG] core.topology_builder: 主配接口降级（非错）: 无法从LINE_NAME=10kVLINE162解析出主网站映射
2026-09-06 22:45:00 [DEBUG] core.topology_builder: 主配接口降级（非错）: 无法从LINE_NAME=10kVLINE163解析出主网站映射
2026-09-06 22:45:00 [DEBUG] core.topology_builder: 主配接口降级（非错）: 无法从LINE_NAME=10kVLINE164解析出主网站映射
2026-09-06 22:45:00 [DEBUG] core.topology_builder: 主配接口降级（非错）: 无法从LINE_NAME=10kVLINE165解析出主网站映射
2026-09-06 22:45:00 [DEBUG] core.topology_builder: 主配接口降级（非错）: 无法从LINE_NAME=10kVLINE166解析出主网站映射
2026-09-06 22:45:00 [DEBUG] core.topology_builder: 主配接口降级（非错）: 无法从LINE_NAME=10kVLINE167解析出主网站映射
2026-09-06 22:45:00 [DEBUG] core.topology_builder: 主配接口降级（非错）: 无法从LINE_NAME=10kVLINE168解析出主网站映射
2026-09-06 22:45:00 [DEBUG] core.topology_builder: 主配接口降级（非错）: 无法从LINE_NAME=10kVLINE014解析出主网站映射
2026-09-06 22:45:00 [DEBUG] core.topology_builder: 主配接口降级（非错）: 无法从LINE_NAME=10kVLINE169解析出主网站映射
2026-09-06 22:45:00 [DEBUG] core.topology_builder: 主配接口降级（非错）: 无法从LINE_NAME=10kVLINE170解析出主网站映射
2026-09-06 22:45:00 [DEBUG] core.topology_builder: 主配接口降级（非错）: 无法从LINE_NAME=10kVLINE171解析出主网站映射
2026-09-06 22:45:00 [DEBUG] core.topology_builder: 主配接口降级（非错）: 无法从LINE_NAME=10kVLINE172解析出主网站映射
2026-09-06 22:45:00 [DEBUG] core.topology_builder: 主配接口降级（非错）: 无法从LINE_NAME=10kVLINE173解析出主网站映射
2026-09-06 22:45:00 [DEBUG] core.topology_builder: 主配接口降级（非错）: 无法从LINE_NAME=10kVLINE174解析出主网站映射
2026-09-06 22:45:00 [DEBUG] core.topology_builder: 主配接口降级（非错）: 无法从LINE_NAME=10kVLINE175解析出主网站映射
2026-09-06 22:45:00 [DEBUG] core.topology_builder: 主配接口降级（非错）: 无法从LINE_NAME=10kVLINE176解析出主网站映射
2026-09-06 22:45:00 [DEBUG] core.topology_builder: 主配接口降级（非错）: 无法从LINE_NAME=10kVLINE177解析出主网站映射
2026-09-06 22:45:00 [DEBUG] core.topology_builder: 主配接口降级（非错）: 无法从LINE_NAME=10kVLINE044解析出主网站映射
2026-09-06 22:45:00 [DEBUG] core.topology_builder: 主配接口降级（非错）: 无法从LINE_NAME=10kVLINE178解析出主网站映射
2026-09-06 22:45:00 [DEBUG] core.topology_builder: 主配接口降级（非错）: 无法从LINE_NAME=10kVLINE179解析出主网站映射
2026-09-06 22:45:00 [DEBUG] core.topology_builder: 主配接口降级（非错）: 无法从LINE_NAME=10kVLINE180解析出主网站映射
2026-09-06 22:45:00 [DEBUG] core.topology_builder: 主配接口降级（非错）: 无法从LINE_NAME=20kVLINE181解析出主网站映射
2026-09-06 22:45:00 [DEBUG] core.topology_builder: 主配接口降级（非错）: 无法从LINE_NAME=10kVLINE182解析出主网站映射
2026-09-06 22:45:00 [DEBUG] core.topology_builder: 主配接口降级（非错）: 无法从LINE_NAME=10kVLINE183解析出主网站映射
2026-09-06 22:45:00 [DEBUG] core.topology_builder: 主配接口降级（非错）: 无法从LINE_NAME=10kVLINE184解析出主网站映射
2026-09-06 22:45:00 [DEBUG] core.topology_builder: 主配接口降级（非错）: 无法从LINE_NAME=10kVLINE186解析出主网站映射
2026-09-06 22:45:00 [DEBUG] core.topology_builder: 主配接口降级（非错）: 无法从LINE_NAME=10kVLINE187解析出主网站映射
2026-09-06 22:45:00 [DEBUG] core.topology_builder: 主配接口降级（非错）: 无法从LINE_NAME=10kVLINE188解析出主网站映射
2026-09-06 22:45:00 [DEBUG] core.topology_builder: 主配接口降级（非错）: 无法从LINE_NAME=10kVLINE189解析出主网站映射
2026-09-06 22:45:00 [DEBUG] core.topology_builder: 主配接口降级（非错）: 无法从LINE_NAME=10kVLINE190解析出主网站映射
2026-09-06 22:45:00 [DEBUG] core.topology_builder: 主配接口降级（非错）: 无法从LINE_NAME=10kVLINE191解析出主网站映射
2026-09-06 22:45:00 [DEBUG] core.topology_builder: 主配接口降级（非错）: 无法从LINE_NAME=10kVLINE192解析出主网站映射
2026-09-06 22:45:00 [DEBUG] core.topology_builder: 主配接口降级（非错）: 无法从LINE_NAME=10kVLINE193解析出主网站映射
2026-09-06 22:45:00 [DEBUG] core.topology_builder: 主配接口降级（非错）: 无法从LINE_NAME=10kVLINE194解析出主网站映射
2026-09-06 22:45:00 [DEBUG] core.topology_builder: 主配接口降级（非错）: 无法从LINE_NAME=10kVLINE195解析出主网站映射
2026-09-06 22:45:00 [DEBUG] core.topology_builder: 主配接口降级（非错）: 无法从LINE_NAME=10kVLINE196解析出主网站映射
2026-09-06 22:45:00 [DEBUG] core.topology_builder: 主配接口降级（非错）: 无法从LINE_NAME=10kVLINE197解析出主网站映射
2026-09-06 22:45:00 [DEBUG] core.topology_builder: 主配接口降级（非错）: 无法从LINE_NAME=10kVLINE198解析出主网站映射
2026-09-06 22:45:00 [DEBUG] core.topology_builder: 主配接口降级（非错）: 无法从LINE_NAME=10kVLINE199解析出主网站映射
2026-09-06 22:45:00 [DEBUG] core.topology_builder: 主配接口降级（非错）: 无法从LINE_NAME=10kVLINE063解析出主网站映射
2026-09-06 22:45:00 [DEBUG] core.topology_builder: 主配接口降级（非错）: 无法从LINE_NAME=10kVLINE200解析出主网站映射
2026-09-06 22:45:00 [DEBUG] core.topology_builder: 主配接口降级（非错）: 无法从LINE_NAME=10kVLINE201解析出主网站映射
2026-09-06 22:45:00 [DEBUG] core.topology_builder: 主配接口降级（非错）: 无法从LINE_NAME=10kVLINE202解析出主网站映射
2026-09-06 22:45:00 [DEBUG] core.topology_builder: 主配接口降级（非错）: 无法从LINE_NAME=10kVLINE203解析出主网站映射
2026-09-06 22:45:00 [DEBUG] core.topology_builder: 主配接口降级（非错）: 无法从LINE_NAME=10kVLINE204解析出主网站映射
2026-09-06 22:45:00 [DEBUG] core.topology_builder: 主配接口降级（非错）: 无法从LINE_NAME=10kVLINE205解析出主网站映射
2026-09-06 22:45:00 [DEBUG] core.topology_builder: 主配接口降级（非错）: 无法从LINE_NAME=10kVLINE051解析出主网站映射
2026-09-06 22:45:00 [DEBUG] core.topology_builder: 主配接口降级（非错）: 无法从LINE_NAME=10kVLINE187解析出主网站映射
2026-09-06 22:45:00 [DEBUG] core.topology_builder: 主配接口降级（非错）: 无法从LINE_NAME=10kVLINE207解析出主网站映射
2026-09-06 22:45:00 [DEBUG] core.topology_builder: 主配接口降级（非错）: 无法从LINE_NAME=10kVLINE208解析出主网站映射
2026-09-06 22:45:00 [DEBUG] core.topology_builder: 主配接口降级（非错）: 无法从LINE_NAME=10kVLINE209解析出主网站映射
2026-09-06 22:45:00 [DEBUG] core.topology_builder: 主配接口降级（非错）: 无法从LINE_NAME=10kVLINE210解析出主网站映射
2026-09-06 22:45:00 [DEBUG] core.topology_builder: 主配接口降级（非错）: 无法从LINE_NAME=10kVLINE212解析出主网站映射
2026-09-06 22:45:00 [DEBUG] core.topology_builder: 主配接口降级（非错）: 无法从LINE_NAME=10kVLINE213解析出主网站映射
2026-09-06 22:45:00 [DEBUG] core.topology_builder: 主配接口降级（非错）: 无法从LINE_NAME=LINE215解析出主网站映射
2026-09-06 22:45:00 [DEBUG] core.topology_builder: 主配接口降级（非错）: 无法从LINE_NAME=LINE216解析出主网站映射
2026-09-06 22:45:00 [INFO] core.topology_builder: 主配接口校验：通过=184 失败=5
2026-09-06 22:45:00 [INFO] core.topology_builder: [主配接口校验] 4.1/4.2 命中缺陷: 5
2026-09-06 22:45:06 [INFO] core.score_engine: 评分结果: 设备=50744 缺陷=5246 扣分=75.00 缺陷率=10.34% 缺陷率扣分=26.69 score_before=0.0 score_after=0.0
2026-09-06 22:45:07 [INFO] core.feeder_topology_analysis: Sheet3 联络开关: feeder=TMP00000188 识别到 1 个联络开关
2026-09-06 22:45:07 [DEBUG] core.feeder_topology_analysis: P1-P7 引擎产生 15 条断点候选
2026-09-06 22:45:07 [INFO] core.feeder_topology_analysis: Sheet2 断点定位: feeder=TMP00000188 共 378 条 (P1-P7 优先级排序)
2026-09-06 22:45:07 [INFO] core.feeder_topology_analysis: Sheet4 合环识别: feeder=TMP00000188 共 2 条
2026-09-06 22:46:44 [INFO] core.topology_builder: 主配数据拆分完成：主网设备=1167 配网设备=50744 主网线段=223 配网线段=189 主网站=10 遥信遥测=5829 ZWMEA=442 ZWSIGNAL=1567
2026-09-06 22:46:44 [INFO] core.topology_builder: 主网设备数量：1167
2026-09-06 22:46:44 [INFO] core.topology_builder: 配网设备数量：50744
2026-09-06 22:46:44 [INFO] core.topology_builder: 主网线路(ZLINEEND)数量：223
2026-09-06 22:46:44 [INFO] core.topology_builder: 配网线路(PWFEEDERLINE)数量：189
2026-09-06 22:46:44 [INFO] core.topology_builder: 主网站点(ZWSUBSTATION)数量：10
2026-09-06 22:46:44 [INFO] core.topology_builder: 遥信遥测(PWREAL)记录数：5829
2026-09-06 22:46:44 [INFO] core.topology_builder: 主网遥测(ZWMEA)：442 主网遥信(ZWSIGNAL)：1567
2026-09-06 22:46:44 [INFO] core.topology_builder: [Builder] 正在添加 1167 个主网设备和 50744 个配网设备...
2026-09-06 22:46:44 [INFO] core.topology_builder: 主网电源设备数=47
2026-09-06 22:46:44 [INFO] core.topology_builder: 主网电源设备识别: 47 台
2026-09-06 22:46:45 [DEBUG] core.topology_builder: 已处理 10000 个配网设备
2026-09-06 22:46:47 [DEBUG] core.topology_builder: 已处理 20000 个配网设备
2026-09-06 22:46:49 [DEBUG] core.topology_builder: 已处理 30000 个配网设备
2026-09-06 22:46:51 [DEBUG] core.topology_builder: 已处理 40000 个配网设备
2026-09-06 22:46:52 [DEBUG] core.topology_builder: 已处理 50000 个配网设备
2026-09-06 22:46:52 [INFO] core.topology_builder: 配网电源设备数=17643
2026-09-06 22:46:52 [INFO] core.topology_builder: 配网电源设备识别: 17643 台
2026-09-06 22:46:57 [INFO] core.topology_builder: 主配电源注入（v2-ZWLINEEND映射）: 0 台配网设备接入主网电源
2026-09-06 22:46:57 [INFO] core.topology_builder:   ZWLINEEND 解析出馈线→主网站映射数: 0
2026-09-06 22:47:14 [INFO] core.topology_builder: [Builder] 配网真实端子数量:76354
2026-09-06 22:47:14 [INFO] core.topology_builder: [Builder] 主网真实端子数量:1562
2026-09-06 22:47:26 [INFO] core.topology_builder: [端子建边完成] 配网拓扑边数量：117276
2026-09-06 22:47:26 [INFO] core.topology_builder: [端子建边完成] 主网拓扑边数量：2632
2026-09-06 22:47:38 [INFO] core.measure_preprocess: [MeasurePreprocess] 遥信实测开关数量：6666
2026-09-06 22:47:38 [INFO] core.measure_preprocess: [MeasurePreprocess] 默认合位开关数量：10942
2026-09-06 22:47:38 [INFO] core.topology_builder: [遥信预处理统计] 总开关状态映射条目:17608 实际挂载到设备:16592
2026-09-06 22:47:38 [INFO] core.topology_builder: 遥信实测开关:6666，赛题默认合位推演开关:10942
2026-09-06 22:47:56 [DEBUG] core.topology_builder: 主配接口降级（非错）: 无法从LINE_NAME=10kVLINE098解析出主网站映射
2026-09-06 22:47:56 [DEBUG] core.topology_builder: 主配接口降级（非错）: 无法从LINE_NAME=10kVLINE060解析出主网站映射
2026-09-06 22:47:56 [DEBUG] core.topology_builder: 主配接口降级（非错）: 无法从LINE_NAME=10kVLINE004解析出主网站映射
2026-09-06 22:47:56 [DEBUG] core.topology_builder: 主配接口降级（非错）: 无法从LINE_NAME=10kVLINE082解析出主网站映射
2026-09-06 22:47:56 [DEBUG] core.topology_builder: 主配接口降级（非错）: 无法从LINE_NAME=10kVLINE018解析出主网站映射
2026-09-06 22:47:56 [DEBUG] core.topology_builder: 主配接口降级（非错）: 无法从LINE_NAME=10kVLINE074解析出主网站映射
2026-09-06 22:47:56 [DEBUG] core.topology_builder: 主配接口降级（非错）: 无法从LINE_NAME=10kVLINE099解析出主网站映射
2026-09-06 22:47:56 [DEBUG] core.topology_builder: 主配接口降级（非错）: 无法从LINE_NAME=10kVLINE041解析出主网站映射
2026-09-06 22:47:56 [DEBUG] core.topology_builder: 主配接口降级（非错）: 无法从LINE_NAME=10kVLINE086解析出主网站映射
2026-09-06 22:47:56 [DEBUG] core.topology_builder: 主配接口降级（非错）: 无法从LINE_NAME=10kVLINE073解析出主网站映射
2026-09-06 22:47:56 [DEBUG] core.topology_builder: 主配接口降级（非错）: 无法从LINE_NAME=10kVLINE033解析出主网站映射
2026-09-06 22:47:56 [DEBUG] core.topology_builder: 主配接口降级（非错）: 无法从LINE_NAME=10kVLINE091解析出主网站映射
2026-09-06 22:47:56 [DEBUG] core.topology_builder: 主配接口降级（非错）: 无法从LINE_NAME=10kVLINE100解析出主网站映射
2026-09-06 22:47:56 [DEBUG] core.topology_builder: 主配接口降级（非错）: 无法从LINE_NAME=10kVLINE013解析出主网站映射
2026-09-06 22:47:56 [DEBUG] core.topology_builder: 主配接口降级（非错）: 无法从LINE_NAME=10kVLINE101解析出主网站映射
2026-09-06 22:47:56 [DEBUG] core.topology_builder: 主配接口降级（非错）: 无法从LINE_NAME=10kVLINE035解析出主网站映射
2026-09-06 22:47:56 [DEBUG] core.topology_builder: 主配接口降级（非错）: 无法从LINE_NAME=10kVLINE102解析出主网站映射
2026-09-06 22:47:56 [DEBUG] core.topology_builder: 主配接口降级（非错）: 无法从LINE_NAME=10kVLINE103解析出主网站映射
2026-09-06 22:47:56 [DEBUG] core.topology_builder: 主配接口降级（非错）: 无法从LINE_NAME=10kVLINE055解析出主网站映射
2026-09-06 22:47:56 [DEBUG] core.topology_builder: 主配接口降级（非错）: 无法从LINE_NAME=10kVLINE024解析出主网站映射
2026-09-06 22:47:56 [DEBUG] core.topology_builder: 主配接口降级（非错）: 无法从LINE_NAME=10kVLINE084解析出主网站映射
2026-09-06 22:47:56 [DEBUG] core.topology_builder: 主配接口降级（非错）: 无法从LINE_NAME=10kVLINE087解析出主网站映射
2026-09-06 22:47:56 [DEBUG] core.topology_builder: 主配接口降级（非错）: 无法从LINE_NAME=20kVLINE104解析出主网站映射
2026-09-06 22:47:56 [DEBUG] core.topology_builder: 主配接口降级（非错）: 无法从LINE_NAME=10kVLINE012解析出主网站映射
2026-09-06 22:47:56 [DEBUG] core.topology_builder: 主配接口降级（非错）: 无法从LINE_NAME=10kVLINE105解析出主网站映射
2026-09-06 22:47:56 [DEBUG] core.topology_builder: 主配接口降级（非错）: 无法从LINE_NAME=10kVLINE106解析出主网站映射
2026-09-06 22:47:56 [DEBUG] core.topology_builder: 主配接口降级（非错）: 无法从LINE_NAME=10kVLINE094解析出主网站映射
2026-09-06 22:47:56 [DEBUG] core.topology_builder: 主配接口降级（非错）: 无法从LINE_NAME=10kVLINE107解析出主网站映射
2026-09-06 22:47:56 [DEBUG] core.topology_builder: 主配接口降级（非错）: 无法从LINE_NAME=10kVLINE053解析出主网站映射
2026-09-06 22:47:56 [DEBUG] core.topology_builder: 主配接口降级（非错）: 无法从LINE_NAME=20kVLINE108解析出主网站映射
2026-09-06 22:47:56 [DEBUG] core.topology_builder: 主配接口降级（非错）: 无法从LINE_NAME=20kVLINE109解析出主网站映射
2026-09-06 22:47:56 [DEBUG] core.topology_builder: 主配接口降级（非错）: 无法从LINE_NAME=10kVLINE110解析出主网站映射
2026-09-06 22:47:56 [DEBUG] core.topology_builder: 主配接口降级（非错）: 无法从LINE_NAME=10kVLINE111解析出主网站映射
2026-09-06 22:47:56 [DEBUG] core.topology_builder: 主配接口降级（非错）: 无法从LINE_NAME=10kVLINE112解析出主网站映射
2026-09-06 22:47:56 [DEBUG] core.topology_builder: 主配接口降级（非错）: 无法从LINE_NAME=20kVLINE113解析出主网站映射
2026-09-06 22:47:56 [DEBUG] core.topology_builder: 主配接口降级（非错）: 无法从LINE_NAME=10kVLINE026解析出主网站映射
2026-09-06 22:47:56 [DEBUG] core.topology_builder: 主配接口降级（非错）: 无法从LINE_NAME=10kVLINE048解析出主网站映射
2026-09-06 22:47:56 [DEBUG] core.topology_builder: 主配接口降级（非错）: 无法从LINE_NAME=10kVLINE003解析出主网站映射
2026-09-06 22:47:56 [DEBUG] core.topology_builder: 主配接口降级（非错）: 无法从LINE_NAME=10kVLINE057解析出主网站映射
2026-09-06 22:47:56 [DEBUG] core.topology_builder: 主配接口降级（非错）: 无法从LINE_NAME=10kVLINE077解析出主网站映射
2026-09-06 22:47:56 [DEBUG] core.topology_builder: 主配接口降级（非错）: 无法从LINE_NAME=10kVLINE114解析出主网站映射
2026-09-06 22:47:56 [DEBUG] core.topology_builder: 主配接口降级（非错）: 无法从LINE_NAME=10kVLINE027解析出主网站映射
2026-09-06 22:47:56 [DEBUG] core.topology_builder: 主配接口降级（非错）: 无法从LINE_NAME=10kVLINE115解析出主网站映射
2026-09-06 22:47:56 [DEBUG] core.topology_builder: 主配接口降级（非错）: 无法从LINE_NAME=10kVLINE116解析出主网站映射
2026-09-06 22:47:56 [DEBUG] core.topology_builder: 主配接口降级（非错）: 无法从LINE_NAME=10kVLINE117解析出主网站映射
2026-09-06 22:47:56 [DEBUG] core.topology_builder: 主配接口降级（非错）: 无法从LINE_NAME=10kVLINE118解析出主网站映射
2026-09-06 22:47:56 [DEBUG] core.topology_builder: 主配接口降级（非错）: 无法从LINE_NAME=10kVLINE038解析出主网站映射
2026-09-06 22:47:56 [DEBUG] core.topology_builder: 主配接口降级（非错）: 无法从LINE_NAME=10kVLINE119解析出主网站映射
2026-09-06 22:47:56 [DEBUG] core.topology_builder: 主配接口降级（非错）: 无法从LINE_NAME=20kVLINE120解析出主网站映射
2026-09-06 22:47:56 [DEBUG] core.topology_builder: 主配接口降级（非错）: 无法从LINE_NAME=10kVLINE121_195解析出主网站映射
2026-09-06 22:47:56 [DEBUG] core.topology_builder: 主配接口降级（非错）: 无法从LINE_NAME=10kVLINE076解析出主网站映射
2026-09-06 22:47:56 [DEBUG] core.topology_builder: 主配接口降级（非错）: 无法从LINE_NAME=10kVLINE093解析出主网站映射
2026-09-06 22:47:56 [DEBUG] core.topology_builder: 主配接口降级（非错）: 无法从LINE_NAME=20kVLINE122解析出主网站映射
2026-09-06 22:47:56 [DEBUG] core.topology_builder: 主配接口降级（非错）: 无法从LINE_NAME=10kVLINE123解析出主网站映射
2026-09-06 22:47:56 [DEBUG] core.topology_builder: 主配接口降级（非错）: 无法从LINE_NAME=10kVLINE039解析出主网站映射
2026-09-06 22:47:56 [DEBUG] core.topology_builder: 主配接口降级（非错）: 无法从LINE_NAME=10kVLINE124解析出主网站映射
2026-09-06 22:47:56 [DEBUG] core.topology_builder: 主配接口降级（非错）: 无法从LINE_NAME=10kVLINE125解析出主网站映射
2026-09-06 22:47:56 [DEBUG] core.topology_builder: 主配接口降级（非错）: 无法从LINE_NAME=10kVLINE126解析出主网站映射
2026-09-06 22:47:56 [DEBUG] core.topology_builder: 主配接口降级（非错）: 无法从LINE_NAME=10kVLINE127解析出主网站映射
2026-09-06 22:47:56 [DEBUG] core.topology_builder: 主配接口降级（非错）: 无法从LINE_NAME=10kVLINE089解析出主网站映射
2026-09-06 22:47:56 [DEBUG] core.topology_builder: 主配接口降级（非错）: 无法从LINE_NAME=10kVLINE090解析出主网站映射
2026-09-06 22:47:56 [DEBUG] core.topology_builder: 主配接口降级（非错）: 无法从LINE_NAME=10kVLINE128解析出主网站映射
2026-09-06 22:47:56 [DEBUG] core.topology_builder: 主配接口降级（非错）: 无法从LINE_NAME=10kVLINE037解析出主网站映射
2026-09-06 22:47:56 [DEBUG] core.topology_builder: 主配接口降级（非错）: 无法从LINE_NAME=10kVLINE071解析出主网站映射
2026-09-06 22:47:56 [DEBUG] core.topology_builder: 主配接口降级（非错）: 无法从LINE_NAME=10kVLINE129解析出主网站映射
2026-09-06 22:47:56 [DEBUG] core.topology_builder: 主配接口降级（非错）: 无法从LINE_NAME=10kVLINE009解析出主网站映射
2026-09-06 22:47:56 [DEBUG] core.topology_builder: 主配接口降级（非错）: 无法从LINE_NAME=10kVLINE022解析出主网站映射
2026-09-06 22:47:56 [DEBUG] core.topology_builder: 主配接口降级（非错）: 无法从LINE_NAME=10kVLINE028解析出主网站映射
2026-09-06 22:47:56 [DEBUG] core.topology_builder: 主配接口降级（非错）: 无法从LINE_NAME=10kVLINE019解析出主网站映射
2026-09-06 22:47:56 [DEBUG] core.topology_builder: 主配接口降级（非错）: 无法从LINE_NAME=10kVLINE015解析出主网站映射
2026-09-06 22:47:56 [DEBUG] core.topology_builder: 主配接口降级（非错）: 无法从LINE_NAME=10kVLINE130解析出主网站映射
2026-09-06 22:47:56 [DEBUG] core.topology_builder: 主配接口降级（非错）: 无法从LINE_NAME=10kVLINE131解析出主网站映射
2026-09-06 22:47:56 [DEBUG] core.topology_builder: 主配接口降级（非错）: 无法从LINE_NAME=10kVLINE132解析出主网站映射
2026-09-06 22:47:56 [DEBUG] core.topology_builder: 主配接口降级（非错）: 无法从LINE_NAME=10kVLINE061解析出主网站映射
2026-09-06 22:47:56 [DEBUG] core.topology_builder: 主配接口降级（非错）: 无法从LINE_NAME=10kVLINE133解析出主网站映射
2026-09-06 22:47:56 [DEBUG] core.topology_builder: 主配接口降级（非错）: 无法从LINE_NAME=10kVLINE075解析出主网站映射
2026-09-06 22:47:56 [DEBUG] core.topology_builder: 主配接口降级（非错）: 无法从LINE_NAME=10kVLINE016解析出主网站映射
2026-09-06 22:47:56 [DEBUG] core.topology_builder: 主配接口降级（非错）: 无法从LINE_NAME=10kVLINE134解析出主网站映射
2026-09-06 22:47:56 [DEBUG] core.topology_builder: 主配接口降级（非错）: 无法从LINE_NAME=10kVLINE043解析出主网站映射
2026-09-06 22:47:56 [DEBUG] core.topology_builder: 主配接口降级（非错）: 无法从LINE_NAME=10kVLINE050解析出主网站映射
2026-09-06 22:47:56 [DEBUG] core.topology_builder: 主配接口降级（非错）: 无法从LINE_NAME=10kVLINE054解析出主网站映射
2026-09-06 22:47:56 [DEBUG] core.topology_builder: 主配接口降级（非错）: 无法从LINE_NAME=10kVLINE040解析出主网站映射
2026-09-06 22:47:56 [DEBUG] core.topology_builder: 主配接口降级（非错）: 无法从LINE_NAME=10kVLINE021解析出主网站映射
2026-09-06 22:47:56 [DEBUG] core.topology_builder: 主配接口降级（非错）: 无法从LINE_NAME=10kVLINE023解析出主网站映射
2026-09-06 22:47:56 [DEBUG] core.topology_builder: 主配接口降级（非错）: 无法从LINE_NAME=10kVLINE020解析出主网站映射
2026-09-06 22:47:56 [DEBUG] core.topology_builder: 主配接口降级（非错）: 无法从LINE_NAME=10kVLINE135解析出主网站映射
2026-09-06 22:47:56 [DEBUG] core.topology_builder: 主配接口降级（非错）: 无法从LINE_NAME=10kVLINE136解析出主网站映射
2026-09-06 22:47:56 [DEBUG] core.topology_builder: 主配接口降级（非错）: 无法从LINE_NAME=10kVLINE097解析出主网站映射
2026-09-06 22:47:56 [DEBUG] core.topology_builder: 主配接口降级（非错）: 无法从LINE_NAME=10kVLINE096解析出主网站映射
2026-09-06 22:47:56 [DEBUG] core.topology_builder: 主配接口降级（非错）: 无法从LINE_NAME=10kVLINE137解析出主网站映射
2026-09-06 22:47:56 [DEBUG] core.topology_builder: 主配接口降级（非错）: 无法从LINE_NAME=10kVLINE138解析出主网站映射
2026-09-06 22:47:56 [DEBUG] core.topology_builder: 主配接口降级（非错）: 无法从LINE_NAME=10kVLINE139解析出主网站映射
2026-09-06 22:47:56 [DEBUG] core.topology_builder: 主配接口降级（非错）: 无法从LINE_NAME=10kVLINE140解析出主网站映射
2026-09-06 22:47:56 [DEBUG] core.topology_builder: 主配接口降级（非错）: 无法从LINE_NAME=10kVLINE141解析出主网站映射
2026-09-06 22:47:56 [DEBUG] core.topology_builder: 主配接口降级（非错）: 无法从LINE_NAME=10kVLINE049解析出主网站映射
2026-09-06 22:47:56 [DEBUG] core.topology_builder: 主配接口降级（非错）: 无法从LINE_NAME=10kVLINE142解析出主网站映射
2026-09-06 22:47:56 [DEBUG] core.topology_builder: 主配接口降级（非错）: 无法从LINE_NAME=10kVLINE042解析出主网站映射
2026-09-06 22:47:56 [DEBUG] core.topology_builder: 主配接口降级（非错）: 无法从LINE_NAME=10kVLINE056解析出主网站映射
2026-09-06 22:47:56 [DEBUG] core.topology_builder: 主配接口降级（非错）: 无法从LINE_NAME=10kVLINE143解析出主网站映射
2026-09-06 22:47:56 [DEBUG] core.topology_builder: 主配接口降级（非错）: 无法从LINE_NAME=10kVLINE144解析出主网站映射
2026-09-06 22:47:56 [DEBUG] core.topology_builder: 主配接口降级（非错）: 无法从LINE_NAME=10kVLINE070解析出主网站映射
2026-09-06 22:47:56 [DEBUG] core.topology_builder: 主配接口降级（非错）: 无法从LINE_NAME=10kVLINE069解析出主网站映射
2026-09-06 22:47:56 [DEBUG] core.topology_builder: 主配接口降级（非错）: 无法从LINE_NAME=10kVLINE145解析出主网站映射
2026-09-06 22:47:56 [DEBUG] core.topology_builder: 主配接口降级（非错）: 无法从LINE_NAME=10kVLINE146解析出主网站映射
2026-09-06 22:47:56 [DEBUG] core.topology_builder: 主配接口降级（非错）: 无法从LINE_NAME=10kVLINE147解析出主网站映射
2026-09-06 22:47:56 [DEBUG] core.topology_builder: 主配接口降级（非错）: 无法从LINE_NAME=10kVLINE148解析出主网站映射
2026-09-06 22:47:56 [DEBUG] core.topology_builder: 主配接口降级（非错）: 无法从LINE_NAME=10kVLINE025解析出主网站映射
2026-09-06 22:47:56 [DEBUG] core.topology_builder: 主配接口降级（非错）: 无法从LINE_NAME=20kVLINE149解析出主网站映射
2026-09-06 22:47:56 [DEBUG] core.topology_builder: 主配接口降级（非错）: 无法从LINE_NAME=10kVLINE083解析出主网站映射
2026-09-06 22:47:56 [DEBUG] core.topology_builder: 主配接口降级（非错）: 无法从LINE_NAME=20kVLINE150解析出主网站映射
2026-09-06 22:47:56 [DEBUG] core.topology_builder: 主配接口降级（非错）: 无法从LINE_NAME=20kVLINE151解析出主网站映射
2026-09-06 22:47:56 [DEBUG] core.topology_builder: 主配接口降级（非错）: 无法从LINE_NAME=20kVLINE152解析出主网站映射
2026-09-06 22:47:56 [DEBUG] core.topology_builder: 主配接口降级（非错）: 无法从LINE_NAME=10kVLINE046解析出主网站映射
2026-09-06 22:47:56 [DEBUG] core.topology_builder: 主配接口降级（非错）: 无法从LINE_NAME=10kVLINE045解析出主网站映射
2026-09-06 22:47:56 [DEBUG] core.topology_builder: 主配接口降级（非错）: 无法从LINE_NAME=10kVLINE153解析出主网站映射
2026-09-06 22:47:56 [DEBUG] core.topology_builder: 主配接口降级（非错）: 无法从LINE_NAME=10kVLINE154解析出主网站映射
2026-09-06 22:47:56 [DEBUG] core.topology_builder: 主配接口降级（非错）: 无法从LINE_NAME=10kVLINE155解析出主网站映射
2026-09-06 22:47:56 [DEBUG] core.topology_builder: 主配接口降级（非错）: 无法从LINE_NAME=10kVLINE156解析出主网站映射
2026-09-06 22:47:56 [DEBUG] core.topology_builder: 主配接口降级（非错）: 无法从LINE_NAME=10kVLINE058解析出主网站映射
2026-09-06 22:47:56 [DEBUG] core.topology_builder: 主配接口降级（非错）: 无法从LINE_NAME=10kVLINE059解析出主网站映射
2026-09-06 22:47:56 [DEBUG] core.topology_builder: 主配接口降级（非错）: 无法从LINE_NAME=10kVLINE157解析出主网站映射
2026-09-06 22:47:56 [DEBUG] core.topology_builder: 主配接口降级（非错）: 无法从LINE_NAME=10kVLINE088解析出主网站映射
2026-09-06 22:47:56 [DEBUG] core.topology_builder: 主配接口降级（非错）: 无法从LINE_NAME=10kVLINE121_185解析出主网站映射
2026-09-06 22:47:56 [DEBUG] core.topology_builder: 主配接口降级（非错）: 无法从LINE_NAME=10kVLINE081解析出主网站映射
2026-09-06 22:47:56 [DEBUG] core.topology_builder: 主配接口降级（非错）: 无法从LINE_NAME=10kVLINE158解析出主网站映射
2026-09-06 22:47:56 [DEBUG] core.topology_builder: 主配接口降级（非错）: 无法从LINE_NAME=10kVLINE159解析出主网站映射
2026-09-06 22:47:56 [DEBUG] core.topology_builder: 主配接口降级（非错）: 无法从LINE_NAME=10kVLINE160解析出主网站映射
2026-09-06 22:47:56 [DEBUG] core.topology_builder: 主配接口降级（非错）: 无法从LINE_NAME=10kVLINE161解析出主网站映射
2026-09-06 22:47:56 [DEBUG] core.topology_builder: 主配接口降级（非错）: 无法从LINE_NAME=10kVLINE162解析出主网站映射
2026-09-06 22:47:56 [DEBUG] core.topology_builder: 主配接口降级（非错）: 无法从LINE_NAME=10kVLINE163解析出主网站映射
2026-09-06 22:47:56 [DEBUG] core.topology_builder: 主配接口降级（非错）: 无法从LINE_NAME=10kVLINE164解析出主网站映射
2026-09-06 22:47:56 [DEBUG] core.topology_builder: 主配接口降级（非错）: 无法从LINE_NAME=10kVLINE165解析出主网站映射
2026-09-06 22:47:56 [DEBUG] core.topology_builder: 主配接口降级（非错）: 无法从LINE_NAME=10kVLINE166解析出主网站映射
2026-09-06 22:47:56 [DEBUG] core.topology_builder: 主配接口降级（非错）: 无法从LINE_NAME=10kVLINE167解析出主网站映射
2026-09-06 22:47:56 [DEBUG] core.topology_builder: 主配接口降级（非错）: 无法从LINE_NAME=10kVLINE168解析出主网站映射
2026-09-06 22:47:56 [DEBUG] core.topology_builder: 主配接口降级（非错）: 无法从LINE_NAME=10kVLINE014解析出主网站映射
2026-09-06 22:47:56 [DEBUG] core.topology_builder: 主配接口降级（非错）: 无法从LINE_NAME=10kVLINE169解析出主网站映射
2026-09-06 22:47:56 [DEBUG] core.topology_builder: 主配接口降级（非错）: 无法从LINE_NAME=10kVLINE170解析出主网站映射
2026-09-06 22:47:56 [DEBUG] core.topology_builder: 主配接口降级（非错）: 无法从LINE_NAME=10kVLINE171解析出主网站映射
2026-09-06 22:47:56 [DEBUG] core.topology_builder: 主配接口降级（非错）: 无法从LINE_NAME=10kVLINE172解析出主网站映射
2026-09-06 22:47:56 [DEBUG] core.topology_builder: 主配接口降级（非错）: 无法从LINE_NAME=10kVLINE173解析出主网站映射
2026-09-06 22:47:56 [DEBUG] core.topology_builder: 主配接口降级（非错）: 无法从LINE_NAME=10kVLINE174解析出主网站映射
2026-09-06 22:47:56 [DEBUG] core.topology_builder: 主配接口降级（非错）: 无法从LINE_NAME=10kVLINE175解析出主网站映射
2026-09-06 22:47:56 [DEBUG] core.topology_builder: 主配接口降级（非错）: 无法从LINE_NAME=10kVLINE176解析出主网站映射
2026-09-06 22:47:56 [DEBUG] core.topology_builder: 主配接口降级（非错）: 无法从LINE_NAME=10kVLINE177解析出主网站映射
2026-09-06 22:47:56 [DEBUG] core.topology_builder: 主配接口降级（非错）: 无法从LINE_NAME=10kVLINE044解析出主网站映射
2026-09-06 22:47:56 [DEBUG] core.topology_builder: 主配接口降级（非错）: 无法从LINE_NAME=10kVLINE178解析出主网站映射
2026-09-06 22:47:56 [DEBUG] core.topology_builder: 主配接口降级（非错）: 无法从LINE_NAME=10kVLINE179解析出主网站映射
2026-09-06 22:47:56 [DEBUG] core.topology_builder: 主配接口降级（非错）: 无法从LINE_NAME=10kVLINE180解析出主网站映射
2026-09-06 22:47:56 [DEBUG] core.topology_builder: 主配接口降级（非错）: 无法从LINE_NAME=20kVLINE181解析出主网站映射
2026-09-06 22:47:56 [DEBUG] core.topology_builder: 主配接口降级（非错）: 无法从LINE_NAME=10kVLINE182解析出主网站映射
2026-09-06 22:47:56 [DEBUG] core.topology_builder: 主配接口降级（非错）: 无法从LINE_NAME=10kVLINE183解析出主网站映射
2026-09-06 22:47:56 [DEBUG] core.topology_builder: 主配接口降级（非错）: 无法从LINE_NAME=10kVLINE184解析出主网站映射
2026-09-06 22:47:56 [DEBUG] core.topology_builder: 主配接口降级（非错）: 无法从LINE_NAME=10kVLINE186解析出主网站映射
2026-09-06 22:47:56 [DEBUG] core.topology_builder: 主配接口降级（非错）: 无法从LINE_NAME=10kVLINE187解析出主网站映射
2026-09-06 22:47:56 [DEBUG] core.topology_builder: 主配接口降级（非错）: 无法从LINE_NAME=10kVLINE188解析出主网站映射
2026-09-06 22:47:56 [DEBUG] core.topology_builder: 主配接口降级（非错）: 无法从LINE_NAME=10kVLINE189解析出主网站映射
2026-09-06 22:47:56 [DEBUG] core.topology_builder: 主配接口降级（非错）: 无法从LINE_NAME=10kVLINE190解析出主网站映射
2026-09-06 22:47:56 [DEBUG] core.topology_builder: 主配接口降级（非错）: 无法从LINE_NAME=10kVLINE191解析出主网站映射
2026-09-06 22:47:56 [DEBUG] core.topology_builder: 主配接口降级（非错）: 无法从LINE_NAME=10kVLINE192解析出主网站映射
2026-09-06 22:47:56 [DEBUG] core.topology_builder: 主配接口降级（非错）: 无法从LINE_NAME=10kVLINE193解析出主网站映射
2026-09-06 22:47:56 [DEBUG] core.topology_builder: 主配接口降级（非错）: 无法从LINE_NAME=10kVLINE194解析出主网站映射
2026-09-06 22:47:56 [DEBUG] core.topology_builder: 主配接口降级（非错）: 无法从LINE_NAME=10kVLINE195解析出主网站映射
2026-09-06 22:47:56 [DEBUG] core.topology_builder: 主配接口降级（非错）: 无法从LINE_NAME=10kVLINE196解析出主网站映射
2026-09-06 22:47:56 [DEBUG] core.topology_builder: 主配接口降级（非错）: 无法从LINE_NAME=10kVLINE197解析出主网站映射
2026-09-06 22:47:56 [DEBUG] core.topology_builder: 主配接口降级（非错）: 无法从LINE_NAME=10kVLINE198解析出主网站映射
2026-09-06 22:47:56 [DEBUG] core.topology_builder: 主配接口降级（非错）: 无法从LINE_NAME=10kVLINE199解析出主网站映射
2026-09-06 22:47:56 [DEBUG] core.topology_builder: 主配接口降级（非错）: 无法从LINE_NAME=10kVLINE063解析出主网站映射
2026-09-06 22:47:56 [DEBUG] core.topology_builder: 主配接口降级（非错）: 无法从LINE_NAME=10kVLINE200解析出主网站映射
2026-09-06 22:47:56 [DEBUG] core.topology_builder: 主配接口降级（非错）: 无法从LINE_NAME=10kVLINE201解析出主网站映射
2026-09-06 22:47:56 [DEBUG] core.topology_builder: 主配接口降级（非错）: 无法从LINE_NAME=10kVLINE202解析出主网站映射
2026-09-06 22:47:56 [DEBUG] core.topology_builder: 主配接口降级（非错）: 无法从LINE_NAME=10kVLINE203解析出主网站映射
2026-09-06 22:47:56 [DEBUG] core.topology_builder: 主配接口降级（非错）: 无法从LINE_NAME=10kVLINE204解析出主网站映射
2026-09-06 22:47:56 [DEBUG] core.topology_builder: 主配接口降级（非错）: 无法从LINE_NAME=10kVLINE205解析出主网站映射
2026-09-06 22:47:56 [DEBUG] core.topology_builder: 主配接口降级（非错）: 无法从LINE_NAME=10kVLINE051解析出主网站映射
2026-09-06 22:47:56 [DEBUG] core.topology_builder: 主配接口降级（非错）: 无法从LINE_NAME=10kVLINE187解析出主网站映射
2026-09-06 22:47:56 [DEBUG] core.topology_builder: 主配接口降级（非错）: 无法从LINE_NAME=10kVLINE207解析出主网站映射
2026-09-06 22:47:56 [DEBUG] core.topology_builder: 主配接口降级（非错）: 无法从LINE_NAME=10kVLINE208解析出主网站映射
2026-09-06 22:47:56 [DEBUG] core.topology_builder: 主配接口降级（非错）: 无法从LINE_NAME=10kVLINE209解析出主网站映射
2026-09-06 22:47:56 [DEBUG] core.topology_builder: 主配接口降级（非错）: 无法从LINE_NAME=10kVLINE210解析出主网站映射
2026-09-06 22:47:56 [DEBUG] core.topology_builder: 主配接口降级（非错）: 无法从LINE_NAME=10kVLINE212解析出主网站映射
2026-09-06 22:47:56 [DEBUG] core.topology_builder: 主配接口降级（非错）: 无法从LINE_NAME=10kVLINE213解析出主网站映射
2026-09-06 22:47:56 [DEBUG] core.topology_builder: 主配接口降级（非错）: 无法从LINE_NAME=LINE215解析出主网站映射
2026-09-06 22:47:56 [DEBUG] core.topology_builder: 主配接口降级（非错）: 无法从LINE_NAME=LINE216解析出主网站映射
2026-09-06 22:47:56 [INFO] core.topology_builder: 主配接口校验：通过=184 失败=5
2026-09-06 22:47:56 [INFO] core.topology_builder: [主配接口校验] 4.1/4.2 命中缺陷: 5
2026-09-06 22:47:56 [INFO] core.topology_builder: [电气逻辑校验] RULE-E01~E07 命中:4458
2026-09-06 22:47:56 [INFO] core.topology_builder: 开始执行拓扑异常检测：悬空、孤岛、断点
2026-09-06 22:48:04 [INFO] core.topology_builder: 主网异常数量：0，断点数量：0
2026-09-06 22:48:04 [INFO] core.topology_builder: 配网异常数量：726，断点数量：418
2026-09-06 22:48:21 [DEBUG] core.topology_builder: 主配接口降级（非错）: 无法从LINE_NAME=10kVLINE098解析出主网站映射
2026-09-06 22:48:21 [DEBUG] core.topology_builder: 主配接口降级（非错）: 无法从LINE_NAME=10kVLINE060解析出主网站映射
2026-09-06 22:48:21 [DEBUG] core.topology_builder: 主配接口降级（非错）: 无法从LINE_NAME=10kVLINE004解析出主网站映射
2026-09-06 22:48:21 [DEBUG] core.topology_builder: 主配接口降级（非错）: 无法从LINE_NAME=10kVLINE082解析出主网站映射
2026-09-06 22:48:21 [DEBUG] core.topology_builder: 主配接口降级（非错）: 无法从LINE_NAME=10kVLINE018解析出主网站映射
2026-09-06 22:48:21 [DEBUG] core.topology_builder: 主配接口降级（非错）: 无法从LINE_NAME=10kVLINE074解析出主网站映射
2026-09-06 22:48:21 [DEBUG] core.topology_builder: 主配接口降级（非错）: 无法从LINE_NAME=10kVLINE099解析出主网站映射
2026-09-06 22:48:21 [DEBUG] core.topology_builder: 主配接口降级（非错）: 无法从LINE_NAME=10kVLINE041解析出主网站映射
2026-09-06 22:48:21 [DEBUG] core.topology_builder: 主配接口降级（非错）: 无法从LINE_NAME=10kVLINE086解析出主网站映射
2026-09-06 22:48:21 [DEBUG] core.topology_builder: 主配接口降级（非错）: 无法从LINE_NAME=10kVLINE073解析出主网站映射
2026-09-06 22:48:21 [DEBUG] core.topology_builder: 主配接口降级（非错）: 无法从LINE_NAME=10kVLINE033解析出主网站映射
2026-09-06 22:48:21 [DEBUG] core.topology_builder: 主配接口降级（非错）: 无法从LINE_NAME=10kVLINE091解析出主网站映射
2026-09-06 22:48:21 [DEBUG] core.topology_builder: 主配接口降级（非错）: 无法从LINE_NAME=10kVLINE100解析出主网站映射
2026-09-06 22:48:21 [DEBUG] core.topology_builder: 主配接口降级（非错）: 无法从LINE_NAME=10kVLINE013解析出主网站映射
2026-09-06 22:48:21 [DEBUG] core.topology_builder: 主配接口降级（非错）: 无法从LINE_NAME=10kVLINE101解析出主网站映射
2026-09-06 22:48:21 [DEBUG] core.topology_builder: 主配接口降级（非错）: 无法从LINE_NAME=10kVLINE035解析出主网站映射
2026-09-06 22:48:21 [DEBUG] core.topology_builder: 主配接口降级（非错）: 无法从LINE_NAME=10kVLINE102解析出主网站映射
2026-09-06 22:48:21 [DEBUG] core.topology_builder: 主配接口降级（非错）: 无法从LINE_NAME=10kVLINE103解析出主网站映射
2026-09-06 22:48:21 [DEBUG] core.topology_builder: 主配接口降级（非错）: 无法从LINE_NAME=10kVLINE055解析出主网站映射
2026-09-06 22:48:21 [DEBUG] core.topology_builder: 主配接口降级（非错）: 无法从LINE_NAME=10kVLINE024解析出主网站映射
2026-09-06 22:48:21 [DEBUG] core.topology_builder: 主配接口降级（非错）: 无法从LINE_NAME=10kVLINE084解析出主网站映射
2026-09-06 22:48:21 [DEBUG] core.topology_builder: 主配接口降级（非错）: 无法从LINE_NAME=10kVLINE087解析出主网站映射
2026-09-06 22:48:21 [DEBUG] core.topology_builder: 主配接口降级（非错）: 无法从LINE_NAME=20kVLINE104解析出主网站映射
2026-09-06 22:48:21 [DEBUG] core.topology_builder: 主配接口降级（非错）: 无法从LINE_NAME=10kVLINE012解析出主网站映射
2026-09-06 22:48:21 [DEBUG] core.topology_builder: 主配接口降级（非错）: 无法从LINE_NAME=10kVLINE105解析出主网站映射
2026-09-06 22:48:21 [DEBUG] core.topology_builder: 主配接口降级（非错）: 无法从LINE_NAME=10kVLINE106解析出主网站映射
2026-09-06 22:48:21 [DEBUG] core.topology_builder: 主配接口降级（非错）: 无法从LINE_NAME=10kVLINE094解析出主网站映射
2026-09-06 22:48:21 [DEBUG] core.topology_builder: 主配接口降级（非错）: 无法从LINE_NAME=10kVLINE107解析出主网站映射
2026-09-06 22:48:21 [DEBUG] core.topology_builder: 主配接口降级（非错）: 无法从LINE_NAME=10kVLINE053解析出主网站映射
2026-09-06 22:48:21 [DEBUG] core.topology_builder: 主配接口降级（非错）: 无法从LINE_NAME=20kVLINE108解析出主网站映射
2026-09-06 22:48:21 [DEBUG] core.topology_builder: 主配接口降级（非错）: 无法从LINE_NAME=20kVLINE109解析出主网站映射
2026-09-06 22:48:21 [DEBUG] core.topology_builder: 主配接口降级（非错）: 无法从LINE_NAME=10kVLINE110解析出主网站映射
2026-09-06 22:48:21 [DEBUG] core.topology_builder: 主配接口降级（非错）: 无法从LINE_NAME=10kVLINE111解析出主网站映射
2026-09-06 22:48:21 [DEBUG] core.topology_builder: 主配接口降级（非错）: 无法从LINE_NAME=10kVLINE112解析出主网站映射
2026-09-06 22:48:21 [DEBUG] core.topology_builder: 主配接口降级（非错）: 无法从LINE_NAME=20kVLINE113解析出主网站映射
2026-09-06 22:48:21 [DEBUG] core.topology_builder: 主配接口降级（非错）: 无法从LINE_NAME=10kVLINE026解析出主网站映射
2026-09-06 22:48:21 [DEBUG] core.topology_builder: 主配接口降级（非错）: 无法从LINE_NAME=10kVLINE048解析出主网站映射
2026-09-06 22:48:21 [DEBUG] core.topology_builder: 主配接口降级（非错）: 无法从LINE_NAME=10kVLINE003解析出主网站映射
2026-09-06 22:48:21 [DEBUG] core.topology_builder: 主配接口降级（非错）: 无法从LINE_NAME=10kVLINE057解析出主网站映射
2026-09-06 22:48:21 [DEBUG] core.topology_builder: 主配接口降级（非错）: 无法从LINE_NAME=10kVLINE077解析出主网站映射
2026-09-06 22:48:21 [DEBUG] core.topology_builder: 主配接口降级（非错）: 无法从LINE_NAME=10kVLINE114解析出主网站映射
2026-09-06 22:48:21 [DEBUG] core.topology_builder: 主配接口降级（非错）: 无法从LINE_NAME=10kVLINE027解析出主网站映射
2026-09-06 22:48:21 [DEBUG] core.topology_builder: 主配接口降级（非错）: 无法从LINE_NAME=10kVLINE115解析出主网站映射
2026-09-06 22:48:21 [DEBUG] core.topology_builder: 主配接口降级（非错）: 无法从LINE_NAME=10kVLINE116解析出主网站映射
2026-09-06 22:48:21 [DEBUG] core.topology_builder: 主配接口降级（非错）: 无法从LINE_NAME=10kVLINE117解析出主网站映射
2026-09-06 22:48:21 [DEBUG] core.topology_builder: 主配接口降级（非错）: 无法从LINE_NAME=10kVLINE118解析出主网站映射
2026-09-06 22:48:21 [DEBUG] core.topology_builder: 主配接口降级（非错）: 无法从LINE_NAME=10kVLINE038解析出主网站映射
2026-09-06 22:48:21 [DEBUG] core.topology_builder: 主配接口降级（非错）: 无法从LINE_NAME=10kVLINE119解析出主网站映射
2026-09-06 22:48:21 [DEBUG] core.topology_builder: 主配接口降级（非错）: 无法从LINE_NAME=20kVLINE120解析出主网站映射
2026-09-06 22:48:21 [DEBUG] core.topology_builder: 主配接口降级（非错）: 无法从LINE_NAME=10kVLINE121_195解析出主网站映射
2026-09-06 22:48:21 [DEBUG] core.topology_builder: 主配接口降级（非错）: 无法从LINE_NAME=10kVLINE076解析出主网站映射
2026-09-06 22:48:21 [DEBUG] core.topology_builder: 主配接口降级（非错）: 无法从LINE_NAME=10kVLINE093解析出主网站映射
2026-09-06 22:48:21 [DEBUG] core.topology_builder: 主配接口降级（非错）: 无法从LINE_NAME=20kVLINE122解析出主网站映射
2026-09-06 22:48:21 [DEBUG] core.topology_builder: 主配接口降级（非错）: 无法从LINE_NAME=10kVLINE123解析出主网站映射
2026-09-06 22:48:21 [DEBUG] core.topology_builder: 主配接口降级（非错）: 无法从LINE_NAME=10kVLINE039解析出主网站映射
2026-09-06 22:48:21 [DEBUG] core.topology_builder: 主配接口降级（非错）: 无法从LINE_NAME=10kVLINE124解析出主网站映射
2026-09-06 22:48:21 [DEBUG] core.topology_builder: 主配接口降级（非错）: 无法从LINE_NAME=10kVLINE125解析出主网站映射
2026-09-06 22:48:21 [DEBUG] core.topology_builder: 主配接口降级（非错）: 无法从LINE_NAME=10kVLINE126解析出主网站映射
2026-09-06 22:48:21 [DEBUG] core.topology_builder: 主配接口降级（非错）: 无法从LINE_NAME=10kVLINE127解析出主网站映射
2026-09-06 22:48:21 [DEBUG] core.topology_builder: 主配接口降级（非错）: 无法从LINE_NAME=10kVLINE089解析出主网站映射
2026-09-06 22:48:21 [DEBUG] core.topology_builder: 主配接口降级（非错）: 无法从LINE_NAME=10kVLINE090解析出主网站映射
2026-09-06 22:48:21 [DEBUG] core.topology_builder: 主配接口降级（非错）: 无法从LINE_NAME=10kVLINE128解析出主网站映射
2026-09-06 22:48:21 [DEBUG] core.topology_builder: 主配接口降级（非错）: 无法从LINE_NAME=10kVLINE037解析出主网站映射
2026-09-06 22:48:21 [DEBUG] core.topology_builder: 主配接口降级（非错）: 无法从LINE_NAME=10kVLINE071解析出主网站映射
2026-09-06 22:48:21 [DEBUG] core.topology_builder: 主配接口降级（非错）: 无法从LINE_NAME=10kVLINE129解析出主网站映射
2026-09-06 22:48:21 [DEBUG] core.topology_builder: 主配接口降级（非错）: 无法从LINE_NAME=10kVLINE009解析出主网站映射
2026-09-06 22:48:21 [DEBUG] core.topology_builder: 主配接口降级（非错）: 无法从LINE_NAME=10kVLINE022解析出主网站映射
2026-09-06 22:48:21 [DEBUG] core.topology_builder: 主配接口降级（非错）: 无法从LINE_NAME=10kVLINE028解析出主网站映射
2026-09-06 22:48:21 [DEBUG] core.topology_builder: 主配接口降级（非错）: 无法从LINE_NAME=10kVLINE019解析出主网站映射
2026-09-06 22:48:21 [DEBUG] core.topology_builder: 主配接口降级（非错）: 无法从LINE_NAME=10kVLINE015解析出主网站映射
2026-09-06 22:48:21 [DEBUG] core.topology_builder: 主配接口降级（非错）: 无法从LINE_NAME=10kVLINE130解析出主网站映射
2026-09-06 22:48:21 [DEBUG] core.topology_builder: 主配接口降级（非错）: 无法从LINE_NAME=10kVLINE131解析出主网站映射
2026-09-06 22:48:21 [DEBUG] core.topology_builder: 主配接口降级（非错）: 无法从LINE_NAME=10kVLINE132解析出主网站映射
2026-09-06 22:48:21 [DEBUG] core.topology_builder: 主配接口降级（非错）: 无法从LINE_NAME=10kVLINE061解析出主网站映射
2026-09-06 22:48:21 [DEBUG] core.topology_builder: 主配接口降级（非错）: 无法从LINE_NAME=10kVLINE133解析出主网站映射
2026-09-06 22:48:21 [DEBUG] core.topology_builder: 主配接口降级（非错）: 无法从LINE_NAME=10kVLINE075解析出主网站映射
2026-09-06 22:48:21 [DEBUG] core.topology_builder: 主配接口降级（非错）: 无法从LINE_NAME=10kVLINE016解析出主网站映射
2026-09-06 22:48:21 [DEBUG] core.topology_builder: 主配接口降级（非错）: 无法从LINE_NAME=10kVLINE134解析出主网站映射
2026-09-06 22:48:21 [DEBUG] core.topology_builder: 主配接口降级（非错）: 无法从LINE_NAME=10kVLINE043解析出主网站映射
2026-09-06 22:48:21 [DEBUG] core.topology_builder: 主配接口降级（非错）: 无法从LINE_NAME=10kVLINE050解析出主网站映射
2026-09-06 22:48:21 [DEBUG] core.topology_builder: 主配接口降级（非错）: 无法从LINE_NAME=10kVLINE054解析出主网站映射
2026-09-06 22:48:21 [DEBUG] core.topology_builder: 主配接口降级（非错）: 无法从LINE_NAME=10kVLINE040解析出主网站映射
2026-09-06 22:48:21 [DEBUG] core.topology_builder: 主配接口降级（非错）: 无法从LINE_NAME=10kVLINE021解析出主网站映射
2026-09-06 22:48:21 [DEBUG] core.topology_builder: 主配接口降级（非错）: 无法从LINE_NAME=10kVLINE023解析出主网站映射
2026-09-06 22:48:21 [DEBUG] core.topology_builder: 主配接口降级（非错）: 无法从LINE_NAME=10kVLINE020解析出主网站映射
2026-09-06 22:48:21 [DEBUG] core.topology_builder: 主配接口降级（非错）: 无法从LINE_NAME=10kVLINE135解析出主网站映射
2026-09-06 22:48:21 [DEBUG] core.topology_builder: 主配接口降级（非错）: 无法从LINE_NAME=10kVLINE136解析出主网站映射
2026-09-06 22:48:21 [DEBUG] core.topology_builder: 主配接口降级（非错）: 无法从LINE_NAME=10kVLINE097解析出主网站映射
2026-09-06 22:48:21 [DEBUG] core.topology_builder: 主配接口降级（非错）: 无法从LINE_NAME=10kVLINE096解析出主网站映射
2026-09-06 22:48:21 [DEBUG] core.topology_builder: 主配接口降级（非错）: 无法从LINE_NAME=10kVLINE137解析出主网站映射
2026-09-06 22:48:21 [DEBUG] core.topology_builder: 主配接口降级（非错）: 无法从LINE_NAME=10kVLINE138解析出主网站映射
2026-09-06 22:48:21 [DEBUG] core.topology_builder: 主配接口降级（非错）: 无法从LINE_NAME=10kVLINE139解析出主网站映射
2026-09-06 22:48:21 [DEBUG] core.topology_builder: 主配接口降级（非错）: 无法从LINE_NAME=10kVLINE140解析出主网站映射
2026-09-06 22:48:21 [DEBUG] core.topology_builder: 主配接口降级（非错）: 无法从LINE_NAME=10kVLINE141解析出主网站映射
2026-09-06 22:48:21 [DEBUG] core.topology_builder: 主配接口降级（非错）: 无法从LINE_NAME=10kVLINE049解析出主网站映射
2026-09-06 22:48:21 [DEBUG] core.topology_builder: 主配接口降级（非错）: 无法从LINE_NAME=10kVLINE142解析出主网站映射
2026-09-06 22:48:21 [DEBUG] core.topology_builder: 主配接口降级（非错）: 无法从LINE_NAME=10kVLINE042解析出主网站映射
2026-09-06 22:48:21 [DEBUG] core.topology_builder: 主配接口降级（非错）: 无法从LINE_NAME=10kVLINE056解析出主网站映射
2026-09-06 22:48:21 [DEBUG] core.topology_builder: 主配接口降级（非错）: 无法从LINE_NAME=10kVLINE143解析出主网站映射
2026-09-06 22:48:21 [DEBUG] core.topology_builder: 主配接口降级（非错）: 无法从LINE_NAME=10kVLINE144解析出主网站映射
2026-09-06 22:48:21 [DEBUG] core.topology_builder: 主配接口降级（非错）: 无法从LINE_NAME=10kVLINE070解析出主网站映射
2026-09-06 22:48:21 [DEBUG] core.topology_builder: 主配接口降级（非错）: 无法从LINE_NAME=10kVLINE069解析出主网站映射
2026-09-06 22:48:21 [DEBUG] core.topology_builder: 主配接口降级（非错）: 无法从LINE_NAME=10kVLINE145解析出主网站映射
2026-09-06 22:48:21 [DEBUG] core.topology_builder: 主配接口降级（非错）: 无法从LINE_NAME=10kVLINE146解析出主网站映射
2026-09-06 22:48:21 [DEBUG] core.topology_builder: 主配接口降级（非错）: 无法从LINE_NAME=10kVLINE147解析出主网站映射
2026-09-06 22:48:21 [DEBUG] core.topology_builder: 主配接口降级（非错）: 无法从LINE_NAME=10kVLINE148解析出主网站映射
2026-09-06 22:48:21 [DEBUG] core.topology_builder: 主配接口降级（非错）: 无法从LINE_NAME=10kVLINE025解析出主网站映射
2026-09-06 22:48:21 [DEBUG] core.topology_builder: 主配接口降级（非错）: 无法从LINE_NAME=20kVLINE149解析出主网站映射
2026-09-06 22:48:21 [DEBUG] core.topology_builder: 主配接口降级（非错）: 无法从LINE_NAME=10kVLINE083解析出主网站映射
2026-09-06 22:48:21 [DEBUG] core.topology_builder: 主配接口降级（非错）: 无法从LINE_NAME=20kVLINE150解析出主网站映射
2026-09-06 22:48:21 [DEBUG] core.topology_builder: 主配接口降级（非错）: 无法从LINE_NAME=20kVLINE151解析出主网站映射
2026-09-06 22:48:21 [DEBUG] core.topology_builder: 主配接口降级（非错）: 无法从LINE_NAME=20kVLINE152解析出主网站映射
2026-09-06 22:48:21 [DEBUG] core.topology_builder: 主配接口降级（非错）: 无法从LINE_NAME=10kVLINE046解析出主网站映射
2026-09-06 22:48:21 [DEBUG] core.topology_builder: 主配接口降级（非错）: 无法从LINE_NAME=10kVLINE045解析出主网站映射
2026-09-06 22:48:21 [DEBUG] core.topology_builder: 主配接口降级（非错）: 无法从LINE_NAME=10kVLINE153解析出主网站映射
2026-09-06 22:48:21 [DEBUG] core.topology_builder: 主配接口降级（非错）: 无法从LINE_NAME=10kVLINE154解析出主网站映射
2026-09-06 22:48:21 [DEBUG] core.topology_builder: 主配接口降级（非错）: 无法从LINE_NAME=10kVLINE155解析出主网站映射
2026-09-06 22:48:21 [DEBUG] core.topology_builder: 主配接口降级（非错）: 无法从LINE_NAME=10kVLINE156解析出主网站映射
2026-09-06 22:48:21 [DEBUG] core.topology_builder: 主配接口降级（非错）: 无法从LINE_NAME=10kVLINE058解析出主网站映射
2026-09-06 22:48:21 [DEBUG] core.topology_builder: 主配接口降级（非错）: 无法从LINE_NAME=10kVLINE059解析出主网站映射
2026-09-06 22:48:21 [DEBUG] core.topology_builder: 主配接口降级（非错）: 无法从LINE_NAME=10kVLINE157解析出主网站映射
2026-09-06 22:48:21 [DEBUG] core.topology_builder: 主配接口降级（非错）: 无法从LINE_NAME=10kVLINE088解析出主网站映射
2026-09-06 22:48:21 [DEBUG] core.topology_builder: 主配接口降级（非错）: 无法从LINE_NAME=10kVLINE121_185解析出主网站映射
2026-09-06 22:48:21 [DEBUG] core.topology_builder: 主配接口降级（非错）: 无法从LINE_NAME=10kVLINE081解析出主网站映射
2026-09-06 22:48:21 [DEBUG] core.topology_builder: 主配接口降级（非错）: 无法从LINE_NAME=10kVLINE158解析出主网站映射
2026-09-06 22:48:21 [DEBUG] core.topology_builder: 主配接口降级（非错）: 无法从LINE_NAME=10kVLINE159解析出主网站映射
2026-09-06 22:48:21 [DEBUG] core.topology_builder: 主配接口降级（非错）: 无法从LINE_NAME=10kVLINE160解析出主网站映射
2026-09-06 22:48:21 [DEBUG] core.topology_builder: 主配接口降级（非错）: 无法从LINE_NAME=10kVLINE161解析出主网站映射
2026-09-06 22:48:21 [DEBUG] core.topology_builder: 主配接口降级（非错）: 无法从LINE_NAME=10kVLINE162解析出主网站映射
2026-09-06 22:48:21 [DEBUG] core.topology_builder: 主配接口降级（非错）: 无法从LINE_NAME=10kVLINE163解析出主网站映射
2026-09-06 22:48:21 [DEBUG] core.topology_builder: 主配接口降级（非错）: 无法从LINE_NAME=10kVLINE164解析出主网站映射
2026-09-06 22:48:21 [DEBUG] core.topology_builder: 主配接口降级（非错）: 无法从LINE_NAME=10kVLINE165解析出主网站映射
2026-09-06 22:48:21 [DEBUG] core.topology_builder: 主配接口降级（非错）: 无法从LINE_NAME=10kVLINE166解析出主网站映射
2026-09-06 22:48:21 [DEBUG] core.topology_builder: 主配接口降级（非错）: 无法从LINE_NAME=10kVLINE167解析出主网站映射
2026-09-06 22:48:21 [DEBUG] core.topology_builder: 主配接口降级（非错）: 无法从LINE_NAME=10kVLINE168解析出主网站映射
2026-09-06 22:48:21 [DEBUG] core.topology_builder: 主配接口降级（非错）: 无法从LINE_NAME=10kVLINE014解析出主网站映射
2026-09-06 22:48:21 [DEBUG] core.topology_builder: 主配接口降级（非错）: 无法从LINE_NAME=10kVLINE169解析出主网站映射
2026-09-06 22:48:21 [DEBUG] core.topology_builder: 主配接口降级（非错）: 无法从LINE_NAME=10kVLINE170解析出主网站映射
2026-09-06 22:48:21 [DEBUG] core.topology_builder: 主配接口降级（非错）: 无法从LINE_NAME=10kVLINE171解析出主网站映射
2026-09-06 22:48:21 [DEBUG] core.topology_builder: 主配接口降级（非错）: 无法从LINE_NAME=10kVLINE172解析出主网站映射
2026-09-06 22:48:21 [DEBUG] core.topology_builder: 主配接口降级（非错）: 无法从LINE_NAME=10kVLINE173解析出主网站映射
2026-09-06 22:48:21 [DEBUG] core.topology_builder: 主配接口降级（非错）: 无法从LINE_NAME=10kVLINE174解析出主网站映射
2026-09-06 22:48:21 [DEBUG] core.topology_builder: 主配接口降级（非错）: 无法从LINE_NAME=10kVLINE175解析出主网站映射
2026-09-06 22:48:21 [DEBUG] core.topology_builder: 主配接口降级（非错）: 无法从LINE_NAME=10kVLINE176解析出主网站映射
2026-09-06 22:48:21 [DEBUG] core.topology_builder: 主配接口降级（非错）: 无法从LINE_NAME=10kVLINE177解析出主网站映射
2026-09-06 22:48:21 [DEBUG] core.topology_builder: 主配接口降级（非错）: 无法从LINE_NAME=10kVLINE044解析出主网站映射
2026-09-06 22:48:21 [DEBUG] core.topology_builder: 主配接口降级（非错）: 无法从LINE_NAME=10kVLINE178解析出主网站映射
2026-09-06 22:48:21 [DEBUG] core.topology_builder: 主配接口降级（非错）: 无法从LINE_NAME=10kVLINE179解析出主网站映射
2026-09-06 22:48:21 [DEBUG] core.topology_builder: 主配接口降级（非错）: 无法从LINE_NAME=10kVLINE180解析出主网站映射
2026-09-06 22:48:21 [DEBUG] core.topology_builder: 主配接口降级（非错）: 无法从LINE_NAME=20kVLINE181解析出主网站映射
2026-09-06 22:48:21 [DEBUG] core.topology_builder: 主配接口降级（非错）: 无法从LINE_NAME=10kVLINE182解析出主网站映射
2026-09-06 22:48:21 [DEBUG] core.topology_builder: 主配接口降级（非错）: 无法从LINE_NAME=10kVLINE183解析出主网站映射
2026-09-06 22:48:21 [DEBUG] core.topology_builder: 主配接口降级（非错）: 无法从LINE_NAME=10kVLINE184解析出主网站映射
2026-09-06 22:48:21 [DEBUG] core.topology_builder: 主配接口降级（非错）: 无法从LINE_NAME=10kVLINE186解析出主网站映射
2026-09-06 22:48:21 [DEBUG] core.topology_builder: 主配接口降级（非错）: 无法从LINE_NAME=10kVLINE187解析出主网站映射
2026-09-06 22:48:21 [DEBUG] core.topology_builder: 主配接口降级（非错）: 无法从LINE_NAME=10kVLINE188解析出主网站映射
2026-09-06 22:48:21 [DEBUG] core.topology_builder: 主配接口降级（非错）: 无法从LINE_NAME=10kVLINE189解析出主网站映射
2026-09-06 22:48:21 [DEBUG] core.topology_builder: 主配接口降级（非错）: 无法从LINE_NAME=10kVLINE190解析出主网站映射
2026-09-06 22:48:21 [DEBUG] core.topology_builder: 主配接口降级（非错）: 无法从LINE_NAME=10kVLINE191解析出主网站映射
2026-09-06 22:48:21 [DEBUG] core.topology_builder: 主配接口降级（非错）: 无法从LINE_NAME=10kVLINE192解析出主网站映射
2026-09-06 22:48:21 [DEBUG] core.topology_builder: 主配接口降级（非错）: 无法从LINE_NAME=10kVLINE193解析出主网站映射
2026-09-06 22:48:21 [DEBUG] core.topology_builder: 主配接口降级（非错）: 无法从LINE_NAME=10kVLINE194解析出主网站映射
2026-09-06 22:48:21 [DEBUG] core.topology_builder: 主配接口降级（非错）: 无法从LINE_NAME=10kVLINE195解析出主网站映射
2026-09-06 22:48:21 [DEBUG] core.topology_builder: 主配接口降级（非错）: 无法从LINE_NAME=10kVLINE196解析出主网站映射
2026-09-06 22:48:21 [DEBUG] core.topology_builder: 主配接口降级（非错）: 无法从LINE_NAME=10kVLINE197解析出主网站映射
2026-09-06 22:48:21 [DEBUG] core.topology_builder: 主配接口降级（非错）: 无法从LINE_NAME=10kVLINE198解析出主网站映射
2026-09-06 22:48:21 [DEBUG] core.topology_builder: 主配接口降级（非错）: 无法从LINE_NAME=10kVLINE199解析出主网站映射
2026-09-06 22:48:21 [DEBUG] core.topology_builder: 主配接口降级（非错）: 无法从LINE_NAME=10kVLINE063解析出主网站映射
2026-09-06 22:48:21 [DEBUG] core.topology_builder: 主配接口降级（非错）: 无法从LINE_NAME=10kVLINE200解析出主网站映射
2026-09-06 22:48:21 [DEBUG] core.topology_builder: 主配接口降级（非错）: 无法从LINE_NAME=10kVLINE201解析出主网站映射
2026-09-06 22:48:21 [DEBUG] core.topology_builder: 主配接口降级（非错）: 无法从LINE_NAME=10kVLINE202解析出主网站映射
2026-09-06 22:48:21 [DEBUG] core.topology_builder: 主配接口降级（非错）: 无法从LINE_NAME=10kVLINE203解析出主网站映射
2026-09-06 22:48:21 [DEBUG] core.topology_builder: 主配接口降级（非错）: 无法从LINE_NAME=10kVLINE204解析出主网站映射
2026-09-06 22:48:21 [DEBUG] core.topology_builder: 主配接口降级（非错）: 无法从LINE_NAME=10kVLINE205解析出主网站映射
2026-09-06 22:48:21 [DEBUG] core.topology_builder: 主配接口降级（非错）: 无法从LINE_NAME=10kVLINE051解析出主网站映射
2026-09-06 22:48:21 [DEBUG] core.topology_builder: 主配接口降级（非错）: 无法从LINE_NAME=10kVLINE187解析出主网站映射
2026-09-06 22:48:21 [DEBUG] core.topology_builder: 主配接口降级（非错）: 无法从LINE_NAME=10kVLINE207解析出主网站映射
2026-09-06 22:48:21 [DEBUG] core.topology_builder: 主配接口降级（非错）: 无法从LINE_NAME=10kVLINE208解析出主网站映射
2026-09-06 22:48:21 [DEBUG] core.topology_builder: 主配接口降级（非错）: 无法从LINE_NAME=10kVLINE209解析出主网站映射
2026-09-06 22:48:21 [DEBUG] core.topology_builder: 主配接口降级（非错）: 无法从LINE_NAME=10kVLINE210解析出主网站映射
2026-09-06 22:48:21 [DEBUG] core.topology_builder: 主配接口降级（非错）: 无法从LINE_NAME=10kVLINE212解析出主网站映射
2026-09-06 22:48:21 [DEBUG] core.topology_builder: 主配接口降级（非错）: 无法从LINE_NAME=10kVLINE213解析出主网站映射
2026-09-06 22:48:21 [DEBUG] core.topology_builder: 主配接口降级（非错）: 无法从LINE_NAME=LINE215解析出主网站映射
2026-09-06 22:48:21 [DEBUG] core.topology_builder: 主配接口降级（非错）: 无法从LINE_NAME=LINE216解析出主网站映射
2026-09-06 22:48:21 [INFO] core.topology_builder: 主配接口校验：通过=184 失败=5
2026-09-06 22:48:21 [INFO] core.topology_builder: [主配接口校验] 4.1/4.2 命中缺陷: 5
2026-09-06 22:48:30 [INFO] core.score_engine: 评分结果: 设备=50744 缺陷=5246 扣分=75.00 缺陷率=10.34% 缺陷率扣分=26.69 score_before=0.0 score_after=0.0
2026-09-06 22:48:32 [INFO] core.feeder_topology_analysis: Sheet3 联络开关: feeder=TMP00000188 识别到 1 个联络开关
2026-09-06 22:48:32 [DEBUG] core.feeder_topology_analysis: P1-P7 引擎产生 15 条断点候选
2026-09-06 22:48:32 [INFO] core.feeder_topology_analysis: Sheet2 断点定位: feeder=TMP00000188 共 378 条 (P1-P7 优先级排序)
2026-09-06 22:48:32 [INFO] core.feeder_topology_analysis: Sheet4 合环识别: feeder=TMP00000188 共 2 条
2026-09-06 23:21:19 [INFO] core.topology_builder: 主配数据拆分完成：主网设备=1167 配网设备=50744 主网线段=223 配网线段=189 主网站=10 遥信遥测=5829 ZWMEA=442 ZWSIGNAL=1567
2026-09-06 23:21:19 [INFO] core.topology_builder: 主网设备数量：1167
2026-09-06 23:21:19 [INFO] core.topology_builder: 配网设备数量：50744
2026-09-06 23:21:19 [INFO] core.topology_builder: 主网线路(ZLINEEND)数量：223
2026-09-06 23:21:19 [INFO] core.topology_builder: 配网线路(PWFEEDERLINE)数量：189
2026-09-06 23:21:19 [INFO] core.topology_builder: 主网站点(ZWSUBSTATION)数量：10
2026-09-06 23:21:19 [INFO] core.topology_builder: 遥信遥测(PWREAL)记录数：5829
2026-09-06 23:21:19 [INFO] core.topology_builder: 主网遥测(ZWMEA)：442 主网遥信(ZWSIGNAL)：1567
2026-09-06 23:21:19 [INFO] core.topology_builder: [Builder] 正在添加 1167 个主网设备和 50744 个配网设备...
2026-09-06 23:21:19 [INFO] core.topology_builder: 主网电源设备数=47
2026-09-06 23:21:19 [INFO] core.topology_builder: 主网电源设备识别: 47 台
2026-09-06 23:21:20 [DEBUG] core.topology_builder: 已处理 10000 个配网设备
2026-09-06 23:21:21 [DEBUG] core.topology_builder: 已处理 20000 个配网设备
2026-09-06 23:21:22 [DEBUG] core.topology_builder: 已处理 30000 个配网设备
2026-09-06 23:21:24 [DEBUG] core.topology_builder: 已处理 40000 个配网设备
2026-09-06 23:21:25 [DEBUG] core.topology_builder: 已处理 50000 个配网设备
2026-09-06 23:21:25 [INFO] core.topology_builder: 配网电源设备数=17643
2026-09-06 23:21:25 [INFO] core.topology_builder: 配网电源设备识别: 17643 台
2026-09-06 23:21:28 [INFO] core.topology_builder: 主配电源注入（v2-ZWLINEEND映射）: 0 台配网设备接入主网电源
2026-09-06 23:21:28 [INFO] core.topology_builder:   ZWLINEEND 解析出馈线→主网站映射数: 0
2026-09-06 23:21:38 [INFO] core.topology_builder: [Builder] 配网真实端子数量:76354
2026-09-06 23:21:38 [INFO] core.topology_builder: [Builder] 主网真实端子数量:1562
2026-09-06 23:21:49 [INFO] core.topology_builder: [端子建边完成] 配网拓扑边数量：117276
2026-09-06 23:21:49 [INFO] core.topology_builder: [端子建边完成] 主网拓扑边数量：2632
2026-09-06 23:22:00 [INFO] core.measure_preprocess: [MeasurePreprocess] 遥信实测开关数量：6666
2026-09-06 23:22:00 [INFO] core.measure_preprocess: [MeasurePreprocess] 默认合位开关数量：10942
2026-09-06 23:22:00 [INFO] core.topology_builder: [遥信预处理统计] 总开关状态映射条目:17608 实际挂载到设备:16592
2026-09-06 23:22:00 [INFO] core.topology_builder: 遥信实测开关:6666，赛题默认合位推演开关:10942
2026-09-06 23:22:12 [DEBUG] core.topology_builder: 主配接口降级（非错）: 无法从LINE_NAME=10kVLINE098解析出主网站映射
2026-09-06 23:22:12 [DEBUG] core.topology_builder: 主配接口降级（非错）: 无法从LINE_NAME=10kVLINE060解析出主网站映射
2026-09-06 23:22:12 [DEBUG] core.topology_builder: 主配接口降级（非错）: 无法从LINE_NAME=10kVLINE004解析出主网站映射
2026-09-06 23:22:12 [DEBUG] core.topology_builder: 主配接口降级（非错）: 无法从LINE_NAME=10kVLINE082解析出主网站映射
2026-09-06 23:22:12 [DEBUG] core.topology_builder: 主配接口降级（非错）: 无法从LINE_NAME=10kVLINE018解析出主网站映射
2026-09-06 23:22:12 [DEBUG] core.topology_builder: 主配接口降级（非错）: 无法从LINE_NAME=10kVLINE074解析出主网站映射
2026-09-06 23:22:12 [DEBUG] core.topology_builder: 主配接口降级（非错）: 无法从LINE_NAME=10kVLINE099解析出主网站映射
2026-09-06 23:22:12 [DEBUG] core.topology_builder: 主配接口降级（非错）: 无法从LINE_NAME=10kVLINE041解析出主网站映射
2026-09-06 23:22:12 [DEBUG] core.topology_builder: 主配接口降级（非错）: 无法从LINE_NAME=10kVLINE086解析出主网站映射
2026-09-06 23:22:12 [DEBUG] core.topology_builder: 主配接口降级（非错）: 无法从LINE_NAME=10kVLINE073解析出主网站映射
2026-09-06 23:22:12 [DEBUG] core.topology_builder: 主配接口降级（非错）: 无法从LINE_NAME=10kVLINE033解析出主网站映射
2026-09-06 23:22:12 [DEBUG] core.topology_builder: 主配接口降级（非错）: 无法从LINE_NAME=10kVLINE091解析出主网站映射
2026-09-06 23:22:12 [DEBUG] core.topology_builder: 主配接口降级（非错）: 无法从LINE_NAME=10kVLINE100解析出主网站映射
2026-09-06 23:22:12 [DEBUG] core.topology_builder: 主配接口降级（非错）: 无法从LINE_NAME=10kVLINE013解析出主网站映射
2026-09-06 23:22:12 [DEBUG] core.topology_builder: 主配接口降级（非错）: 无法从LINE_NAME=10kVLINE101解析出主网站映射
2026-09-06 23:22:12 [DEBUG] core.topology_builder: 主配接口降级（非错）: 无法从LINE_NAME=10kVLINE035解析出主网站映射
2026-09-06 23:22:12 [DEBUG] core.topology_builder: 主配接口降级（非错）: 无法从LINE_NAME=10kVLINE102解析出主网站映射
2026-09-06 23:22:12 [DEBUG] core.topology_builder: 主配接口降级（非错）: 无法从LINE_NAME=10kVLINE103解析出主网站映射
2026-09-06 23:22:12 [DEBUG] core.topology_builder: 主配接口降级（非错）: 无法从LINE_NAME=10kVLINE055解析出主网站映射
2026-09-06 23:22:12 [DEBUG] core.topology_builder: 主配接口降级（非错）: 无法从LINE_NAME=10kVLINE024解析出主网站映射
2026-09-06 23:22:12 [DEBUG] core.topology_builder: 主配接口降级（非错）: 无法从LINE_NAME=10kVLINE084解析出主网站映射
2026-09-06 23:22:12 [DEBUG] core.topology_builder: 主配接口降级（非错）: 无法从LINE_NAME=10kVLINE087解析出主网站映射
2026-09-06 23:22:12 [DEBUG] core.topology_builder: 主配接口降级（非错）: 无法从LINE_NAME=20kVLINE104解析出主网站映射
2026-09-06 23:22:12 [DEBUG] core.topology_builder: 主配接口降级（非错）: 无法从LINE_NAME=10kVLINE012解析出主网站映射
2026-09-06 23:22:12 [DEBUG] core.topology_builder: 主配接口降级（非错）: 无法从LINE_NAME=10kVLINE105解析出主网站映射
2026-09-06 23:22:12 [DEBUG] core.topology_builder: 主配接口降级（非错）: 无法从LINE_NAME=10kVLINE106解析出主网站映射
2026-09-06 23:22:12 [DEBUG] core.topology_builder: 主配接口降级（非错）: 无法从LINE_NAME=10kVLINE094解析出主网站映射
2026-09-06 23:22:12 [DEBUG] core.topology_builder: 主配接口降级（非错）: 无法从LINE_NAME=10kVLINE107解析出主网站映射
2026-09-06 23:22:12 [DEBUG] core.topology_builder: 主配接口降级（非错）: 无法从LINE_NAME=10kVLINE053解析出主网站映射
2026-09-06 23:22:12 [DEBUG] core.topology_builder: 主配接口降级（非错）: 无法从LINE_NAME=20kVLINE108解析出主网站映射
2026-09-06 23:22:12 [DEBUG] core.topology_builder: 主配接口降级（非错）: 无法从LINE_NAME=20kVLINE109解析出主网站映射
2026-09-06 23:22:12 [DEBUG] core.topology_builder: 主配接口降级（非错）: 无法从LINE_NAME=10kVLINE110解析出主网站映射
2026-09-06 23:22:12 [DEBUG] core.topology_builder: 主配接口降级（非错）: 无法从LINE_NAME=10kVLINE111解析出主网站映射
2026-09-06 23:22:12 [DEBUG] core.topology_builder: 主配接口降级（非错）: 无法从LINE_NAME=10kVLINE112解析出主网站映射
2026-09-06 23:22:12 [DEBUG] core.topology_builder: 主配接口降级（非错）: 无法从LINE_NAME=20kVLINE113解析出主网站映射
2026-09-06 23:22:12 [DEBUG] core.topology_builder: 主配接口降级（非错）: 无法从LINE_NAME=10kVLINE026解析出主网站映射
2026-09-06 23:22:12 [DEBUG] core.topology_builder: 主配接口降级（非错）: 无法从LINE_NAME=10kVLINE048解析出主网站映射
2026-09-06 23:22:12 [DEBUG] core.topology_builder: 主配接口降级（非错）: 无法从LINE_NAME=10kVLINE003解析出主网站映射
2026-09-06 23:22:12 [DEBUG] core.topology_builder: 主配接口降级（非错）: 无法从LINE_NAME=10kVLINE057解析出主网站映射
2026-09-06 23:22:12 [DEBUG] core.topology_builder: 主配接口降级（非错）: 无法从LINE_NAME=10kVLINE077解析出主网站映射
2026-09-06 23:22:12 [DEBUG] core.topology_builder: 主配接口降级（非错）: 无法从LINE_NAME=10kVLINE114解析出主网站映射
2026-09-06 23:22:12 [DEBUG] core.topology_builder: 主配接口降级（非错）: 无法从LINE_NAME=10kVLINE027解析出主网站映射
2026-09-06 23:22:12 [DEBUG] core.topology_builder: 主配接口降级（非错）: 无法从LINE_NAME=10kVLINE115解析出主网站映射
2026-09-06 23:22:12 [DEBUG] core.topology_builder: 主配接口降级（非错）: 无法从LINE_NAME=10kVLINE116解析出主网站映射
2026-09-06 23:22:12 [DEBUG] core.topology_builder: 主配接口降级（非错）: 无法从LINE_NAME=10kVLINE117解析出主网站映射
2026-09-06 23:22:12 [DEBUG] core.topology_builder: 主配接口降级（非错）: 无法从LINE_NAME=10kVLINE118解析出主网站映射
2026-09-06 23:22:12 [DEBUG] core.topology_builder: 主配接口降级（非错）: 无法从LINE_NAME=10kVLINE038解析出主网站映射
2026-09-06 23:22:12 [DEBUG] core.topology_builder: 主配接口降级（非错）: 无法从LINE_NAME=10kVLINE119解析出主网站映射
2026-09-06 23:22:12 [DEBUG] core.topology_builder: 主配接口降级（非错）: 无法从LINE_NAME=20kVLINE120解析出主网站映射
2026-09-06 23:22:12 [DEBUG] core.topology_builder: 主配接口降级（非错）: 无法从LINE_NAME=10kVLINE121_195解析出主网站映射
2026-09-06 23:22:12 [DEBUG] core.topology_builder: 主配接口降级（非错）: 无法从LINE_NAME=10kVLINE076解析出主网站映射
2026-09-06 23:22:12 [DEBUG] core.topology_builder: 主配接口降级（非错）: 无法从LINE_NAME=10kVLINE093解析出主网站映射
2026-09-06 23:22:12 [DEBUG] core.topology_builder: 主配接口降级（非错）: 无法从LINE_NAME=20kVLINE122解析出主网站映射
2026-09-06 23:22:12 [DEBUG] core.topology_builder: 主配接口降级（非错）: 无法从LINE_NAME=10kVLINE123解析出主网站映射
2026-09-06 23:22:12 [DEBUG] core.topology_builder: 主配接口降级（非错）: 无法从LINE_NAME=10kVLINE039解析出主网站映射
2026-09-06 23:22:12 [DEBUG] core.topology_builder: 主配接口降级（非错）: 无法从LINE_NAME=10kVLINE124解析出主网站映射
2026-09-06 23:22:12 [DEBUG] core.topology_builder: 主配接口降级（非错）: 无法从LINE_NAME=10kVLINE125解析出主网站映射
2026-09-06 23:22:12 [DEBUG] core.topology_builder: 主配接口降级（非错）: 无法从LINE_NAME=10kVLINE126解析出主网站映射
2026-09-06 23:22:12 [DEBUG] core.topology_builder: 主配接口降级（非错）: 无法从LINE_NAME=10kVLINE127解析出主网站映射
2026-09-06 23:22:12 [DEBUG] core.topology_builder: 主配接口降级（非错）: 无法从LINE_NAME=10kVLINE089解析出主网站映射
2026-09-06 23:22:12 [DEBUG] core.topology_builder: 主配接口降级（非错）: 无法从LINE_NAME=10kVLINE090解析出主网站映射
2026-09-06 23:22:12 [DEBUG] core.topology_builder: 主配接口降级（非错）: 无法从LINE_NAME=10kVLINE128解析出主网站映射
2026-09-06 23:22:12 [DEBUG] core.topology_builder: 主配接口降级（非错）: 无法从LINE_NAME=10kVLINE037解析出主网站映射
2026-09-06 23:22:12 [DEBUG] core.topology_builder: 主配接口降级（非错）: 无法从LINE_NAME=10kVLINE071解析出主网站映射
2026-09-06 23:22:12 [DEBUG] core.topology_builder: 主配接口降级（非错）: 无法从LINE_NAME=10kVLINE129解析出主网站映射
2026-09-06 23:22:12 [DEBUG] core.topology_builder: 主配接口降级（非错）: 无法从LINE_NAME=10kVLINE009解析出主网站映射
2026-09-06 23:22:12 [DEBUG] core.topology_builder: 主配接口降级（非错）: 无法从LINE_NAME=10kVLINE022解析出主网站映射
2026-09-06 23:22:12 [DEBUG] core.topology_builder: 主配接口降级（非错）: 无法从LINE_NAME=10kVLINE028解析出主网站映射
2026-09-06 23:22:12 [DEBUG] core.topology_builder: 主配接口降级（非错）: 无法从LINE_NAME=10kVLINE019解析出主网站映射
2026-09-06 23:22:12 [DEBUG] core.topology_builder: 主配接口降级（非错）: 无法从LINE_NAME=10kVLINE015解析出主网站映射
2026-09-06 23:22:12 [DEBUG] core.topology_builder: 主配接口降级（非错）: 无法从LINE_NAME=10kVLINE130解析出主网站映射
2026-09-06 23:22:12 [DEBUG] core.topology_builder: 主配接口降级（非错）: 无法从LINE_NAME=10kVLINE131解析出主网站映射
2026-09-06 23:22:12 [DEBUG] core.topology_builder: 主配接口降级（非错）: 无法从LINE_NAME=10kVLINE132解析出主网站映射
2026-09-06 23:22:12 [DEBUG] core.topology_builder: 主配接口降级（非错）: 无法从LINE_NAME=10kVLINE061解析出主网站映射
2026-09-06 23:22:12 [DEBUG] core.topology_builder: 主配接口降级（非错）: 无法从LINE_NAME=10kVLINE133解析出主网站映射
2026-09-06 23:22:12 [DEBUG] core.topology_builder: 主配接口降级（非错）: 无法从LINE_NAME=10kVLINE075解析出主网站映射
2026-09-06 23:22:12 [DEBUG] core.topology_builder: 主配接口降级（非错）: 无法从LINE_NAME=10kVLINE016解析出主网站映射
2026-09-06 23:22:12 [DEBUG] core.topology_builder: 主配接口降级（非错）: 无法从LINE_NAME=10kVLINE134解析出主网站映射
2026-09-06 23:22:12 [DEBUG] core.topology_builder: 主配接口降级（非错）: 无法从LINE_NAME=10kVLINE043解析出主网站映射
2026-09-06 23:22:12 [DEBUG] core.topology_builder: 主配接口降级（非错）: 无法从LINE_NAME=10kVLINE050解析出主网站映射
2026-09-06 23:22:12 [DEBUG] core.topology_builder: 主配接口降级（非错）: 无法从LINE_NAME=10kVLINE054解析出主网站映射
2026-09-06 23:22:12 [DEBUG] core.topology_builder: 主配接口降级（非错）: 无法从LINE_NAME=10kVLINE040解析出主网站映射
2026-09-06 23:22:12 [DEBUG] core.topology_builder: 主配接口降级（非错）: 无法从LINE_NAME=10kVLINE021解析出主网站映射
2026-09-06 23:22:12 [DEBUG] core.topology_builder: 主配接口降级（非错）: 无法从LINE_NAME=10kVLINE023解析出主网站映射
2026-09-06 23:22:12 [DEBUG] core.topology_builder: 主配接口降级（非错）: 无法从LINE_NAME=10kVLINE020解析出主网站映射
2026-09-06 23:22:12 [DEBUG] core.topology_builder: 主配接口降级（非错）: 无法从LINE_NAME=10kVLINE135解析出主网站映射
2026-09-06 23:22:12 [DEBUG] core.topology_builder: 主配接口降级（非错）: 无法从LINE_NAME=10kVLINE136解析出主网站映射
2026-09-06 23:22:12 [DEBUG] core.topology_builder: 主配接口降级（非错）: 无法从LINE_NAME=10kVLINE097解析出主网站映射
2026-09-06 23:22:12 [DEBUG] core.topology_builder: 主配接口降级（非错）: 无法从LINE_NAME=10kVLINE096解析出主网站映射
2026-09-06 23:22:12 [DEBUG] core.topology_builder: 主配接口降级（非错）: 无法从LINE_NAME=10kVLINE137解析出主网站映射
2026-09-06 23:22:12 [DEBUG] core.topology_builder: 主配接口降级（非错）: 无法从LINE_NAME=10kVLINE138解析出主网站映射
2026-09-06 23:22:12 [DEBUG] core.topology_builder: 主配接口降级（非错）: 无法从LINE_NAME=10kVLINE139解析出主网站映射
2026-09-06 23:22:12 [DEBUG] core.topology_builder: 主配接口降级（非错）: 无法从LINE_NAME=10kVLINE140解析出主网站映射
2026-09-06 23:22:12 [DEBUG] core.topology_builder: 主配接口降级（非错）: 无法从LINE_NAME=10kVLINE141解析出主网站映射
2026-09-06 23:22:12 [DEBUG] core.topology_builder: 主配接口降级（非错）: 无法从LINE_NAME=10kVLINE049解析出主网站映射
2026-09-06 23:22:12 [DEBUG] core.topology_builder: 主配接口降级（非错）: 无法从LINE_NAME=10kVLINE142解析出主网站映射
2026-09-06 23:22:12 [DEBUG] core.topology_builder: 主配接口降级（非错）: 无法从LINE_NAME=10kVLINE042解析出主网站映射
2026-09-06 23:22:12 [DEBUG] core.topology_builder: 主配接口降级（非错）: 无法从LINE_NAME=10kVLINE056解析出主网站映射
2026-09-06 23:22:12 [DEBUG] core.topology_builder: 主配接口降级（非错）: 无法从LINE_NAME=10kVLINE143解析出主网站映射
2026-09-06 23:22:12 [DEBUG] core.topology_builder: 主配接口降级（非错）: 无法从LINE_NAME=10kVLINE144解析出主网站映射
2026-09-06 23:22:12 [DEBUG] core.topology_builder: 主配接口降级（非错）: 无法从LINE_NAME=10kVLINE070解析出主网站映射
2026-09-06 23:22:12 [DEBUG] core.topology_builder: 主配接口降级（非错）: 无法从LINE_NAME=10kVLINE069解析出主网站映射
2026-09-06 23:22:12 [DEBUG] core.topology_builder: 主配接口降级（非错）: 无法从LINE_NAME=10kVLINE145解析出主网站映射
2026-09-06 23:22:12 [DEBUG] core.topology_builder: 主配接口降级（非错）: 无法从LINE_NAME=10kVLINE146解析出主网站映射
2026-09-06 23:22:12 [DEBUG] core.topology_builder: 主配接口降级（非错）: 无法从LINE_NAME=10kVLINE147解析出主网站映射
2026-09-06 23:22:12 [DEBUG] core.topology_builder: 主配接口降级（非错）: 无法从LINE_NAME=10kVLINE148解析出主网站映射
2026-09-06 23:22:12 [DEBUG] core.topology_builder: 主配接口降级（非错）: 无法从LINE_NAME=10kVLINE025解析出主网站映射
2026-09-06 23:22:12 [DEBUG] core.topology_builder: 主配接口降级（非错）: 无法从LINE_NAME=20kVLINE149解析出主网站映射
2026-09-06 23:22:12 [DEBUG] core.topology_builder: 主配接口降级（非错）: 无法从LINE_NAME=10kVLINE083解析出主网站映射
2026-09-06 23:22:12 [DEBUG] core.topology_builder: 主配接口降级（非错）: 无法从LINE_NAME=20kVLINE150解析出主网站映射
2026-09-06 23:22:12 [DEBUG] core.topology_builder: 主配接口降级（非错）: 无法从LINE_NAME=20kVLINE151解析出主网站映射
2026-09-06 23:22:12 [DEBUG] core.topology_builder: 主配接口降级（非错）: 无法从LINE_NAME=20kVLINE152解析出主网站映射
2026-09-06 23:22:12 [DEBUG] core.topology_builder: 主配接口降级（非错）: 无法从LINE_NAME=10kVLINE046解析出主网站映射
2026-09-06 23:22:12 [DEBUG] core.topology_builder: 主配接口降级（非错）: 无法从LINE_NAME=10kVLINE045解析出主网站映射
2026-09-06 23:22:12 [DEBUG] core.topology_builder: 主配接口降级（非错）: 无法从LINE_NAME=10kVLINE153解析出主网站映射
2026-09-06 23:22:12 [DEBUG] core.topology_builder: 主配接口降级（非错）: 无法从LINE_NAME=10kVLINE154解析出主网站映射
2026-09-06 23:22:12 [DEBUG] core.topology_builder: 主配接口降级（非错）: 无法从LINE_NAME=10kVLINE155解析出主网站映射
2026-09-06 23:22:12 [DEBUG] core.topology_builder: 主配接口降级（非错）: 无法从LINE_NAME=10kVLINE156解析出主网站映射
2026-09-06 23:22:12 [DEBUG] core.topology_builder: 主配接口降级（非错）: 无法从LINE_NAME=10kVLINE058解析出主网站映射
2026-09-06 23:22:12 [DEBUG] core.topology_builder: 主配接口降级（非错）: 无法从LINE_NAME=10kVLINE059解析出主网站映射
2026-09-06 23:22:12 [DEBUG] core.topology_builder: 主配接口降级（非错）: 无法从LINE_NAME=10kVLINE157解析出主网站映射
2026-09-06 23:22:12 [DEBUG] core.topology_builder: 主配接口降级（非错）: 无法从LINE_NAME=10kVLINE088解析出主网站映射
2026-09-06 23:22:12 [DEBUG] core.topology_builder: 主配接口降级（非错）: 无法从LINE_NAME=10kVLINE121_185解析出主网站映射
2026-09-06 23:22:12 [DEBUG] core.topology_builder: 主配接口降级（非错）: 无法从LINE_NAME=10kVLINE081解析出主网站映射
2026-09-06 23:22:12 [DEBUG] core.topology_builder: 主配接口降级（非错）: 无法从LINE_NAME=10kVLINE158解析出主网站映射
2026-09-06 23:22:12 [DEBUG] core.topology_builder: 主配接口降级（非错）: 无法从LINE_NAME=10kVLINE159解析出主网站映射
2026-09-06 23:22:12 [DEBUG] core.topology_builder: 主配接口降级（非错）: 无法从LINE_NAME=10kVLINE160解析出主网站映射
2026-09-06 23:22:12 [DEBUG] core.topology_builder: 主配接口降级（非错）: 无法从LINE_NAME=10kVLINE161解析出主网站映射
2026-09-06 23:22:12 [DEBUG] core.topology_builder: 主配接口降级（非错）: 无法从LINE_NAME=10kVLINE162解析出主网站映射
2026-09-06 23:22:12 [DEBUG] core.topology_builder: 主配接口降级（非错）: 无法从LINE_NAME=10kVLINE163解析出主网站映射
2026-09-06 23:22:12 [DEBUG] core.topology_builder: 主配接口降级（非错）: 无法从LINE_NAME=10kVLINE164解析出主网站映射
2026-09-06 23:22:12 [DEBUG] core.topology_builder: 主配接口降级（非错）: 无法从LINE_NAME=10kVLINE165解析出主网站映射
2026-09-06 23:22:12 [DEBUG] core.topology_builder: 主配接口降级（非错）: 无法从LINE_NAME=10kVLINE166解析出主网站映射
2026-09-06 23:22:12 [DEBUG] core.topology_builder: 主配接口降级（非错）: 无法从LINE_NAME=10kVLINE167解析出主网站映射
2026-09-06 23:22:12 [DEBUG] core.topology_builder: 主配接口降级（非错）: 无法从LINE_NAME=10kVLINE168解析出主网站映射
2026-09-06 23:22:12 [DEBUG] core.topology_builder: 主配接口降级（非错）: 无法从LINE_NAME=10kVLINE014解析出主网站映射
2026-09-06 23:22:12 [DEBUG] core.topology_builder: 主配接口降级（非错）: 无法从LINE_NAME=10kVLINE169解析出主网站映射
2026-09-06 23:22:12 [DEBUG] core.topology_builder: 主配接口降级（非错）: 无法从LINE_NAME=10kVLINE170解析出主网站映射
2026-09-06 23:22:12 [DEBUG] core.topology_builder: 主配接口降级（非错）: 无法从LINE_NAME=10kVLINE171解析出主网站映射
2026-09-06 23:22:12 [DEBUG] core.topology_builder: 主配接口降级（非错）: 无法从LINE_NAME=10kVLINE172解析出主网站映射
2026-09-06 23:22:12 [DEBUG] core.topology_builder: 主配接口降级（非错）: 无法从LINE_NAME=10kVLINE173解析出主网站映射
2026-09-06 23:22:12 [DEBUG] core.topology_builder: 主配接口降级（非错）: 无法从LINE_NAME=10kVLINE174解析出主网站映射
2026-09-06 23:22:12 [DEBUG] core.topology_builder: 主配接口降级（非错）: 无法从LINE_NAME=10kVLINE175解析出主网站映射
2026-09-06 23:22:12 [DEBUG] core.topology_builder: 主配接口降级（非错）: 无法从LINE_NAME=10kVLINE176解析出主网站映射
2026-09-06 23:22:12 [DEBUG] core.topology_builder: 主配接口降级（非错）: 无法从LINE_NAME=10kVLINE177解析出主网站映射
2026-09-06 23:22:12 [DEBUG] core.topology_builder: 主配接口降级（非错）: 无法从LINE_NAME=10kVLINE044解析出主网站映射
2026-09-06 23:22:12 [DEBUG] core.topology_builder: 主配接口降级（非错）: 无法从LINE_NAME=10kVLINE178解析出主网站映射
2026-09-06 23:22:12 [DEBUG] core.topology_builder: 主配接口降级（非错）: 无法从LINE_NAME=10kVLINE179解析出主网站映射
2026-09-06 23:22:12 [DEBUG] core.topology_builder: 主配接口降级（非错）: 无法从LINE_NAME=10kVLINE180解析出主网站映射
2026-09-06 23:22:12 [DEBUG] core.topology_builder: 主配接口降级（非错）: 无法从LINE_NAME=20kVLINE181解析出主网站映射
2026-09-06 23:22:12 [DEBUG] core.topology_builder: 主配接口降级（非错）: 无法从LINE_NAME=10kVLINE182解析出主网站映射
2026-09-06 23:22:12 [DEBUG] core.topology_builder: 主配接口降级（非错）: 无法从LINE_NAME=10kVLINE183解析出主网站映射
2026-09-06 23:22:12 [DEBUG] core.topology_builder: 主配接口降级（非错）: 无法从LINE_NAME=10kVLINE184解析出主网站映射
2026-09-06 23:22:12 [DEBUG] core.topology_builder: 主配接口降级（非错）: 无法从LINE_NAME=10kVLINE186解析出主网站映射
2026-09-06 23:22:12 [DEBUG] core.topology_builder: 主配接口降级（非错）: 无法从LINE_NAME=10kVLINE187解析出主网站映射
2026-09-06 23:22:12 [DEBUG] core.topology_builder: 主配接口降级（非错）: 无法从LINE_NAME=10kVLINE188解析出主网站映射
2026-09-06 23:22:12 [DEBUG] core.topology_builder: 主配接口降级（非错）: 无法从LINE_NAME=10kVLINE189解析出主网站映射
2026-09-06 23:22:12 [DEBUG] core.topology_builder: 主配接口降级（非错）: 无法从LINE_NAME=10kVLINE190解析出主网站映射
2026-09-06 23:22:12 [DEBUG] core.topology_builder: 主配接口降级（非错）: 无法从LINE_NAME=10kVLINE191解析出主网站映射
2026-09-06 23:22:12 [DEBUG] core.topology_builder: 主配接口降级（非错）: 无法从LINE_NAME=10kVLINE192解析出主网站映射
2026-09-06 23:22:12 [DEBUG] core.topology_builder: 主配接口降级（非错）: 无法从LINE_NAME=10kVLINE193解析出主网站映射
2026-09-06 23:22:12 [DEBUG] core.topology_builder: 主配接口降级（非错）: 无法从LINE_NAME=10kVLINE194解析出主网站映射
2026-09-06 23:22:12 [DEBUG] core.topology_builder: 主配接口降级（非错）: 无法从LINE_NAME=10kVLINE195解析出主网站映射
2026-09-06 23:22:12 [DEBUG] core.topology_builder: 主配接口降级（非错）: 无法从LINE_NAME=10kVLINE196解析出主网站映射
2026-09-06 23:22:12 [DEBUG] core.topology_builder: 主配接口降级（非错）: 无法从LINE_NAME=10kVLINE197解析出主网站映射
2026-09-06 23:22:12 [DEBUG] core.topology_builder: 主配接口降级（非错）: 无法从LINE_NAME=10kVLINE198解析出主网站映射
2026-09-06 23:22:12 [DEBUG] core.topology_builder: 主配接口降级（非错）: 无法从LINE_NAME=10kVLINE199解析出主网站映射
2026-09-06 23:22:12 [DEBUG] core.topology_builder: 主配接口降级（非错）: 无法从LINE_NAME=10kVLINE063解析出主网站映射
2026-09-06 23:22:12 [DEBUG] core.topology_builder: 主配接口降级（非错）: 无法从LINE_NAME=10kVLINE200解析出主网站映射
2026-09-06 23:22:12 [DEBUG] core.topology_builder: 主配接口降级（非错）: 无法从LINE_NAME=10kVLINE201解析出主网站映射
2026-09-06 23:22:12 [DEBUG] core.topology_builder: 主配接口降级（非错）: 无法从LINE_NAME=10kVLINE202解析出主网站映射
2026-09-06 23:22:12 [DEBUG] core.topology_builder: 主配接口降级（非错）: 无法从LINE_NAME=10kVLINE203解析出主网站映射
2026-09-06 23:22:12 [DEBUG] core.topology_builder: 主配接口降级（非错）: 无法从LINE_NAME=10kVLINE204解析出主网站映射
2026-09-06 23:22:12 [DEBUG] core.topology_builder: 主配接口降级（非错）: 无法从LINE_NAME=10kVLINE205解析出主网站映射
2026-09-06 23:22:12 [DEBUG] core.topology_builder: 主配接口降级（非错）: 无法从LINE_NAME=10kVLINE051解析出主网站映射
2026-09-06 23:22:12 [DEBUG] core.topology_builder: 主配接口降级（非错）: 无法从LINE_NAME=10kVLINE187解析出主网站映射
2026-09-06 23:22:12 [DEBUG] core.topology_builder: 主配接口降级（非错）: 无法从LINE_NAME=10kVLINE207解析出主网站映射
2026-09-06 23:22:12 [DEBUG] core.topology_builder: 主配接口降级（非错）: 无法从LINE_NAME=10kVLINE208解析出主网站映射
2026-09-06 23:22:12 [DEBUG] core.topology_builder: 主配接口降级（非错）: 无法从LINE_NAME=10kVLINE209解析出主网站映射
2026-09-06 23:22:12 [DEBUG] core.topology_builder: 主配接口降级（非错）: 无法从LINE_NAME=10kVLINE210解析出主网站映射
2026-09-06 23:22:12 [DEBUG] core.topology_builder: 主配接口降级（非错）: 无法从LINE_NAME=10kVLINE212解析出主网站映射
2026-09-06 23:22:12 [DEBUG] core.topology_builder: 主配接口降级（非错）: 无法从LINE_NAME=10kVLINE213解析出主网站映射
2026-09-06 23:22:12 [DEBUG] core.topology_builder: 主配接口降级（非错）: 无法从LINE_NAME=LINE215解析出主网站映射
2026-09-06 23:22:12 [DEBUG] core.topology_builder: 主配接口降级（非错）: 无法从LINE_NAME=LINE216解析出主网站映射
2026-09-06 23:22:12 [INFO] core.topology_builder: 主配接口校验：通过=184 失败=5
2026-09-06 23:22:12 [INFO] core.topology_builder: [主配接口校验] 4.1/4.2 命中缺陷: 5
2026-09-06 23:22:12 [INFO] core.topology_builder: [电气逻辑校验] RULE-E01~E07 命中:4458
2026-09-06 23:22:12 [INFO] core.topology_builder: 开始执行拓扑异常检测：悬空、孤岛、断点
2026-09-06 23:22:18 [INFO] core.topology_builder: 主网异常数量：0，断点数量：0
2026-09-06 23:22:18 [INFO] core.topology_builder: 配网异常数量：726，断点数量：418
2026-09-06 23:22:30 [DEBUG] core.topology_builder: 主配接口降级（非错）: 无法从LINE_NAME=10kVLINE098解析出主网站映射
2026-09-06 23:22:30 [DEBUG] core.topology_builder: 主配接口降级（非错）: 无法从LINE_NAME=10kVLINE060解析出主网站映射
2026-09-06 23:22:30 [DEBUG] core.topology_builder: 主配接口降级（非错）: 无法从LINE_NAME=10kVLINE004解析出主网站映射
2026-09-06 23:22:30 [DEBUG] core.topology_builder: 主配接口降级（非错）: 无法从LINE_NAME=10kVLINE082解析出主网站映射
2026-09-06 23:22:30 [DEBUG] core.topology_builder: 主配接口降级（非错）: 无法从LINE_NAME=10kVLINE018解析出主网站映射
2026-09-06 23:22:30 [DEBUG] core.topology_builder: 主配接口降级（非错）: 无法从LINE_NAME=10kVLINE074解析出主网站映射
2026-09-06 23:22:30 [DEBUG] core.topology_builder: 主配接口降级（非错）: 无法从LINE_NAME=10kVLINE099解析出主网站映射
2026-09-06 23:22:30 [DEBUG] core.topology_builder: 主配接口降级（非错）: 无法从LINE_NAME=10kVLINE041解析出主网站映射
2026-09-06 23:22:30 [DEBUG] core.topology_builder: 主配接口降级（非错）: 无法从LINE_NAME=10kVLINE086解析出主网站映射
2026-09-06 23:22:30 [DEBUG] core.topology_builder: 主配接口降级（非错）: 无法从LINE_NAME=10kVLINE073解析出主网站映射
2026-09-06 23:22:30 [DEBUG] core.topology_builder: 主配接口降级（非错）: 无法从LINE_NAME=10kVLINE033解析出主网站映射
2026-09-06 23:22:30 [DEBUG] core.topology_builder: 主配接口降级（非错）: 无法从LINE_NAME=10kVLINE091解析出主网站映射
2026-09-06 23:22:30 [DEBUG] core.topology_builder: 主配接口降级（非错）: 无法从LINE_NAME=10kVLINE100解析出主网站映射
2026-09-06 23:22:30 [DEBUG] core.topology_builder: 主配接口降级（非错）: 无法从LINE_NAME=10kVLINE013解析出主网站映射
2026-09-06 23:22:30 [DEBUG] core.topology_builder: 主配接口降级（非错）: 无法从LINE_NAME=10kVLINE101解析出主网站映射
2026-09-06 23:22:30 [DEBUG] core.topology_builder: 主配接口降级（非错）: 无法从LINE_NAME=10kVLINE035解析出主网站映射
2026-09-06 23:22:30 [DEBUG] core.topology_builder: 主配接口降级（非错）: 无法从LINE_NAME=10kVLINE102解析出主网站映射
2026-09-06 23:22:30 [DEBUG] core.topology_builder: 主配接口降级（非错）: 无法从LINE_NAME=10kVLINE103解析出主网站映射
2026-09-06 23:22:30 [DEBUG] core.topology_builder: 主配接口降级（非错）: 无法从LINE_NAME=10kVLINE055解析出主网站映射
2026-09-06 23:22:30 [DEBUG] core.topology_builder: 主配接口降级（非错）: 无法从LINE_NAME=10kVLINE024解析出主网站映射
2026-09-06 23:22:30 [DEBUG] core.topology_builder: 主配接口降级（非错）: 无法从LINE_NAME=10kVLINE084解析出主网站映射
2026-09-06 23:22:30 [DEBUG] core.topology_builder: 主配接口降级（非错）: 无法从LINE_NAME=10kVLINE087解析出主网站映射
2026-09-06 23:22:30 [DEBUG] core.topology_builder: 主配接口降级（非错）: 无法从LINE_NAME=20kVLINE104解析出主网站映射
2026-09-06 23:22:30 [DEBUG] core.topology_builder: 主配接口降级（非错）: 无法从LINE_NAME=10kVLINE012解析出主网站映射
2026-09-06 23:22:30 [DEBUG] core.topology_builder: 主配接口降级（非错）: 无法从LINE_NAME=10kVLINE105解析出主网站映射
2026-09-06 23:22:30 [DEBUG] core.topology_builder: 主配接口降级（非错）: 无法从LINE_NAME=10kVLINE106解析出主网站映射
2026-09-06 23:22:30 [DEBUG] core.topology_builder: 主配接口降级（非错）: 无法从LINE_NAME=10kVLINE094解析出主网站映射
2026-09-06 23:22:30 [DEBUG] core.topology_builder: 主配接口降级（非错）: 无法从LINE_NAME=10kVLINE107解析出主网站映射
2026-09-06 23:22:30 [DEBUG] core.topology_builder: 主配接口降级（非错）: 无法从LINE_NAME=10kVLINE053解析出主网站映射
2026-09-06 23:22:30 [DEBUG] core.topology_builder: 主配接口降级（非错）: 无法从LINE_NAME=20kVLINE108解析出主网站映射
2026-09-06 23:22:30 [DEBUG] core.topology_builder: 主配接口降级（非错）: 无法从LINE_NAME=20kVLINE109解析出主网站映射
2026-09-06 23:22:30 [DEBUG] core.topology_builder: 主配接口降级（非错）: 无法从LINE_NAME=10kVLINE110解析出主网站映射
2026-09-06 23:22:30 [DEBUG] core.topology_builder: 主配接口降级（非错）: 无法从LINE_NAME=10kVLINE111解析出主网站映射
2026-09-06 23:22:30 [DEBUG] core.topology_builder: 主配接口降级（非错）: 无法从LINE_NAME=10kVLINE112解析出主网站映射
2026-09-06 23:22:30 [DEBUG] core.topology_builder: 主配接口降级（非错）: 无法从LINE_NAME=20kVLINE113解析出主网站映射
2026-09-06 23:22:30 [DEBUG] core.topology_builder: 主配接口降级（非错）: 无法从LINE_NAME=10kVLINE026解析出主网站映射
2026-09-06 23:22:30 [DEBUG] core.topology_builder: 主配接口降级（非错）: 无法从LINE_NAME=10kVLINE048解析出主网站映射
2026-09-06 23:22:30 [DEBUG] core.topology_builder: 主配接口降级（非错）: 无法从LINE_NAME=10kVLINE003解析出主网站映射
2026-09-06 23:22:30 [DEBUG] core.topology_builder: 主配接口降级（非错）: 无法从LINE_NAME=10kVLINE057解析出主网站映射
2026-09-06 23:22:30 [DEBUG] core.topology_builder: 主配接口降级（非错）: 无法从LINE_NAME=10kVLINE077解析出主网站映射
2026-09-06 23:22:30 [DEBUG] core.topology_builder: 主配接口降级（非错）: 无法从LINE_NAME=10kVLINE114解析出主网站映射
2026-09-06 23:22:30 [DEBUG] core.topology_builder: 主配接口降级（非错）: 无法从LINE_NAME=10kVLINE027解析出主网站映射
2026-09-06 23:22:30 [DEBUG] core.topology_builder: 主配接口降级（非错）: 无法从LINE_NAME=10kVLINE115解析出主网站映射
2026-09-06 23:22:30 [DEBUG] core.topology_builder: 主配接口降级（非错）: 无法从LINE_NAME=10kVLINE116解析出主网站映射
2026-09-06 23:22:30 [DEBUG] core.topology_builder: 主配接口降级（非错）: 无法从LINE_NAME=10kVLINE117解析出主网站映射
2026-09-06 23:22:30 [DEBUG] core.topology_builder: 主配接口降级（非错）: 无法从LINE_NAME=10kVLINE118解析出主网站映射
2026-09-06 23:22:30 [DEBUG] core.topology_builder: 主配接口降级（非错）: 无法从LINE_NAME=10kVLINE038解析出主网站映射
2026-09-06 23:22:30 [DEBUG] core.topology_builder: 主配接口降级（非错）: 无法从LINE_NAME=10kVLINE119解析出主网站映射
2026-09-06 23:22:30 [DEBUG] core.topology_builder: 主配接口降级（非错）: 无法从LINE_NAME=20kVLINE120解析出主网站映射
2026-09-06 23:22:30 [DEBUG] core.topology_builder: 主配接口降级（非错）: 无法从LINE_NAME=10kVLINE121_195解析出主网站映射
2026-09-06 23:22:30 [DEBUG] core.topology_builder: 主配接口降级（非错）: 无法从LINE_NAME=10kVLINE076解析出主网站映射
2026-09-06 23:22:30 [DEBUG] core.topology_builder: 主配接口降级（非错）: 无法从LINE_NAME=10kVLINE093解析出主网站映射
2026-09-06 23:22:30 [DEBUG] core.topology_builder: 主配接口降级（非错）: 无法从LINE_NAME=20kVLINE122解析出主网站映射
2026-09-06 23:22:30 [DEBUG] core.topology_builder: 主配接口降级（非错）: 无法从LINE_NAME=10kVLINE123解析出主网站映射
2026-09-06 23:22:30 [DEBUG] core.topology_builder: 主配接口降级（非错）: 无法从LINE_NAME=10kVLINE039解析出主网站映射
2026-09-06 23:22:30 [DEBUG] core.topology_builder: 主配接口降级（非错）: 无法从LINE_NAME=10kVLINE124解析出主网站映射
2026-09-06 23:22:30 [DEBUG] core.topology_builder: 主配接口降级（非错）: 无法从LINE_NAME=10kVLINE125解析出主网站映射
2026-09-06 23:22:30 [DEBUG] core.topology_builder: 主配接口降级（非错）: 无法从LINE_NAME=10kVLINE126解析出主网站映射
2026-09-06 23:22:30 [DEBUG] core.topology_builder: 主配接口降级（非错）: 无法从LINE_NAME=10kVLINE127解析出主网站映射
2026-09-06 23:22:30 [DEBUG] core.topology_builder: 主配接口降级（非错）: 无法从LINE_NAME=10kVLINE089解析出主网站映射
2026-09-06 23:22:30 [DEBUG] core.topology_builder: 主配接口降级（非错）: 无法从LINE_NAME=10kVLINE090解析出主网站映射
2026-09-06 23:22:30 [DEBUG] core.topology_builder: 主配接口降级（非错）: 无法从LINE_NAME=10kVLINE128解析出主网站映射
2026-09-06 23:22:30 [DEBUG] core.topology_builder: 主配接口降级（非错）: 无法从LINE_NAME=10kVLINE037解析出主网站映射
2026-09-06 23:22:30 [DEBUG] core.topology_builder: 主配接口降级（非错）: 无法从LINE_NAME=10kVLINE071解析出主网站映射
2026-09-06 23:22:30 [DEBUG] core.topology_builder: 主配接口降级（非错）: 无法从LINE_NAME=10kVLINE129解析出主网站映射
2026-09-06 23:22:30 [DEBUG] core.topology_builder: 主配接口降级（非错）: 无法从LINE_NAME=10kVLINE009解析出主网站映射
2026-09-06 23:22:30 [DEBUG] core.topology_builder: 主配接口降级（非错）: 无法从LINE_NAME=10kVLINE022解析出主网站映射
2026-09-06 23:22:30 [DEBUG] core.topology_builder: 主配接口降级（非错）: 无法从LINE_NAME=10kVLINE028解析出主网站映射
2026-09-06 23:22:30 [DEBUG] core.topology_builder: 主配接口降级（非错）: 无法从LINE_NAME=10kVLINE019解析出主网站映射
2026-09-06 23:22:30 [DEBUG] core.topology_builder: 主配接口降级（非错）: 无法从LINE_NAME=10kVLINE015解析出主网站映射
2026-09-06 23:22:30 [DEBUG] core.topology_builder: 主配接口降级（非错）: 无法从LINE_NAME=10kVLINE130解析出主网站映射
2026-09-06 23:22:30 [DEBUG] core.topology_builder: 主配接口降级（非错）: 无法从LINE_NAME=10kVLINE131解析出主网站映射
2026-09-06 23:22:30 [DEBUG] core.topology_builder: 主配接口降级（非错）: 无法从LINE_NAME=10kVLINE132解析出主网站映射
2026-09-06 23:22:30 [DEBUG] core.topology_builder: 主配接口降级（非错）: 无法从LINE_NAME=10kVLINE061解析出主网站映射
2026-09-06 23:22:30 [DEBUG] core.topology_builder: 主配接口降级（非错）: 无法从LINE_NAME=10kVLINE133解析出主网站映射
2026-09-06 23:22:30 [DEBUG] core.topology_builder: 主配接口降级（非错）: 无法从LINE_NAME=10kVLINE075解析出主网站映射
2026-09-06 23:22:30 [DEBUG] core.topology_builder: 主配接口降级（非错）: 无法从LINE_NAME=10kVLINE016解析出主网站映射
2026-09-06 23:22:30 [DEBUG] core.topology_builder: 主配接口降级（非错）: 无法从LINE_NAME=10kVLINE134解析出主网站映射
2026-09-06 23:22:30 [DEBUG] core.topology_builder: 主配接口降级（非错）: 无法从LINE_NAME=10kVLINE043解析出主网站映射
2026-09-06 23:22:30 [DEBUG] core.topology_builder: 主配接口降级（非错）: 无法从LINE_NAME=10kVLINE050解析出主网站映射
2026-09-06 23:22:30 [DEBUG] core.topology_builder: 主配接口降级（非错）: 无法从LINE_NAME=10kVLINE054解析出主网站映射
2026-09-06 23:22:30 [DEBUG] core.topology_builder: 主配接口降级（非错）: 无法从LINE_NAME=10kVLINE040解析出主网站映射
2026-09-06 23:22:30 [DEBUG] core.topology_builder: 主配接口降级（非错）: 无法从LINE_NAME=10kVLINE021解析出主网站映射
2026-09-06 23:22:30 [DEBUG] core.topology_builder: 主配接口降级（非错）: 无法从LINE_NAME=10kVLINE023解析出主网站映射
2026-09-06 23:22:30 [DEBUG] core.topology_builder: 主配接口降级（非错）: 无法从LINE_NAME=10kVLINE020解析出主网站映射
2026-09-06 23:22:30 [DEBUG] core.topology_builder: 主配接口降级（非错）: 无法从LINE_NAME=10kVLINE135解析出主网站映射
2026-09-06 23:22:30 [DEBUG] core.topology_builder: 主配接口降级（非错）: 无法从LINE_NAME=10kVLINE136解析出主网站映射
2026-09-06 23:22:30 [DEBUG] core.topology_builder: 主配接口降级（非错）: 无法从LINE_NAME=10kVLINE097解析出主网站映射
2026-09-06 23:22:30 [DEBUG] core.topology_builder: 主配接口降级（非错）: 无法从LINE_NAME=10kVLINE096解析出主网站映射
2026-09-06 23:22:30 [DEBUG] core.topology_builder: 主配接口降级（非错）: 无法从LINE_NAME=10kVLINE137解析出主网站映射
2026-09-06 23:22:30 [DEBUG] core.topology_builder: 主配接口降级（非错）: 无法从LINE_NAME=10kVLINE138解析出主网站映射
2026-09-06 23:22:30 [DEBUG] core.topology_builder: 主配接口降级（非错）: 无法从LINE_NAME=10kVLINE139解析出主网站映射
2026-09-06 23:22:30 [DEBUG] core.topology_builder: 主配接口降级（非错）: 无法从LINE_NAME=10kVLINE140解析出主网站映射
2026-09-06 23:22:30 [DEBUG] core.topology_builder: 主配接口降级（非错）: 无法从LINE_NAME=10kVLINE141解析出主网站映射
2026-09-06 23:22:30 [DEBUG] core.topology_builder: 主配接口降级（非错）: 无法从LINE_NAME=10kVLINE049解析出主网站映射
2026-09-06 23:22:30 [DEBUG] core.topology_builder: 主配接口降级（非错）: 无法从LINE_NAME=10kVLINE142解析出主网站映射
2026-09-06 23:22:30 [DEBUG] core.topology_builder: 主配接口降级（非错）: 无法从LINE_NAME=10kVLINE042解析出主网站映射
2026-09-06 23:22:30 [DEBUG] core.topology_builder: 主配接口降级（非错）: 无法从LINE_NAME=10kVLINE056解析出主网站映射
2026-09-06 23:22:30 [DEBUG] core.topology_builder: 主配接口降级（非错）: 无法从LINE_NAME=10kVLINE143解析出主网站映射
2026-09-06 23:22:30 [DEBUG] core.topology_builder: 主配接口降级（非错）: 无法从LINE_NAME=10kVLINE144解析出主网站映射
2026-09-06 23:22:30 [DEBUG] core.topology_builder: 主配接口降级（非错）: 无法从LINE_NAME=10kVLINE070解析出主网站映射
2026-09-06 23:22:30 [DEBUG] core.topology_builder: 主配接口降级（非错）: 无法从LINE_NAME=10kVLINE069解析出主网站映射
2026-09-06 23:22:30 [DEBUG] core.topology_builder: 主配接口降级（非错）: 无法从LINE_NAME=10kVLINE145解析出主网站映射
2026-09-06 23:22:30 [DEBUG] core.topology_builder: 主配接口降级（非错）: 无法从LINE_NAME=10kVLINE146解析出主网站映射
2026-09-06 23:22:30 [DEBUG] core.topology_builder: 主配接口降级（非错）: 无法从LINE_NAME=10kVLINE147解析出主网站映射
2026-09-06 23:22:30 [DEBUG] core.topology_builder: 主配接口降级（非错）: 无法从LINE_NAME=10kVLINE148解析出主网站映射
2026-09-06 23:22:30 [DEBUG] core.topology_builder: 主配接口降级（非错）: 无法从LINE_NAME=10kVLINE025解析出主网站映射
2026-09-06 23:22:30 [DEBUG] core.topology_builder: 主配接口降级（非错）: 无法从LINE_NAME=20kVLINE149解析出主网站映射
2026-09-06 23:22:30 [DEBUG] core.topology_builder: 主配接口降级（非错）: 无法从LINE_NAME=10kVLINE083解析出主网站映射
2026-09-06 23:22:30 [DEBUG] core.topology_builder: 主配接口降级（非错）: 无法从LINE_NAME=20kVLINE150解析出主网站映射
2026-09-06 23:22:30 [DEBUG] core.topology_builder: 主配接口降级（非错）: 无法从LINE_NAME=20kVLINE151解析出主网站映射
2026-09-06 23:22:30 [DEBUG] core.topology_builder: 主配接口降级（非错）: 无法从LINE_NAME=20kVLINE152解析出主网站映射
2026-09-06 23:22:30 [DEBUG] core.topology_builder: 主配接口降级（非错）: 无法从LINE_NAME=10kVLINE046解析出主网站映射
2026-09-06 23:22:30 [DEBUG] core.topology_builder: 主配接口降级（非错）: 无法从LINE_NAME=10kVLINE045解析出主网站映射
2026-09-06 23:22:30 [DEBUG] core.topology_builder: 主配接口降级（非错）: 无法从LINE_NAME=10kVLINE153解析出主网站映射
2026-09-06 23:22:30 [DEBUG] core.topology_builder: 主配接口降级（非错）: 无法从LINE_NAME=10kVLINE154解析出主网站映射
2026-09-06 23:22:30 [DEBUG] core.topology_builder: 主配接口降级（非错）: 无法从LINE_NAME=10kVLINE155解析出主网站映射
2026-09-06 23:22:30 [DEBUG] core.topology_builder: 主配接口降级（非错）: 无法从LINE_NAME=10kVLINE156解析出主网站映射
2026-09-06 23:22:30 [DEBUG] core.topology_builder: 主配接口降级（非错）: 无法从LINE_NAME=10kVLINE058解析出主网站映射
2026-09-06 23:22:30 [DEBUG] core.topology_builder: 主配接口降级（非错）: 无法从LINE_NAME=10kVLINE059解析出主网站映射
2026-09-06 23:22:30 [DEBUG] core.topology_builder: 主配接口降级（非错）: 无法从LINE_NAME=10kVLINE157解析出主网站映射
2026-09-06 23:22:30 [DEBUG] core.topology_builder: 主配接口降级（非错）: 无法从LINE_NAME=10kVLINE088解析出主网站映射
2026-09-06 23:22:30 [DEBUG] core.topology_builder: 主配接口降级（非错）: 无法从LINE_NAME=10kVLINE121_185解析出主网站映射
2026-09-06 23:22:30 [DEBUG] core.topology_builder: 主配接口降级（非错）: 无法从LINE_NAME=10kVLINE081解析出主网站映射
2026-09-06 23:22:30 [DEBUG] core.topology_builder: 主配接口降级（非错）: 无法从LINE_NAME=10kVLINE158解析出主网站映射
2026-09-06 23:22:30 [DEBUG] core.topology_builder: 主配接口降级（非错）: 无法从LINE_NAME=10kVLINE159解析出主网站映射
2026-09-06 23:22:30 [DEBUG] core.topology_builder: 主配接口降级（非错）: 无法从LINE_NAME=10kVLINE160解析出主网站映射
2026-09-06 23:22:30 [DEBUG] core.topology_builder: 主配接口降级（非错）: 无法从LINE_NAME=10kVLINE161解析出主网站映射
2026-09-06 23:22:30 [DEBUG] core.topology_builder: 主配接口降级（非错）: 无法从LINE_NAME=10kVLINE162解析出主网站映射
2026-09-06 23:22:30 [DEBUG] core.topology_builder: 主配接口降级（非错）: 无法从LINE_NAME=10kVLINE163解析出主网站映射
2026-09-06 23:22:30 [DEBUG] core.topology_builder: 主配接口降级（非错）: 无法从LINE_NAME=10kVLINE164解析出主网站映射
2026-09-06 23:22:30 [DEBUG] core.topology_builder: 主配接口降级（非错）: 无法从LINE_NAME=10kVLINE165解析出主网站映射
2026-09-06 23:22:30 [DEBUG] core.topology_builder: 主配接口降级（非错）: 无法从LINE_NAME=10kVLINE166解析出主网站映射
2026-09-06 23:22:30 [DEBUG] core.topology_builder: 主配接口降级（非错）: 无法从LINE_NAME=10kVLINE167解析出主网站映射
2026-09-06 23:22:30 [DEBUG] core.topology_builder: 主配接口降级（非错）: 无法从LINE_NAME=10kVLINE168解析出主网站映射
2026-09-06 23:22:30 [DEBUG] core.topology_builder: 主配接口降级（非错）: 无法从LINE_NAME=10kVLINE014解析出主网站映射
2026-09-06 23:22:30 [DEBUG] core.topology_builder: 主配接口降级（非错）: 无法从LINE_NAME=10kVLINE169解析出主网站映射
2026-09-06 23:22:30 [DEBUG] core.topology_builder: 主配接口降级（非错）: 无法从LINE_NAME=10kVLINE170解析出主网站映射
2026-09-06 23:22:30 [DEBUG] core.topology_builder: 主配接口降级（非错）: 无法从LINE_NAME=10kVLINE171解析出主网站映射
2026-09-06 23:22:30 [DEBUG] core.topology_builder: 主配接口降级（非错）: 无法从LINE_NAME=10kVLINE172解析出主网站映射
2026-09-06 23:22:30 [DEBUG] core.topology_builder: 主配接口降级（非错）: 无法从LINE_NAME=10kVLINE173解析出主网站映射
2026-09-06 23:22:30 [DEBUG] core.topology_builder: 主配接口降级（非错）: 无法从LINE_NAME=10kVLINE174解析出主网站映射
2026-09-06 23:22:30 [DEBUG] core.topology_builder: 主配接口降级（非错）: 无法从LINE_NAME=10kVLINE175解析出主网站映射
2026-09-06 23:22:30 [DEBUG] core.topology_builder: 主配接口降级（非错）: 无法从LINE_NAME=10kVLINE176解析出主网站映射
2026-09-06 23:22:30 [DEBUG] core.topology_builder: 主配接口降级（非错）: 无法从LINE_NAME=10kVLINE177解析出主网站映射
2026-09-06 23:22:30 [DEBUG] core.topology_builder: 主配接口降级（非错）: 无法从LINE_NAME=10kVLINE044解析出主网站映射
2026-09-06 23:22:30 [DEBUG] core.topology_builder: 主配接口降级（非错）: 无法从LINE_NAME=10kVLINE178解析出主网站映射
2026-09-06 23:22:30 [DEBUG] core.topology_builder: 主配接口降级（非错）: 无法从LINE_NAME=10kVLINE179解析出主网站映射
2026-09-06 23:22:30 [DEBUG] core.topology_builder: 主配接口降级（非错）: 无法从LINE_NAME=10kVLINE180解析出主网站映射
2026-09-06 23:22:30 [DEBUG] core.topology_builder: 主配接口降级（非错）: 无法从LINE_NAME=20kVLINE181解析出主网站映射
2026-09-06 23:22:30 [DEBUG] core.topology_builder: 主配接口降级（非错）: 无法从LINE_NAME=10kVLINE182解析出主网站映射
2026-09-06 23:22:30 [DEBUG] core.topology_builder: 主配接口降级（非错）: 无法从LINE_NAME=10kVLINE183解析出主网站映射
2026-09-06 23:22:30 [DEBUG] core.topology_builder: 主配接口降级（非错）: 无法从LINE_NAME=10kVLINE184解析出主网站映射
2026-09-06 23:22:30 [DEBUG] core.topology_builder: 主配接口降级（非错）: 无法从LINE_NAME=10kVLINE186解析出主网站映射
2026-09-06 23:22:30 [DEBUG] core.topology_builder: 主配接口降级（非错）: 无法从LINE_NAME=10kVLINE187解析出主网站映射
2026-09-06 23:22:30 [DEBUG] core.topology_builder: 主配接口降级（非错）: 无法从LINE_NAME=10kVLINE188解析出主网站映射
2026-09-06 23:22:30 [DEBUG] core.topology_builder: 主配接口降级（非错）: 无法从LINE_NAME=10kVLINE189解析出主网站映射
2026-09-06 23:22:30 [DEBUG] core.topology_builder: 主配接口降级（非错）: 无法从LINE_NAME=10kVLINE190解析出主网站映射
2026-09-06 23:22:30 [DEBUG] core.topology_builder: 主配接口降级（非错）: 无法从LINE_NAME=10kVLINE191解析出主网站映射
2026-09-06 23:22:30 [DEBUG] core.topology_builder: 主配接口降级（非错）: 无法从LINE_NAME=10kVLINE192解析出主网站映射
2026-09-06 23:22:30 [DEBUG] core.topology_builder: 主配接口降级（非错）: 无法从LINE_NAME=10kVLINE193解析出主网站映射
2026-09-06 23:22:30 [DEBUG] core.topology_builder: 主配接口降级（非错）: 无法从LINE_NAME=10kVLINE194解析出主网站映射
2026-09-06 23:22:30 [DEBUG] core.topology_builder: 主配接口降级（非错）: 无法从LINE_NAME=10kVLINE195解析出主网站映射
2026-09-06 23:22:30 [DEBUG] core.topology_builder: 主配接口降级（非错）: 无法从LINE_NAME=10kVLINE196解析出主网站映射
2026-09-06 23:22:30 [DEBUG] core.topology_builder: 主配接口降级（非错）: 无法从LINE_NAME=10kVLINE197解析出主网站映射
2026-09-06 23:22:30 [DEBUG] core.topology_builder: 主配接口降级（非错）: 无法从LINE_NAME=10kVLINE198解析出主网站映射
2026-09-06 23:22:30 [DEBUG] core.topology_builder: 主配接口降级（非错）: 无法从LINE_NAME=10kVLINE199解析出主网站映射
2026-09-06 23:22:30 [DEBUG] core.topology_builder: 主配接口降级（非错）: 无法从LINE_NAME=10kVLINE063解析出主网站映射
2026-09-06 23:22:30 [DEBUG] core.topology_builder: 主配接口降级（非错）: 无法从LINE_NAME=10kVLINE200解析出主网站映射
2026-09-06 23:22:30 [DEBUG] core.topology_builder: 主配接口降级（非错）: 无法从LINE_NAME=10kVLINE201解析出主网站映射
2026-09-06 23:22:30 [DEBUG] core.topology_builder: 主配接口降级（非错）: 无法从LINE_NAME=10kVLINE202解析出主网站映射
2026-09-06 23:22:30 [DEBUG] core.topology_builder: 主配接口降级（非错）: 无法从LINE_NAME=10kVLINE203解析出主网站映射
2026-09-06 23:22:30 [DEBUG] core.topology_builder: 主配接口降级（非错）: 无法从LINE_NAME=10kVLINE204解析出主网站映射
2026-09-06 23:22:30 [DEBUG] core.topology_builder: 主配接口降级（非错）: 无法从LINE_NAME=10kVLINE205解析出主网站映射
2026-09-06 23:22:30 [DEBUG] core.topology_builder: 主配接口降级（非错）: 无法从LINE_NAME=10kVLINE051解析出主网站映射
2026-09-06 23:22:30 [DEBUG] core.topology_builder: 主配接口降级（非错）: 无法从LINE_NAME=10kVLINE187解析出主网站映射
2026-09-06 23:22:30 [DEBUG] core.topology_builder: 主配接口降级（非错）: 无法从LINE_NAME=10kVLINE207解析出主网站映射
2026-09-06 23:22:30 [DEBUG] core.topology_builder: 主配接口降级（非错）: 无法从LINE_NAME=10kVLINE208解析出主网站映射
2026-09-06 23:22:30 [DEBUG] core.topology_builder: 主配接口降级（非错）: 无法从LINE_NAME=10kVLINE209解析出主网站映射
2026-09-06 23:22:30 [DEBUG] core.topology_builder: 主配接口降级（非错）: 无法从LINE_NAME=10kVLINE210解析出主网站映射
2026-09-06 23:22:30 [DEBUG] core.topology_builder: 主配接口降级（非错）: 无法从LINE_NAME=10kVLINE212解析出主网站映射
2026-09-06 23:22:30 [DEBUG] core.topology_builder: 主配接口降级（非错）: 无法从LINE_NAME=10kVLINE213解析出主网站映射
2026-09-06 23:22:30 [DEBUG] core.topology_builder: 主配接口降级（非错）: 无法从LINE_NAME=LINE215解析出主网站映射
2026-09-06 23:22:30 [DEBUG] core.topology_builder: 主配接口降级（非错）: 无法从LINE_NAME=LINE216解析出主网站映射
2026-09-06 23:22:30 [INFO] core.topology_builder: 主配接口校验：通过=184 失败=5
2026-09-06 23:22:30 [INFO] core.topology_builder: [主配接口校验] 4.1/4.2 命中缺陷: 5
2026-09-06 23:22:41 [INFO] core.score_engine: 评分结果: 设备=50744 缺陷=5246 扣分=75.00 缺陷率=10.34% 缺陷率扣分=26.69 score_before=0.0 score_after=0.0
2026-09-06 23:22:42 [INFO] core.feeder_topology_analysis: Sheet3 联络开关: feeder=TMP00000188 识别到 1 个联络开关
2026-09-06 23:22:42 [DEBUG] core.feeder_topology_analysis: P1-P7 引擎产生 15 条断点候选
2026-09-06 23:22:42 [INFO] core.feeder_topology_analysis: Sheet2 断点定位: feeder=TMP00000188 共 378 条 (P1-P7 优先级排序)
2026-09-06 23:22:42 [INFO] core.feeder_topology_analysis: Sheet4 合环识别: feeder=TMP00000188 共 2 条
2026-09-06 23:23:25 [INFO] core.score_engine: 评分结果: 设备=50744 缺陷=4857 扣分=75.00 缺陷率=9.57% 缺陷率扣分=22.86 score_before=2.1 score_after=2.1
2026-09-06 23:23:26 [INFO] core.feeder_topology_analysis: Sheet3 联络开关: feeder=TMP00000189 识别到 1 个联络开关
2026-09-06 23:23:26 [DEBUG] core.feeder_topology_analysis: P1-P7 引擎产生 54 条断点候选
2026-09-06 23:23:26 [INFO] core.feeder_topology_analysis: Sheet2 断点定位: feeder=TMP00000189 共 256 条 (P1-P7 优先级排序)
2026-09-06 23:23:26 [INFO] core.feeder_topology_analysis: Sheet4 合环识别: feeder=TMP00000189 共 9 条
2026-09-06 23:24:08 [INFO] core.topology_builder: 主配数据拆分完成：主网设备=1167 配网设备=50744 主网线段=223 配网线段=189 主网站=10 遥信遥测=5829 ZWMEA=442 ZWSIGNAL=1567
2026-09-06 23:24:08 [INFO] core.topology_builder: 主网设备数量：1167
2026-09-06 23:24:08 [INFO] core.topology_builder: 配网设备数量：50744
2026-09-06 23:24:08 [INFO] core.topology_builder: 主网线路(ZLINEEND)数量：223
2026-09-06 23:24:08 [INFO] core.topology_builder: 配网线路(PWFEEDERLINE)数量：189
2026-09-06 23:24:08 [INFO] core.topology_builder: 主网站点(ZWSUBSTATION)数量：10
2026-09-06 23:24:08 [INFO] core.topology_builder: 遥信遥测(PWREAL)记录数：5829
2026-09-06 23:24:08 [INFO] core.topology_builder: 主网遥测(ZWMEA)：442 主网遥信(ZWSIGNAL)：1567
2026-09-06 23:24:08 [INFO] core.topology_builder: [Builder] 正在添加 1167 个主网设备和 50744 个配网设备...
2026-09-06 23:24:08 [INFO] core.topology_builder: 主网电源设备数=47
2026-09-06 23:24:08 [INFO] core.topology_builder: 主网电源设备识别: 47 台
2026-09-06 23:24:10 [DEBUG] core.topology_builder: 已处理 10000 个配网设备
2026-09-06 23:24:11 [DEBUG] core.topology_builder: 已处理 20000 个配网设备
2026-09-06 23:24:12 [DEBUG] core.topology_builder: 已处理 30000 个配网设备
2026-09-06 23:24:13 [DEBUG] core.topology_builder: 已处理 40000 个配网设备
2026-09-06 23:24:14 [DEBUG] core.topology_builder: 已处理 50000 个配网设备
2026-09-06 23:24:14 [INFO] core.topology_builder: 配网电源设备数=17643
2026-09-06 23:24:14 [INFO] core.topology_builder: 配网电源设备识别: 17643 台
2026-09-06 23:24:17 [INFO] core.topology_builder: 主配电源注入（v2-ZWLINEEND映射）: 0 台配网设备接入主网电源
2026-09-06 23:24:17 [INFO] core.topology_builder:   ZWLINEEND 解析出馈线→主网站映射数: 0
2026-09-06 23:24:28 [INFO] core.topology_builder: [Builder] 配网真实端子数量:76354
2026-09-06 23:24:28 [INFO] core.topology_builder: [Builder] 主网真实端子数量:1562
2026-09-06 23:24:35 [INFO] core.topology_builder: [端子建边完成] 配网拓扑边数量：117276
2026-09-06 23:24:35 [INFO] core.topology_builder: [端子建边完成] 主网拓扑边数量：2632
2026-09-06 23:24:43 [INFO] core.measure_preprocess: [MeasurePreprocess] 遥信实测开关数量：6666
2026-09-06 23:24:43 [INFO] core.measure_preprocess: [MeasurePreprocess] 默认合位开关数量：10942
2026-09-06 23:24:43 [INFO] core.topology_builder: [遥信预处理统计] 总开关状态映射条目:17608 实际挂载到设备:16592
2026-09-06 23:24:43 [INFO] core.topology_builder: 遥信实测开关:6666，赛题默认合位推演开关:10942
2026-09-06 23:24:55 [DEBUG] core.topology_builder: 主配接口降级（非错）: 无法从LINE_NAME=10kVLINE098解析出主网站映射
2026-09-06 23:24:55 [DEBUG] core.topology_builder: 主配接口降级（非错）: 无法从LINE_NAME=10kVLINE060解析出主网站映射
2026-09-06 23:24:55 [DEBUG] core.topology_builder: 主配接口降级（非错）: 无法从LINE_NAME=10kVLINE004解析出主网站映射
2026-09-06 23:24:55 [DEBUG] core.topology_builder: 主配接口降级（非错）: 无法从LINE_NAME=10kVLINE082解析出主网站映射
2026-09-06 23:24:55 [DEBUG] core.topology_builder: 主配接口降级（非错）: 无法从LINE_NAME=10kVLINE018解析出主网站映射
2026-09-06 23:24:55 [DEBUG] core.topology_builder: 主配接口降级（非错）: 无法从LINE_NAME=10kVLINE074解析出主网站映射
2026-09-06 23:24:55 [DEBUG] core.topology_builder: 主配接口降级（非错）: 无法从LINE_NAME=10kVLINE099解析出主网站映射
2026-09-06 23:24:55 [DEBUG] core.topology_builder: 主配接口降级（非错）: 无法从LINE_NAME=10kVLINE041解析出主网站映射
2026-09-06 23:24:55 [DEBUG] core.topology_builder: 主配接口降级（非错）: 无法从LINE_NAME=10kVLINE086解析出主网站映射
2026-09-06 23:24:55 [DEBUG] core.topology_builder: 主配接口降级（非错）: 无法从LINE_NAME=10kVLINE073解析出主网站映射
2026-09-06 23:24:55 [DEBUG] core.topology_builder: 主配接口降级（非错）: 无法从LINE_NAME=10kVLINE033解析出主网站映射
2026-09-06 23:24:55 [DEBUG] core.topology_builder: 主配接口降级（非错）: 无法从LINE_NAME=10kVLINE091解析出主网站映射
2026-09-06 23:24:55 [DEBUG] core.topology_builder: 主配接口降级（非错）: 无法从LINE_NAME=10kVLINE100解析出主网站映射
2026-09-06 23:24:55 [DEBUG] core.topology_builder: 主配接口降级（非错）: 无法从LINE_NAME=10kVLINE013解析出主网站映射
2026-09-06 23:24:55 [DEBUG] core.topology_builder: 主配接口降级（非错）: 无法从LINE_NAME=10kVLINE101解析出主网站映射
2026-09-06 23:24:55 [DEBUG] core.topology_builder: 主配接口降级（非错）: 无法从LINE_NAME=10kVLINE035解析出主网站映射
2026-09-06 23:24:55 [DEBUG] core.topology_builder: 主配接口降级（非错）: 无法从LINE_NAME=10kVLINE102解析出主网站映射
2026-09-06 23:24:55 [DEBUG] core.topology_builder: 主配接口降级（非错）: 无法从LINE_NAME=10kVLINE103解析出主网站映射
2026-09-06 23:24:55 [DEBUG] core.topology_builder: 主配接口降级（非错）: 无法从LINE_NAME=10kVLINE055解析出主网站映射
2026-09-06 23:24:55 [DEBUG] core.topology_builder: 主配接口降级（非错）: 无法从LINE_NAME=10kVLINE024解析出主网站映射
2026-09-06 23:24:55 [DEBUG] core.topology_builder: 主配接口降级（非错）: 无法从LINE_NAME=10kVLINE084解析出主网站映射
2026-09-06 23:24:55 [DEBUG] core.topology_builder: 主配接口降级（非错）: 无法从LINE_NAME=10kVLINE087解析出主网站映射
2026-09-06 23:24:55 [DEBUG] core.topology_builder: 主配接口降级（非错）: 无法从LINE_NAME=20kVLINE104解析出主网站映射
2026-09-06 23:24:55 [DEBUG] core.topology_builder: 主配接口降级（非错）: 无法从LINE_NAME=10kVLINE012解析出主网站映射
2026-09-06 23:24:55 [DEBUG] core.topology_builder: 主配接口降级（非错）: 无法从LINE_NAME=10kVLINE105解析出主网站映射
2026-09-06 23:24:55 [DEBUG] core.topology_builder: 主配接口降级（非错）: 无法从LINE_NAME=10kVLINE106解析出主网站映射
2026-09-06 23:24:55 [DEBUG] core.topology_builder: 主配接口降级（非错）: 无法从LINE_NAME=10kVLINE094解析出主网站映射
2026-09-06 23:24:55 [DEBUG] core.topology_builder: 主配接口降级（非错）: 无法从LINE_NAME=10kVLINE107解析出主网站映射
2026-09-06 23:24:55 [DEBUG] core.topology_builder: 主配接口降级（非错）: 无法从LINE_NAME=10kVLINE053解析出主网站映射
2026-09-06 23:24:55 [DEBUG] core.topology_builder: 主配接口降级（非错）: 无法从LINE_NAME=20kVLINE108解析出主网站映射
2026-09-06 23:24:55 [DEBUG] core.topology_builder: 主配接口降级（非错）: 无法从LINE_NAME=20kVLINE109解析出主网站映射
2026-09-06 23:24:55 [DEBUG] core.topology_builder: 主配接口降级（非错）: 无法从LINE_NAME=10kVLINE110解析出主网站映射
2026-09-06 23:24:55 [DEBUG] core.topology_builder: 主配接口降级（非错）: 无法从LINE_NAME=10kVLINE111解析出主网站映射
2026-09-06 23:24:55 [DEBUG] core.topology_builder: 主配接口降级（非错）: 无法从LINE_NAME=10kVLINE112解析出主网站映射
2026-09-06 23:24:55 [DEBUG] core.topology_builder: 主配接口降级（非错）: 无法从LINE_NAME=20kVLINE113解析出主网站映射
2026-09-06 23:24:55 [DEBUG] core.topology_builder: 主配接口降级（非错）: 无法从LINE_NAME=10kVLINE026解析出主网站映射
2026-09-06 23:24:55 [DEBUG] core.topology_builder: 主配接口降级（非错）: 无法从LINE_NAME=10kVLINE048解析出主网站映射
2026-09-06 23:24:55 [DEBUG] core.topology_builder: 主配接口降级（非错）: 无法从LINE_NAME=10kVLINE003解析出主网站映射
2026-09-06 23:24:55 [DEBUG] core.topology_builder: 主配接口降级（非错）: 无法从LINE_NAME=10kVLINE057解析出主网站映射
2026-09-06 23:24:55 [DEBUG] core.topology_builder: 主配接口降级（非错）: 无法从LINE_NAME=10kVLINE077解析出主网站映射
2026-09-06 23:24:55 [DEBUG] core.topology_builder: 主配接口降级（非错）: 无法从LINE_NAME=10kVLINE114解析出主网站映射
2026-09-06 23:24:55 [DEBUG] core.topology_builder: 主配接口降级（非错）: 无法从LINE_NAME=10kVLINE027解析出主网站映射
2026-09-06 23:24:55 [DEBUG] core.topology_builder: 主配接口降级（非错）: 无法从LINE_NAME=10kVLINE115解析出主网站映射
2026-09-06 23:24:55 [DEBUG] core.topology_builder: 主配接口降级（非错）: 无法从LINE_NAME=10kVLINE116解析出主网站映射
2026-09-06 23:24:55 [DEBUG] core.topology_builder: 主配接口降级（非错）: 无法从LINE_NAME=10kVLINE117解析出主网站映射
2026-09-06 23:24:55 [DEBUG] core.topology_builder: 主配接口降级（非错）: 无法从LINE_NAME=10kVLINE118解析出主网站映射
2026-09-06 23:24:55 [DEBUG] core.topology_builder: 主配接口降级（非错）: 无法从LINE_NAME=10kVLINE038解析出主网站映射
2026-09-06 23:24:55 [DEBUG] core.topology_builder: 主配接口降级（非错）: 无法从LINE_NAME=10kVLINE119解析出主网站映射
2026-09-06 23:24:55 [DEBUG] core.topology_builder: 主配接口降级（非错）: 无法从LINE_NAME=20kVLINE120解析出主网站映射
2026-09-06 23:24:55 [DEBUG] core.topology_builder: 主配接口降级（非错）: 无法从LINE_NAME=10kVLINE121_195解析出主网站映射
2026-09-06 23:24:55 [DEBUG] core.topology_builder: 主配接口降级（非错）: 无法从LINE_NAME=10kVLINE076解析出主网站映射
2026-09-06 23:24:55 [DEBUG] core.topology_builder: 主配接口降级（非错）: 无法从LINE_NAME=10kVLINE093解析出主网站映射
2026-09-06 23:24:55 [DEBUG] core.topology_builder: 主配接口降级（非错）: 无法从LINE_NAME=20kVLINE122解析出主网站映射
2026-09-06 23:24:55 [DEBUG] core.topology_builder: 主配接口降级（非错）: 无法从LINE_NAME=10kVLINE123解析出主网站映射
2026-09-06 23:24:55 [DEBUG] core.topology_builder: 主配接口降级（非错）: 无法从LINE_NAME=10kVLINE039解析出主网站映射
2026-09-06 23:24:55 [DEBUG] core.topology_builder: 主配接口降级（非错）: 无法从LINE_NAME=10kVLINE124解析出主网站映射
2026-09-06 23:24:55 [DEBUG] core.topology_builder: 主配接口降级（非错）: 无法从LINE_NAME=10kVLINE125解析出主网站映射
2026-09-06 23:24:55 [DEBUG] core.topology_builder: 主配接口降级（非错）: 无法从LINE_NAME=10kVLINE126解析出主网站映射
2026-09-06 23:24:55 [DEBUG] core.topology_builder: 主配接口降级（非错）: 无法从LINE_NAME=10kVLINE127解析出主网站映射
2026-09-06 23:24:55 [DEBUG] core.topology_builder: 主配接口降级（非错）: 无法从LINE_NAME=10kVLINE089解析出主网站映射
2026-09-06 23:24:55 [DEBUG] core.topology_builder: 主配接口降级（非错）: 无法从LINE_NAME=10kVLINE090解析出主网站映射
2026-09-06 23:24:55 [DEBUG] core.topology_builder: 主配接口降级（非错）: 无法从LINE_NAME=10kVLINE128解析出主网站映射
2026-09-06 23:24:55 [DEBUG] core.topology_builder: 主配接口降级（非错）: 无法从LINE_NAME=10kVLINE037解析出主网站映射
2026-09-06 23:24:55 [DEBUG] core.topology_builder: 主配接口降级（非错）: 无法从LINE_NAME=10kVLINE071解析出主网站映射
2026-09-06 23:24:55 [DEBUG] core.topology_builder: 主配接口降级（非错）: 无法从LINE_NAME=10kVLINE129解析出主网站映射
2026-09-06 23:24:55 [DEBUG] core.topology_builder: 主配接口降级（非错）: 无法从LINE_NAME=10kVLINE009解析出主网站映射
2026-09-06 23:24:55 [DEBUG] core.topology_builder: 主配接口降级（非错）: 无法从LINE_NAME=10kVLINE022解析出主网站映射
2026-09-06 23:24:55 [DEBUG] core.topology_builder: 主配接口降级（非错）: 无法从LINE_NAME=10kVLINE028解析出主网站映射
2026-09-06 23:24:55 [DEBUG] core.topology_builder: 主配接口降级（非错）: 无法从LINE_NAME=10kVLINE019解析出主网站映射
2026-09-06 23:24:55 [DEBUG] core.topology_builder: 主配接口降级（非错）: 无法从LINE_NAME=10kVLINE015解析出主网站映射
2026-09-06 23:24:55 [DEBUG] core.topology_builder: 主配接口降级（非错）: 无法从LINE_NAME=10kVLINE130解析出主网站映射
2026-09-06 23:24:55 [DEBUG] core.topology_builder: 主配接口降级（非错）: 无法从LINE_NAME=10kVLINE131解析出主网站映射
2026-09-06 23:24:55 [DEBUG] core.topology_builder: 主配接口降级（非错）: 无法从LINE_NAME=10kVLINE132解析出主网站映射
2026-09-06 23:24:55 [DEBUG] core.topology_builder: 主配接口降级（非错）: 无法从LINE_NAME=10kVLINE061解析出主网站映射
2026-09-06 23:24:55 [DEBUG] core.topology_builder: 主配接口降级（非错）: 无法从LINE_NAME=10kVLINE133解析出主网站映射
2026-09-06 23:24:55 [DEBUG] core.topology_builder: 主配接口降级（非错）: 无法从LINE_NAME=10kVLINE075解析出主网站映射
2026-09-06 23:24:55 [DEBUG] core.topology_builder: 主配接口降级（非错）: 无法从LINE_NAME=10kVLINE016解析出主网站映射
2026-09-06 23:24:55 [DEBUG] core.topology_builder: 主配接口降级（非错）: 无法从LINE_NAME=10kVLINE134解析出主网站映射
2026-09-06 23:24:55 [DEBUG] core.topology_builder: 主配接口降级（非错）: 无法从LINE_NAME=10kVLINE043解析出主网站映射
2026-09-06 23:24:55 [DEBUG] core.topology_builder: 主配接口降级（非错）: 无法从LINE_NAME=10kVLINE050解析出主网站映射
2026-09-06 23:24:55 [DEBUG] core.topology_builder: 主配接口降级（非错）: 无法从LINE_NAME=10kVLINE054解析出主网站映射
2026-09-06 23:24:55 [DEBUG] core.topology_builder: 主配接口降级（非错）: 无法从LINE_NAME=10kVLINE040解析出主网站映射
2026-09-06 23:24:55 [DEBUG] core.topology_builder: 主配接口降级（非错）: 无法从LINE_NAME=10kVLINE021解析出主网站映射
2026-09-06 23:24:55 [DEBUG] core.topology_builder: 主配接口降级（非错）: 无法从LINE_NAME=10kVLINE023解析出主网站映射
2026-09-06 23:24:55 [DEBUG] core.topology_builder: 主配接口降级（非错）: 无法从LINE_NAME=10kVLINE020解析出主网站映射
2026-09-06 23:24:55 [DEBUG] core.topology_builder: 主配接口降级（非错）: 无法从LINE_NAME=10kVLINE135解析出主网站映射
2026-09-06 23:24:55 [DEBUG] core.topology_builder: 主配接口降级（非错）: 无法从LINE_NAME=10kVLINE136解析出主网站映射
2026-09-06 23:24:55 [DEBUG] core.topology_builder: 主配接口降级（非错）: 无法从LINE_NAME=10kVLINE097解析出主网站映射
2026-09-06 23:24:55 [DEBUG] core.topology_builder: 主配接口降级（非错）: 无法从LINE_NAME=10kVLINE096解析出主网站映射
2026-09-06 23:24:55 [DEBUG] core.topology_builder: 主配接口降级（非错）: 无法从LINE_NAME=10kVLINE137解析出主网站映射
2026-09-06 23:24:55 [DEBUG] core.topology_builder: 主配接口降级（非错）: 无法从LINE_NAME=10kVLINE138解析出主网站映射
2026-09-06 23:24:55 [DEBUG] core.topology_builder: 主配接口降级（非错）: 无法从LINE_NAME=10kVLINE139解析出主网站映射
2026-09-06 23:24:55 [DEBUG] core.topology_builder: 主配接口降级（非错）: 无法从LINE_NAME=10kVLINE140解析出主网站映射
2026-09-06 23:24:55 [DEBUG] core.topology_builder: 主配接口降级（非错）: 无法从LINE_NAME=10kVLINE141解析出主网站映射
2026-09-06 23:24:55 [DEBUG] core.topology_builder: 主配接口降级（非错）: 无法从LINE_NAME=10kVLINE049解析出主网站映射
2026-09-06 23:24:55 [DEBUG] core.topology_builder: 主配接口降级（非错）: 无法从LINE_NAME=10kVLINE142解析出主网站映射
2026-09-06 23:24:55 [DEBUG] core.topology_builder: 主配接口降级（非错）: 无法从LINE_NAME=10kVLINE042解析出主网站映射
2026-09-06 23:24:55 [DEBUG] core.topology_builder: 主配接口降级（非错）: 无法从LINE_NAME=10kVLINE056解析出主网站映射
2026-09-06 23:24:55 [DEBUG] core.topology_builder: 主配接口降级（非错）: 无法从LINE_NAME=10kVLINE143解析出主网站映射
2026-09-06 23:24:55 [DEBUG] core.topology_builder: 主配接口降级（非错）: 无法从LINE_NAME=10kVLINE144解析出主网站映射
2026-09-06 23:24:55 [DEBUG] core.topology_builder: 主配接口降级（非错）: 无法从LINE_NAME=10kVLINE070解析出主网站映射
2026-09-06 23:24:55 [DEBUG] core.topology_builder: 主配接口降级（非错）: 无法从LINE_NAME=10kVLINE069解析出主网站映射
2026-09-06 23:24:55 [DEBUG] core.topology_builder: 主配接口降级（非错）: 无法从LINE_NAME=10kVLINE145解析出主网站映射
2026-09-06 23:24:55 [DEBUG] core.topology_builder: 主配接口降级（非错）: 无法从LINE_NAME=10kVLINE146解析出主网站映射
2026-09-06 23:24:55 [DEBUG] core.topology_builder: 主配接口降级（非错）: 无法从LINE_NAME=10kVLINE147解析出主网站映射
2026-09-06 23:24:55 [DEBUG] core.topology_builder: 主配接口降级（非错）: 无法从LINE_NAME=10kVLINE148解析出主网站映射
2026-09-06 23:24:55 [DEBUG] core.topology_builder: 主配接口降级（非错）: 无法从LINE_NAME=10kVLINE025解析出主网站映射
2026-09-06 23:24:55 [DEBUG] core.topology_builder: 主配接口降级（非错）: 无法从LINE_NAME=20kVLINE149解析出主网站映射
2026-09-06 23:24:55 [DEBUG] core.topology_builder: 主配接口降级（非错）: 无法从LINE_NAME=10kVLINE083解析出主网站映射
2026-09-06 23:24:55 [DEBUG] core.topology_builder: 主配接口降级（非错）: 无法从LINE_NAME=20kVLINE150解析出主网站映射
2026-09-06 23:24:55 [DEBUG] core.topology_builder: 主配接口降级（非错）: 无法从LINE_NAME=20kVLINE151解析出主网站映射
2026-09-06 23:24:55 [DEBUG] core.topology_builder: 主配接口降级（非错）: 无法从LINE_NAME=20kVLINE152解析出主网站映射
2026-09-06 23:24:55 [DEBUG] core.topology_builder: 主配接口降级（非错）: 无法从LINE_NAME=10kVLINE046解析出主网站映射
2026-09-06 23:24:55 [DEBUG] core.topology_builder: 主配接口降级（非错）: 无法从LINE_NAME=10kVLINE045解析出主网站映射
2026-09-06 23:24:55 [DEBUG] core.topology_builder: 主配接口降级（非错）: 无法从LINE_NAME=10kVLINE153解析出主网站映射
2026-09-06 23:24:55 [DEBUG] core.topology_builder: 主配接口降级（非错）: 无法从LINE_NAME=10kVLINE154解析出主网站映射
2026-09-06 23:24:55 [DEBUG] core.topology_builder: 主配接口降级（非错）: 无法从LINE_NAME=10kVLINE155解析出主网站映射
2026-09-06 23:24:55 [DEBUG] core.topology_builder: 主配接口降级（非错）: 无法从LINE_NAME=10kVLINE156解析出主网站映射
2026-09-06 23:24:55 [DEBUG] core.topology_builder: 主配接口降级（非错）: 无法从LINE_NAME=10kVLINE058解析出主网站映射
2026-09-06 23:24:55 [DEBUG] core.topology_builder: 主配接口降级（非错）: 无法从LINE_NAME=10kVLINE059解析出主网站映射
2026-09-06 23:24:55 [DEBUG] core.topology_builder: 主配接口降级（非错）: 无法从LINE_NAME=10kVLINE157解析出主网站映射
2026-09-06 23:24:55 [DEBUG] core.topology_builder: 主配接口降级（非错）: 无法从LINE_NAME=10kVLINE088解析出主网站映射
2026-09-06 23:24:55 [DEBUG] core.topology_builder: 主配接口降级（非错）: 无法从LINE_NAME=10kVLINE121_185解析出主网站映射
2026-09-06 23:24:55 [DEBUG] core.topology_builder: 主配接口降级（非错）: 无法从LINE_NAME=10kVLINE081解析出主网站映射
2026-09-06 23:24:55 [DEBUG] core.topology_builder: 主配接口降级（非错）: 无法从LINE_NAME=10kVLINE158解析出主网站映射
2026-09-06 23:24:55 [DEBUG] core.topology_builder: 主配接口降级（非错）: 无法从LINE_NAME=10kVLINE159解析出主网站映射
2026-09-06 23:24:55 [DEBUG] core.topology_builder: 主配接口降级（非错）: 无法从LINE_NAME=10kVLINE160解析出主网站映射
2026-09-06 23:24:55 [DEBUG] core.topology_builder: 主配接口降级（非错）: 无法从LINE_NAME=10kVLINE161解析出主网站映射
2026-09-06 23:24:55 [DEBUG] core.topology_builder: 主配接口降级（非错）: 无法从LINE_NAME=10kVLINE162解析出主网站映射
2026-09-06 23:24:55 [DEBUG] core.topology_builder: 主配接口降级（非错）: 无法从LINE_NAME=10kVLINE163解析出主网站映射
2026-09-06 23:24:55 [DEBUG] core.topology_builder: 主配接口降级（非错）: 无法从LINE_NAME=10kVLINE164解析出主网站映射
2026-09-06 23:24:55 [DEBUG] core.topology_builder: 主配接口降级（非错）: 无法从LINE_NAME=10kVLINE165解析出主网站映射
2026-09-06 23:24:55 [DEBUG] core.topology_builder: 主配接口降级（非错）: 无法从LINE_NAME=10kVLINE166解析出主网站映射
2026-09-06 23:24:55 [DEBUG] core.topology_builder: 主配接口降级（非错）: 无法从LINE_NAME=10kVLINE167解析出主网站映射
2026-09-06 23:24:55 [DEBUG] core.topology_builder: 主配接口降级（非错）: 无法从LINE_NAME=10kVLINE168解析出主网站映射
2026-09-06 23:24:55 [DEBUG] core.topology_builder: 主配接口降级（非错）: 无法从LINE_NAME=10kVLINE014解析出主网站映射
2026-09-06 23:24:55 [DEBUG] core.topology_builder: 主配接口降级（非错）: 无法从LINE_NAME=10kVLINE169解析出主网站映射
2026-09-06 23:24:55 [DEBUG] core.topology_builder: 主配接口降级（非错）: 无法从LINE_NAME=10kVLINE170解析出主网站映射
2026-09-06 23:24:55 [DEBUG] core.topology_builder: 主配接口降级（非错）: 无法从LINE_NAME=10kVLINE171解析出主网站映射
2026-09-06 23:24:55 [DEBUG] core.topology_builder: 主配接口降级（非错）: 无法从LINE_NAME=10kVLINE172解析出主网站映射
2026-09-06 23:24:55 [DEBUG] core.topology_builder: 主配接口降级（非错）: 无法从LINE_NAME=10kVLINE173解析出主网站映射
2026-09-06 23:24:55 [DEBUG] core.topology_builder: 主配接口降级（非错）: 无法从LINE_NAME=10kVLINE174解析出主网站映射
2026-09-06 23:24:55 [DEBUG] core.topology_builder: 主配接口降级（非错）: 无法从LINE_NAME=10kVLINE175解析出主网站映射
2026-09-06 23:24:55 [DEBUG] core.topology_builder: 主配接口降级（非错）: 无法从LINE_NAME=10kVLINE176解析出主网站映射
2026-09-06 23:24:55 [DEBUG] core.topology_builder: 主配接口降级（非错）: 无法从LINE_NAME=10kVLINE177解析出主网站映射
2026-09-06 23:24:55 [DEBUG] core.topology_builder: 主配接口降级（非错）: 无法从LINE_NAME=10kVLINE044解析出主网站映射
2026-09-06 23:24:55 [DEBUG] core.topology_builder: 主配接口降级（非错）: 无法从LINE_NAME=10kVLINE178解析出主网站映射
2026-09-06 23:24:55 [DEBUG] core.topology_builder: 主配接口降级（非错）: 无法从LINE_NAME=10kVLINE179解析出主网站映射
2026-09-06 23:24:55 [DEBUG] core.topology_builder: 主配接口降级（非错）: 无法从LINE_NAME=10kVLINE180解析出主网站映射
2026-09-06 23:24:55 [DEBUG] core.topology_builder: 主配接口降级（非错）: 无法从LINE_NAME=20kVLINE181解析出主网站映射
2026-09-06 23:24:55 [DEBUG] core.topology_builder: 主配接口降级（非错）: 无法从LINE_NAME=10kVLINE182解析出主网站映射
2026-09-06 23:24:55 [DEBUG] core.topology_builder: 主配接口降级（非错）: 无法从LINE_NAME=10kVLINE183解析出主网站映射
2026-09-06 23:24:55 [DEBUG] core.topology_builder: 主配接口降级（非错）: 无法从LINE_NAME=10kVLINE184解析出主网站映射
2026-09-06 23:24:55 [DEBUG] core.topology_builder: 主配接口降级（非错）: 无法从LINE_NAME=10kVLINE186解析出主网站映射
2026-09-06 23:24:55 [DEBUG] core.topology_builder: 主配接口降级（非错）: 无法从LINE_NAME=10kVLINE187解析出主网站映射
2026-09-06 23:24:55 [DEBUG] core.topology_builder: 主配接口降级（非错）: 无法从LINE_NAME=10kVLINE188解析出主网站映射
2026-09-06 23:24:55 [DEBUG] core.topology_builder: 主配接口降级（非错）: 无法从LINE_NAME=10kVLINE189解析出主网站映射
2026-09-06 23:24:55 [DEBUG] core.topology_builder: 主配接口降级（非错）: 无法从LINE_NAME=10kVLINE190解析出主网站映射
2026-09-06 23:24:55 [DEBUG] core.topology_builder: 主配接口降级（非错）: 无法从LINE_NAME=10kVLINE191解析出主网站映射
2026-09-06 23:24:55 [DEBUG] core.topology_builder: 主配接口降级（非错）: 无法从LINE_NAME=10kVLINE192解析出主网站映射
2026-09-06 23:24:55 [DEBUG] core.topology_builder: 主配接口降级（非错）: 无法从LINE_NAME=10kVLINE193解析出主网站映射
2026-09-06 23:24:55 [DEBUG] core.topology_builder: 主配接口降级（非错）: 无法从LINE_NAME=10kVLINE194解析出主网站映射
2026-09-06 23:24:55 [DEBUG] core.topology_builder: 主配接口降级（非错）: 无法从LINE_NAME=10kVLINE195解析出主网站映射
2026-09-06 23:24:55 [DEBUG] core.topology_builder: 主配接口降级（非错）: 无法从LINE_NAME=10kVLINE196解析出主网站映射
2026-09-06 23:24:55 [DEBUG] core.topology_builder: 主配接口降级（非错）: 无法从LINE_NAME=10kVLINE197解析出主网站映射
2026-09-06 23:24:55 [DEBUG] core.topology_builder: 主配接口降级（非错）: 无法从LINE_NAME=10kVLINE198解析出主网站映射
2026-09-06 23:24:55 [DEBUG] core.topology_builder: 主配接口降级（非错）: 无法从LINE_NAME=10kVLINE199解析出主网站映射
2026-09-06 23:24:55 [DEBUG] core.topology_builder: 主配接口降级（非错）: 无法从LINE_NAME=10kVLINE063解析出主网站映射
2026-09-06 23:24:55 [DEBUG] core.topology_builder: 主配接口降级（非错）: 无法从LINE_NAME=10kVLINE200解析出主网站映射
2026-09-06 23:24:55 [DEBUG] core.topology_builder: 主配接口降级（非错）: 无法从LINE_NAME=10kVLINE201解析出主网站映射
2026-09-06 23:24:55 [DEBUG] core.topology_builder: 主配接口降级（非错）: 无法从LINE_NAME=10kVLINE202解析出主网站映射
2026-09-06 23:24:55 [DEBUG] core.topology_builder: 主配接口降级（非错）: 无法从LINE_NAME=10kVLINE203解析出主网站映射
2026-09-06 23:24:55 [DEBUG] core.topology_builder: 主配接口降级（非错）: 无法从LINE_NAME=10kVLINE204解析出主网站映射
2026-09-06 23:24:55 [DEBUG] core.topology_builder: 主配接口降级（非错）: 无法从LINE_NAME=10kVLINE205解析出主网站映射
2026-09-06 23:24:55 [DEBUG] core.topology_builder: 主配接口降级（非错）: 无法从LINE_NAME=10kVLINE051解析出主网站映射
2026-09-06 23:24:55 [DEBUG] core.topology_builder: 主配接口降级（非错）: 无法从LINE_NAME=10kVLINE187解析出主网站映射
2026-09-06 23:24:55 [DEBUG] core.topology_builder: 主配接口降级（非错）: 无法从LINE_NAME=10kVLINE207解析出主网站映射
2026-09-06 23:24:55 [DEBUG] core.topology_builder: 主配接口降级（非错）: 无法从LINE_NAME=10kVLINE208解析出主网站映射
2026-09-06 23:24:55 [DEBUG] core.topology_builder: 主配接口降级（非错）: 无法从LINE_NAME=10kVLINE209解析出主网站映射
2026-09-06 23:24:55 [DEBUG] core.topology_builder: 主配接口降级（非错）: 无法从LINE_NAME=10kVLINE210解析出主网站映射
2026-09-06 23:24:55 [DEBUG] core.topology_builder: 主配接口降级（非错）: 无法从LINE_NAME=10kVLINE212解析出主网站映射
2026-09-06 23:24:55 [DEBUG] core.topology_builder: 主配接口降级（非错）: 无法从LINE_NAME=10kVLINE213解析出主网站映射
2026-09-06 23:24:55 [DEBUG] core.topology_builder: 主配接口降级（非错）: 无法从LINE_NAME=LINE215解析出主网站映射
2026-09-06 23:24:55 [DEBUG] core.topology_builder: 主配接口降级（非错）: 无法从LINE_NAME=LINE216解析出主网站映射
2026-09-06 23:24:55 [INFO] core.topology_builder: 主配接口校验：通过=184 失败=5
2026-09-06 23:24:55 [INFO] core.topology_builder: [主配接口校验] 4.1/4.2 命中缺陷: 5
2026-09-06 23:24:55 [INFO] core.topology_builder: [电气逻辑校验] RULE-E01~E07 命中:4458
2026-09-06 23:24:55 [INFO] core.topology_builder: 开始执行拓扑异常检测：悬空、孤岛、断点
2026-09-06 23:25:00 [INFO] core.topology_builder: 主网异常数量：0，断点数量：0
2026-09-06 23:25:00 [INFO] core.topology_builder: 配网异常数量：726，断点数量：418
2026-09-06 23:25:25 [INFO] data_io.data_writer: Exported CSV -> C:\Users\1\Desktop\power_topology_verify\output\csv\sample_abnormal.csv (1 rows)
2026-09-06 23:25:25 [INFO] data_io.data_writer: Exported JSON -> C:\Users\1\Desktop\power_topology_verify\output\json\sample_abnormal.json (1 rows)
2026-09-06 23:38:24 [INFO] core.topology_builder: 主配数据拆分完成：主网设备=1167 配网设备=50744 主网线段=223 配网线段=189 主网站=10 遥信遥测=5829 ZWMEA=442 ZWSIGNAL=1567
2026-09-06 23:38:24 [INFO] core.topology_builder: 主网设备数量：1167
2026-09-06 23:38:24 [INFO] core.topology_builder: 配网设备数量：50744
2026-09-06 23:38:24 [INFO] core.topology_builder: 主网线路(ZLINEEND)数量：223
2026-09-06 23:38:24 [INFO] core.topology_builder: 配网线路(PWFEEDERLINE)数量：189
2026-09-06 23:38:24 [INFO] core.topology_builder: 主网站点(ZWSUBSTATION)数量：10
2026-09-06 23:38:24 [INFO] core.topology_builder: 遥信遥测(PWREAL)记录数：5829
2026-09-06 23:38:24 [INFO] core.topology_builder: 主网遥测(ZWMEA)：442 主网遥信(ZWSIGNAL)：1567
2026-09-06 23:38:24 [INFO] core.topology_builder: [Builder] 正在添加 1167 个主网设备和 50744 个配网设备...
2026-09-06 23:38:25 [INFO] core.topology_builder: 主网电源设备数=47
2026-09-06 23:38:25 [INFO] core.topology_builder: 主网电源设备识别: 47 台
2026-09-06 23:38:26 [DEBUG] core.topology_builder: 已处理 10000 个配网设备
2026-09-06 23:38:27 [DEBUG] core.topology_builder: 已处理 20000 个配网设备
2026-09-06 23:38:28 [DEBUG] core.topology_builder: 已处理 30000 个配网设备
2026-09-06 23:38:29 [DEBUG] core.topology_builder: 已处理 40000 个配网设备
2026-09-06 23:38:30 [DEBUG] core.topology_builder: 已处理 50000 个配网设备
2026-09-06 23:38:30 [INFO] core.topology_builder: 配网电源设备数=17643
2026-09-06 23:38:30 [INFO] core.topology_builder: 配网电源设备识别: 17643 台
2026-09-06 23:38:33 [INFO] core.topology_builder: 主配电源注入（v2-ZWLINEEND映射）: 0 台配网设备接入主网电源
2026-09-06 23:38:33 [INFO] core.topology_builder:   ZWLINEEND 解析出馈线→主网站映射数: 0
2026-09-06 23:38:44 [INFO] core.topology_builder: [Builder] 配网真实端子数量:76354
2026-09-06 23:38:44 [INFO] core.topology_builder: [Builder] 主网真实端子数量:1562
2026-09-06 23:38:51 [INFO] core.topology_builder: [端子建边完成] 配网拓扑边数量：117276
2026-09-06 23:38:51 [INFO] core.topology_builder: [端子建边完成] 主网拓扑边数量：2632
2026-09-06 23:38:59 [INFO] core.measure_preprocess: [MeasurePreprocess] 遥信实测开关数量：6666
2026-09-06 23:38:59 [INFO] core.measure_preprocess: [MeasurePreprocess] 默认合位开关数量：10942
2026-09-06 23:38:59 [INFO] core.topology_builder: [遥信预处理统计] 总开关状态映射条目:17608 实际挂载到设备:16592
2026-09-06 23:38:59 [INFO] core.topology_builder: 遥信实测开关:6666，赛题默认合位推演开关:10942
2026-09-06 23:39:11 [DEBUG] core.topology_builder: 主配接口降级（非错）: 无法从LINE_NAME=10kVLINE098解析出主网站映射
2026-09-06 23:39:11 [DEBUG] core.topology_builder: 主配接口降级（非错）: 无法从LINE_NAME=10kVLINE060解析出主网站映射
2026-09-06 23:39:11 [DEBUG] core.topology_builder: 主配接口降级（非错）: 无法从LINE_NAME=10kVLINE004解析出主网站映射
2026-09-06 23:39:11 [DEBUG] core.topology_builder: 主配接口降级（非错）: 无法从LINE_NAME=10kVLINE082解析出主网站映射
2026-09-06 23:39:11 [DEBUG] core.topology_builder: 主配接口降级（非错）: 无法从LINE_NAME=10kVLINE018解析出主网站映射
2026-09-06 23:39:11 [DEBUG] core.topology_builder: 主配接口降级（非错）: 无法从LINE_NAME=10kVLINE074解析出主网站映射
2026-09-06 23:39:11 [DEBUG] core.topology_builder: 主配接口降级（非错）: 无法从LINE_NAME=10kVLINE099解析出主网站映射
2026-09-06 23:39:11 [DEBUG] core.topology_builder: 主配接口降级（非错）: 无法从LINE_NAME=10kVLINE041解析出主网站映射
2026-09-06 23:39:11 [DEBUG] core.topology_builder: 主配接口降级（非错）: 无法从LINE_NAME=10kVLINE086解析出主网站映射
2026-09-06 23:39:11 [DEBUG] core.topology_builder: 主配接口降级（非错）: 无法从LINE_NAME=10kVLINE073解析出主网站映射
2026-09-06 23:39:11 [DEBUG] core.topology_builder: 主配接口降级（非错）: 无法从LINE_NAME=10kVLINE033解析出主网站映射
2026-09-06 23:39:11 [DEBUG] core.topology_builder: 主配接口降级（非错）: 无法从LINE_NAME=10kVLINE091解析出主网站映射
2026-09-06 23:39:11 [DEBUG] core.topology_builder: 主配接口降级（非错）: 无法从LINE_NAME=10kVLINE100解析出主网站映射
2026-09-06 23:39:11 [DEBUG] core.topology_builder: 主配接口降级（非错）: 无法从LINE_NAME=10kVLINE013解析出主网站映射
2026-09-06 23:39:11 [DEBUG] core.topology_builder: 主配接口降级（非错）: 无法从LINE_NAME=10kVLINE101解析出主网站映射
2026-09-06 23:39:11 [DEBUG] core.topology_builder: 主配接口降级（非错）: 无法从LINE_NAME=10kVLINE035解析出主网站映射
2026-09-06 23:39:11 [DEBUG] core.topology_builder: 主配接口降级（非错）: 无法从LINE_NAME=10kVLINE102解析出主网站映射
2026-09-06 23:39:11 [DEBUG] core.topology_builder: 主配接口降级（非错）: 无法从LINE_NAME=10kVLINE103解析出主网站映射
2026-09-06 23:39:11 [DEBUG] core.topology_builder: 主配接口降级（非错）: 无法从LINE_NAME=10kVLINE055解析出主网站映射
2026-09-06 23:39:11 [DEBUG] core.topology_builder: 主配接口降级（非错）: 无法从LINE_NAME=10kVLINE024解析出主网站映射
2026-09-06 23:39:11 [DEBUG] core.topology_builder: 主配接口降级（非错）: 无法从LINE_NAME=10kVLINE084解析出主网站映射
2026-09-06 23:39:11 [DEBUG] core.topology_builder: 主配接口降级（非错）: 无法从LINE_NAME=10kVLINE087解析出主网站映射
2026-09-06 23:39:11 [DEBUG] core.topology_builder: 主配接口降级（非错）: 无法从LINE_NAME=20kVLINE104解析出主网站映射
2026-09-06 23:39:11 [DEBUG] core.topology_builder: 主配接口降级（非错）: 无法从LINE_NAME=10kVLINE012解析出主网站映射
2026-09-06 23:39:11 [DEBUG] core.topology_builder: 主配接口降级（非错）: 无法从LINE_NAME=10kVLINE105解析出主网站映射
2026-09-06 23:39:11 [DEBUG] core.topology_builder: 主配接口降级（非错）: 无法从LINE_NAME=10kVLINE106解析出主网站映射
2026-09-06 23:39:11 [DEBUG] core.topology_builder: 主配接口降级（非错）: 无法从LINE_NAME=10kVLINE094解析出主网站映射
2026-09-06 23:39:11 [DEBUG] core.topology_builder: 主配接口降级（非错）: 无法从LINE_NAME=10kVLINE107解析出主网站映射
2026-09-06 23:39:11 [DEBUG] core.topology_builder: 主配接口降级（非错）: 无法从LINE_NAME=10kVLINE053解析出主网站映射
2026-09-06 23:39:11 [DEBUG] core.topology_builder: 主配接口降级（非错）: 无法从LINE_NAME=20kVLINE108解析出主网站映射
2026-09-06 23:39:11 [DEBUG] core.topology_builder: 主配接口降级（非错）: 无法从LINE_NAME=20kVLINE109解析出主网站映射
2026-09-06 23:39:11 [DEBUG] core.topology_builder: 主配接口降级（非错）: 无法从LINE_NAME=10kVLINE110解析出主网站映射
2026-09-06 23:39:11 [DEBUG] core.topology_builder: 主配接口降级（非错）: 无法从LINE_NAME=10kVLINE111解析出主网站映射
2026-09-06 23:39:11 [DEBUG] core.topology_builder: 主配接口降级（非错）: 无法从LINE_NAME=10kVLINE112解析出主网站映射
2026-09-06 23:39:11 [DEBUG] core.topology_builder: 主配接口降级（非错）: 无法从LINE_NAME=20kVLINE113解析出主网站映射
2026-09-06 23:39:11 [DEBUG] core.topology_builder: 主配接口降级（非错）: 无法从LINE_NAME=10kVLINE026解析出主网站映射
2026-09-06 23:39:11 [DEBUG] core.topology_builder: 主配接口降级（非错）: 无法从LINE_NAME=10kVLINE048解析出主网站映射
2026-09-06 23:39:11 [DEBUG] core.topology_builder: 主配接口降级（非错）: 无法从LINE_NAME=10kVLINE003解析出主网站映射
2026-09-06 23:39:11 [DEBUG] core.topology_builder: 主配接口降级（非错）: 无法从LINE_NAME=10kVLINE057解析出主网站映射
2026-09-06 23:39:11 [DEBUG] core.topology_builder: 主配接口降级（非错）: 无法从LINE_NAME=10kVLINE077解析出主网站映射
2026-09-06 23:39:11 [DEBUG] core.topology_builder: 主配接口降级（非错）: 无法从LINE_NAME=10kVLINE114解析出主网站映射
2026-09-06 23:39:11 [DEBUG] core.topology_builder: 主配接口降级（非错）: 无法从LINE_NAME=10kVLINE027解析出主网站映射
2026-09-06 23:39:11 [DEBUG] core.topology_builder: 主配接口降级（非错）: 无法从LINE_NAME=10kVLINE115解析出主网站映射
2026-09-06 23:39:11 [DEBUG] core.topology_builder: 主配接口降级（非错）: 无法从LINE_NAME=10kVLINE116解析出主网站映射
2026-09-06 23:39:11 [DEBUG] core.topology_builder: 主配接口降级（非错）: 无法从LINE_NAME=10kVLINE117解析出主网站映射
2026-09-06 23:39:11 [DEBUG] core.topology_builder: 主配接口降级（非错）: 无法从LINE_NAME=10kVLINE118解析出主网站映射
2026-09-06 23:39:11 [DEBUG] core.topology_builder: 主配接口降级（非错）: 无法从LINE_NAME=10kVLINE038解析出主网站映射
2026-09-06 23:39:11 [DEBUG] core.topology_builder: 主配接口降级（非错）: 无法从LINE_NAME=10kVLINE119解析出主网站映射
2026-09-06 23:39:11 [DEBUG] core.topology_builder: 主配接口降级（非错）: 无法从LINE_NAME=20kVLINE120解析出主网站映射
2026-09-06 23:39:11 [DEBUG] core.topology_builder: 主配接口降级（非错）: 无法从LINE_NAME=10kVLINE121_195解析出主网站映射
2026-09-06 23:39:11 [DEBUG] core.topology_builder: 主配接口降级（非错）: 无法从LINE_NAME=10kVLINE076解析出主网站映射
2026-09-06 23:39:11 [DEBUG] core.topology_builder: 主配接口降级（非错）: 无法从LINE_NAME=10kVLINE093解析出主网站映射
2026-09-06 23:39:11 [DEBUG] core.topology_builder: 主配接口降级（非错）: 无法从LINE_NAME=20kVLINE122解析出主网站映射
2026-09-06 23:39:11 [DEBUG] core.topology_builder: 主配接口降级（非错）: 无法从LINE_NAME=10kVLINE123解析出主网站映射
2026-09-06 23:39:11 [DEBUG] core.topology_builder: 主配接口降级（非错）: 无法从LINE_NAME=10kVLINE039解析出主网站映射
2026-09-06 23:39:11 [DEBUG] core.topology_builder: 主配接口降级（非错）: 无法从LINE_NAME=10kVLINE124解析出主网站映射
2026-09-06 23:39:11 [DEBUG] core.topology_builder: 主配接口降级（非错）: 无法从LINE_NAME=10kVLINE125解析出主网站映射
2026-09-06 23:39:11 [DEBUG] core.topology_builder: 主配接口降级（非错）: 无法从LINE_NAME=10kVLINE126解析出主网站映射
2026-09-06 23:39:11 [DEBUG] core.topology_builder: 主配接口降级（非错）: 无法从LINE_NAME=10kVLINE127解析出主网站映射
2026-09-06 23:39:11 [DEBUG] core.topology_builder: 主配接口降级（非错）: 无法从LINE_NAME=10kVLINE089解析出主网站映射
2026-09-06 23:39:11 [DEBUG] core.topology_builder: 主配接口降级（非错）: 无法从LINE_NAME=10kVLINE090解析出主网站映射
2026-09-06 23:39:11 [DEBUG] core.topology_builder: 主配接口降级（非错）: 无法从LINE_NAME=10kVLINE128解析出主网站映射
2026-09-06 23:39:11 [DEBUG] core.topology_builder: 主配接口降级（非错）: 无法从LINE_NAME=10kVLINE037解析出主网站映射
2026-09-06 23:39:11 [DEBUG] core.topology_builder: 主配接口降级（非错）: 无法从LINE_NAME=10kVLINE071解析出主网站映射
2026-09-06 23:39:11 [DEBUG] core.topology_builder: 主配接口降级（非错）: 无法从LINE_NAME=10kVLINE129解析出主网站映射
2026-09-06 23:39:11 [DEBUG] core.topology_builder: 主配接口降级（非错）: 无法从LINE_NAME=10kVLINE009解析出主网站映射
2026-09-06 23:39:11 [DEBUG] core.topology_builder: 主配接口降级（非错）: 无法从LINE_NAME=10kVLINE022解析出主网站映射
2026-09-06 23:39:11 [DEBUG] core.topology_builder: 主配接口降级（非错）: 无法从LINE_NAME=10kVLINE028解析出主网站映射
2026-09-06 23:39:11 [DEBUG] core.topology_builder: 主配接口降级（非错）: 无法从LINE_NAME=10kVLINE019解析出主网站映射
2026-09-06 23:39:11 [DEBUG] core.topology_builder: 主配接口降级（非错）: 无法从LINE_NAME=10kVLINE015解析出主网站映射
2026-09-06 23:39:11 [DEBUG] core.topology_builder: 主配接口降级（非错）: 无法从LINE_NAME=10kVLINE130解析出主网站映射
2026-09-06 23:39:11 [DEBUG] core.topology_builder: 主配接口降级（非错）: 无法从LINE_NAME=10kVLINE131解析出主网站映射
2026-09-06 23:39:11 [DEBUG] core.topology_builder: 主配接口降级（非错）: 无法从LINE_NAME=10kVLINE132解析出主网站映射
2026-09-06 23:39:11 [DEBUG] core.topology_builder: 主配接口降级（非错）: 无法从LINE_NAME=10kVLINE061解析出主网站映射
2026-09-06 23:39:11 [DEBUG] core.topology_builder: 主配接口降级（非错）: 无法从LINE_NAME=10kVLINE133解析出主网站映射
2026-09-06 23:39:11 [DEBUG] core.topology_builder: 主配接口降级（非错）: 无法从LINE_NAME=10kVLINE075解析出主网站映射
2026-09-06 23:39:11 [DEBUG] core.topology_builder: 主配接口降级（非错）: 无法从LINE_NAME=10kVLINE016解析出主网站映射
2026-09-06 23:39:11 [DEBUG] core.topology_builder: 主配接口降级（非错）: 无法从LINE_NAME=10kVLINE134解析出主网站映射
2026-09-06 23:39:11 [DEBUG] core.topology_builder: 主配接口降级（非错）: 无法从LINE_NAME=10kVLINE043解析出主网站映射
2026-09-06 23:39:11 [DEBUG] core.topology_builder: 主配接口降级（非错）: 无法从LINE_NAME=10kVLINE050解析出主网站映射
2026-09-06 23:39:11 [DEBUG] core.topology_builder: 主配接口降级（非错）: 无法从LINE_NAME=10kVLINE054解析出主网站映射
2026-09-06 23:39:11 [DEBUG] core.topology_builder: 主配接口降级（非错）: 无法从LINE_NAME=10kVLINE040解析出主网站映射
2026-09-06 23:39:11 [DEBUG] core.topology_builder: 主配接口降级（非错）: 无法从LINE_NAME=10kVLINE021解析出主网站映射
2026-09-06 23:39:11 [DEBUG] core.topology_builder: 主配接口降级（非错）: 无法从LINE_NAME=10kVLINE023解析出主网站映射
2026-09-06 23:39:11 [DEBUG] core.topology_builder: 主配接口降级（非错）: 无法从LINE_NAME=10kVLINE020解析出主网站映射
2026-09-06 23:39:11 [DEBUG] core.topology_builder: 主配接口降级（非错）: 无法从LINE_NAME=10kVLINE135解析出主网站映射
2026-09-06 23:39:11 [DEBUG] core.topology_builder: 主配接口降级（非错）: 无法从LINE_NAME=10kVLINE136解析出主网站映射
2026-09-06 23:39:11 [DEBUG] core.topology_builder: 主配接口降级（非错）: 无法从LINE_NAME=10kVLINE097解析出主网站映射
2026-09-06 23:39:11 [DEBUG] core.topology_builder: 主配接口降级（非错）: 无法从LINE_NAME=10kVLINE096解析出主网站映射
2026-09-06 23:39:11 [DEBUG] core.topology_builder: 主配接口降级（非错）: 无法从LINE_NAME=10kVLINE137解析出主网站映射
2026-09-06 23:39:11 [DEBUG] core.topology_builder: 主配接口降级（非错）: 无法从LINE_NAME=10kVLINE138解析出主网站映射
2026-09-06 23:39:11 [DEBUG] core.topology_builder: 主配接口降级（非错）: 无法从LINE_NAME=10kVLINE139解析出主网站映射
2026-09-06 23:39:11 [DEBUG] core.topology_builder: 主配接口降级（非错）: 无法从LINE_NAME=10kVLINE140解析出主网站映射
2026-09-06 23:39:11 [DEBUG] core.topology_builder: 主配接口降级（非错）: 无法从LINE_NAME=10kVLINE141解析出主网站映射
2026-09-06 23:39:11 [DEBUG] core.topology_builder: 主配接口降级（非错）: 无法从LINE_NAME=10kVLINE049解析出主网站映射
2026-09-06 23:39:11 [DEBUG] core.topology_builder: 主配接口降级（非错）: 无法从LINE_NAME=10kVLINE142解析出主网站映射
2026-09-06 23:39:11 [DEBUG] core.topology_builder: 主配接口降级（非错）: 无法从LINE_NAME=10kVLINE042解析出主网站映射
2026-09-06 23:39:11 [DEBUG] core.topology_builder: 主配接口降级（非错）: 无法从LINE_NAME=10kVLINE056解析出主网站映射
2026-09-06 23:39:11 [DEBUG] core.topology_builder: 主配接口降级（非错）: 无法从LINE_NAME=10kVLINE143解析出主网站映射
2026-09-06 23:39:11 [DEBUG] core.topology_builder: 主配接口降级（非错）: 无法从LINE_NAME=10kVLINE144解析出主网站映射
2026-09-06 23:39:11 [DEBUG] core.topology_builder: 主配接口降级（非错）: 无法从LINE_NAME=10kVLINE070解析出主网站映射
2026-09-06 23:39:11 [DEBUG] core.topology_builder: 主配接口降级（非错）: 无法从LINE_NAME=10kVLINE069解析出主网站映射
2026-09-06 23:39:11 [DEBUG] core.topology_builder: 主配接口降级（非错）: 无法从LINE_NAME=10kVLINE145解析出主网站映射
2026-09-06 23:39:11 [DEBUG] core.topology_builder: 主配接口降级（非错）: 无法从LINE_NAME=10kVLINE146解析出主网站映射
2026-09-06 23:39:11 [DEBUG] core.topology_builder: 主配接口降级（非错）: 无法从LINE_NAME=10kVLINE147解析出主网站映射
2026-09-06 23:39:11 [DEBUG] core.topology_builder: 主配接口降级（非错）: 无法从LINE_NAME=10kVLINE148解析出主网站映射
2026-09-06 23:39:11 [DEBUG] core.topology_builder: 主配接口降级（非错）: 无法从LINE_NAME=10kVLINE025解析出主网站映射
2026-09-06 23:39:11 [DEBUG] core.topology_builder: 主配接口降级（非错）: 无法从LINE_NAME=20kVLINE149解析出主网站映射
2026-09-06 23:39:11 [DEBUG] core.topology_builder: 主配接口降级（非错）: 无法从LINE_NAME=10kVLINE083解析出主网站映射
2026-09-06 23:39:11 [DEBUG] core.topology_builder: 主配接口降级（非错）: 无法从LINE_NAME=20kVLINE150解析出主网站映射
2026-09-06 23:39:11 [DEBUG] core.topology_builder: 主配接口降级（非错）: 无法从LINE_NAME=20kVLINE151解析出主网站映射
2026-09-06 23:39:11 [DEBUG] core.topology_builder: 主配接口降级（非错）: 无法从LINE_NAME=20kVLINE152解析出主网站映射
2026-09-06 23:39:11 [DEBUG] core.topology_builder: 主配接口降级（非错）: 无法从LINE_NAME=10kVLINE046解析出主网站映射
2026-09-06 23:39:11 [DEBUG] core.topology_builder: 主配接口降级（非错）: 无法从LINE_NAME=10kVLINE045解析出主网站映射
2026-09-06 23:39:11 [DEBUG] core.topology_builder: 主配接口降级（非错）: 无法从LINE_NAME=10kVLINE153解析出主网站映射
2026-09-06 23:39:11 [DEBUG] core.topology_builder: 主配接口降级（非错）: 无法从LINE_NAME=10kVLINE154解析出主网站映射
2026-09-06 23:39:11 [DEBUG] core.topology_builder: 主配接口降级（非错）: 无法从LINE_NAME=10kVLINE155解析出主网站映射
2026-09-06 23:39:11 [DEBUG] core.topology_builder: 主配接口降级（非错）: 无法从LINE_NAME=10kVLINE156解析出主网站映射
2026-09-06 23:39:11 [DEBUG] core.topology_builder: 主配接口降级（非错）: 无法从LINE_NAME=10kVLINE058解析出主网站映射
2026-09-06 23:39:11 [DEBUG] core.topology_builder: 主配接口降级（非错）: 无法从LINE_NAME=10kVLINE059解析出主网站映射
2026-09-06 23:39:11 [DEBUG] core.topology_builder: 主配接口降级（非错）: 无法从LINE_NAME=10kVLINE157解析出主网站映射
2026-09-06 23:39:11 [DEBUG] core.topology_builder: 主配接口降级（非错）: 无法从LINE_NAME=10kVLINE088解析出主网站映射
2026-09-06 23:39:11 [DEBUG] core.topology_builder: 主配接口降级（非错）: 无法从LINE_NAME=10kVLINE121_185解析出主网站映射
2026-09-06 23:39:11 [DEBUG] core.topology_builder: 主配接口降级（非错）: 无法从LINE_NAME=10kVLINE081解析出主网站映射
2026-09-06 23:39:11 [DEBUG] core.topology_builder: 主配接口降级（非错）: 无法从LINE_NAME=10kVLINE158解析出主网站映射
2026-09-06 23:39:11 [DEBUG] core.topology_builder: 主配接口降级（非错）: 无法从LINE_NAME=10kVLINE159解析出主网站映射
2026-09-06 23:39:11 [DEBUG] core.topology_builder: 主配接口降级（非错）: 无法从LINE_NAME=10kVLINE160解析出主网站映射
2026-09-06 23:39:11 [DEBUG] core.topology_builder: 主配接口降级（非错）: 无法从LINE_NAME=10kVLINE161解析出主网站映射
2026-09-06 23:39:11 [DEBUG] core.topology_builder: 主配接口降级（非错）: 无法从LINE_NAME=10kVLINE162解析出主网站映射
2026-09-06 23:39:11 [DEBUG] core.topology_builder: 主配接口降级（非错）: 无法从LINE_NAME=10kVLINE163解析出主网站映射
2026-09-06 23:39:11 [DEBUG] core.topology_builder: 主配接口降级（非错）: 无法从LINE_NAME=10kVLINE164解析出主网站映射
2026-09-06 23:39:11 [DEBUG] core.topology_builder: 主配接口降级（非错）: 无法从LINE_NAME=10kVLINE165解析出主网站映射
2026-09-06 23:39:11 [DEBUG] core.topology_builder: 主配接口降级（非错）: 无法从LINE_NAME=10kVLINE166解析出主网站映射
2026-09-06 23:39:11 [DEBUG] core.topology_builder: 主配接口降级（非错）: 无法从LINE_NAME=10kVLINE167解析出主网站映射
2026-09-06 23:39:11 [DEBUG] core.topology_builder: 主配接口降级（非错）: 无法从LINE_NAME=10kVLINE168解析出主网站映射
2026-09-06 23:39:11 [DEBUG] core.topology_builder: 主配接口降级（非错）: 无法从LINE_NAME=10kVLINE014解析出主网站映射
2026-09-06 23:39:11 [DEBUG] core.topology_builder: 主配接口降级（非错）: 无法从LINE_NAME=10kVLINE169解析出主网站映射
2026-09-06 23:39:11 [DEBUG] core.topology_builder: 主配接口降级（非错）: 无法从LINE_NAME=10kVLINE170解析出主网站映射
2026-09-06 23:39:11 [DEBUG] core.topology_builder: 主配接口降级（非错）: 无法从LINE_NAME=10kVLINE171解析出主网站映射
2026-09-06 23:39:11 [DEBUG] core.topology_builder: 主配接口降级（非错）: 无法从LINE_NAME=10kVLINE172解析出主网站映射
2026-09-06 23:39:11 [DEBUG] core.topology_builder: 主配接口降级（非错）: 无法从LINE_NAME=10kVLINE173解析出主网站映射
2026-09-06 23:39:11 [DEBUG] core.topology_builder: 主配接口降级（非错）: 无法从LINE_NAME=10kVLINE174解析出主网站映射
2026-09-06 23:39:11 [DEBUG] core.topology_builder: 主配接口降级（非错）: 无法从LINE_NAME=10kVLINE175解析出主网站映射
2026-09-06 23:39:11 [DEBUG] core.topology_builder: 主配接口降级（非错）: 无法从LINE_NAME=10kVLINE176解析出主网站映射
2026-09-06 23:39:11 [DEBUG] core.topology_builder: 主配接口降级（非错）: 无法从LINE_NAME=10kVLINE177解析出主网站映射
2026-09-06 23:39:11 [DEBUG] core.topology_builder: 主配接口降级（非错）: 无法从LINE_NAME=10kVLINE044解析出主网站映射
2026-09-06 23:39:11 [DEBUG] core.topology_builder: 主配接口降级（非错）: 无法从LINE_NAME=10kVLINE178解析出主网站映射
2026-09-06 23:39:11 [DEBUG] core.topology_builder: 主配接口降级（非错）: 无法从LINE_NAME=10kVLINE179解析出主网站映射
2026-09-06 23:39:11 [DEBUG] core.topology_builder: 主配接口降级（非错）: 无法从LINE_NAME=10kVLINE180解析出主网站映射
2026-09-06 23:39:11 [DEBUG] core.topology_builder: 主配接口降级（非错）: 无法从LINE_NAME=20kVLINE181解析出主网站映射
2026-09-06 23:39:11 [DEBUG] core.topology_builder: 主配接口降级（非错）: 无法从LINE_NAME=10kVLINE182解析出主网站映射
2026-09-06 23:39:11 [DEBUG] core.topology_builder: 主配接口降级（非错）: 无法从LINE_NAME=10kVLINE183解析出主网站映射
2026-09-06 23:39:11 [DEBUG] core.topology_builder: 主配接口降级（非错）: 无法从LINE_NAME=10kVLINE184解析出主网站映射
2026-09-06 23:39:11 [DEBUG] core.topology_builder: 主配接口降级（非错）: 无法从LINE_NAME=10kVLINE186解析出主网站映射
2026-09-06 23:39:11 [DEBUG] core.topology_builder: 主配接口降级（非错）: 无法从LINE_NAME=10kVLINE187解析出主网站映射
2026-09-06 23:39:11 [DEBUG] core.topology_builder: 主配接口降级（非错）: 无法从LINE_NAME=10kVLINE188解析出主网站映射
2026-09-06 23:39:11 [DEBUG] core.topology_builder: 主配接口降级（非错）: 无法从LINE_NAME=10kVLINE189解析出主网站映射
2026-09-06 23:39:11 [DEBUG] core.topology_builder: 主配接口降级（非错）: 无法从LINE_NAME=10kVLINE190解析出主网站映射
2026-09-06 23:39:11 [DEBUG] core.topology_builder: 主配接口降级（非错）: 无法从LINE_NAME=10kVLINE191解析出主网站映射
2026-09-06 23:39:11 [DEBUG] core.topology_builder: 主配接口降级（非错）: 无法从LINE_NAME=10kVLINE192解析出主网站映射
2026-09-06 23:39:11 [DEBUG] core.topology_builder: 主配接口降级（非错）: 无法从LINE_NAME=10kVLINE193解析出主网站映射
2026-09-06 23:39:11 [DEBUG] core.topology_builder: 主配接口降级（非错）: 无法从LINE_NAME=10kVLINE194解析出主网站映射
2026-09-06 23:39:11 [DEBUG] core.topology_builder: 主配接口降级（非错）: 无法从LINE_NAME=10kVLINE195解析出主网站映射
2026-09-06 23:39:11 [DEBUG] core.topology_builder: 主配接口降级（非错）: 无法从LINE_NAME=10kVLINE196解析出主网站映射
2026-09-06 23:39:11 [DEBUG] core.topology_builder: 主配接口降级（非错）: 无法从LINE_NAME=10kVLINE197解析出主网站映射
2026-09-06 23:39:11 [DEBUG] core.topology_builder: 主配接口降级（非错）: 无法从LINE_NAME=10kVLINE198解析出主网站映射
2026-09-06 23:39:11 [DEBUG] core.topology_builder: 主配接口降级（非错）: 无法从LINE_NAME=10kVLINE199解析出主网站映射
2026-09-06 23:39:11 [DEBUG] core.topology_builder: 主配接口降级（非错）: 无法从LINE_NAME=10kVLINE063解析出主网站映射
2026-09-06 23:39:11 [DEBUG] core.topology_builder: 主配接口降级（非错）: 无法从LINE_NAME=10kVLINE200解析出主网站映射
2026-09-06 23:39:11 [DEBUG] core.topology_builder: 主配接口降级（非错）: 无法从LINE_NAME=10kVLINE201解析出主网站映射
2026-09-06 23:39:11 [DEBUG] core.topology_builder: 主配接口降级（非错）: 无法从LINE_NAME=10kVLINE202解析出主网站映射
2026-09-06 23:39:11 [DEBUG] core.topology_builder: 主配接口降级（非错）: 无法从LINE_NAME=10kVLINE203解析出主网站映射
2026-09-06 23:39:11 [DEBUG] core.topology_builder: 主配接口降级（非错）: 无法从LINE_NAME=10kVLINE204解析出主网站映射
2026-09-06 23:39:11 [DEBUG] core.topology_builder: 主配接口降级（非错）: 无法从LINE_NAME=10kVLINE205解析出主网站映射
2026-09-06 23:39:11 [DEBUG] core.topology_builder: 主配接口降级（非错）: 无法从LINE_NAME=10kVLINE051解析出主网站映射
2026-09-06 23:39:11 [DEBUG] core.topology_builder: 主配接口降级（非错）: 无法从LINE_NAME=10kVLINE187解析出主网站映射
2026-09-06 23:39:11 [DEBUG] core.topology_builder: 主配接口降级（非错）: 无法从LINE_NAME=10kVLINE207解析出主网站映射
2026-09-06 23:39:11 [DEBUG] core.topology_builder: 主配接口降级（非错）: 无法从LINE_NAME=10kVLINE208解析出主网站映射
2026-09-06 23:39:11 [DEBUG] core.topology_builder: 主配接口降级（非错）: 无法从LINE_NAME=10kVLINE209解析出主网站映射
2026-09-06 23:39:11 [DEBUG] core.topology_builder: 主配接口降级（非错）: 无法从LINE_NAME=10kVLINE210解析出主网站映射
2026-09-06 23:39:11 [DEBUG] core.topology_builder: 主配接口降级（非错）: 无法从LINE_NAME=10kVLINE212解析出主网站映射
2026-09-06 23:39:11 [DEBUG] core.topology_builder: 主配接口降级（非错）: 无法从LINE_NAME=10kVLINE213解析出主网站映射
2026-09-06 23:39:11 [DEBUG] core.topology_builder: 主配接口降级（非错）: 无法从LINE_NAME=LINE215解析出主网站映射
2026-09-06 23:39:11 [DEBUG] core.topology_builder: 主配接口降级（非错）: 无法从LINE_NAME=LINE216解析出主网站映射
2026-09-06 23:39:11 [INFO] core.topology_builder: 主配接口校验：通过=184 失败=5
2026-09-06 23:39:11 [INFO] core.topology_builder: [主配接口校验] 4.1/4.2 命中缺陷: 5
2026-09-06 23:39:11 [INFO] core.topology_builder: [电气逻辑校验] RULE-E01~E07 命中:4458
2026-09-06 23:39:11 [INFO] core.topology_builder: 开始执行拓扑异常检测：悬空、孤岛、断点
2026-09-06 23:39:17 [INFO] core.topology_builder: 主网异常数量：0，断点数量：0
2026-09-06 23:39:17 [INFO] core.topology_builder: 配网异常数量：726，断点数量：418
2026-09-06 23:39:28 [DEBUG] core.topology_builder: 主配接口降级（非错）: 无法从LINE_NAME=10kVLINE098解析出主网站映射
2026-09-06 23:39:28 [DEBUG] core.topology_builder: 主配接口降级（非错）: 无法从LINE_NAME=10kVLINE060解析出主网站映射
2026-09-06 23:39:28 [DEBUG] core.topology_builder: 主配接口降级（非错）: 无法从LINE_NAME=10kVLINE004解析出主网站映射
2026-09-06 23:39:28 [DEBUG] core.topology_builder: 主配接口降级（非错）: 无法从LINE_NAME=10kVLINE082解析出主网站映射
2026-09-06 23:39:28 [DEBUG] core.topology_builder: 主配接口降级（非错）: 无法从LINE_NAME=10kVLINE018解析出主网站映射
2026-09-06 23:39:28 [DEBUG] core.topology_builder: 主配接口降级（非错）: 无法从LINE_NAME=10kVLINE074解析出主网站映射
2026-09-06 23:39:28 [DEBUG] core.topology_builder: 主配接口降级（非错）: 无法从LINE_NAME=10kVLINE099解析出主网站映射
2026-09-06 23:39:28 [DEBUG] core.topology_builder: 主配接口降级（非错）: 无法从LINE_NAME=10kVLINE041解析出主网站映射
2026-09-06 23:39:28 [DEBUG] core.topology_builder: 主配接口降级（非错）: 无法从LINE_NAME=10kVLINE086解析出主网站映射
2026-09-06 23:39:28 [DEBUG] core.topology_builder: 主配接口降级（非错）: 无法从LINE_NAME=10kVLINE073解析出主网站映射
2026-09-06 23:39:28 [DEBUG] core.topology_builder: 主配接口降级（非错）: 无法从LINE_NAME=10kVLINE033解析出主网站映射
2026-09-06 23:39:28 [DEBUG] core.topology_builder: 主配接口降级（非错）: 无法从LINE_NAME=10kVLINE091解析出主网站映射
2026-09-06 23:39:28 [DEBUG] core.topology_builder: 主配接口降级（非错）: 无法从LINE_NAME=10kVLINE100解析出主网站映射
2026-09-06 23:39:28 [DEBUG] core.topology_builder: 主配接口降级（非错）: 无法从LINE_NAME=10kVLINE013解析出主网站映射
2026-09-06 23:39:28 [DEBUG] core.topology_builder: 主配接口降级（非错）: 无法从LINE_NAME=10kVLINE101解析出主网站映射
2026-09-06 23:39:28 [DEBUG] core.topology_builder: 主配接口降级（非错）: 无法从LINE_NAME=10kVLINE035解析出主网站映射
2026-09-06 23:39:28 [DEBUG] core.topology_builder: 主配接口降级（非错）: 无法从LINE_NAME=10kVLINE102解析出主网站映射
2026-09-06 23:39:28 [DEBUG] core.topology_builder: 主配接口降级（非错）: 无法从LINE_NAME=10kVLINE103解析出主网站映射
2026-09-06 23:39:28 [DEBUG] core.topology_builder: 主配接口降级（非错）: 无法从LINE_NAME=10kVLINE055解析出主网站映射
2026-09-06 23:39:28 [DEBUG] core.topology_builder: 主配接口降级（非错）: 无法从LINE_NAME=10kVLINE024解析出主网站映射
2026-09-06 23:39:28 [DEBUG] core.topology_builder: 主配接口降级（非错）: 无法从LINE_NAME=10kVLINE084解析出主网站映射
2026-09-06 23:39:28 [DEBUG] core.topology_builder: 主配接口降级（非错）: 无法从LINE_NAME=10kVLINE087解析出主网站映射
2026-09-06 23:39:28 [DEBUG] core.topology_builder: 主配接口降级（非错）: 无法从LINE_NAME=20kVLINE104解析出主网站映射
2026-09-06 23:39:28 [DEBUG] core.topology_builder: 主配接口降级（非错）: 无法从LINE_NAME=10kVLINE012解析出主网站映射
2026-09-06 23:39:28 [DEBUG] core.topology_builder: 主配接口降级（非错）: 无法从LINE_NAME=10kVLINE105解析出主网站映射
2026-09-06 23:39:28 [DEBUG] core.topology_builder: 主配接口降级（非错）: 无法从LINE_NAME=10kVLINE106解析出主网站映射
2026-09-06 23:39:28 [DEBUG] core.topology_builder: 主配接口降级（非错）: 无法从LINE_NAME=10kVLINE094解析出主网站映射
2026-09-06 23:39:28 [DEBUG] core.topology_builder: 主配接口降级（非错）: 无法从LINE_NAME=10kVLINE107解析出主网站映射
2026-09-06 23:39:28 [DEBUG] core.topology_builder: 主配接口降级（非错）: 无法从LINE_NAME=10kVLINE053解析出主网站映射
2026-09-06 23:39:28 [DEBUG] core.topology_builder: 主配接口降级（非错）: 无法从LINE_NAME=20kVLINE108解析出主网站映射
2026-09-06 23:39:28 [DEBUG] core.topology_builder: 主配接口降级（非错）: 无法从LINE_NAME=20kVLINE109解析出主网站映射
2026-09-06 23:39:28 [DEBUG] core.topology_builder: 主配接口降级（非错）: 无法从LINE_NAME=10kVLINE110解析出主网站映射
2026-09-06 23:39:28 [DEBUG] core.topology_builder: 主配接口降级（非错）: 无法从LINE_NAME=10kVLINE111解析出主网站映射
2026-09-06 23:39:28 [DEBUG] core.topology_builder: 主配接口降级（非错）: 无法从LINE_NAME=10kVLINE112解析出主网站映射
2026-09-06 23:39:28 [DEBUG] core.topology_builder: 主配接口降级（非错）: 无法从LINE_NAME=20kVLINE113解析出主网站映射
2026-09-06 23:39:28 [DEBUG] core.topology_builder: 主配接口降级（非错）: 无法从LINE_NAME=10kVLINE026解析出主网站映射
2026-09-06 23:39:28 [DEBUG] core.topology_builder: 主配接口降级（非错）: 无法从LINE_NAME=10kVLINE048解析出主网站映射
2026-09-06 23:39:28 [DEBUG] core.topology_builder: 主配接口降级（非错）: 无法从LINE_NAME=10kVLINE003解析出主网站映射
2026-09-06 23:39:28 [DEBUG] core.topology_builder: 主配接口降级（非错）: 无法从LINE_NAME=10kVLINE057解析出主网站映射
2026-09-06 23:39:28 [DEBUG] core.topology_builder: 主配接口降级（非错）: 无法从LINE_NAME=10kVLINE077解析出主网站映射
2026-09-06 23:39:28 [DEBUG] core.topology_builder: 主配接口降级（非错）: 无法从LINE_NAME=10kVLINE114解析出主网站映射
2026-09-06 23:39:28 [DEBUG] core.topology_builder: 主配接口降级（非错）: 无法从LINE_NAME=10kVLINE027解析出主网站映射
2026-09-06 23:39:28 [DEBUG] core.topology_builder: 主配接口降级（非错）: 无法从LINE_NAME=10kVLINE115解析出主网站映射
2026-09-06 23:39:28 [DEBUG] core.topology_builder: 主配接口降级（非错）: 无法从LINE_NAME=10kVLINE116解析出主网站映射
2026-09-06 23:39:28 [DEBUG] core.topology_builder: 主配接口降级（非错）: 无法从LINE_NAME=10kVLINE117解析出主网站映射
2026-09-06 23:39:28 [DEBUG] core.topology_builder: 主配接口降级（非错）: 无法从LINE_NAME=10kVLINE118解析出主网站映射
2026-09-06 23:39:28 [DEBUG] core.topology_builder: 主配接口降级（非错）: 无法从LINE_NAME=10kVLINE038解析出主网站映射
2026-09-06 23:39:28 [DEBUG] core.topology_builder: 主配接口降级（非错）: 无法从LINE_NAME=10kVLINE119解析出主网站映射
2026-09-06 23:39:28 [DEBUG] core.topology_builder: 主配接口降级（非错）: 无法从LINE_NAME=20kVLINE120解析出主网站映射
2026-09-06 23:39:28 [DEBUG] core.topology_builder: 主配接口降级（非错）: 无法从LINE_NAME=10kVLINE121_195解析出主网站映射
2026-09-06 23:39:28 [DEBUG] core.topology_builder: 主配接口降级（非错）: 无法从LINE_NAME=10kVLINE076解析出主网站映射
2026-09-06 23:39:28 [DEBUG] core.topology_builder: 主配接口降级（非错）: 无法从LINE_NAME=10kVLINE093解析出主网站映射
2026-09-06 23:39:28 [DEBUG] core.topology_builder: 主配接口降级（非错）: 无法从LINE_NAME=20kVLINE122解析出主网站映射
2026-09-06 23:39:28 [DEBUG] core.topology_builder: 主配接口降级（非错）: 无法从LINE_NAME=10kVLINE123解析出主网站映射
2026-09-06 23:39:28 [DEBUG] core.topology_builder: 主配接口降级（非错）: 无法从LINE_NAME=10kVLINE039解析出主网站映射
2026-09-06 23:39:28 [DEBUG] core.topology_builder: 主配接口降级（非错）: 无法从LINE_NAME=10kVLINE124解析出主网站映射
2026-09-06 23:39:28 [DEBUG] core.topology_builder: 主配接口降级（非错）: 无法从LINE_NAME=10kVLINE125解析出主网站映射
2026-09-06 23:39:28 [DEBUG] core.topology_builder: 主配接口降级（非错）: 无法从LINE_NAME=10kVLINE126解析出主网站映射
2026-09-06 23:39:28 [DEBUG] core.topology_builder: 主配接口降级（非错）: 无法从LINE_NAME=10kVLINE127解析出主网站映射
2026-09-06 23:39:28 [DEBUG] core.topology_builder: 主配接口降级（非错）: 无法从LINE_NAME=10kVLINE089解析出主网站映射
2026-09-06 23:39:28 [DEBUG] core.topology_builder: 主配接口降级（非错）: 无法从LINE_NAME=10kVLINE090解析出主网站映射
2026-09-06 23:39:28 [DEBUG] core.topology_builder: 主配接口降级（非错）: 无法从LINE_NAME=10kVLINE128解析出主网站映射
2026-09-06 23:39:28 [DEBUG] core.topology_builder: 主配接口降级（非错）: 无法从LINE_NAME=10kVLINE037解析出主网站映射
2026-09-06 23:39:28 [DEBUG] core.topology_builder: 主配接口降级（非错）: 无法从LINE_NAME=10kVLINE071解析出主网站映射
2026-09-06 23:39:28 [DEBUG] core.topology_builder: 主配接口降级（非错）: 无法从LINE_NAME=10kVLINE129解析出主网站映射
2026-09-06 23:39:28 [DEBUG] core.topology_builder: 主配接口降级（非错）: 无法从LINE_NAME=10kVLINE009解析出主网站映射
2026-09-06 23:39:28 [DEBUG] core.topology_builder: 主配接口降级（非错）: 无法从LINE_NAME=10kVLINE022解析出主网站映射
2026-09-06 23:39:28 [DEBUG] core.topology_builder: 主配接口降级（非错）: 无法从LINE_NAME=10kVLINE028解析出主网站映射
2026-09-06 23:39:28 [DEBUG] core.topology_builder: 主配接口降级（非错）: 无法从LINE_NAME=10kVLINE019解析出主网站映射
2026-09-06 23:39:28 [DEBUG] core.topology_builder: 主配接口降级（非错）: 无法从LINE_NAME=10kVLINE015解析出主网站映射
2026-09-06 23:39:28 [DEBUG] core.topology_builder: 主配接口降级（非错）: 无法从LINE_NAME=10kVLINE130解析出主网站映射
2026-09-06 23:39:28 [DEBUG] core.topology_builder: 主配接口降级（非错）: 无法从LINE_NAME=10kVLINE131解析出主网站映射
2026-09-06 23:39:28 [DEBUG] core.topology_builder: 主配接口降级（非错）: 无法从LINE_NAME=10kVLINE132解析出主网站映射
2026-09-06 23:39:28 [DEBUG] core.topology_builder: 主配接口降级（非错）: 无法从LINE_NAME=10kVLINE061解析出主网站映射
2026-09-06 23:39:28 [DEBUG] core.topology_builder: 主配接口降级（非错）: 无法从LINE_NAME=10kVLINE133解析出主网站映射
2026-09-06 23:39:28 [DEBUG] core.topology_builder: 主配接口降级（非错）: 无法从LINE_NAME=10kVLINE075解析出主网站映射
2026-09-06 23:39:28 [DEBUG] core.topology_builder: 主配接口降级（非错）: 无法从LINE_NAME=10kVLINE016解析出主网站映射
2026-09-06 23:39:28 [DEBUG] core.topology_builder: 主配接口降级（非错）: 无法从LINE_NAME=10kVLINE134解析出主网站映射
2026-09-06 23:39:28 [DEBUG] core.topology_builder: 主配接口降级（非错）: 无法从LINE_NAME=10kVLINE043解析出主网站映射
2026-09-06 23:39:28 [DEBUG] core.topology_builder: 主配接口降级（非错）: 无法从LINE_NAME=10kVLINE050解析出主网站映射
2026-09-06 23:39:28 [DEBUG] core.topology_builder: 主配接口降级（非错）: 无法从LINE_NAME=10kVLINE054解析出主网站映射
2026-09-06 23:39:28 [DEBUG] core.topology_builder: 主配接口降级（非错）: 无法从LINE_NAME=10kVLINE040解析出主网站映射
2026-09-06 23:39:28 [DEBUG] core.topology_builder: 主配接口降级（非错）: 无法从LINE_NAME=10kVLINE021解析出主网站映射
2026-09-06 23:39:28 [DEBUG] core.topology_builder: 主配接口降级（非错）: 无法从LINE_NAME=10kVLINE023解析出主网站映射
2026-09-06 23:39:28 [DEBUG] core.topology_builder: 主配接口降级（非错）: 无法从LINE_NAME=10kVLINE020解析出主网站映射
2026-09-06 23:39:28 [DEBUG] core.topology_builder: 主配接口降级（非错）: 无法从LINE_NAME=10kVLINE135解析出主网站映射
2026-09-06 23:39:28 [DEBUG] core.topology_builder: 主配接口降级（非错）: 无法从LINE_NAME=10kVLINE136解析出主网站映射
2026-09-06 23:39:28 [DEBUG] core.topology_builder: 主配接口降级（非错）: 无法从LINE_NAME=10kVLINE097解析出主网站映射
2026-09-06 23:39:28 [DEBUG] core.topology_builder: 主配接口降级（非错）: 无法从LINE_NAME=10kVLINE096解析出主网站映射
2026-09-06 23:39:28 [DEBUG] core.topology_builder: 主配接口降级（非错）: 无法从LINE_NAME=10kVLINE137解析出主网站映射
2026-09-06 23:39:28 [DEBUG] core.topology_builder: 主配接口降级（非错）: 无法从LINE_NAME=10kVLINE138解析出主网站映射
2026-09-06 23:39:28 [DEBUG] core.topology_builder: 主配接口降级（非错）: 无法从LINE_NAME=10kVLINE139解析出主网站映射
2026-09-06 23:39:28 [DEBUG] core.topology_builder: 主配接口降级（非错）: 无法从LINE_NAME=10kVLINE140解析出主网站映射
2026-09-06 23:39:28 [DEBUG] core.topology_builder: 主配接口降级（非错）: 无法从LINE_NAME=10kVLINE141解析出主网站映射
2026-09-06 23:39:28 [DEBUG] core.topology_builder: 主配接口降级（非错）: 无法从LINE_NAME=10kVLINE049解析出主网站映射
2026-09-06 23:39:28 [DEBUG] core.topology_builder: 主配接口降级（非错）: 无法从LINE_NAME=10kVLINE142解析出主网站映射
2026-09-06 23:39:28 [DEBUG] core.topology_builder: 主配接口降级（非错）: 无法从LINE_NAME=10kVLINE042解析出主网站映射
2026-09-06 23:39:28 [DEBUG] core.topology_builder: 主配接口降级（非错）: 无法从LINE_NAME=10kVLINE056解析出主网站映射
2026-09-06 23:39:28 [DEBUG] core.topology_builder: 主配接口降级（非错）: 无法从LINE_NAME=10kVLINE143解析出主网站映射
2026-09-06 23:39:28 [DEBUG] core.topology_builder: 主配接口降级（非错）: 无法从LINE_NAME=10kVLINE144解析出主网站映射
2026-09-06 23:39:28 [DEBUG] core.topology_builder: 主配接口降级（非错）: 无法从LINE_NAME=10kVLINE070解析出主网站映射
2026-09-06 23:39:28 [DEBUG] core.topology_builder: 主配接口降级（非错）: 无法从LINE_NAME=10kVLINE069解析出主网站映射
2026-09-06 23:39:28 [DEBUG] core.topology_builder: 主配接口降级（非错）: 无法从LINE_NAME=10kVLINE145解析出主网站映射
2026-09-06 23:39:28 [DEBUG] core.topology_builder: 主配接口降级（非错）: 无法从LINE_NAME=10kVLINE146解析出主网站映射
2026-09-06 23:39:28 [DEBUG] core.topology_builder: 主配接口降级（非错）: 无法从LINE_NAME=10kVLINE147解析出主网站映射
2026-09-06 23:39:28 [DEBUG] core.topology_builder: 主配接口降级（非错）: 无法从LINE_NAME=10kVLINE148解析出主网站映射
2026-09-06 23:39:28 [DEBUG] core.topology_builder: 主配接口降级（非错）: 无法从LINE_NAME=10kVLINE025解析出主网站映射
2026-09-06 23:39:28 [DEBUG] core.topology_builder: 主配接口降级（非错）: 无法从LINE_NAME=20kVLINE149解析出主网站映射
2026-09-06 23:39:28 [DEBUG] core.topology_builder: 主配接口降级（非错）: 无法从LINE_NAME=10kVLINE083解析出主网站映射
2026-09-06 23:39:28 [DEBUG] core.topology_builder: 主配接口降级（非错）: 无法从LINE_NAME=20kVLINE150解析出主网站映射
2026-09-06 23:39:28 [DEBUG] core.topology_builder: 主配接口降级（非错）: 无法从LINE_NAME=20kVLINE151解析出主网站映射
2026-09-06 23:39:28 [DEBUG] core.topology_builder: 主配接口降级（非错）: 无法从LINE_NAME=20kVLINE152解析出主网站映射
2026-09-06 23:39:28 [DEBUG] core.topology_builder: 主配接口降级（非错）: 无法从LINE_NAME=10kVLINE046解析出主网站映射
2026-09-06 23:39:28 [DEBUG] core.topology_builder: 主配接口降级（非错）: 无法从LINE_NAME=10kVLINE045解析出主网站映射
2026-09-06 23:39:28 [DEBUG] core.topology_builder: 主配接口降级（非错）: 无法从LINE_NAME=10kVLINE153解析出主网站映射
2026-09-06 23:39:28 [DEBUG] core.topology_builder: 主配接口降级（非错）: 无法从LINE_NAME=10kVLINE154解析出主网站映射
2026-09-06 23:39:28 [DEBUG] core.topology_builder: 主配接口降级（非错）: 无法从LINE_NAME=10kVLINE155解析出主网站映射
2026-09-06 23:39:28 [DEBUG] core.topology_builder: 主配接口降级（非错）: 无法从LINE_NAME=10kVLINE156解析出主网站映射
2026-09-06 23:39:28 [DEBUG] core.topology_builder: 主配接口降级（非错）: 无法从LINE_NAME=10kVLINE058解析出主网站映射
2026-09-06 23:39:28 [DEBUG] core.topology_builder: 主配接口降级（非错）: 无法从LINE_NAME=10kVLINE059解析出主网站映射
2026-09-06 23:39:28 [DEBUG] core.topology_builder: 主配接口降级（非错）: 无法从LINE_NAME=10kVLINE157解析出主网站映射
2026-09-06 23:39:28 [DEBUG] core.topology_builder: 主配接口降级（非错）: 无法从LINE_NAME=10kVLINE088解析出主网站映射
2026-09-06 23:39:28 [DEBUG] core.topology_builder: 主配接口降级（非错）: 无法从LINE_NAME=10kVLINE121_185解析出主网站映射
2026-09-06 23:39:28 [DEBUG] core.topology_builder: 主配接口降级（非错）: 无法从LINE_NAME=10kVLINE081解析出主网站映射
2026-09-06 23:39:28 [DEBUG] core.topology_builder: 主配接口降级（非错）: 无法从LINE_NAME=10kVLINE158解析出主网站映射
2026-09-06 23:39:28 [DEBUG] core.topology_builder: 主配接口降级（非错）: 无法从LINE_NAME=10kVLINE159解析出主网站映射
2026-09-06 23:39:28 [DEBUG] core.topology_builder: 主配接口降级（非错）: 无法从LINE_NAME=10kVLINE160解析出主网站映射
2026-09-06 23:39:28 [DEBUG] core.topology_builder: 主配接口降级（非错）: 无法从LINE_NAME=10kVLINE161解析出主网站映射
2026-09-06 23:39:28 [DEBUG] core.topology_builder: 主配接口降级（非错）: 无法从LINE_NAME=10kVLINE162解析出主网站映射
2026-09-06 23:39:28 [DEBUG] core.topology_builder: 主配接口降级（非错）: 无法从LINE_NAME=10kVLINE163解析出主网站映射
2026-09-06 23:39:28 [DEBUG] core.topology_builder: 主配接口降级（非错）: 无法从LINE_NAME=10kVLINE164解析出主网站映射
2026-09-06 23:39:28 [DEBUG] core.topology_builder: 主配接口降级（非错）: 无法从LINE_NAME=10kVLINE165解析出主网站映射
2026-09-06 23:39:28 [DEBUG] core.topology_builder: 主配接口降级（非错）: 无法从LINE_NAME=10kVLINE166解析出主网站映射
2026-09-06 23:39:28 [DEBUG] core.topology_builder: 主配接口降级（非错）: 无法从LINE_NAME=10kVLINE167解析出主网站映射
2026-09-06 23:39:28 [DEBUG] core.topology_builder: 主配接口降级（非错）: 无法从LINE_NAME=10kVLINE168解析出主网站映射
2026-09-06 23:39:28 [DEBUG] core.topology_builder: 主配接口降级（非错）: 无法从LINE_NAME=10kVLINE014解析出主网站映射
2026-09-06 23:39:28 [DEBUG] core.topology_builder: 主配接口降级（非错）: 无法从LINE_NAME=10kVLINE169解析出主网站映射
2026-09-06 23:39:28 [DEBUG] core.topology_builder: 主配接口降级（非错）: 无法从LINE_NAME=10kVLINE170解析出主网站映射
2026-09-06 23:39:28 [DEBUG] core.topology_builder: 主配接口降级（非错）: 无法从LINE_NAME=10kVLINE171解析出主网站映射
2026-09-06 23:39:28 [DEBUG] core.topology_builder: 主配接口降级（非错）: 无法从LINE_NAME=10kVLINE172解析出主网站映射
2026-09-06 23:39:28 [DEBUG] core.topology_builder: 主配接口降级（非错）: 无法从LINE_NAME=10kVLINE173解析出主网站映射
2026-09-06 23:39:28 [DEBUG] core.topology_builder: 主配接口降级（非错）: 无法从LINE_NAME=10kVLINE174解析出主网站映射
2026-09-06 23:39:28 [DEBUG] core.topology_builder: 主配接口降级（非错）: 无法从LINE_NAME=10kVLINE175解析出主网站映射
2026-09-06 23:39:28 [DEBUG] core.topology_builder: 主配接口降级（非错）: 无法从LINE_NAME=10kVLINE176解析出主网站映射
2026-09-06 23:39:28 [DEBUG] core.topology_builder: 主配接口降级（非错）: 无法从LINE_NAME=10kVLINE177解析出主网站映射
2026-09-06 23:39:28 [DEBUG] core.topology_builder: 主配接口降级（非错）: 无法从LINE_NAME=10kVLINE044解析出主网站映射
2026-09-06 23:39:28 [DEBUG] core.topology_builder: 主配接口降级（非错）: 无法从LINE_NAME=10kVLINE178解析出主网站映射
2026-09-06 23:39:28 [DEBUG] core.topology_builder: 主配接口降级（非错）: 无法从LINE_NAME=10kVLINE179解析出主网站映射
2026-09-06 23:39:28 [DEBUG] core.topology_builder: 主配接口降级（非错）: 无法从LINE_NAME=10kVLINE180解析出主网站映射
2026-09-06 23:39:28 [DEBUG] core.topology_builder: 主配接口降级（非错）: 无法从LINE_NAME=20kVLINE181解析出主网站映射
2026-09-06 23:39:28 [DEBUG] core.topology_builder: 主配接口降级（非错）: 无法从LINE_NAME=10kVLINE182解析出主网站映射
2026-09-06 23:39:28 [DEBUG] core.topology_builder: 主配接口降级（非错）: 无法从LINE_NAME=10kVLINE183解析出主网站映射
2026-09-06 23:39:28 [DEBUG] core.topology_builder: 主配接口降级（非错）: 无法从LINE_NAME=10kVLINE184解析出主网站映射
2026-09-06 23:39:28 [DEBUG] core.topology_builder: 主配接口降级（非错）: 无法从LINE_NAME=10kVLINE186解析出主网站映射
2026-09-06 23:39:28 [DEBUG] core.topology_builder: 主配接口降级（非错）: 无法从LINE_NAME=10kVLINE187解析出主网站映射
2026-09-06 23:39:28 [DEBUG] core.topology_builder: 主配接口降级（非错）: 无法从LINE_NAME=10kVLINE188解析出主网站映射
2026-09-06 23:39:28 [DEBUG] core.topology_builder: 主配接口降级（非错）: 无法从LINE_NAME=10kVLINE189解析出主网站映射
2026-09-06 23:39:28 [DEBUG] core.topology_builder: 主配接口降级（非错）: 无法从LINE_NAME=10kVLINE190解析出主网站映射
2026-09-06 23:39:28 [DEBUG] core.topology_builder: 主配接口降级（非错）: 无法从LINE_NAME=10kVLINE191解析出主网站映射
2026-09-06 23:39:28 [DEBUG] core.topology_builder: 主配接口降级（非错）: 无法从LINE_NAME=10kVLINE192解析出主网站映射
2026-09-06 23:39:28 [DEBUG] core.topology_builder: 主配接口降级（非错）: 无法从LINE_NAME=10kVLINE193解析出主网站映射
2026-09-06 23:39:28 [DEBUG] core.topology_builder: 主配接口降级（非错）: 无法从LINE_NAME=10kVLINE194解析出主网站映射
2026-09-06 23:39:28 [DEBUG] core.topology_builder: 主配接口降级（非错）: 无法从LINE_NAME=10kVLINE195解析出主网站映射
2026-09-06 23:39:28 [DEBUG] core.topology_builder: 主配接口降级（非错）: 无法从LINE_NAME=10kVLINE196解析出主网站映射
2026-09-06 23:39:28 [DEBUG] core.topology_builder: 主配接口降级（非错）: 无法从LINE_NAME=10kVLINE197解析出主网站映射
2026-09-06 23:39:28 [DEBUG] core.topology_builder: 主配接口降级（非错）: 无法从LINE_NAME=10kVLINE198解析出主网站映射
2026-09-06 23:39:28 [DEBUG] core.topology_builder: 主配接口降级（非错）: 无法从LINE_NAME=10kVLINE199解析出主网站映射
2026-09-06 23:39:28 [DEBUG] core.topology_builder: 主配接口降级（非错）: 无法从LINE_NAME=10kVLINE063解析出主网站映射
2026-09-06 23:39:28 [DEBUG] core.topology_builder: 主配接口降级（非错）: 无法从LINE_NAME=10kVLINE200解析出主网站映射
2026-09-06 23:39:28 [DEBUG] core.topology_builder: 主配接口降级（非错）: 无法从LINE_NAME=10kVLINE201解析出主网站映射
2026-09-06 23:39:28 [DEBUG] core.topology_builder: 主配接口降级（非错）: 无法从LINE_NAME=10kVLINE202解析出主网站映射
2026-09-06 23:39:28 [DEBUG] core.topology_builder: 主配接口降级（非错）: 无法从LINE_NAME=10kVLINE203解析出主网站映射
2026-09-06 23:39:28 [DEBUG] core.topology_builder: 主配接口降级（非错）: 无法从LINE_NAME=10kVLINE204解析出主网站映射
2026-09-06 23:39:28 [DEBUG] core.topology_builder: 主配接口降级（非错）: 无法从LINE_NAME=10kVLINE205解析出主网站映射
2026-09-06 23:39:28 [DEBUG] core.topology_builder: 主配接口降级（非错）: 无法从LINE_NAME=10kVLINE051解析出主网站映射
2026-09-06 23:39:28 [DEBUG] core.topology_builder: 主配接口降级（非错）: 无法从LINE_NAME=10kVLINE187解析出主网站映射
2026-09-06 23:39:28 [DEBUG] core.topology_builder: 主配接口降级（非错）: 无法从LINE_NAME=10kVLINE207解析出主网站映射
2026-09-06 23:39:28 [DEBUG] core.topology_builder: 主配接口降级（非错）: 无法从LINE_NAME=10kVLINE208解析出主网站映射
2026-09-06 23:39:28 [DEBUG] core.topology_builder: 主配接口降级（非错）: 无法从LINE_NAME=10kVLINE209解析出主网站映射
2026-09-06 23:39:28 [DEBUG] core.topology_builder: 主配接口降级（非错）: 无法从LINE_NAME=10kVLINE210解析出主网站映射
2026-09-06 23:39:28 [DEBUG] core.topology_builder: 主配接口降级（非错）: 无法从LINE_NAME=10kVLINE212解析出主网站映射
2026-09-06 23:39:28 [DEBUG] core.topology_builder: 主配接口降级（非错）: 无法从LINE_NAME=10kVLINE213解析出主网站映射
2026-09-06 23:39:28 [DEBUG] core.topology_builder: 主配接口降级（非错）: 无法从LINE_NAME=LINE215解析出主网站映射
2026-09-06 23:39:28 [DEBUG] core.topology_builder: 主配接口降级（非错）: 无法从LINE_NAME=LINE216解析出主网站映射
2026-09-06 23:39:28 [INFO] core.topology_builder: 主配接口校验：通过=184 失败=5
2026-09-06 23:39:28 [INFO] core.topology_builder: [主配接口校验] 4.1/4.2 命中缺陷: 5
2026-09-06 23:39:34 [INFO] core.score_engine: 评分结果: 设备=50744 缺陷=5246 扣分=75.00 缺陷率=10.34% 缺陷率扣分=26.69 score_before=0.0 score_after=0.0
2026-09-06 23:41:20 [INFO] core.topology_builder: 主配数据拆分完成：主网设备=1167 配网设备=50744 主网线段=223 配网线段=189 主网站=10 遥信遥测=5829 ZWMEA=442 ZWSIGNAL=1567
2026-09-06 23:41:20 [INFO] core.topology_builder: 主网设备数量：1167
2026-09-06 23:41:20 [INFO] core.topology_builder: 配网设备数量：50744
2026-09-06 23:41:20 [INFO] core.topology_builder: 主网线路(ZLINEEND)数量：223
2026-09-06 23:41:20 [INFO] core.topology_builder: 配网线路(PWFEEDERLINE)数量：189
2026-09-06 23:41:20 [INFO] core.topology_builder: 主网站点(ZWSUBSTATION)数量：10
2026-09-06 23:41:20 [INFO] core.topology_builder: 遥信遥测(PWREAL)记录数：5829
2026-09-06 23:41:20 [INFO] core.topology_builder: 主网遥测(ZWMEA)：442 主网遥信(ZWSIGNAL)：1567
2026-09-06 23:41:20 [INFO] core.topology_builder: [Builder] 正在添加 1167 个主网设备和 50744 个配网设备...
2026-09-06 23:41:20 [INFO] core.topology_builder: 主网电源设备数=47
2026-09-06 23:41:20 [INFO] core.topology_builder: 主网电源设备识别: 47 台
2026-09-06 23:41:21 [DEBUG] core.topology_builder: 已处理 10000 个配网设备
2026-09-06 23:41:22 [DEBUG] core.topology_builder: 已处理 20000 个配网设备
2026-09-06 23:41:23 [DEBUG] core.topology_builder: 已处理 30000 个配网设备
2026-09-06 23:41:24 [DEBUG] core.topology_builder: 已处理 40000 个配网设备
2026-09-06 23:41:26 [DEBUG] core.topology_builder: 已处理 50000 个配网设备
2026-09-06 23:41:26 [INFO] core.topology_builder: 配网电源设备数=17643
2026-09-06 23:41:26 [INFO] core.topology_builder: 配网电源设备识别: 17643 台
2026-09-06 23:41:29 [INFO] core.topology_builder: 主配电源注入（v2-ZWLINEEND映射）: 0 台配网设备接入主网电源
2026-09-06 23:41:29 [INFO] core.topology_builder:   ZWLINEEND 解析出馈线→主网站映射数: 0
2026-09-06 23:41:39 [INFO] core.topology_builder: [Builder] 配网真实端子数量:76354
2026-09-06 23:41:39 [INFO] core.topology_builder: [Builder] 主网真实端子数量:1562
2026-09-06 23:41:47 [INFO] core.topology_builder: [端子建边完成] 配网拓扑边数量：117276
2026-09-06 23:41:47 [INFO] core.topology_builder: [端子建边完成] 主网拓扑边数量：2632
2026-09-06 23:41:55 [INFO] core.measure_preprocess: [MeasurePreprocess] 遥信实测开关数量：6666
2026-09-06 23:41:55 [INFO] core.measure_preprocess: [MeasurePreprocess] 默认合位开关数量：10942
2026-09-06 23:41:55 [INFO] core.topology_builder: [遥信预处理统计] 总开关状态映射条目:17608 实际挂载到设备:16592
2026-09-06 23:41:55 [INFO] core.topology_builder: 遥信实测开关:6666，赛题默认合位推演开关:10942
2026-09-06 23:42:07 [DEBUG] core.topology_builder: 主配接口降级（非错）: 无法从LINE_NAME=10kVLINE098解析出主网站映射
2026-09-06 23:42:07 [DEBUG] core.topology_builder: 主配接口降级（非错）: 无法从LINE_NAME=10kVLINE060解析出主网站映射
2026-09-06 23:42:07 [DEBUG] core.topology_builder: 主配接口降级（非错）: 无法从LINE_NAME=10kVLINE004解析出主网站映射
2026-09-06 23:42:07 [DEBUG] core.topology_builder: 主配接口降级（非错）: 无法从LINE_NAME=10kVLINE082解析出主网站映射
2026-09-06 23:42:07 [DEBUG] core.topology_builder: 主配接口降级（非错）: 无法从LINE_NAME=10kVLINE018解析出主网站映射
2026-09-06 23:42:07 [DEBUG] core.topology_builder: 主配接口降级（非错）: 无法从LINE_NAME=10kVLINE074解析出主网站映射
2026-09-06 23:42:07 [DEBUG] core.topology_builder: 主配接口降级（非错）: 无法从LINE_NAME=10kVLINE099解析出主网站映射
2026-09-06 23:42:07 [DEBUG] core.topology_builder: 主配接口降级（非错）: 无法从LINE_NAME=10kVLINE041解析出主网站映射
2026-09-06 23:42:07 [DEBUG] core.topology_builder: 主配接口降级（非错）: 无法从LINE_NAME=10kVLINE086解析出主网站映射
2026-09-06 23:42:07 [DEBUG] core.topology_builder: 主配接口降级（非错）: 无法从LINE_NAME=10kVLINE073解析出主网站映射
2026-09-06 23:42:07 [DEBUG] core.topology_builder: 主配接口降级（非错）: 无法从LINE_NAME=10kVLINE033解析出主网站映射
2026-09-06 23:42:07 [DEBUG] core.topology_builder: 主配接口降级（非错）: 无法从LINE_NAME=10kVLINE091解析出主网站映射
2026-09-06 23:42:07 [DEBUG] core.topology_builder: 主配接口降级（非错）: 无法从LINE_NAME=10kVLINE100解析出主网站映射
2026-09-06 23:42:07 [DEBUG] core.topology_builder: 主配接口降级（非错）: 无法从LINE_NAME=10kVLINE013解析出主网站映射
2026-09-06 23:42:07 [DEBUG] core.topology_builder: 主配接口降级（非错）: 无法从LINE_NAME=10kVLINE101解析出主网站映射
2026-09-06 23:42:07 [DEBUG] core.topology_builder: 主配接口降级（非错）: 无法从LINE_NAME=10kVLINE035解析出主网站映射
2026-09-06 23:42:07 [DEBUG] core.topology_builder: 主配接口降级（非错）: 无法从LINE_NAME=10kVLINE102解析出主网站映射
2026-09-06 23:42:07 [DEBUG] core.topology_builder: 主配接口降级（非错）: 无法从LINE_NAME=10kVLINE103解析出主网站映射
2026-09-06 23:42:07 [DEBUG] core.topology_builder: 主配接口降级（非错）: 无法从LINE_NAME=10kVLINE055解析出主网站映射
2026-09-06 23:42:07 [DEBUG] core.topology_builder: 主配接口降级（非错）: 无法从LINE_NAME=10kVLINE024解析出主网站映射
2026-09-06 23:42:07 [DEBUG] core.topology_builder: 主配接口降级（非错）: 无法从LINE_NAME=10kVLINE084解析出主网站映射
2026-09-06 23:42:07 [DEBUG] core.topology_builder: 主配接口降级（非错）: 无法从LINE_NAME=10kVLINE087解析出主网站映射
2026-09-06 23:42:07 [DEBUG] core.topology_builder: 主配接口降级（非错）: 无法从LINE_NAME=20kVLINE104解析出主网站映射
2026-09-06 23:42:07 [DEBUG] core.topology_builder: 主配接口降级（非错）: 无法从LINE_NAME=10kVLINE012解析出主网站映射
2026-09-06 23:42:07 [DEBUG] core.topology_builder: 主配接口降级（非错）: 无法从LINE_NAME=10kVLINE105解析出主网站映射
2026-09-06 23:42:07 [DEBUG] core.topology_builder: 主配接口降级（非错）: 无法从LINE_NAME=10kVLINE106解析出主网站映射
2026-09-06 23:42:07 [DEBUG] core.topology_builder: 主配接口降级（非错）: 无法从LINE_NAME=10kVLINE094解析出主网站映射
2026-09-06 23:42:07 [DEBUG] core.topology_builder: 主配接口降级（非错）: 无法从LINE_NAME=10kVLINE107解析出主网站映射
2026-09-06 23:42:07 [DEBUG] core.topology_builder: 主配接口降级（非错）: 无法从LINE_NAME=10kVLINE053解析出主网站映射
2026-09-06 23:42:07 [DEBUG] core.topology_builder: 主配接口降级（非错）: 无法从LINE_NAME=20kVLINE108解析出主网站映射
2026-09-06 23:42:07 [DEBUG] core.topology_builder: 主配接口降级（非错）: 无法从LINE_NAME=20kVLINE109解析出主网站映射
2026-09-06 23:42:07 [DEBUG] core.topology_builder: 主配接口降级（非错）: 无法从LINE_NAME=10kVLINE110解析出主网站映射
2026-09-06 23:42:07 [DEBUG] core.topology_builder: 主配接口降级（非错）: 无法从LINE_NAME=10kVLINE111解析出主网站映射
2026-09-06 23:42:07 [DEBUG] core.topology_builder: 主配接口降级（非错）: 无法从LINE_NAME=10kVLINE112解析出主网站映射
2026-09-06 23:42:07 [DEBUG] core.topology_builder: 主配接口降级（非错）: 无法从LINE_NAME=20kVLINE113解析出主网站映射
2026-09-06 23:42:07 [DEBUG] core.topology_builder: 主配接口降级（非错）: 无法从LINE_NAME=10kVLINE026解析出主网站映射
2026-09-06 23:42:07 [DEBUG] core.topology_builder: 主配接口降级（非错）: 无法从LINE_NAME=10kVLINE048解析出主网站映射
2026-09-06 23:42:07 [DEBUG] core.topology_builder: 主配接口降级（非错）: 无法从LINE_NAME=10kVLINE003解析出主网站映射
2026-09-06 23:42:07 [DEBUG] core.topology_builder: 主配接口降级（非错）: 无法从LINE_NAME=10kVLINE057解析出主网站映射
2026-09-06 23:42:07 [DEBUG] core.topology_builder: 主配接口降级（非错）: 无法从LINE_NAME=10kVLINE077解析出主网站映射
2026-09-06 23:42:07 [DEBUG] core.topology_builder: 主配接口降级（非错）: 无法从LINE_NAME=10kVLINE114解析出主网站映射
2026-09-06 23:42:07 [DEBUG] core.topology_builder: 主配接口降级（非错）: 无法从LINE_NAME=10kVLINE027解析出主网站映射
2026-09-06 23:42:07 [DEBUG] core.topology_builder: 主配接口降级（非错）: 无法从LINE_NAME=10kVLINE115解析出主网站映射
2026-09-06 23:42:07 [DEBUG] core.topology_builder: 主配接口降级（非错）: 无法从LINE_NAME=10kVLINE116解析出主网站映射
2026-09-06 23:42:07 [DEBUG] core.topology_builder: 主配接口降级（非错）: 无法从LINE_NAME=10kVLINE117解析出主网站映射
2026-09-06 23:42:07 [DEBUG] core.topology_builder: 主配接口降级（非错）: 无法从LINE_NAME=10kVLINE118解析出主网站映射
2026-09-06 23:42:07 [DEBUG] core.topology_builder: 主配接口降级（非错）: 无法从LINE_NAME=10kVLINE038解析出主网站映射
2026-09-06 23:42:07 [DEBUG] core.topology_builder: 主配接口降级（非错）: 无法从LINE_NAME=10kVLINE119解析出主网站映射
2026-09-06 23:42:07 [DEBUG] core.topology_builder: 主配接口降级（非错）: 无法从LINE_NAME=20kVLINE120解析出主网站映射
2026-09-06 23:42:07 [DEBUG] core.topology_builder: 主配接口降级（非错）: 无法从LINE_NAME=10kVLINE121_195解析出主网站映射
2026-09-06 23:42:07 [DEBUG] core.topology_builder: 主配接口降级（非错）: 无法从LINE_NAME=10kVLINE076解析出主网站映射
2026-09-06 23:42:07 [DEBUG] core.topology_builder: 主配接口降级（非错）: 无法从LINE_NAME=10kVLINE093解析出主网站映射
2026-09-06 23:42:07 [DEBUG] core.topology_builder: 主配接口降级（非错）: 无法从LINE_NAME=20kVLINE122解析出主网站映射
2026-09-06 23:42:07 [DEBUG] core.topology_builder: 主配接口降级（非错）: 无法从LINE_NAME=10kVLINE123解析出主网站映射
2026-09-06 23:42:07 [DEBUG] core.topology_builder: 主配接口降级（非错）: 无法从LINE_NAME=10kVLINE039解析出主网站映射
2026-09-06 23:42:07 [DEBUG] core.topology_builder: 主配接口降级（非错）: 无法从LINE_NAME=10kVLINE124解析出主网站映射
2026-09-06 23:42:07 [DEBUG] core.topology_builder: 主配接口降级（非错）: 无法从LINE_NAME=10kVLINE125解析出主网站映射
2026-09-06 23:42:07 [DEBUG] core.topology_builder: 主配接口降级（非错）: 无法从LINE_NAME=10kVLINE126解析出主网站映射
2026-09-06 23:42:07 [DEBUG] core.topology_builder: 主配接口降级（非错）: 无法从LINE_NAME=10kVLINE127解析出主网站映射
2026-09-06 23:42:07 [DEBUG] core.topology_builder: 主配接口降级（非错）: 无法从LINE_NAME=10kVLINE089解析出主网站映射
2026-09-06 23:42:07 [DEBUG] core.topology_builder: 主配接口降级（非错）: 无法从LINE_NAME=10kVLINE090解析出主网站映射
2026-09-06 23:42:07 [DEBUG] core.topology_builder: 主配接口降级（非错）: 无法从LINE_NAME=10kVLINE128解析出主网站映射
2026-09-06 23:42:07 [DEBUG] core.topology_builder: 主配接口降级（非错）: 无法从LINE_NAME=10kVLINE037解析出主网站映射
2026-09-06 23:42:07 [DEBUG] core.topology_builder: 主配接口降级（非错）: 无法从LINE_NAME=10kVLINE071解析出主网站映射
2026-09-06 23:42:07 [DEBUG] core.topology_builder: 主配接口降级（非错）: 无法从LINE_NAME=10kVLINE129解析出主网站映射
2026-09-06 23:42:07 [DEBUG] core.topology_builder: 主配接口降级（非错）: 无法从LINE_NAME=10kVLINE009解析出主网站映射
2026-09-06 23:42:07 [DEBUG] core.topology_builder: 主配接口降级（非错）: 无法从LINE_NAME=10kVLINE022解析出主网站映射
2026-09-06 23:42:07 [DEBUG] core.topology_builder: 主配接口降级（非错）: 无法从LINE_NAME=10kVLINE028解析出主网站映射
2026-09-06 23:42:07 [DEBUG] core.topology_builder: 主配接口降级（非错）: 无法从LINE_NAME=10kVLINE019解析出主网站映射
2026-09-06 23:42:07 [DEBUG] core.topology_builder: 主配接口降级（非错）: 无法从LINE_NAME=10kVLINE015解析出主网站映射
2026-09-06 23:42:07 [DEBUG] core.topology_builder: 主配接口降级（非错）: 无法从LINE_NAME=10kVLINE130解析出主网站映射
2026-09-06 23:42:07 [DEBUG] core.topology_builder: 主配接口降级（非错）: 无法从LINE_NAME=10kVLINE131解析出主网站映射
2026-09-06 23:42:07 [DEBUG] core.topology_builder: 主配接口降级（非错）: 无法从LINE_NAME=10kVLINE132解析出主网站映射
2026-09-06 23:42:07 [DEBUG] core.topology_builder: 主配接口降级（非错）: 无法从LINE_NAME=10kVLINE061解析出主网站映射
2026-09-06 23:42:07 [DEBUG] core.topology_builder: 主配接口降级（非错）: 无法从LINE_NAME=10kVLINE133解析出主网站映射
2026-09-06 23:42:07 [DEBUG] core.topology_builder: 主配接口降级（非错）: 无法从LINE_NAME=10kVLINE075解析出主网站映射
2026-09-06 23:42:07 [DEBUG] core.topology_builder: 主配接口降级（非错）: 无法从LINE_NAME=10kVLINE016解析出主网站映射
2026-09-06 23:42:07 [DEBUG] core.topology_builder: 主配接口降级（非错）: 无法从LINE_NAME=10kVLINE134解析出主网站映射
2026-09-06 23:42:07 [DEBUG] core.topology_builder: 主配接口降级（非错）: 无法从LINE_NAME=10kVLINE043解析出主网站映射
2026-09-06 23:42:07 [DEBUG] core.topology_builder: 主配接口降级（非错）: 无法从LINE_NAME=10kVLINE050解析出主网站映射
2026-09-06 23:42:07 [DEBUG] core.topology_builder: 主配接口降级（非错）: 无法从LINE_NAME=10kVLINE054解析出主网站映射
2026-09-06 23:42:07 [DEBUG] core.topology_builder: 主配接口降级（非错）: 无法从LINE_NAME=10kVLINE040解析出主网站映射
2026-09-06 23:42:07 [DEBUG] core.topology_builder: 主配接口降级（非错）: 无法从LINE_NAME=10kVLINE021解析出主网站映射
2026-09-06 23:42:07 [DEBUG] core.topology_builder: 主配接口降级（非错）: 无法从LINE_NAME=10kVLINE023解析出主网站映射
2026-09-06 23:42:07 [DEBUG] core.topology_builder: 主配接口降级（非错）: 无法从LINE_NAME=10kVLINE020解析出主网站映射
2026-09-06 23:42:07 [DEBUG] core.topology_builder: 主配接口降级（非错）: 无法从LINE_NAME=10kVLINE135解析出主网站映射
2026-09-06 23:42:07 [DEBUG] core.topology_builder: 主配接口降级（非错）: 无法从LINE_NAME=10kVLINE136解析出主网站映射
2026-09-06 23:42:07 [DEBUG] core.topology_builder: 主配接口降级（非错）: 无法从LINE_NAME=10kVLINE097解析出主网站映射
2026-09-06 23:42:07 [DEBUG] core.topology_builder: 主配接口降级（非错）: 无法从LINE_NAME=10kVLINE096解析出主网站映射
2026-09-06 23:42:07 [DEBUG] core.topology_builder: 主配接口降级（非错）: 无法从LINE_NAME=10kVLINE137解析出主网站映射
2026-09-06 23:42:07 [DEBUG] core.topology_builder: 主配接口降级（非错）: 无法从LINE_NAME=10kVLINE138解析出主网站映射
2026-09-06 23:42:07 [DEBUG] core.topology_builder: 主配接口降级（非错）: 无法从LINE_NAME=10kVLINE139解析出主网站映射
2026-09-06 23:42:07 [DEBUG] core.topology_builder: 主配接口降级（非错）: 无法从LINE_NAME=10kVLINE140解析出主网站映射
2026-09-06 23:42:07 [DEBUG] core.topology_builder: 主配接口降级（非错）: 无法从LINE_NAME=10kVLINE141解析出主网站映射
2026-09-06 23:42:07 [DEBUG] core.topology_builder: 主配接口降级（非错）: 无法从LINE_NAME=10kVLINE049解析出主网站映射
2026-09-06 23:42:07 [DEBUG] core.topology_builder: 主配接口降级（非错）: 无法从LINE_NAME=10kVLINE142解析出主网站映射
2026-09-06 23:42:07 [DEBUG] core.topology_builder: 主配接口降级（非错）: 无法从LINE_NAME=10kVLINE042解析出主网站映射
2026-09-06 23:42:07 [DEBUG] core.topology_builder: 主配接口降级（非错）: 无法从LINE_NAME=10kVLINE056解析出主网站映射
2026-09-06 23:42:07 [DEBUG] core.topology_builder: 主配接口降级（非错）: 无法从LINE_NAME=10kVLINE143解析出主网站映射
2026-09-06 23:42:07 [DEBUG] core.topology_builder: 主配接口降级（非错）: 无法从LINE_NAME=10kVLINE144解析出主网站映射
2026-09-06 23:42:07 [DEBUG] core.topology_builder: 主配接口降级（非错）: 无法从LINE_NAME=10kVLINE070解析出主网站映射
2026-09-06 23:42:07 [DEBUG] core.topology_builder: 主配接口降级（非错）: 无法从LINE_NAME=10kVLINE069解析出主网站映射
2026-09-06 23:42:07 [DEBUG] core.topology_builder: 主配接口降级（非错）: 无法从LINE_NAME=10kVLINE145解析出主网站映射
2026-09-06 23:42:07 [DEBUG] core.topology_builder: 主配接口降级（非错）: 无法从LINE_NAME=10kVLINE146解析出主网站映射
2026-09-06 23:42:07 [DEBUG] core.topology_builder: 主配接口降级（非错）: 无法从LINE_NAME=10kVLINE147解析出主网站映射
2026-09-06 23:42:07 [DEBUG] core.topology_builder: 主配接口降级（非错）: 无法从LINE_NAME=10kVLINE148解析出主网站映射
2026-09-06 23:42:07 [DEBUG] core.topology_builder: 主配接口降级（非错）: 无法从LINE_NAME=10kVLINE025解析出主网站映射
2026-09-06 23:42:07 [DEBUG] core.topology_builder: 主配接口降级（非错）: 无法从LINE_NAME=20kVLINE149解析出主网站映射
2026-09-06 23:42:07 [DEBUG] core.topology_builder: 主配接口降级（非错）: 无法从LINE_NAME=10kVLINE083解析出主网站映射
2026-09-06 23:42:07 [DEBUG] core.topology_builder: 主配接口降级（非错）: 无法从LINE_NAME=20kVLINE150解析出主网站映射
2026-09-06 23:42:07 [DEBUG] core.topology_builder: 主配接口降级（非错）: 无法从LINE_NAME=20kVLINE151解析出主网站映射
2026-09-06 23:42:07 [DEBUG] core.topology_builder: 主配接口降级（非错）: 无法从LINE_NAME=20kVLINE152解析出主网站映射
2026-09-06 23:42:07 [DEBUG] core.topology_builder: 主配接口降级（非错）: 无法从LINE_NAME=10kVLINE046解析出主网站映射
2026-09-06 23:42:07 [DEBUG] core.topology_builder: 主配接口降级（非错）: 无法从LINE_NAME=10kVLINE045解析出主网站映射
2026-09-06 23:42:07 [DEBUG] core.topology_builder: 主配接口降级（非错）: 无法从LINE_NAME=10kVLINE153解析出主网站映射
2026-09-06 23:42:07 [DEBUG] core.topology_builder: 主配接口降级（非错）: 无法从LINE_NAME=10kVLINE154解析出主网站映射
2026-09-06 23:42:07 [DEBUG] core.topology_builder: 主配接口降级（非错）: 无法从LINE_NAME=10kVLINE155解析出主网站映射
2026-09-06 23:42:07 [DEBUG] core.topology_builder: 主配接口降级（非错）: 无法从LINE_NAME=10kVLINE156解析出主网站映射
2026-09-06 23:42:07 [DEBUG] core.topology_builder: 主配接口降级（非错）: 无法从LINE_NAME=10kVLINE058解析出主网站映射
2026-09-06 23:42:07 [DEBUG] core.topology_builder: 主配接口降级（非错）: 无法从LINE_NAME=10kVLINE059解析出主网站映射
2026-09-06 23:42:07 [DEBUG] core.topology_builder: 主配接口降级（非错）: 无法从LINE_NAME=10kVLINE157解析出主网站映射
2026-09-06 23:42:07 [DEBUG] core.topology_builder: 主配接口降级（非错）: 无法从LINE_NAME=10kVLINE088解析出主网站映射
2026-09-06 23:42:07 [DEBUG] core.topology_builder: 主配接口降级（非错）: 无法从LINE_NAME=10kVLINE121_185解析出主网站映射
2026-09-06 23:42:07 [DEBUG] core.topology_builder: 主配接口降级（非错）: 无法从LINE_NAME=10kVLINE081解析出主网站映射
2026-09-06 23:42:07 [DEBUG] core.topology_builder: 主配接口降级（非错）: 无法从LINE_NAME=10kVLINE158解析出主网站映射
2026-09-06 23:42:07 [DEBUG] core.topology_builder: 主配接口降级（非错）: 无法从LINE_NAME=10kVLINE159解析出主网站映射
2026-09-06 23:42:07 [DEBUG] core.topology_builder: 主配接口降级（非错）: 无法从LINE_NAME=10kVLINE160解析出主网站映射
2026-09-06 23:42:07 [DEBUG] core.topology_builder: 主配接口降级（非错）: 无法从LINE_NAME=10kVLINE161解析出主网站映射
2026-09-06 23:42:07 [DEBUG] core.topology_builder: 主配接口降级（非错）: 无法从LINE_NAME=10kVLINE162解析出主网站映射
2026-09-06 23:42:07 [DEBUG] core.topology_builder: 主配接口降级（非错）: 无法从LINE_NAME=10kVLINE163解析出主网站映射
2026-09-06 23:42:07 [DEBUG] core.topology_builder: 主配接口降级（非错）: 无法从LINE_NAME=10kVLINE164解析出主网站映射
2026-09-06 23:42:07 [DEBUG] core.topology_builder: 主配接口降级（非错）: 无法从LINE_NAME=10kVLINE165解析出主网站映射
2026-09-06 23:42:07 [DEBUG] core.topology_builder: 主配接口降级（非错）: 无法从LINE_NAME=10kVLINE166解析出主网站映射
2026-09-06 23:42:07 [DEBUG] core.topology_builder: 主配接口降级（非错）: 无法从LINE_NAME=10kVLINE167解析出主网站映射
2026-09-06 23:42:07 [DEBUG] core.topology_builder: 主配接口降级（非错）: 无法从LINE_NAME=10kVLINE168解析出主网站映射
2026-09-06 23:42:07 [DEBUG] core.topology_builder: 主配接口降级（非错）: 无法从LINE_NAME=10kVLINE014解析出主网站映射
2026-09-06 23:42:07 [DEBUG] core.topology_builder: 主配接口降级（非错）: 无法从LINE_NAME=10kVLINE169解析出主网站映射
2026-09-06 23:42:07 [DEBUG] core.topology_builder: 主配接口降级（非错）: 无法从LINE_NAME=10kVLINE170解析出主网站映射
2026-09-06 23:42:07 [DEBUG] core.topology_builder: 主配接口降级（非错）: 无法从LINE_NAME=10kVLINE171解析出主网站映射
2026-09-06 23:42:07 [DEBUG] core.topology_builder: 主配接口降级（非错）: 无法从LINE_NAME=10kVLINE172解析出主网站映射
2026-09-06 23:42:07 [DEBUG] core.topology_builder: 主配接口降级（非错）: 无法从LINE_NAME=10kVLINE173解析出主网站映射
2026-09-06 23:42:07 [DEBUG] core.topology_builder: 主配接口降级（非错）: 无法从LINE_NAME=10kVLINE174解析出主网站映射
2026-09-06 23:42:07 [DEBUG] core.topology_builder: 主配接口降级（非错）: 无法从LINE_NAME=10kVLINE175解析出主网站映射
2026-09-06 23:42:07 [DEBUG] core.topology_builder: 主配接口降级（非错）: 无法从LINE_NAME=10kVLINE176解析出主网站映射
2026-09-06 23:42:07 [DEBUG] core.topology_builder: 主配接口降级（非错）: 无法从LINE_NAME=10kVLINE177解析出主网站映射
2026-09-06 23:42:07 [DEBUG] core.topology_builder: 主配接口降级（非错）: 无法从LINE_NAME=10kVLINE044解析出主网站映射
2026-09-06 23:42:07 [DEBUG] core.topology_builder: 主配接口降级（非错）: 无法从LINE_NAME=10kVLINE178解析出主网站映射
2026-09-06 23:42:07 [DEBUG] core.topology_builder: 主配接口降级（非错）: 无法从LINE_NAME=10kVLINE179解析出主网站映射
2026-09-06 23:42:07 [DEBUG] core.topology_builder: 主配接口降级（非错）: 无法从LINE_NAME=10kVLINE180解析出主网站映射
2026-09-06 23:42:07 [DEBUG] core.topology_builder: 主配接口降级（非错）: 无法从LINE_NAME=20kVLINE181解析出主网站映射
2026-09-06 23:42:07 [DEBUG] core.topology_builder: 主配接口降级（非错）: 无法从LINE_NAME=10kVLINE182解析出主网站映射
2026-09-06 23:42:07 [DEBUG] core.topology_builder: 主配接口降级（非错）: 无法从LINE_NAME=10kVLINE183解析出主网站映射
2026-09-06 23:42:07 [DEBUG] core.topology_builder: 主配接口降级（非错）: 无法从LINE_NAME=10kVLINE184解析出主网站映射
2026-09-06 23:42:07 [DEBUG] core.topology_builder: 主配接口降级（非错）: 无法从LINE_NAME=10kVLINE186解析出主网站映射
2026-09-06 23:42:07 [DEBUG] core.topology_builder: 主配接口降级（非错）: 无法从LINE_NAME=10kVLINE187解析出主网站映射
2026-09-06 23:42:07 [DEBUG] core.topology_builder: 主配接口降级（非错）: 无法从LINE_NAME=10kVLINE188解析出主网站映射
2026-09-06 23:42:07 [DEBUG] core.topology_builder: 主配接口降级（非错）: 无法从LINE_NAME=10kVLINE189解析出主网站映射
2026-09-06 23:42:07 [DEBUG] core.topology_builder: 主配接口降级（非错）: 无法从LINE_NAME=10kVLINE190解析出主网站映射
2026-09-06 23:42:07 [DEBUG] core.topology_builder: 主配接口降级（非错）: 无法从LINE_NAME=10kVLINE191解析出主网站映射
2026-09-06 23:42:07 [DEBUG] core.topology_builder: 主配接口降级（非错）: 无法从LINE_NAME=10kVLINE192解析出主网站映射
2026-09-06 23:42:07 [DEBUG] core.topology_builder: 主配接口降级（非错）: 无法从LINE_NAME=10kVLINE193解析出主网站映射
2026-09-06 23:42:07 [DEBUG] core.topology_builder: 主配接口降级（非错）: 无法从LINE_NAME=10kVLINE194解析出主网站映射
2026-09-06 23:42:07 [DEBUG] core.topology_builder: 主配接口降级（非错）: 无法从LINE_NAME=10kVLINE195解析出主网站映射
2026-09-06 23:42:07 [DEBUG] core.topology_builder: 主配接口降级（非错）: 无法从LINE_NAME=10kVLINE196解析出主网站映射
2026-09-06 23:42:07 [DEBUG] core.topology_builder: 主配接口降级（非错）: 无法从LINE_NAME=10kVLINE197解析出主网站映射
2026-09-06 23:42:07 [DEBUG] core.topology_builder: 主配接口降级（非错）: 无法从LINE_NAME=10kVLINE198解析出主网站映射
2026-09-06 23:42:07 [DEBUG] core.topology_builder: 主配接口降级（非错）: 无法从LINE_NAME=10kVLINE199解析出主网站映射
2026-09-06 23:42:07 [DEBUG] core.topology_builder: 主配接口降级（非错）: 无法从LINE_NAME=10kVLINE063解析出主网站映射
2026-09-06 23:42:07 [DEBUG] core.topology_builder: 主配接口降级（非错）: 无法从LINE_NAME=10kVLINE200解析出主网站映射
2026-09-06 23:42:07 [DEBUG] core.topology_builder: 主配接口降级（非错）: 无法从LINE_NAME=10kVLINE201解析出主网站映射
2026-09-06 23:42:07 [DEBUG] core.topology_builder: 主配接口降级（非错）: 无法从LINE_NAME=10kVLINE202解析出主网站映射
2026-09-06 23:42:07 [DEBUG] core.topology_builder: 主配接口降级（非错）: 无法从LINE_NAME=10kVLINE203解析出主网站映射
2026-09-06 23:42:07 [DEBUG] core.topology_builder: 主配接口降级（非错）: 无法从LINE_NAME=10kVLINE204解析出主网站映射
2026-09-06 23:42:07 [DEBUG] core.topology_builder: 主配接口降级（非错）: 无法从LINE_NAME=10kVLINE205解析出主网站映射
2026-09-06 23:42:07 [DEBUG] core.topology_builder: 主配接口降级（非错）: 无法从LINE_NAME=10kVLINE051解析出主网站映射
2026-09-06 23:42:07 [DEBUG] core.topology_builder: 主配接口降级（非错）: 无法从LINE_NAME=10kVLINE187解析出主网站映射
2026-09-06 23:42:07 [DEBUG] core.topology_builder: 主配接口降级（非错）: 无法从LINE_NAME=10kVLINE207解析出主网站映射
2026-09-06 23:42:07 [DEBUG] core.topology_builder: 主配接口降级（非错）: 无法从LINE_NAME=10kVLINE208解析出主网站映射
2026-09-06 23:42:07 [DEBUG] core.topology_builder: 主配接口降级（非错）: 无法从LINE_NAME=10kVLINE209解析出主网站映射
2026-09-06 23:42:07 [DEBUG] core.topology_builder: 主配接口降级（非错）: 无法从LINE_NAME=10kVLINE210解析出主网站映射
2026-09-06 23:42:07 [DEBUG] core.topology_builder: 主配接口降级（非错）: 无法从LINE_NAME=10kVLINE212解析出主网站映射
2026-09-06 23:42:07 [DEBUG] core.topology_builder: 主配接口降级（非错）: 无法从LINE_NAME=10kVLINE213解析出主网站映射
2026-09-06 23:42:07 [DEBUG] core.topology_builder: 主配接口降级（非错）: 无法从LINE_NAME=LINE215解析出主网站映射
2026-09-06 23:42:07 [DEBUG] core.topology_builder: 主配接口降级（非错）: 无法从LINE_NAME=LINE216解析出主网站映射
2026-09-06 23:42:07 [INFO] core.topology_builder: 主配接口校验：通过=184 失败=5
2026-09-06 23:42:07 [INFO] core.topology_builder: [主配接口校验] 4.1/4.2 命中缺陷: 5
2026-09-06 23:42:07 [INFO] core.topology_builder: [电气逻辑校验] RULE-E01~E07 命中:4458
2026-09-06 23:42:07 [INFO] core.topology_builder: 开始执行拓扑异常检测：悬空、孤岛、断点
2026-09-06 23:42:12 [INFO] core.topology_builder: 主网异常数量：0，断点数量：0
2026-09-06 23:42:12 [INFO] core.topology_builder: 配网异常数量：726，断点数量：418
2026-09-06 23:42:23 [DEBUG] core.topology_builder: 主配接口降级（非错）: 无法从LINE_NAME=10kVLINE098解析出主网站映射
2026-09-06 23:42:23 [DEBUG] core.topology_builder: 主配接口降级（非错）: 无法从LINE_NAME=10kVLINE060解析出主网站映射
2026-09-06 23:42:23 [DEBUG] core.topology_builder: 主配接口降级（非错）: 无法从LINE_NAME=10kVLINE004解析出主网站映射
2026-09-06 23:42:23 [DEBUG] core.topology_builder: 主配接口降级（非错）: 无法从LINE_NAME=10kVLINE082解析出主网站映射
2026-09-06 23:42:23 [DEBUG] core.topology_builder: 主配接口降级（非错）: 无法从LINE_NAME=10kVLINE018解析出主网站映射
2026-09-06 23:42:23 [DEBUG] core.topology_builder: 主配接口降级（非错）: 无法从LINE_NAME=10kVLINE074解析出主网站映射
2026-09-06 23:42:23 [DEBUG] core.topology_builder: 主配接口降级（非错）: 无法从LINE_NAME=10kVLINE099解析出主网站映射
2026-09-06 23:42:23 [DEBUG] core.topology_builder: 主配接口降级（非错）: 无法从LINE_NAME=10kVLINE041解析出主网站映射
2026-09-06 23:42:23 [DEBUG] core.topology_builder: 主配接口降级（非错）: 无法从LINE_NAME=10kVLINE086解析出主网站映射
2026-09-06 23:42:23 [DEBUG] core.topology_builder: 主配接口降级（非错）: 无法从LINE_NAME=10kVLINE073解析出主网站映射
2026-09-06 23:42:23 [DEBUG] core.topology_builder: 主配接口降级（非错）: 无法从LINE_NAME=10kVLINE033解析出主网站映射
2026-09-06 23:42:23 [DEBUG] core.topology_builder: 主配接口降级（非错）: 无法从LINE_NAME=10kVLINE091解析出主网站映射
2026-09-06 23:42:23 [DEBUG] core.topology_builder: 主配接口降级（非错）: 无法从LINE_NAME=10kVLINE100解析出主网站映射
2026-09-06 23:42:23 [DEBUG] core.topology_builder: 主配接口降级（非错）: 无法从LINE_NAME=10kVLINE013解析出主网站映射
2026-09-06 23:42:23 [DEBUG] core.topology_builder: 主配接口降级（非错）: 无法从LINE_NAME=10kVLINE101解析出主网站映射
2026-09-06 23:42:23 [DEBUG] core.topology_builder: 主配接口降级（非错）: 无法从LINE_NAME=10kVLINE035解析出主网站映射
2026-09-06 23:42:23 [DEBUG] core.topology_builder: 主配接口降级（非错）: 无法从LINE_NAME=10kVLINE102解析出主网站映射
2026-09-06 23:42:23 [DEBUG] core.topology_builder: 主配接口降级（非错）: 无法从LINE_NAME=10kVLINE103解析出主网站映射
2026-09-06 23:42:23 [DEBUG] core.topology_builder: 主配接口降级（非错）: 无法从LINE_NAME=10kVLINE055解析出主网站映射
2026-09-06 23:42:23 [DEBUG] core.topology_builder: 主配接口降级（非错）: 无法从LINE_NAME=10kVLINE024解析出主网站映射
2026-09-06 23:42:23 [DEBUG] core.topology_builder: 主配接口降级（非错）: 无法从LINE_NAME=10kVLINE084解析出主网站映射
2026-09-06 23:42:23 [DEBUG] core.topology_builder: 主配接口降级（非错）: 无法从LINE_NAME=10kVLINE087解析出主网站映射
2026-09-06 23:42:23 [DEBUG] core.topology_builder: 主配接口降级（非错）: 无法从LINE_NAME=20kVLINE104解析出主网站映射
2026-09-06 23:42:23 [DEBUG] core.topology_builder: 主配接口降级（非错）: 无法从LINE_NAME=10kVLINE012解析出主网站映射
2026-09-06 23:42:23 [DEBUG] core.topology_builder: 主配接口降级（非错）: 无法从LINE_NAME=10kVLINE105解析出主网站映射
2026-09-06 23:42:23 [DEBUG] core.topology_builder: 主配接口降级（非错）: 无法从LINE_NAME=10kVLINE106解析出主网站映射
2026-09-06 23:42:23 [DEBUG] core.topology_builder: 主配接口降级（非错）: 无法从LINE_NAME=10kVLINE094解析出主网站映射
2026-09-06 23:42:23 [DEBUG] core.topology_builder: 主配接口降级（非错）: 无法从LINE_NAME=10kVLINE107解析出主网站映射
2026-09-06 23:42:23 [DEBUG] core.topology_builder: 主配接口降级（非错）: 无法从LINE_NAME=10kVLINE053解析出主网站映射
2026-09-06 23:42:23 [DEBUG] core.topology_builder: 主配接口降级（非错）: 无法从LINE_NAME=20kVLINE108解析出主网站映射
2026-09-06 23:42:23 [DEBUG] core.topology_builder: 主配接口降级（非错）: 无法从LINE_NAME=20kVLINE109解析出主网站映射
2026-09-06 23:42:23 [DEBUG] core.topology_builder: 主配接口降级（非错）: 无法从LINE_NAME=10kVLINE110解析出主网站映射
2026-09-06 23:42:23 [DEBUG] core.topology_builder: 主配接口降级（非错）: 无法从LINE_NAME=10kVLINE111解析出主网站映射
2026-09-06 23:42:23 [DEBUG] core.topology_builder: 主配接口降级（非错）: 无法从LINE_NAME=10kVLINE112解析出主网站映射
2026-09-06 23:42:23 [DEBUG] core.topology_builder: 主配接口降级（非错）: 无法从LINE_NAME=20kVLINE113解析出主网站映射
2026-09-06 23:42:23 [DEBUG] core.topology_builder: 主配接口降级（非错）: 无法从LINE_NAME=10kVLINE026解析出主网站映射
2026-09-06 23:42:23 [DEBUG] core.topology_builder: 主配接口降级（非错）: 无法从LINE_NAME=10kVLINE048解析出主网站映射
2026-09-06 23:42:23 [DEBUG] core.topology_builder: 主配接口降级（非错）: 无法从LINE_NAME=10kVLINE003解析出主网站映射
2026-09-06 23:42:23 [DEBUG] core.topology_builder: 主配接口降级（非错）: 无法从LINE_NAME=10kVLINE057解析出主网站映射
2026-09-06 23:42:23 [DEBUG] core.topology_builder: 主配接口降级（非错）: 无法从LINE_NAME=10kVLINE077解析出主网站映射
2026-09-06 23:42:23 [DEBUG] core.topology_builder: 主配接口降级（非错）: 无法从LINE_NAME=10kVLINE114解析出主网站映射
2026-09-06 23:42:23 [DEBUG] core.topology_builder: 主配接口降级（非错）: 无法从LINE_NAME=10kVLINE027解析出主网站映射
2026-09-06 23:42:23 [DEBUG] core.topology_builder: 主配接口降级（非错）: 无法从LINE_NAME=10kVLINE115解析出主网站映射
2026-09-06 23:42:23 [DEBUG] core.topology_builder: 主配接口降级（非错）: 无法从LINE_NAME=10kVLINE116解析出主网站映射
2026-09-06 23:42:23 [DEBUG] core.topology_builder: 主配接口降级（非错）: 无法从LINE_NAME=10kVLINE117解析出主网站映射
2026-09-06 23:42:23 [DEBUG] core.topology_builder: 主配接口降级（非错）: 无法从LINE_NAME=10kVLINE118解析出主网站映射
2026-09-06 23:42:23 [DEBUG] core.topology_builder: 主配接口降级（非错）: 无法从LINE_NAME=10kVLINE038解析出主网站映射
2026-09-06 23:42:23 [DEBUG] core.topology_builder: 主配接口降级（非错）: 无法从LINE_NAME=10kVLINE119解析出主网站映射
2026-09-06 23:42:23 [DEBUG] core.topology_builder: 主配接口降级（非错）: 无法从LINE_NAME=20kVLINE120解析出主网站映射
2026-09-06 23:42:23 [DEBUG] core.topology_builder: 主配接口降级（非错）: 无法从LINE_NAME=10kVLINE121_195解析出主网站映射
2026-09-06 23:42:23 [DEBUG] core.topology_builder: 主配接口降级（非错）: 无法从LINE_NAME=10kVLINE076解析出主网站映射
2026-09-06 23:42:23 [DEBUG] core.topology_builder: 主配接口降级（非错）: 无法从LINE_NAME=10kVLINE093解析出主网站映射
2026-09-06 23:42:23 [DEBUG] core.topology_builder: 主配接口降级（非错）: 无法从LINE_NAME=20kVLINE122解析出主网站映射
2026-09-06 23:42:23 [DEBUG] core.topology_builder: 主配接口降级（非错）: 无法从LINE_NAME=10kVLINE123解析出主网站映射
2026-09-06 23:42:23 [DEBUG] core.topology_builder: 主配接口降级（非错）: 无法从LINE_NAME=10kVLINE039解析出主网站映射
2026-09-06 23:42:23 [DEBUG] core.topology_builder: 主配接口降级（非错）: 无法从LINE_NAME=10kVLINE124解析出主网站映射
2026-09-06 23:42:23 [DEBUG] core.topology_builder: 主配接口降级（非错）: 无法从LINE_NAME=10kVLINE125解析出主网站映射
2026-09-06 23:42:23 [DEBUG] core.topology_builder: 主配接口降级（非错）: 无法从LINE_NAME=10kVLINE126解析出主网站映射
2026-09-06 23:42:23 [DEBUG] core.topology_builder: 主配接口降级（非错）: 无法从LINE_NAME=10kVLINE127解析出主网站映射
2026-09-06 23:42:23 [DEBUG] core.topology_builder: 主配接口降级（非错）: 无法从LINE_NAME=10kVLINE089解析出主网站映射
2026-09-06 23:42:23 [DEBUG] core.topology_builder: 主配接口降级（非错）: 无法从LINE_NAME=10kVLINE090解析出主网站映射
2026-09-06 23:42:23 [DEBUG] core.topology_builder: 主配接口降级（非错）: 无法从LINE_NAME=10kVLINE128解析出主网站映射
2026-09-06 23:42:23 [DEBUG] core.topology_builder: 主配接口降级（非错）: 无法从LINE_NAME=10kVLINE037解析出主网站映射
2026-09-06 23:42:23 [DEBUG] core.topology_builder: 主配接口降级（非错）: 无法从LINE_NAME=10kVLINE071解析出主网站映射
2026-09-06 23:42:23 [DEBUG] core.topology_builder: 主配接口降级（非错）: 无法从LINE_NAME=10kVLINE129解析出主网站映射
2026-09-06 23:42:23 [DEBUG] core.topology_builder: 主配接口降级（非错）: 无法从LINE_NAME=10kVLINE009解析出主网站映射
2026-09-06 23:42:23 [DEBUG] core.topology_builder: 主配接口降级（非错）: 无法从LINE_NAME=10kVLINE022解析出主网站映射
2026-09-06 23:42:23 [DEBUG] core.topology_builder: 主配接口降级（非错）: 无法从LINE_NAME=10kVLINE028解析出主网站映射
2026-09-06 23:42:23 [DEBUG] core.topology_builder: 主配接口降级（非错）: 无法从LINE_NAME=10kVLINE019解析出主网站映射
2026-09-06 23:42:23 [DEBUG] core.topology_builder: 主配接口降级（非错）: 无法从LINE_NAME=10kVLINE015解析出主网站映射
2026-09-06 23:42:23 [DEBUG] core.topology_builder: 主配接口降级（非错）: 无法从LINE_NAME=10kVLINE130解析出主网站映射
2026-09-06 23:42:23 [DEBUG] core.topology_builder: 主配接口降级（非错）: 无法从LINE_NAME=10kVLINE131解析出主网站映射
2026-09-06 23:42:23 [DEBUG] core.topology_builder: 主配接口降级（非错）: 无法从LINE_NAME=10kVLINE132解析出主网站映射
2026-09-06 23:42:23 [DEBUG] core.topology_builder: 主配接口降级（非错）: 无法从LINE_NAME=10kVLINE061解析出主网站映射
2026-09-06 23:42:23 [DEBUG] core.topology_builder: 主配接口降级（非错）: 无法从LINE_NAME=10kVLINE133解析出主网站映射
2026-09-06 23:42:23 [DEBUG] core.topology_builder: 主配接口降级（非错）: 无法从LINE_NAME=10kVLINE075解析出主网站映射
2026-09-06 23:42:23 [DEBUG] core.topology_builder: 主配接口降级（非错）: 无法从LINE_NAME=10kVLINE016解析出主网站映射
2026-09-06 23:42:23 [DEBUG] core.topology_builder: 主配接口降级（非错）: 无法从LINE_NAME=10kVLINE134解析出主网站映射
2026-09-06 23:42:23 [DEBUG] core.topology_builder: 主配接口降级（非错）: 无法从LINE_NAME=10kVLINE043解析出主网站映射
2026-09-06 23:42:23 [DEBUG] core.topology_builder: 主配接口降级（非错）: 无法从LINE_NAME=10kVLINE050解析出主网站映射
2026-09-06 23:42:23 [DEBUG] core.topology_builder: 主配接口降级（非错）: 无法从LINE_NAME=10kVLINE054解析出主网站映射
2026-09-06 23:42:23 [DEBUG] core.topology_builder: 主配接口降级（非错）: 无法从LINE_NAME=10kVLINE040解析出主网站映射
2026-09-06 23:42:23 [DEBUG] core.topology_builder: 主配接口降级（非错）: 无法从LINE_NAME=10kVLINE021解析出主网站映射
2026-09-06 23:42:23 [DEBUG] core.topology_builder: 主配接口降级（非错）: 无法从LINE_NAME=10kVLINE023解析出主网站映射
2026-09-06 23:42:23 [DEBUG] core.topology_builder: 主配接口降级（非错）: 无法从LINE_NAME=10kVLINE020解析出主网站映射
2026-09-06 23:42:23 [DEBUG] core.topology_builder: 主配接口降级（非错）: 无法从LINE_NAME=10kVLINE135解析出主网站映射
2026-09-06 23:42:23 [DEBUG] core.topology_builder: 主配接口降级（非错）: 无法从LINE_NAME=10kVLINE136解析出主网站映射
2026-09-06 23:42:23 [DEBUG] core.topology_builder: 主配接口降级（非错）: 无法从LINE_NAME=10kVLINE097解析出主网站映射
2026-09-06 23:42:23 [DEBUG] core.topology_builder: 主配接口降级（非错）: 无法从LINE_NAME=10kVLINE096解析出主网站映射
2026-09-06 23:42:23 [DEBUG] core.topology_builder: 主配接口降级（非错）: 无法从LINE_NAME=10kVLINE137解析出主网站映射
2026-09-06 23:42:23 [DEBUG] core.topology_builder: 主配接口降级（非错）: 无法从LINE_NAME=10kVLINE138解析出主网站映射
2026-09-06 23:42:23 [DEBUG] core.topology_builder: 主配接口降级（非错）: 无法从LINE_NAME=10kVLINE139解析出主网站映射
2026-09-06 23:42:23 [DEBUG] core.topology_builder: 主配接口降级（非错）: 无法从LINE_NAME=10kVLINE140解析出主网站映射
2026-09-06 23:42:23 [DEBUG] core.topology_builder: 主配接口降级（非错）: 无法从LINE_NAME=10kVLINE141解析出主网站映射
2026-09-06 23:42:23 [DEBUG] core.topology_builder: 主配接口降级（非错）: 无法从LINE_NAME=10kVLINE049解析出主网站映射
2026-09-06 23:42:23 [DEBUG] core.topology_builder: 主配接口降级（非错）: 无法从LINE_NAME=10kVLINE142解析出主网站映射
2026-09-06 23:42:23 [DEBUG] core.topology_builder: 主配接口降级（非错）: 无法从LINE_NAME=10kVLINE042解析出主网站映射
2026-09-06 23:42:23 [DEBUG] core.topology_builder: 主配接口降级（非错）: 无法从LINE_NAME=10kVLINE056解析出主网站映射
2026-09-06 23:42:23 [DEBUG] core.topology_builder: 主配接口降级（非错）: 无法从LINE_NAME=10kVLINE143解析出主网站映射
2026-09-06 23:42:23 [DEBUG] core.topology_builder: 主配接口降级（非错）: 无法从LINE_NAME=10kVLINE144解析出主网站映射
2026-09-06 23:42:23 [DEBUG] core.topology_builder: 主配接口降级（非错）: 无法从LINE_NAME=10kVLINE070解析出主网站映射
2026-09-06 23:42:23 [DEBUG] core.topology_builder: 主配接口降级（非错）: 无法从LINE_NAME=10kVLINE069解析出主网站映射
2026-09-06 23:42:23 [DEBUG] core.topology_builder: 主配接口降级（非错）: 无法从LINE_NAME=10kVLINE145解析出主网站映射
2026-09-06 23:42:23 [DEBUG] core.topology_builder: 主配接口降级（非错）: 无法从LINE_NAME=10kVLINE146解析出主网站映射
2026-09-06 23:42:23 [DEBUG] core.topology_builder: 主配接口降级（非错）: 无法从LINE_NAME=10kVLINE147解析出主网站映射
2026-09-06 23:42:23 [DEBUG] core.topology_builder: 主配接口降级（非错）: 无法从LINE_NAME=10kVLINE148解析出主网站映射
2026-09-06 23:42:23 [DEBUG] core.topology_builder: 主配接口降级（非错）: 无法从LINE_NAME=10kVLINE025解析出主网站映射
2026-09-06 23:42:23 [DEBUG] core.topology_builder: 主配接口降级（非错）: 无法从LINE_NAME=20kVLINE149解析出主网站映射
2026-09-06 23:42:23 [DEBUG] core.topology_builder: 主配接口降级（非错）: 无法从LINE_NAME=10kVLINE083解析出主网站映射
2026-09-06 23:42:23 [DEBUG] core.topology_builder: 主配接口降级（非错）: 无法从LINE_NAME=20kVLINE150解析出主网站映射
2026-09-06 23:42:23 [DEBUG] core.topology_builder: 主配接口降级（非错）: 无法从LINE_NAME=20kVLINE151解析出主网站映射
2026-09-06 23:42:23 [DEBUG] core.topology_builder: 主配接口降级（非错）: 无法从LINE_NAME=20kVLINE152解析出主网站映射
2026-09-06 23:42:23 [DEBUG] core.topology_builder: 主配接口降级（非错）: 无法从LINE_NAME=10kVLINE046解析出主网站映射
2026-09-06 23:42:23 [DEBUG] core.topology_builder: 主配接口降级（非错）: 无法从LINE_NAME=10kVLINE045解析出主网站映射
2026-09-06 23:42:23 [DEBUG] core.topology_builder: 主配接口降级（非错）: 无法从LINE_NAME=10kVLINE153解析出主网站映射
2026-09-06 23:42:23 [DEBUG] core.topology_builder: 主配接口降级（非错）: 无法从LINE_NAME=10kVLINE154解析出主网站映射
2026-09-06 23:42:23 [DEBUG] core.topology_builder: 主配接口降级（非错）: 无法从LINE_NAME=10kVLINE155解析出主网站映射
2026-09-06 23:42:23 [DEBUG] core.topology_builder: 主配接口降级（非错）: 无法从LINE_NAME=10kVLINE156解析出主网站映射
2026-09-06 23:42:23 [DEBUG] core.topology_builder: 主配接口降级（非错）: 无法从LINE_NAME=10kVLINE058解析出主网站映射
2026-09-06 23:42:23 [DEBUG] core.topology_builder: 主配接口降级（非错）: 无法从LINE_NAME=10kVLINE059解析出主网站映射
2026-09-06 23:42:23 [DEBUG] core.topology_builder: 主配接口降级（非错）: 无法从LINE_NAME=10kVLINE157解析出主网站映射
2026-09-06 23:42:23 [DEBUG] core.topology_builder: 主配接口降级（非错）: 无法从LINE_NAME=10kVLINE088解析出主网站映射
2026-09-06 23:42:23 [DEBUG] core.topology_builder: 主配接口降级（非错）: 无法从LINE_NAME=10kVLINE121_185解析出主网站映射
2026-09-06 23:42:23 [DEBUG] core.topology_builder: 主配接口降级（非错）: 无法从LINE_NAME=10kVLINE081解析出主网站映射
2026-09-06 23:42:23 [DEBUG] core.topology_builder: 主配接口降级（非错）: 无法从LINE_NAME=10kVLINE158解析出主网站映射
2026-09-06 23:42:23 [DEBUG] core.topology_builder: 主配接口降级（非错）: 无法从LINE_NAME=10kVLINE159解析出主网站映射
2026-09-06 23:42:23 [DEBUG] core.topology_builder: 主配接口降级（非错）: 无法从LINE_NAME=10kVLINE160解析出主网站映射
2026-09-06 23:42:23 [DEBUG] core.topology_builder: 主配接口降级（非错）: 无法从LINE_NAME=10kVLINE161解析出主网站映射
2026-09-06 23:42:23 [DEBUG] core.topology_builder: 主配接口降级（非错）: 无法从LINE_NAME=10kVLINE162解析出主网站映射
2026-09-06 23:42:23 [DEBUG] core.topology_builder: 主配接口降级（非错）: 无法从LINE_NAME=10kVLINE163解析出主网站映射
2026-09-06 23:42:23 [DEBUG] core.topology_builder: 主配接口降级（非错）: 无法从LINE_NAME=10kVLINE164解析出主网站映射
2026-09-06 23:42:23 [DEBUG] core.topology_builder: 主配接口降级（非错）: 无法从LINE_NAME=10kVLINE165解析出主网站映射
2026-09-06 23:42:23 [DEBUG] core.topology_builder: 主配接口降级（非错）: 无法从LINE_NAME=10kVLINE166解析出主网站映射
2026-09-06 23:42:23 [DEBUG] core.topology_builder: 主配接口降级（非错）: 无法从LINE_NAME=10kVLINE167解析出主网站映射
2026-09-06 23:42:23 [DEBUG] core.topology_builder: 主配接口降级（非错）: 无法从LINE_NAME=10kVLINE168解析出主网站映射
2026-09-06 23:42:23 [DEBUG] core.topology_builder: 主配接口降级（非错）: 无法从LINE_NAME=10kVLINE014解析出主网站映射
2026-09-06 23:42:23 [DEBUG] core.topology_builder: 主配接口降级（非错）: 无法从LINE_NAME=10kVLINE169解析出主网站映射
2026-09-06 23:42:23 [DEBUG] core.topology_builder: 主配接口降级（非错）: 无法从LINE_NAME=10kVLINE170解析出主网站映射
2026-09-06 23:42:23 [DEBUG] core.topology_builder: 主配接口降级（非错）: 无法从LINE_NAME=10kVLINE171解析出主网站映射
2026-09-06 23:42:23 [DEBUG] core.topology_builder: 主配接口降级（非错）: 无法从LINE_NAME=10kVLINE172解析出主网站映射
2026-09-06 23:42:23 [DEBUG] core.topology_builder: 主配接口降级（非错）: 无法从LINE_NAME=10kVLINE173解析出主网站映射
2026-09-06 23:42:23 [DEBUG] core.topology_builder: 主配接口降级（非错）: 无法从LINE_NAME=10kVLINE174解析出主网站映射
2026-09-06 23:42:23 [DEBUG] core.topology_builder: 主配接口降级（非错）: 无法从LINE_NAME=10kVLINE175解析出主网站映射
2026-09-06 23:42:23 [DEBUG] core.topology_builder: 主配接口降级（非错）: 无法从LINE_NAME=10kVLINE176解析出主网站映射
2026-09-06 23:42:23 [DEBUG] core.topology_builder: 主配接口降级（非错）: 无法从LINE_NAME=10kVLINE177解析出主网站映射
2026-09-06 23:42:24 [DEBUG] core.topology_builder: 主配接口降级（非错）: 无法从LINE_NAME=10kVLINE044解析出主网站映射
2026-09-06 23:42:24 [DEBUG] core.topology_builder: 主配接口降级（非错）: 无法从LINE_NAME=10kVLINE178解析出主网站映射
2026-09-06 23:42:24 [DEBUG] core.topology_builder: 主配接口降级（非错）: 无法从LINE_NAME=10kVLINE179解析出主网站映射
2026-09-06 23:42:24 [DEBUG] core.topology_builder: 主配接口降级（非错）: 无法从LINE_NAME=10kVLINE180解析出主网站映射
2026-09-06 23:42:24 [DEBUG] core.topology_builder: 主配接口降级（非错）: 无法从LINE_NAME=20kVLINE181解析出主网站映射
2026-09-06 23:42:24 [DEBUG] core.topology_builder: 主配接口降级（非错）: 无法从LINE_NAME=10kVLINE182解析出主网站映射
2026-09-06 23:42:24 [DEBUG] core.topology_builder: 主配接口降级（非错）: 无法从LINE_NAME=10kVLINE183解析出主网站映射
2026-09-06 23:42:24 [DEBUG] core.topology_builder: 主配接口降级（非错）: 无法从LINE_NAME=10kVLINE184解析出主网站映射
2026-09-06 23:42:24 [DEBUG] core.topology_builder: 主配接口降级（非错）: 无法从LINE_NAME=10kVLINE186解析出主网站映射
2026-09-06 23:42:24 [DEBUG] core.topology_builder: 主配接口降级（非错）: 无法从LINE_NAME=10kVLINE187解析出主网站映射
2026-09-06 23:42:24 [DEBUG] core.topology_builder: 主配接口降级（非错）: 无法从LINE_NAME=10kVLINE188解析出主网站映射
2026-09-06 23:42:24 [DEBUG] core.topology_builder: 主配接口降级（非错）: 无法从LINE_NAME=10kVLINE189解析出主网站映射
2026-09-06 23:42:24 [DEBUG] core.topology_builder: 主配接口降级（非错）: 无法从LINE_NAME=10kVLINE190解析出主网站映射
2026-09-06 23:42:24 [DEBUG] core.topology_builder: 主配接口降级（非错）: 无法从LINE_NAME=10kVLINE191解析出主网站映射
2026-09-06 23:42:24 [DEBUG] core.topology_builder: 主配接口降级（非错）: 无法从LINE_NAME=10kVLINE192解析出主网站映射
2026-09-06 23:42:24 [DEBUG] core.topology_builder: 主配接口降级（非错）: 无法从LINE_NAME=10kVLINE193解析出主网站映射
2026-09-06 23:42:24 [DEBUG] core.topology_builder: 主配接口降级（非错）: 无法从LINE_NAME=10kVLINE194解析出主网站映射
2026-09-06 23:42:24 [DEBUG] core.topology_builder: 主配接口降级（非错）: 无法从LINE_NAME=10kVLINE195解析出主网站映射
2026-09-06 23:42:24 [DEBUG] core.topology_builder: 主配接口降级（非错）: 无法从LINE_NAME=10kVLINE196解析出主网站映射
2026-09-06 23:42:24 [DEBUG] core.topology_builder: 主配接口降级（非错）: 无法从LINE_NAME=10kVLINE197解析出主网站映射
2026-09-06 23:42:24 [DEBUG] core.topology_builder: 主配接口降级（非错）: 无法从LINE_NAME=10kVLINE198解析出主网站映射
2026-09-06 23:42:24 [DEBUG] core.topology_builder: 主配接口降级（非错）: 无法从LINE_NAME=10kVLINE199解析出主网站映射
2026-09-06 23:42:24 [DEBUG] core.topology_builder: 主配接口降级（非错）: 无法从LINE_NAME=10kVLINE063解析出主网站映射
2026-09-06 23:42:24 [DEBUG] core.topology_builder: 主配接口降级（非错）: 无法从LINE_NAME=10kVLINE200解析出主网站映射
2026-09-06 23:42:24 [DEBUG] core.topology_builder: 主配接口降级（非错）: 无法从LINE_NAME=10kVLINE201解析出主网站映射
2026-09-06 23:42:24 [DEBUG] core.topology_builder: 主配接口降级（非错）: 无法从LINE_NAME=10kVLINE202解析出主网站映射
2026-09-06 23:42:24 [DEBUG] core.topology_builder: 主配接口降级（非错）: 无法从LINE_NAME=10kVLINE203解析出主网站映射
2026-09-06 23:42:24 [DEBUG] core.topology_builder: 主配接口降级（非错）: 无法从LINE_NAME=10kVLINE204解析出主网站映射
2026-09-06 23:42:24 [DEBUG] core.topology_builder: 主配接口降级（非错）: 无法从LINE_NAME=10kVLINE205解析出主网站映射
2026-09-06 23:42:24 [DEBUG] core.topology_builder: 主配接口降级（非错）: 无法从LINE_NAME=10kVLINE051解析出主网站映射
2026-09-06 23:42:24 [DEBUG] core.topology_builder: 主配接口降级（非错）: 无法从LINE_NAME=10kVLINE187解析出主网站映射
2026-09-06 23:42:24 [DEBUG] core.topology_builder: 主配接口降级（非错）: 无法从LINE_NAME=10kVLINE207解析出主网站映射
2026-09-06 23:42:24 [DEBUG] core.topology_builder: 主配接口降级（非错）: 无法从LINE_NAME=10kVLINE208解析出主网站映射
2026-09-06 23:42:24 [DEBUG] core.topology_builder: 主配接口降级（非错）: 无法从LINE_NAME=10kVLINE209解析出主网站映射
2026-09-06 23:42:24 [DEBUG] core.topology_builder: 主配接口降级（非错）: 无法从LINE_NAME=10kVLINE210解析出主网站映射
2026-09-06 23:42:24 [DEBUG] core.topology_builder: 主配接口降级（非错）: 无法从LINE_NAME=10kVLINE212解析出主网站映射
2026-09-06 23:42:24 [DEBUG] core.topology_builder: 主配接口降级（非错）: 无法从LINE_NAME=10kVLINE213解析出主网站映射
2026-09-06 23:42:24 [DEBUG] core.topology_builder: 主配接口降级（非错）: 无法从LINE_NAME=LINE215解析出主网站映射
2026-09-06 23:42:24 [DEBUG] core.topology_builder: 主配接口降级（非错）: 无法从LINE_NAME=LINE216解析出主网站映射
2026-09-06 23:42:24 [INFO] core.topology_builder: 主配接口校验：通过=184 失败=5
2026-09-06 23:42:24 [INFO] core.topology_builder: [主配接口校验] 4.1/4.2 命中缺陷: 5
2026-09-06 23:42:34 [INFO] core.score_engine: 评分结果: 设备=50744 缺陷=5246 扣分=75.00 缺陷率=10.34% 缺陷率扣分=26.69 score_before=0.0 score_after=0.0
2026-09-06 23:42:35 [INFO] core.feeder_topology_analysis: Sheet3 联络开关: feeder=TMP00000188 识别到 1 个联络开关
2026-09-06 23:42:35 [DEBUG] core.feeder_topology_analysis: P1-P7 引擎产生 15 条断点候选
2026-09-06 23:42:35 [INFO] core.feeder_topology_analysis: Sheet2 断点定位: feeder=TMP00000188 共 378 条 (P1-P7 优先级排序)
2026-09-06 23:42:35 [INFO] core.feeder_topology_analysis: Sheet4 合环识别: feeder=TMP00000188 共 2 条
2026-09-06 23:43:11 [INFO] core.score_engine: 评分结果: 设备=50744 缺陷=4857 扣分=75.00 缺陷率=9.57% 缺陷率扣分=22.86 score_before=2.1 score_after=2.1
2026-09-06 23:43:12 [INFO] core.feeder_topology_analysis: Sheet3 联络开关: feeder=TMP00000189 识别到 1 个联络开关
2026-09-06 23:43:12 [DEBUG] core.feeder_topology_analysis: P1-P7 引擎产生 54 条断点候选
2026-09-06 23:43:12 [INFO] core.feeder_topology_analysis: Sheet2 断点定位: feeder=TMP00000189 共 256 条 (P1-P7 优先级排序)
2026-09-06 23:43:12 [INFO] core.feeder_topology_analysis: Sheet4 合环识别: feeder=TMP00000189 共 9 条
2026-09-06 23:43:53 [INFO] core.topology_builder: 主配数据拆分完成：主网设备=1167 配网设备=50744 主网线段=223 配网线段=189 主网站=10 遥信遥测=5829 ZWMEA=442 ZWSIGNAL=1567
2026-09-06 23:43:53 [INFO] core.topology_builder: 主网设备数量：1167
2026-09-06 23:43:53 [INFO] core.topology_builder: 配网设备数量：50744
2026-09-06 23:43:53 [INFO] core.topology_builder: 主网线路(ZLINEEND)数量：223
2026-09-06 23:43:53 [INFO] core.topology_builder: 配网线路(PWFEEDERLINE)数量：189
2026-09-06 23:43:53 [INFO] core.topology_builder: 主网站点(ZWSUBSTATION)数量：10
2026-09-06 23:43:53 [INFO] core.topology_builder: 遥信遥测(PWREAL)记录数：5829
2026-09-06 23:43:53 [INFO] core.topology_builder: 主网遥测(ZWMEA)：442 主网遥信(ZWSIGNAL)：1567
2026-09-06 23:43:53 [INFO] core.topology_builder: [Builder] 正在添加 1167 个主网设备和 50744 个配网设备...
2026-09-06 23:43:53 [INFO] core.topology_builder: 主网电源设备数=47
2026-09-06 23:43:53 [INFO] core.topology_builder: 主网电源设备识别: 47 台
2026-09-06 23:43:54 [DEBUG] core.topology_builder: 已处理 10000 个配网设备
2026-09-06 23:43:56 [DEBUG] core.topology_builder: 已处理 20000 个配网设备
2026-09-06 23:43:58 [DEBUG] core.topology_builder: 已处理 30000 个配网设备
2026-09-06 23:44:00 [DEBUG] core.topology_builder: 已处理 40000 个配网设备
2026-09-06 23:44:02 [DEBUG] core.topology_builder: 已处理 50000 个配网设备
2026-09-06 23:44:02 [INFO] core.topology_builder: 配网电源设备数=17643
2026-09-06 23:44:02 [INFO] core.topology_builder: 配网电源设备识别: 17643 台
2026-09-06 23:44:07 [INFO] core.topology_builder: 主配电源注入（v2-ZWLINEEND映射）: 0 台配网设备接入主网电源
2026-09-06 23:44:07 [INFO] core.topology_builder:   ZWLINEEND 解析出馈线→主网站映射数: 0
2026-09-06 23:44:26 [INFO] core.topology_builder: [Builder] 配网真实端子数量:76354
2026-09-06 23:44:26 [INFO] core.topology_builder: [Builder] 主网真实端子数量:1562
2026-09-06 23:44:38 [INFO] core.topology_builder: [端子建边完成] 配网拓扑边数量：117276
2026-09-06 23:44:38 [INFO] core.topology_builder: [端子建边完成] 主网拓扑边数量：2632
2026-09-06 23:44:51 [INFO] core.measure_preprocess: [MeasurePreprocess] 遥信实测开关数量：6666
2026-09-06 23:44:51 [INFO] core.measure_preprocess: [MeasurePreprocess] 默认合位开关数量：10942
2026-09-06 23:44:51 [INFO] core.topology_builder: [遥信预处理统计] 总开关状态映射条目:17608 实际挂载到设备:16592
2026-09-06 23:44:51 [INFO] core.topology_builder: 遥信实测开关:6666，赛题默认合位推演开关:10942
2026-09-06 23:45:11 [DEBUG] core.topology_builder: 主配接口降级（非错）: 无法从LINE_NAME=10kVLINE098解析出主网站映射
2026-09-06 23:45:11 [DEBUG] core.topology_builder: 主配接口降级（非错）: 无法从LINE_NAME=10kVLINE060解析出主网站映射
2026-09-06 23:45:11 [DEBUG] core.topology_builder: 主配接口降级（非错）: 无法从LINE_NAME=10kVLINE004解析出主网站映射
2026-09-06 23:45:11 [DEBUG] core.topology_builder: 主配接口降级（非错）: 无法从LINE_NAME=10kVLINE082解析出主网站映射
2026-09-06 23:45:11 [DEBUG] core.topology_builder: 主配接口降级（非错）: 无法从LINE_NAME=10kVLINE018解析出主网站映射
2026-09-06 23:45:11 [DEBUG] core.topology_builder: 主配接口降级（非错）: 无法从LINE_NAME=10kVLINE074解析出主网站映射
2026-09-06 23:45:11 [DEBUG] core.topology_builder: 主配接口降级（非错）: 无法从LINE_NAME=10kVLINE099解析出主网站映射
2026-09-06 23:45:11 [DEBUG] core.topology_builder: 主配接口降级（非错）: 无法从LINE_NAME=10kVLINE041解析出主网站映射
2026-09-06 23:45:11 [DEBUG] core.topology_builder: 主配接口降级（非错）: 无法从LINE_NAME=10kVLINE086解析出主网站映射
2026-09-06 23:45:11 [DEBUG] core.topology_builder: 主配接口降级（非错）: 无法从LINE_NAME=10kVLINE073解析出主网站映射
2026-09-06 23:45:11 [DEBUG] core.topology_builder: 主配接口降级（非错）: 无法从LINE_NAME=10kVLINE033解析出主网站映射
2026-09-06 23:45:11 [DEBUG] core.topology_builder: 主配接口降级（非错）: 无法从LINE_NAME=10kVLINE091解析出主网站映射
2026-09-06 23:45:11 [DEBUG] core.topology_builder: 主配接口降级（非错）: 无法从LINE_NAME=10kVLINE100解析出主网站映射
2026-09-06 23:45:11 [DEBUG] core.topology_builder: 主配接口降级（非错）: 无法从LINE_NAME=10kVLINE013解析出主网站映射
2026-09-06 23:45:11 [DEBUG] core.topology_builder: 主配接口降级（非错）: 无法从LINE_NAME=10kVLINE101解析出主网站映射
2026-09-06 23:45:11 [DEBUG] core.topology_builder: 主配接口降级（非错）: 无法从LINE_NAME=10kVLINE035解析出主网站映射
2026-09-06 23:45:11 [DEBUG] core.topology_builder: 主配接口降级（非错）: 无法从LINE_NAME=10kVLINE102解析出主网站映射
2026-09-06 23:45:11 [DEBUG] core.topology_builder: 主配接口降级（非错）: 无法从LINE_NAME=10kVLINE103解析出主网站映射
2026-09-06 23:45:11 [DEBUG] core.topology_builder: 主配接口降级（非错）: 无法从LINE_NAME=10kVLINE055解析出主网站映射
2026-09-06 23:45:11 [DEBUG] core.topology_builder: 主配接口降级（非错）: 无法从LINE_NAME=10kVLINE024解析出主网站映射
2026-09-06 23:45:11 [DEBUG] core.topology_builder: 主配接口降级（非错）: 无法从LINE_NAME=10kVLINE084解析出主网站映射
2026-09-06 23:45:11 [DEBUG] core.topology_builder: 主配接口降级（非错）: 无法从LINE_NAME=10kVLINE087解析出主网站映射
2026-09-06 23:45:11 [DEBUG] core.topology_builder: 主配接口降级（非错）: 无法从LINE_NAME=20kVLINE104解析出主网站映射
2026-09-06 23:45:11 [DEBUG] core.topology_builder: 主配接口降级（非错）: 无法从LINE_NAME=10kVLINE012解析出主网站映射
2026-09-06 23:45:11 [DEBUG] core.topology_builder: 主配接口降级（非错）: 无法从LINE_NAME=10kVLINE105解析出主网站映射
2026-09-06 23:45:11 [DEBUG] core.topology_builder: 主配接口降级（非错）: 无法从LINE_NAME=10kVLINE106解析出主网站映射
2026-09-06 23:45:11 [DEBUG] core.topology_builder: 主配接口降级（非错）: 无法从LINE_NAME=10kVLINE094解析出主网站映射
2026-09-06 23:45:11 [DEBUG] core.topology_builder: 主配接口降级（非错）: 无法从LINE_NAME=10kVLINE107解析出主网站映射
2026-09-06 23:45:11 [DEBUG] core.topology_builder: 主配接口降级（非错）: 无法从LINE_NAME=10kVLINE053解析出主网站映射
2026-09-06 23:45:11 [DEBUG] core.topology_builder: 主配接口降级（非错）: 无法从LINE_NAME=20kVLINE108解析出主网站映射
2026-09-06 23:45:11 [DEBUG] core.topology_builder: 主配接口降级（非错）: 无法从LINE_NAME=20kVLINE109解析出主网站映射
2026-09-06 23:45:11 [DEBUG] core.topology_builder: 主配接口降级（非错）: 无法从LINE_NAME=10kVLINE110解析出主网站映射
2026-09-06 23:45:11 [DEBUG] core.topology_builder: 主配接口降级（非错）: 无法从LINE_NAME=10kVLINE111解析出主网站映射
2026-09-06 23:45:11 [DEBUG] core.topology_builder: 主配接口降级（非错）: 无法从LINE_NAME=10kVLINE112解析出主网站映射
2026-09-06 23:45:11 [DEBUG] core.topology_builder: 主配接口降级（非错）: 无法从LINE_NAME=20kVLINE113解析出主网站映射
2026-09-06 23:45:11 [DEBUG] core.topology_builder: 主配接口降级（非错）: 无法从LINE_NAME=10kVLINE026解析出主网站映射
2026-09-06 23:45:11 [DEBUG] core.topology_builder: 主配接口降级（非错）: 无法从LINE_NAME=10kVLINE048解析出主网站映射
2026-09-06 23:45:11 [DEBUG] core.topology_builder: 主配接口降级（非错）: 无法从LINE_NAME=10kVLINE003解析出主网站映射
2026-09-06 23:45:11 [DEBUG] core.topology_builder: 主配接口降级（非错）: 无法从LINE_NAME=10kVLINE057解析出主网站映射
2026-09-06 23:45:11 [DEBUG] core.topology_builder: 主配接口降级（非错）: 无法从LINE_NAME=10kVLINE077解析出主网站映射
2026-09-06 23:45:11 [DEBUG] core.topology_builder: 主配接口降级（非错）: 无法从LINE_NAME=10kVLINE114解析出主网站映射
2026-09-06 23:45:11 [DEBUG] core.topology_builder: 主配接口降级（非错）: 无法从LINE_NAME=10kVLINE027解析出主网站映射
2026-09-06 23:45:11 [DEBUG] core.topology_builder: 主配接口降级（非错）: 无法从LINE_NAME=10kVLINE115解析出主网站映射
2026-09-06 23:45:11 [DEBUG] core.topology_builder: 主配接口降级（非错）: 无法从LINE_NAME=10kVLINE116解析出主网站映射
2026-09-06 23:45:11 [DEBUG] core.topology_builder: 主配接口降级（非错）: 无法从LINE_NAME=10kVLINE117解析出主网站映射
2026-09-06 23:45:11 [DEBUG] core.topology_builder: 主配接口降级（非错）: 无法从LINE_NAME=10kVLINE118解析出主网站映射
2026-09-06 23:45:11 [DEBUG] core.topology_builder: 主配接口降级（非错）: 无法从LINE_NAME=10kVLINE038解析出主网站映射
2026-09-06 23:45:11 [DEBUG] core.topology_builder: 主配接口降级（非错）: 无法从LINE_NAME=10kVLINE119解析出主网站映射
2026-09-06 23:45:11 [DEBUG] core.topology_builder: 主配接口降级（非错）: 无法从LINE_NAME=20kVLINE120解析出主网站映射
2026-09-06 23:45:11 [DEBUG] core.topology_builder: 主配接口降级（非错）: 无法从LINE_NAME=10kVLINE121_195解析出主网站映射
2026-09-06 23:45:11 [DEBUG] core.topology_builder: 主配接口降级（非错）: 无法从LINE_NAME=10kVLINE076解析出主网站映射
2026-09-06 23:45:11 [DEBUG] core.topology_builder: 主配接口降级（非错）: 无法从LINE_NAME=10kVLINE093解析出主网站映射
2026-09-06 23:45:11 [DEBUG] core.topology_builder: 主配接口降级（非错）: 无法从LINE_NAME=20kVLINE122解析出主网站映射
2026-09-06 23:45:11 [DEBUG] core.topology_builder: 主配接口降级（非错）: 无法从LINE_NAME=10kVLINE123解析出主网站映射
2026-09-06 23:45:11 [DEBUG] core.topology_builder: 主配接口降级（非错）: 无法从LINE_NAME=10kVLINE039解析出主网站映射
2026-09-06 23:45:11 [DEBUG] core.topology_builder: 主配接口降级（非错）: 无法从LINE_NAME=10kVLINE124解析出主网站映射
2026-09-06 23:45:11 [DEBUG] core.topology_builder: 主配接口降级（非错）: 无法从LINE_NAME=10kVLINE125解析出主网站映射
2026-09-06 23:45:11 [DEBUG] core.topology_builder: 主配接口降级（非错）: 无法从LINE_NAME=10kVLINE126解析出主网站映射
2026-09-06 23:45:11 [DEBUG] core.topology_builder: 主配接口降级（非错）: 无法从LINE_NAME=10kVLINE127解析出主网站映射
2026-09-06 23:45:11 [DEBUG] core.topology_builder: 主配接口降级（非错）: 无法从LINE_NAME=10kVLINE089解析出主网站映射
2026-09-06 23:45:11 [DEBUG] core.topology_builder: 主配接口降级（非错）: 无法从LINE_NAME=10kVLINE090解析出主网站映射
2026-09-06 23:45:11 [DEBUG] core.topology_builder: 主配接口降级（非错）: 无法从LINE_NAME=10kVLINE128解析出主网站映射
2026-09-06 23:45:11 [DEBUG] core.topology_builder: 主配接口降级（非错）: 无法从LINE_NAME=10kVLINE037解析出主网站映射
2026-09-06 23:45:11 [DEBUG] core.topology_builder: 主配接口降级（非错）: 无法从LINE_NAME=10kVLINE071解析出主网站映射
2026-09-06 23:45:11 [DEBUG] core.topology_builder: 主配接口降级（非错）: 无法从LINE_NAME=10kVLINE129解析出主网站映射
2026-09-06 23:45:11 [DEBUG] core.topology_builder: 主配接口降级（非错）: 无法从LINE_NAME=10kVLINE009解析出主网站映射
2026-09-06 23:45:11 [DEBUG] core.topology_builder: 主配接口降级（非错）: 无法从LINE_NAME=10kVLINE022解析出主网站映射
2026-09-06 23:45:11 [DEBUG] core.topology_builder: 主配接口降级（非错）: 无法从LINE_NAME=10kVLINE028解析出主网站映射
2026-09-06 23:45:11 [DEBUG] core.topology_builder: 主配接口降级（非错）: 无法从LINE_NAME=10kVLINE019解析出主网站映射
2026-09-06 23:45:11 [DEBUG] core.topology_builder: 主配接口降级（非错）: 无法从LINE_NAME=10kVLINE015解析出主网站映射
2026-09-06 23:45:11 [DEBUG] core.topology_builder: 主配接口降级（非错）: 无法从LINE_NAME=10kVLINE130解析出主网站映射
2026-09-06 23:45:11 [DEBUG] core.topology_builder: 主配接口降级（非错）: 无法从LINE_NAME=10kVLINE131解析出主网站映射
2026-09-06 23:45:11 [DEBUG] core.topology_builder: 主配接口降级（非错）: 无法从LINE_NAME=10kVLINE132解析出主网站映射
2026-09-06 23:45:11 [DEBUG] core.topology_builder: 主配接口降级（非错）: 无法从LINE_NAME=10kVLINE061解析出主网站映射
2026-09-06 23:45:11 [DEBUG] core.topology_builder: 主配接口降级（非错）: 无法从LINE_NAME=10kVLINE133解析出主网站映射
2026-09-06 23:45:11 [DEBUG] core.topology_builder: 主配接口降级（非错）: 无法从LINE_NAME=10kVLINE075解析出主网站映射
2026-09-06 23:45:11 [DEBUG] core.topology_builder: 主配接口降级（非错）: 无法从LINE_NAME=10kVLINE016解析出主网站映射
2026-09-06 23:45:11 [DEBUG] core.topology_builder: 主配接口降级（非错）: 无法从LINE_NAME=10kVLINE134解析出主网站映射
2026-09-06 23:45:11 [DEBUG] core.topology_builder: 主配接口降级（非错）: 无法从LINE_NAME=10kVLINE043解析出主网站映射
2026-09-06 23:45:11 [DEBUG] core.topology_builder: 主配接口降级（非错）: 无法从LINE_NAME=10kVLINE050解析出主网站映射
2026-09-06 23:45:11 [DEBUG] core.topology_builder: 主配接口降级（非错）: 无法从LINE_NAME=10kVLINE054解析出主网站映射
2026-09-06 23:45:11 [DEBUG] core.topology_builder: 主配接口降级（非错）: 无法从LINE_NAME=10kVLINE040解析出主网站映射
2026-09-06 23:45:11 [DEBUG] core.topology_builder: 主配接口降级（非错）: 无法从LINE_NAME=10kVLINE021解析出主网站映射
2026-09-06 23:45:11 [DEBUG] core.topology_builder: 主配接口降级（非错）: 无法从LINE_NAME=10kVLINE023解析出主网站映射
2026-09-06 23:45:11 [DEBUG] core.topology_builder: 主配接口降级（非错）: 无法从LINE_NAME=10kVLINE020解析出主网站映射
2026-09-06 23:45:11 [DEBUG] core.topology_builder: 主配接口降级（非错）: 无法从LINE_NAME=10kVLINE135解析出主网站映射
2026-09-06 23:45:11 [DEBUG] core.topology_builder: 主配接口降级（非错）: 无法从LINE_NAME=10kVLINE136解析出主网站映射
2026-09-06 23:45:11 [DEBUG] core.topology_builder: 主配接口降级（非错）: 无法从LINE_NAME=10kVLINE097解析出主网站映射
2026-09-06 23:45:11 [DEBUG] core.topology_builder: 主配接口降级（非错）: 无法从LINE_NAME=10kVLINE096解析出主网站映射
2026-09-06 23:45:11 [DEBUG] core.topology_builder: 主配接口降级（非错）: 无法从LINE_NAME=10kVLINE137解析出主网站映射
2026-09-06 23:45:11 [DEBUG] core.topology_builder: 主配接口降级（非错）: 无法从LINE_NAME=10kVLINE138解析出主网站映射
2026-09-06 23:45:11 [DEBUG] core.topology_builder: 主配接口降级（非错）: 无法从LINE_NAME=10kVLINE139解析出主网站映射
2026-09-06 23:45:11 [DEBUG] core.topology_builder: 主配接口降级（非错）: 无法从LINE_NAME=10kVLINE140解析出主网站映射
2026-09-06 23:45:11 [DEBUG] core.topology_builder: 主配接口降级（非错）: 无法从LINE_NAME=10kVLINE141解析出主网站映射
2026-09-06 23:45:11 [DEBUG] core.topology_builder: 主配接口降级（非错）: 无法从LINE_NAME=10kVLINE049解析出主网站映射
2026-09-06 23:45:11 [DEBUG] core.topology_builder: 主配接口降级（非错）: 无法从LINE_NAME=10kVLINE142解析出主网站映射
2026-09-06 23:45:11 [DEBUG] core.topology_builder: 主配接口降级（非错）: 无法从LINE_NAME=10kVLINE042解析出主网站映射
2026-09-06 23:45:11 [DEBUG] core.topology_builder: 主配接口降级（非错）: 无法从LINE_NAME=10kVLINE056解析出主网站映射
2026-09-06 23:45:11 [DEBUG] core.topology_builder: 主配接口降级（非错）: 无法从LINE_NAME=10kVLINE143解析出主网站映射
2026-09-06 23:45:11 [DEBUG] core.topology_builder: 主配接口降级（非错）: 无法从LINE_NAME=10kVLINE144解析出主网站映射
2026-09-06 23:45:11 [DEBUG] core.topology_builder: 主配接口降级（非错）: 无法从LINE_NAME=10kVLINE070解析出主网站映射
2026-09-06 23:45:11 [DEBUG] core.topology_builder: 主配接口降级（非错）: 无法从LINE_NAME=10kVLINE069解析出主网站映射
2026-09-06 23:45:11 [DEBUG] core.topology_builder: 主配接口降级（非错）: 无法从LINE_NAME=10kVLINE145解析出主网站映射
2026-09-06 23:45:11 [DEBUG] core.topology_builder: 主配接口降级（非错）: 无法从LINE_NAME=10kVLINE146解析出主网站映射
2026-09-06 23:45:11 [DEBUG] core.topology_builder: 主配接口降级（非错）: 无法从LINE_NAME=10kVLINE147解析出主网站映射
2026-09-06 23:45:11 [DEBUG] core.topology_builder: 主配接口降级（非错）: 无法从LINE_NAME=10kVLINE148解析出主网站映射
2026-09-06 23:45:11 [DEBUG] core.topology_builder: 主配接口降级（非错）: 无法从LINE_NAME=10kVLINE025解析出主网站映射
2026-09-06 23:45:11 [DEBUG] core.topology_builder: 主配接口降级（非错）: 无法从LINE_NAME=20kVLINE149解析出主网站映射
2026-09-06 23:45:11 [DEBUG] core.topology_builder: 主配接口降级（非错）: 无法从LINE_NAME=10kVLINE083解析出主网站映射
2026-09-06 23:45:11 [DEBUG] core.topology_builder: 主配接口降级（非错）: 无法从LINE_NAME=20kVLINE150解析出主网站映射
2026-09-06 23:45:11 [DEBUG] core.topology_builder: 主配接口降级（非错）: 无法从LINE_NAME=20kVLINE151解析出主网站映射
2026-09-06 23:45:11 [DEBUG] core.topology_builder: 主配接口降级（非错）: 无法从LINE_NAME=20kVLINE152解析出主网站映射
2026-09-06 23:45:11 [DEBUG] core.topology_builder: 主配接口降级（非错）: 无法从LINE_NAME=10kVLINE046解析出主网站映射
2026-09-06 23:45:11 [DEBUG] core.topology_builder: 主配接口降级（非错）: 无法从LINE_NAME=10kVLINE045解析出主网站映射
2026-09-06 23:45:11 [DEBUG] core.topology_builder: 主配接口降级（非错）: 无法从LINE_NAME=10kVLINE153解析出主网站映射
2026-09-06 23:45:11 [DEBUG] core.topology_builder: 主配接口降级（非错）: 无法从LINE_NAME=10kVLINE154解析出主网站映射
2026-09-06 23:45:11 [DEBUG] core.topology_builder: 主配接口降级（非错）: 无法从LINE_NAME=10kVLINE155解析出主网站映射
2026-09-06 23:45:11 [DEBUG] core.topology_builder: 主配接口降级（非错）: 无法从LINE_NAME=10kVLINE156解析出主网站映射
2026-09-06 23:45:11 [DEBUG] core.topology_builder: 主配接口降级（非错）: 无法从LINE_NAME=10kVLINE058解析出主网站映射
2026-09-06 23:45:11 [DEBUG] core.topology_builder: 主配接口降级（非错）: 无法从LINE_NAME=10kVLINE059解析出主网站映射
2026-09-06 23:45:11 [DEBUG] core.topology_builder: 主配接口降级（非错）: 无法从LINE_NAME=10kVLINE157解析出主网站映射
2026-09-06 23:45:11 [DEBUG] core.topology_builder: 主配接口降级（非错）: 无法从LINE_NAME=10kVLINE088解析出主网站映射
2026-09-06 23:45:11 [DEBUG] core.topology_builder: 主配接口降级（非错）: 无法从LINE_NAME=10kVLINE121_185解析出主网站映射
2026-09-06 23:45:11 [DEBUG] core.topology_builder: 主配接口降级（非错）: 无法从LINE_NAME=10kVLINE081解析出主网站映射
2026-09-06 23:45:11 [DEBUG] core.topology_builder: 主配接口降级（非错）: 无法从LINE_NAME=10kVLINE158解析出主网站映射
2026-09-06 23:45:11 [DEBUG] core.topology_builder: 主配接口降级（非错）: 无法从LINE_NAME=10kVLINE159解析出主网站映射
2026-09-06 23:45:11 [DEBUG] core.topology_builder: 主配接口降级（非错）: 无法从LINE_NAME=10kVLINE160解析出主网站映射
2026-09-06 23:45:11 [DEBUG] core.topology_builder: 主配接口降级（非错）: 无法从LINE_NAME=10kVLINE161解析出主网站映射
2026-09-06 23:45:11 [DEBUG] core.topology_builder: 主配接口降级（非错）: 无法从LINE_NAME=10kVLINE162解析出主网站映射
2026-09-06 23:45:11 [DEBUG] core.topology_builder: 主配接口降级（非错）: 无法从LINE_NAME=10kVLINE163解析出主网站映射
2026-09-06 23:45:11 [DEBUG] core.topology_builder: 主配接口降级（非错）: 无法从LINE_NAME=10kVLINE164解析出主网站映射
2026-09-06 23:45:11 [DEBUG] core.topology_builder: 主配接口降级（非错）: 无法从LINE_NAME=10kVLINE165解析出主网站映射
2026-09-06 23:45:11 [DEBUG] core.topology_builder: 主配接口降级（非错）: 无法从LINE_NAME=10kVLINE166解析出主网站映射
2026-09-06 23:45:11 [DEBUG] core.topology_builder: 主配接口降级（非错）: 无法从LINE_NAME=10kVLINE167解析出主网站映射
2026-09-06 23:45:11 [DEBUG] core.topology_builder: 主配接口降级（非错）: 无法从LINE_NAME=10kVLINE168解析出主网站映射
2026-09-06 23:45:11 [DEBUG] core.topology_builder: 主配接口降级（非错）: 无法从LINE_NAME=10kVLINE014解析出主网站映射
2026-09-06 23:45:11 [DEBUG] core.topology_builder: 主配接口降级（非错）: 无法从LINE_NAME=10kVLINE169解析出主网站映射
2026-09-06 23:45:11 [DEBUG] core.topology_builder: 主配接口降级（非错）: 无法从LINE_NAME=10kVLINE170解析出主网站映射
2026-09-06 23:45:11 [DEBUG] core.topology_builder: 主配接口降级（非错）: 无法从LINE_NAME=10kVLINE171解析出主网站映射
2026-09-06 23:45:11 [DEBUG] core.topology_builder: 主配接口降级（非错）: 无法从LINE_NAME=10kVLINE172解析出主网站映射
2026-09-06 23:45:11 [DEBUG] core.topology_builder: 主配接口降级（非错）: 无法从LINE_NAME=10kVLINE173解析出主网站映射
2026-09-06 23:45:11 [DEBUG] core.topology_builder: 主配接口降级（非错）: 无法从LINE_NAME=10kVLINE174解析出主网站映射
2026-09-06 23:45:11 [DEBUG] core.topology_builder: 主配接口降级（非错）: 无法从LINE_NAME=10kVLINE175解析出主网站映射
2026-09-06 23:45:11 [DEBUG] core.topology_builder: 主配接口降级（非错）: 无法从LINE_NAME=10kVLINE176解析出主网站映射
2026-09-06 23:45:11 [DEBUG] core.topology_builder: 主配接口降级（非错）: 无法从LINE_NAME=10kVLINE177解析出主网站映射
2026-09-06 23:45:11 [DEBUG] core.topology_builder: 主配接口降级（非错）: 无法从LINE_NAME=10kVLINE044解析出主网站映射
2026-09-06 23:45:11 [DEBUG] core.topology_builder: 主配接口降级（非错）: 无法从LINE_NAME=10kVLINE178解析出主网站映射
2026-09-06 23:45:11 [DEBUG] core.topology_builder: 主配接口降级（非错）: 无法从LINE_NAME=10kVLINE179解析出主网站映射
2026-09-06 23:45:11 [DEBUG] core.topology_builder: 主配接口降级（非错）: 无法从LINE_NAME=10kVLINE180解析出主网站映射
2026-09-06 23:45:11 [DEBUG] core.topology_builder: 主配接口降级（非错）: 无法从LINE_NAME=20kVLINE181解析出主网站映射
2026-09-06 23:45:11 [DEBUG] core.topology_builder: 主配接口降级（非错）: 无法从LINE_NAME=10kVLINE182解析出主网站映射
2026-09-06 23:45:11 [DEBUG] core.topology_builder: 主配接口降级（非错）: 无法从LINE_NAME=10kVLINE183解析出主网站映射
2026-09-06 23:45:11 [DEBUG] core.topology_builder: 主配接口降级（非错）: 无法从LINE_NAME=10kVLINE184解析出主网站映射
2026-09-06 23:45:11 [DEBUG] core.topology_builder: 主配接口降级（非错）: 无法从LINE_NAME=10kVLINE186解析出主网站映射
2026-09-06 23:45:11 [DEBUG] core.topology_builder: 主配接口降级（非错）: 无法从LINE_NAME=10kVLINE187解析出主网站映射
2026-09-06 23:45:11 [DEBUG] core.topology_builder: 主配接口降级（非错）: 无法从LINE_NAME=10kVLINE188解析出主网站映射
2026-09-06 23:45:11 [DEBUG] core.topology_builder: 主配接口降级（非错）: 无法从LINE_NAME=10kVLINE189解析出主网站映射
2026-09-06 23:45:11 [DEBUG] core.topology_builder: 主配接口降级（非错）: 无法从LINE_NAME=10kVLINE190解析出主网站映射
2026-09-06 23:45:11 [DEBUG] core.topology_builder: 主配接口降级（非错）: 无法从LINE_NAME=10kVLINE191解析出主网站映射
2026-09-06 23:45:11 [DEBUG] core.topology_builder: 主配接口降级（非错）: 无法从LINE_NAME=10kVLINE192解析出主网站映射
2026-09-06 23:45:11 [DEBUG] core.topology_builder: 主配接口降级（非错）: 无法从LINE_NAME=10kVLINE193解析出主网站映射
2026-09-06 23:45:11 [DEBUG] core.topology_builder: 主配接口降级（非错）: 无法从LINE_NAME=10kVLINE194解析出主网站映射
2026-09-06 23:45:11 [DEBUG] core.topology_builder: 主配接口降级（非错）: 无法从LINE_NAME=10kVLINE195解析出主网站映射
2026-09-06 23:45:11 [DEBUG] core.topology_builder: 主配接口降级（非错）: 无法从LINE_NAME=10kVLINE196解析出主网站映射
2026-09-06 23:45:11 [DEBUG] core.topology_builder: 主配接口降级（非错）: 无法从LINE_NAME=10kVLINE197解析出主网站映射
2026-09-06 23:45:11 [DEBUG] core.topology_builder: 主配接口降级（非错）: 无法从LINE_NAME=10kVLINE198解析出主网站映射
2026-09-06 23:45:11 [DEBUG] core.topology_builder: 主配接口降级（非错）: 无法从LINE_NAME=10kVLINE199解析出主网站映射
2026-09-06 23:45:11 [DEBUG] core.topology_builder: 主配接口降级（非错）: 无法从LINE_NAME=10kVLINE063解析出主网站映射
2026-09-06 23:45:11 [DEBUG] core.topology_builder: 主配接口降级（非错）: 无法从LINE_NAME=10kVLINE200解析出主网站映射
2026-09-06 23:45:11 [DEBUG] core.topology_builder: 主配接口降级（非错）: 无法从LINE_NAME=10kVLINE201解析出主网站映射
2026-09-06 23:45:11 [DEBUG] core.topology_builder: 主配接口降级（非错）: 无法从LINE_NAME=10kVLINE202解析出主网站映射
2026-09-06 23:45:11 [DEBUG] core.topology_builder: 主配接口降级（非错）: 无法从LINE_NAME=10kVLINE203解析出主网站映射
2026-09-06 23:45:11 [DEBUG] core.topology_builder: 主配接口降级（非错）: 无法从LINE_NAME=10kVLINE204解析出主网站映射
2026-09-06 23:45:11 [DEBUG] core.topology_builder: 主配接口降级（非错）: 无法从LINE_NAME=10kVLINE205解析出主网站映射
2026-09-06 23:45:11 [DEBUG] core.topology_builder: 主配接口降级（非错）: 无法从LINE_NAME=10kVLINE051解析出主网站映射
2026-09-06 23:45:11 [DEBUG] core.topology_builder: 主配接口降级（非错）: 无法从LINE_NAME=10kVLINE187解析出主网站映射
2026-09-06 23:45:11 [DEBUG] core.topology_builder: 主配接口降级（非错）: 无法从LINE_NAME=10kVLINE207解析出主网站映射
2026-09-06 23:45:11 [DEBUG] core.topology_builder: 主配接口降级（非错）: 无法从LINE_NAME=10kVLINE208解析出主网站映射
2026-09-06 23:45:11 [DEBUG] core.topology_builder: 主配接口降级（非错）: 无法从LINE_NAME=10kVLINE209解析出主网站映射
2026-09-06 23:45:11 [DEBUG] core.topology_builder: 主配接口降级（非错）: 无法从LINE_NAME=10kVLINE210解析出主网站映射
2026-09-06 23:45:11 [DEBUG] core.topology_builder: 主配接口降级（非错）: 无法从LINE_NAME=10kVLINE212解析出主网站映射
2026-09-06 23:45:11 [DEBUG] core.topology_builder: 主配接口降级（非错）: 无法从LINE_NAME=10kVLINE213解析出主网站映射
2026-09-06 23:45:11 [DEBUG] core.topology_builder: 主配接口降级（非错）: 无法从LINE_NAME=LINE215解析出主网站映射
2026-09-06 23:45:11 [DEBUG] core.topology_builder: 主配接口降级（非错）: 无法从LINE_NAME=LINE216解析出主网站映射
2026-09-06 23:45:11 [INFO] core.topology_builder: 主配接口校验：通过=184 失败=5
2026-09-06 23:45:11 [INFO] core.topology_builder: [主配接口校验] 4.1/4.2 命中缺陷: 5
2026-09-06 23:45:11 [INFO] core.topology_builder: [电气逻辑校验] RULE-E01~E07 命中:4458
2026-09-06 23:45:11 [INFO] core.topology_builder: 开始执行拓扑异常检测：悬空、孤岛、断点
2026-09-06 23:45:19 [INFO] core.topology_builder: 主网异常数量：0，断点数量：0
2026-09-06 23:45:19 [INFO] core.topology_builder: 配网异常数量：726，断点数量：418
2026-09-06 23:46:00 [INFO] data_io.data_writer: Exported CSV -> C:\Users\1\Desktop\power_topology_verify\output\csv\sample_abnormal.csv (1 rows)
2026-09-06 23:46:00 [INFO] data_io.data_writer: Exported JSON -> C:\Users\1\Desktop\power_topology_verify\output\json\sample_abnormal.json (1 rows)
2026-09-07 10:34:34 [INFO] core.feeder_topology_analysis: Sheet3 联络开关: feeder=FEEDER_A 识别到 1 个联络开关
2026-09-07 10:34:34 [INFO] core.feeder_topology_analysis: Sheet3 联络开关: feeder=FEEDER_X 识别到 1 个联络开关
2026-09-07 10:35:50 [INFO] core.topology_builder: 主配数据拆分完成：主网设备=1167 配网设备=50744 主网线段=223 配网线段=189 主网站=10 遥信遥测=5829 ZWMEA=442 ZWSIGNAL=1567
2026-09-07 10:35:50 [INFO] core.topology_builder: 主网设备数量：1167
2026-09-07 10:35:50 [INFO] core.topology_builder: 配网设备数量：50744
2026-09-07 10:35:50 [INFO] core.topology_builder: 主网线路(ZLINEEND)数量：223
2026-09-07 10:35:50 [INFO] core.topology_builder: 配网线路(PWFEEDERLINE)数量：189
2026-09-07 10:35:50 [INFO] core.topology_builder: 主网站点(ZWSUBSTATION)数量：10
2026-09-07 10:35:50 [INFO] core.topology_builder: 遥信遥测(PWREAL)记录数：5829
2026-09-07 10:35:50 [INFO] core.topology_builder: 主网遥测(ZWMEA)：442 主网遥信(ZWSIGNAL)：1567
2026-09-07 10:35:50 [INFO] core.topology_builder: [Builder] 正在添加 1167 个主网设备和 50744 个配网设备...
2026-09-07 10:35:50 [INFO] core.topology_builder: 主网电源设备数=47
2026-09-07 10:35:50 [INFO] core.topology_builder: 主网电源设备识别: 47 台
2026-09-07 10:35:50 [DEBUG] core.topology_builder: 已处理 10000 个配网设备
2026-09-07 10:35:51 [DEBUG] core.topology_builder: 已处理 20000 个配网设备
2026-09-07 10:35:52 [DEBUG] core.topology_builder: 已处理 30000 个配网设备
2026-09-07 10:35:52 [DEBUG] core.topology_builder: 已处理 40000 个配网设备
2026-09-07 10:35:53 [DEBUG] core.topology_builder: 已处理 50000 个配网设备
2026-09-07 10:35:53 [INFO] core.topology_builder: 配网电源设备数=17643
2026-09-07 10:35:53 [INFO] core.topology_builder: 配网电源设备识别: 17643 台
2026-09-07 10:35:54 [INFO] core.topology_builder: 主配电源注入（v2-ZWLINEEND映射）: 0 台配网设备接入主网电源
2026-09-07 10:35:54 [INFO] core.topology_builder:   ZWLINEEND 解析出馈线→主网站映射数: 0
2026-09-07 10:35:59 [INFO] core.topology_builder: [Builder] 配网真实端子数量:76354
2026-09-07 10:35:59 [INFO] core.topology_builder: [Builder] 主网真实端子数量:1562
2026-09-07 10:36:03 [INFO] core.topology_builder: [端子建边完成] 配网拓扑边数量：117276
2026-09-07 10:36:03 [INFO] core.topology_builder: [端子建边完成] 主网拓扑边数量：2632
2026-09-07 10:36:07 [INFO] core.measure_preprocess: [MeasurePreprocess] 遥信实测开关数量：6666
2026-09-07 10:36:07 [INFO] core.measure_preprocess: [MeasurePreprocess] 默认合位开关数量：10942
2026-09-07 10:36:07 [INFO] core.topology_builder: [遥信预处理统计] 总开关状态映射条目:17608 实际挂载到设备:16592
2026-09-07 10:36:07 [INFO] core.topology_builder: 遥信实测开关:6666，赛题默认合位推演开关:10942
2026-09-07 10:36:13 [DEBUG] core.topology_builder: 主配接口降级（非错）: 无法从LINE_NAME=10kVLINE098解析出主网站映射
2026-09-07 10:36:13 [DEBUG] core.topology_builder: 主配接口降级（非错）: 无法从LINE_NAME=10kVLINE060解析出主网站映射
2026-09-07 10:36:13 [DEBUG] core.topology_builder: 主配接口降级（非错）: 无法从LINE_NAME=10kVLINE004解析出主网站映射
2026-09-07 10:36:13 [DEBUG] core.topology_builder: 主配接口降级（非错）: 无法从LINE_NAME=10kVLINE082解析出主网站映射
2026-09-07 10:36:13 [DEBUG] core.topology_builder: 主配接口降级（非错）: 无法从LINE_NAME=10kVLINE018解析出主网站映射
2026-09-07 10:36:13 [DEBUG] core.topology_builder: 主配接口降级（非错）: 无法从LINE_NAME=10kVLINE074解析出主网站映射
2026-09-07 10:36:13 [DEBUG] core.topology_builder: 主配接口降级（非错）: 无法从LINE_NAME=10kVLINE099解析出主网站映射
2026-09-07 10:36:13 [DEBUG] core.topology_builder: 主配接口降级（非错）: 无法从LINE_NAME=10kVLINE041解析出主网站映射
2026-09-07 10:36:13 [DEBUG] core.topology_builder: 主配接口降级（非错）: 无法从LINE_NAME=10kVLINE086解析出主网站映射
2026-09-07 10:36:13 [DEBUG] core.topology_builder: 主配接口降级（非错）: 无法从LINE_NAME=10kVLINE073解析出主网站映射
2026-09-07 10:36:13 [DEBUG] core.topology_builder: 主配接口降级（非错）: 无法从LINE_NAME=10kVLINE033解析出主网站映射
2026-09-07 10:36:13 [DEBUG] core.topology_builder: 主配接口降级（非错）: 无法从LINE_NAME=10kVLINE091解析出主网站映射
2026-09-07 10:36:13 [DEBUG] core.topology_builder: 主配接口降级（非错）: 无法从LINE_NAME=10kVLINE100解析出主网站映射
2026-09-07 10:36:13 [DEBUG] core.topology_builder: 主配接口降级（非错）: 无法从LINE_NAME=10kVLINE013解析出主网站映射
2026-09-07 10:36:13 [DEBUG] core.topology_builder: 主配接口降级（非错）: 无法从LINE_NAME=10kVLINE101解析出主网站映射
2026-09-07 10:36:13 [DEBUG] core.topology_builder: 主配接口降级（非错）: 无法从LINE_NAME=10kVLINE035解析出主网站映射
2026-09-07 10:36:13 [DEBUG] core.topology_builder: 主配接口降级（非错）: 无法从LINE_NAME=10kVLINE102解析出主网站映射
2026-09-07 10:36:13 [DEBUG] core.topology_builder: 主配接口降级（非错）: 无法从LINE_NAME=10kVLINE103解析出主网站映射
2026-09-07 10:36:13 [DEBUG] core.topology_builder: 主配接口降级（非错）: 无法从LINE_NAME=10kVLINE055解析出主网站映射
2026-09-07 10:36:13 [DEBUG] core.topology_builder: 主配接口降级（非错）: 无法从LINE_NAME=10kVLINE024解析出主网站映射
2026-09-07 10:36:13 [DEBUG] core.topology_builder: 主配接口降级（非错）: 无法从LINE_NAME=10kVLINE084解析出主网站映射
2026-09-07 10:36:13 [DEBUG] core.topology_builder: 主配接口降级（非错）: 无法从LINE_NAME=10kVLINE087解析出主网站映射
2026-09-07 10:36:13 [DEBUG] core.topology_builder: 主配接口降级（非错）: 无法从LINE_NAME=20kVLINE104解析出主网站映射
2026-09-07 10:36:13 [DEBUG] core.topology_builder: 主配接口降级（非错）: 无法从LINE_NAME=10kVLINE012解析出主网站映射
2026-09-07 10:36:13 [DEBUG] core.topology_builder: 主配接口降级（非错）: 无法从LINE_NAME=10kVLINE105解析出主网站映射
2026-09-07 10:36:13 [DEBUG] core.topology_builder: 主配接口降级（非错）: 无法从LINE_NAME=10kVLINE106解析出主网站映射
2026-09-07 10:36:13 [DEBUG] core.topology_builder: 主配接口降级（非错）: 无法从LINE_NAME=10kVLINE094解析出主网站映射
2026-09-07 10:36:13 [DEBUG] core.topology_builder: 主配接口降级（非错）: 无法从LINE_NAME=10kVLINE107解析出主网站映射
2026-09-07 10:36:13 [DEBUG] core.topology_builder: 主配接口降级（非错）: 无法从LINE_NAME=10kVLINE053解析出主网站映射
2026-09-07 10:36:13 [DEBUG] core.topology_builder: 主配接口降级（非错）: 无法从LINE_NAME=20kVLINE108解析出主网站映射
2026-09-07 10:36:13 [DEBUG] core.topology_builder: 主配接口降级（非错）: 无法从LINE_NAME=20kVLINE109解析出主网站映射
2026-09-07 10:36:13 [DEBUG] core.topology_builder: 主配接口降级（非错）: 无法从LINE_NAME=10kVLINE110解析出主网站映射
2026-09-07 10:36:13 [DEBUG] core.topology_builder: 主配接口降级（非错）: 无法从LINE_NAME=10kVLINE111解析出主网站映射
2026-09-07 10:36:13 [DEBUG] core.topology_builder: 主配接口降级（非错）: 无法从LINE_NAME=10kVLINE112解析出主网站映射
2026-09-07 10:36:13 [DEBUG] core.topology_builder: 主配接口降级（非错）: 无法从LINE_NAME=20kVLINE113解析出主网站映射
2026-09-07 10:36:13 [DEBUG] core.topology_builder: 主配接口降级（非错）: 无法从LINE_NAME=10kVLINE026解析出主网站映射
2026-09-07 10:36:13 [DEBUG] core.topology_builder: 主配接口降级（非错）: 无法从LINE_NAME=10kVLINE048解析出主网站映射
2026-09-07 10:36:13 [DEBUG] core.topology_builder: 主配接口降级（非错）: 无法从LINE_NAME=10kVLINE003解析出主网站映射
2026-09-07 10:36:13 [DEBUG] core.topology_builder: 主配接口降级（非错）: 无法从LINE_NAME=10kVLINE057解析出主网站映射
2026-09-07 10:36:13 [DEBUG] core.topology_builder: 主配接口降级（非错）: 无法从LINE_NAME=10kVLINE077解析出主网站映射
2026-09-07 10:36:13 [DEBUG] core.topology_builder: 主配接口降级（非错）: 无法从LINE_NAME=10kVLINE114解析出主网站映射
2026-09-07 10:36:13 [DEBUG] core.topology_builder: 主配接口降级（非错）: 无法从LINE_NAME=10kVLINE027解析出主网站映射
2026-09-07 10:36:13 [DEBUG] core.topology_builder: 主配接口降级（非错）: 无法从LINE_NAME=10kVLINE115解析出主网站映射
2026-09-07 10:36:13 [DEBUG] core.topology_builder: 主配接口降级（非错）: 无法从LINE_NAME=10kVLINE116解析出主网站映射
2026-09-07 10:36:13 [DEBUG] core.topology_builder: 主配接口降级（非错）: 无法从LINE_NAME=10kVLINE117解析出主网站映射
2026-09-07 10:36:13 [DEBUG] core.topology_builder: 主配接口降级（非错）: 无法从LINE_NAME=10kVLINE118解析出主网站映射
2026-09-07 10:36:13 [DEBUG] core.topology_builder: 主配接口降级（非错）: 无法从LINE_NAME=10kVLINE038解析出主网站映射
2026-09-07 10:36:13 [DEBUG] core.topology_builder: 主配接口降级（非错）: 无法从LINE_NAME=10kVLINE119解析出主网站映射
2026-09-07 10:36:13 [DEBUG] core.topology_builder: 主配接口降级（非错）: 无法从LINE_NAME=20kVLINE120解析出主网站映射
2026-09-07 10:36:13 [DEBUG] core.topology_builder: 主配接口降级（非错）: 无法从LINE_NAME=10kVLINE121_195解析出主网站映射
2026-09-07 10:36:13 [DEBUG] core.topology_builder: 主配接口降级（非错）: 无法从LINE_NAME=10kVLINE076解析出主网站映射
2026-09-07 10:36:13 [DEBUG] core.topology_builder: 主配接口降级（非错）: 无法从LINE_NAME=10kVLINE093解析出主网站映射
2026-09-07 10:36:13 [DEBUG] core.topology_builder: 主配接口降级（非错）: 无法从LINE_NAME=20kVLINE122解析出主网站映射
2026-09-07 10:36:13 [DEBUG] core.topology_builder: 主配接口降级（非错）: 无法从LINE_NAME=10kVLINE123解析出主网站映射
2026-09-07 10:36:13 [DEBUG] core.topology_builder: 主配接口降级（非错）: 无法从LINE_NAME=10kVLINE039解析出主网站映射
2026-09-07 10:36:13 [DEBUG] core.topology_builder: 主配接口降级（非错）: 无法从LINE_NAME=10kVLINE124解析出主网站映射
2026-09-07 10:36:13 [DEBUG] core.topology_builder: 主配接口降级（非错）: 无法从LINE_NAME=10kVLINE125解析出主网站映射
2026-09-07 10:36:13 [DEBUG] core.topology_builder: 主配接口降级（非错）: 无法从LINE_NAME=10kVLINE126解析出主网站映射
2026-09-07 10:36:13 [DEBUG] core.topology_builder: 主配接口降级（非错）: 无法从LINE_NAME=10kVLINE127解析出主网站映射
2026-09-07 10:36:13 [DEBUG] core.topology_builder: 主配接口降级（非错）: 无法从LINE_NAME=10kVLINE089解析出主网站映射
2026-09-07 10:36:13 [DEBUG] core.topology_builder: 主配接口降级（非错）: 无法从LINE_NAME=10kVLINE090解析出主网站映射
2026-09-07 10:36:13 [DEBUG] core.topology_builder: 主配接口降级（非错）: 无法从LINE_NAME=10kVLINE128解析出主网站映射
2026-09-07 10:36:13 [DEBUG] core.topology_builder: 主配接口降级（非错）: 无法从LINE_NAME=10kVLINE037解析出主网站映射
2026-09-07 10:36:13 [DEBUG] core.topology_builder: 主配接口降级（非错）: 无法从LINE_NAME=10kVLINE071解析出主网站映射
2026-09-07 10:36:13 [DEBUG] core.topology_builder: 主配接口降级（非错）: 无法从LINE_NAME=10kVLINE129解析出主网站映射
2026-09-07 10:36:13 [DEBUG] core.topology_builder: 主配接口降级（非错）: 无法从LINE_NAME=10kVLINE009解析出主网站映射
2026-09-07 10:36:13 [DEBUG] core.topology_builder: 主配接口降级（非错）: 无法从LINE_NAME=10kVLINE022解析出主网站映射
2026-09-07 10:36:13 [DEBUG] core.topology_builder: 主配接口降级（非错）: 无法从LINE_NAME=10kVLINE028解析出主网站映射
2026-09-07 10:36:13 [DEBUG] core.topology_builder: 主配接口降级（非错）: 无法从LINE_NAME=10kVLINE019解析出主网站映射
2026-09-07 10:36:13 [DEBUG] core.topology_builder: 主配接口降级（非错）: 无法从LINE_NAME=10kVLINE015解析出主网站映射
2026-09-07 10:36:13 [DEBUG] core.topology_builder: 主配接口降级（非错）: 无法从LINE_NAME=10kVLINE130解析出主网站映射
2026-09-07 10:36:13 [DEBUG] core.topology_builder: 主配接口降级（非错）: 无法从LINE_NAME=10kVLINE131解析出主网站映射
2026-09-07 10:36:13 [DEBUG] core.topology_builder: 主配接口降级（非错）: 无法从LINE_NAME=10kVLINE132解析出主网站映射
2026-09-07 10:36:13 [DEBUG] core.topology_builder: 主配接口降级（非错）: 无法从LINE_NAME=10kVLINE061解析出主网站映射
2026-09-07 10:36:13 [DEBUG] core.topology_builder: 主配接口降级（非错）: 无法从LINE_NAME=10kVLINE133解析出主网站映射
2026-09-07 10:36:13 [DEBUG] core.topology_builder: 主配接口降级（非错）: 无法从LINE_NAME=10kVLINE075解析出主网站映射
2026-09-07 10:36:13 [DEBUG] core.topology_builder: 主配接口降级（非错）: 无法从LINE_NAME=10kVLINE016解析出主网站映射
2026-09-07 10:36:13 [DEBUG] core.topology_builder: 主配接口降级（非错）: 无法从LINE_NAME=10kVLINE134解析出主网站映射
2026-09-07 10:36:13 [DEBUG] core.topology_builder: 主配接口降级（非错）: 无法从LINE_NAME=10kVLINE043解析出主网站映射
2026-09-07 10:36:13 [DEBUG] core.topology_builder: 主配接口降级（非错）: 无法从LINE_NAME=10kVLINE050解析出主网站映射
2026-09-07 10:36:13 [DEBUG] core.topology_builder: 主配接口降级（非错）: 无法从LINE_NAME=10kVLINE054解析出主网站映射
2026-09-07 10:36:13 [DEBUG] core.topology_builder: 主配接口降级（非错）: 无法从LINE_NAME=10kVLINE040解析出主网站映射
2026-09-07 10:36:13 [DEBUG] core.topology_builder: 主配接口降级（非错）: 无法从LINE_NAME=10kVLINE021解析出主网站映射
2026-09-07 10:36:13 [DEBUG] core.topology_builder: 主配接口降级（非错）: 无法从LINE_NAME=10kVLINE023解析出主网站映射
2026-09-07 10:36:13 [DEBUG] core.topology_builder: 主配接口降级（非错）: 无法从LINE_NAME=10kVLINE020解析出主网站映射
2026-09-07 10:36:13 [DEBUG] core.topology_builder: 主配接口降级（非错）: 无法从LINE_NAME=10kVLINE135解析出主网站映射
2026-09-07 10:36:13 [DEBUG] core.topology_builder: 主配接口降级（非错）: 无法从LINE_NAME=10kVLINE136解析出主网站映射
2026-09-07 10:36:13 [DEBUG] core.topology_builder: 主配接口降级（非错）: 无法从LINE_NAME=10kVLINE097解析出主网站映射
2026-09-07 10:36:13 [DEBUG] core.topology_builder: 主配接口降级（非错）: 无法从LINE_NAME=10kVLINE096解析出主网站映射
2026-09-07 10:36:13 [DEBUG] core.topology_builder: 主配接口降级（非错）: 无法从LINE_NAME=10kVLINE137解析出主网站映射
2026-09-07 10:36:13 [DEBUG] core.topology_builder: 主配接口降级（非错）: 无法从LINE_NAME=10kVLINE138解析出主网站映射
2026-09-07 10:36:13 [DEBUG] core.topology_builder: 主配接口降级（非错）: 无法从LINE_NAME=10kVLINE139解析出主网站映射
2026-09-07 10:36:13 [DEBUG] core.topology_builder: 主配接口降级（非错）: 无法从LINE_NAME=10kVLINE140解析出主网站映射
2026-09-07 10:36:13 [DEBUG] core.topology_builder: 主配接口降级（非错）: 无法从LINE_NAME=10kVLINE141解析出主网站映射
2026-09-07 10:36:13 [DEBUG] core.topology_builder: 主配接口降级（非错）: 无法从LINE_NAME=10kVLINE049解析出主网站映射
2026-09-07 10:36:13 [DEBUG] core.topology_builder: 主配接口降级（非错）: 无法从LINE_NAME=10kVLINE142解析出主网站映射
2026-09-07 10:36:13 [DEBUG] core.topology_builder: 主配接口降级（非错）: 无法从LINE_NAME=10kVLINE042解析出主网站映射
2026-09-07 10:36:13 [DEBUG] core.topology_builder: 主配接口降级（非错）: 无法从LINE_NAME=10kVLINE056解析出主网站映射
2026-09-07 10:36:13 [DEBUG] core.topology_builder: 主配接口降级（非错）: 无法从LINE_NAME=10kVLINE143解析出主网站映射
2026-09-07 10:36:13 [DEBUG] core.topology_builder: 主配接口降级（非错）: 无法从LINE_NAME=10kVLINE144解析出主网站映射
2026-09-07 10:36:13 [DEBUG] core.topology_builder: 主配接口降级（非错）: 无法从LINE_NAME=10kVLINE070解析出主网站映射
2026-09-07 10:36:13 [DEBUG] core.topology_builder: 主配接口降级（非错）: 无法从LINE_NAME=10kVLINE069解析出主网站映射
2026-09-07 10:36:13 [DEBUG] core.topology_builder: 主配接口降级（非错）: 无法从LINE_NAME=10kVLINE145解析出主网站映射
2026-09-07 10:36:13 [DEBUG] core.topology_builder: 主配接口降级（非错）: 无法从LINE_NAME=10kVLINE146解析出主网站映射
2026-09-07 10:36:13 [DEBUG] core.topology_builder: 主配接口降级（非错）: 无法从LINE_NAME=10kVLINE147解析出主网站映射
2026-09-07 10:36:13 [DEBUG] core.topology_builder: 主配接口降级（非错）: 无法从LINE_NAME=10kVLINE148解析出主网站映射
2026-09-07 10:36:13 [DEBUG] core.topology_builder: 主配接口降级（非错）: 无法从LINE_NAME=10kVLINE025解析出主网站映射
2026-09-07 10:36:13 [DEBUG] core.topology_builder: 主配接口降级（非错）: 无法从LINE_NAME=20kVLINE149解析出主网站映射
2026-09-07 10:36:13 [DEBUG] core.topology_builder: 主配接口降级（非错）: 无法从LINE_NAME=10kVLINE083解析出主网站映射
2026-09-07 10:36:13 [DEBUG] core.topology_builder: 主配接口降级（非错）: 无法从LINE_NAME=20kVLINE150解析出主网站映射
2026-09-07 10:36:13 [DEBUG] core.topology_builder: 主配接口降级（非错）: 无法从LINE_NAME=20kVLINE151解析出主网站映射
2026-09-07 10:36:13 [DEBUG] core.topology_builder: 主配接口降级（非错）: 无法从LINE_NAME=20kVLINE152解析出主网站映射
2026-09-07 10:36:13 [DEBUG] core.topology_builder: 主配接口降级（非错）: 无法从LINE_NAME=10kVLINE046解析出主网站映射
2026-09-07 10:36:13 [DEBUG] core.topology_builder: 主配接口降级（非错）: 无法从LINE_NAME=10kVLINE045解析出主网站映射
2026-09-07 10:36:13 [DEBUG] core.topology_builder: 主配接口降级（非错）: 无法从LINE_NAME=10kVLINE153解析出主网站映射
2026-09-07 10:36:13 [DEBUG] core.topology_builder: 主配接口降级（非错）: 无法从LINE_NAME=10kVLINE154解析出主网站映射
2026-09-07 10:36:13 [DEBUG] core.topology_builder: 主配接口降级（非错）: 无法从LINE_NAME=10kVLINE155解析出主网站映射
2026-09-07 10:36:13 [DEBUG] core.topology_builder: 主配接口降级（非错）: 无法从LINE_NAME=10kVLINE156解析出主网站映射
2026-09-07 10:36:13 [DEBUG] core.topology_builder: 主配接口降级（非错）: 无法从LINE_NAME=10kVLINE058解析出主网站映射
2026-09-07 10:36:13 [DEBUG] core.topology_builder: 主配接口降级（非错）: 无法从LINE_NAME=10kVLINE059解析出主网站映射
2026-09-07 10:36:13 [DEBUG] core.topology_builder: 主配接口降级（非错）: 无法从LINE_NAME=10kVLINE157解析出主网站映射
2026-09-07 10:36:13 [DEBUG] core.topology_builder: 主配接口降级（非错）: 无法从LINE_NAME=10kVLINE088解析出主网站映射
2026-09-07 10:36:13 [DEBUG] core.topology_builder: 主配接口降级（非错）: 无法从LINE_NAME=10kVLINE121_185解析出主网站映射
2026-09-07 10:36:13 [DEBUG] core.topology_builder: 主配接口降级（非错）: 无法从LINE_NAME=10kVLINE081解析出主网站映射
2026-09-07 10:36:13 [DEBUG] core.topology_builder: 主配接口降级（非错）: 无法从LINE_NAME=10kVLINE158解析出主网站映射
2026-09-07 10:36:13 [DEBUG] core.topology_builder: 主配接口降级（非错）: 无法从LINE_NAME=10kVLINE159解析出主网站映射
2026-09-07 10:36:13 [DEBUG] core.topology_builder: 主配接口降级（非错）: 无法从LINE_NAME=10kVLINE160解析出主网站映射
2026-09-07 10:36:13 [DEBUG] core.topology_builder: 主配接口降级（非错）: 无法从LINE_NAME=10kVLINE161解析出主网站映射
2026-09-07 10:36:13 [DEBUG] core.topology_builder: 主配接口降级（非错）: 无法从LINE_NAME=10kVLINE162解析出主网站映射
2026-09-07 10:36:13 [DEBUG] core.topology_builder: 主配接口降级（非错）: 无法从LINE_NAME=10kVLINE163解析出主网站映射
2026-09-07 10:36:13 [DEBUG] core.topology_builder: 主配接口降级（非错）: 无法从LINE_NAME=10kVLINE164解析出主网站映射
2026-09-07 10:36:13 [DEBUG] core.topology_builder: 主配接口降级（非错）: 无法从LINE_NAME=10kVLINE165解析出主网站映射
2026-09-07 10:36:13 [DEBUG] core.topology_builder: 主配接口降级（非错）: 无法从LINE_NAME=10kVLINE166解析出主网站映射
2026-09-07 10:36:13 [DEBUG] core.topology_builder: 主配接口降级（非错）: 无法从LINE_NAME=10kVLINE167解析出主网站映射
2026-09-07 10:36:13 [DEBUG] core.topology_builder: 主配接口降级（非错）: 无法从LINE_NAME=10kVLINE168解析出主网站映射
2026-09-07 10:36:13 [DEBUG] core.topology_builder: 主配接口降级（非错）: 无法从LINE_NAME=10kVLINE014解析出主网站映射
2026-09-07 10:36:13 [DEBUG] core.topology_builder: 主配接口降级（非错）: 无法从LINE_NAME=10kVLINE169解析出主网站映射
2026-09-07 10:36:13 [DEBUG] core.topology_builder: 主配接口降级（非错）: 无法从LINE_NAME=10kVLINE170解析出主网站映射
2026-09-07 10:36:13 [DEBUG] core.topology_builder: 主配接口降级（非错）: 无法从LINE_NAME=10kVLINE171解析出主网站映射
2026-09-07 10:36:13 [DEBUG] core.topology_builder: 主配接口降级（非错）: 无法从LINE_NAME=10kVLINE172解析出主网站映射
2026-09-07 10:36:13 [DEBUG] core.topology_builder: 主配接口降级（非错）: 无法从LINE_NAME=10kVLINE173解析出主网站映射
2026-09-07 10:36:13 [DEBUG] core.topology_builder: 主配接口降级（非错）: 无法从LINE_NAME=10kVLINE174解析出主网站映射
2026-09-07 10:36:13 [DEBUG] core.topology_builder: 主配接口降级（非错）: 无法从LINE_NAME=10kVLINE175解析出主网站映射
2026-09-07 10:36:13 [DEBUG] core.topology_builder: 主配接口降级（非错）: 无法从LINE_NAME=10kVLINE176解析出主网站映射
2026-09-07 10:36:13 [DEBUG] core.topology_builder: 主配接口降级（非错）: 无法从LINE_NAME=10kVLINE177解析出主网站映射
2026-09-07 10:36:13 [DEBUG] core.topology_builder: 主配接口降级（非错）: 无法从LINE_NAME=10kVLINE044解析出主网站映射
2026-09-07 10:36:13 [DEBUG] core.topology_builder: 主配接口降级（非错）: 无法从LINE_NAME=10kVLINE178解析出主网站映射
2026-09-07 10:36:13 [DEBUG] core.topology_builder: 主配接口降级（非错）: 无法从LINE_NAME=10kVLINE179解析出主网站映射
2026-09-07 10:36:13 [DEBUG] core.topology_builder: 主配接口降级（非错）: 无法从LINE_NAME=10kVLINE180解析出主网站映射
2026-09-07 10:36:13 [DEBUG] core.topology_builder: 主配接口降级（非错）: 无法从LINE_NAME=20kVLINE181解析出主网站映射
2026-09-07 10:36:13 [DEBUG] core.topology_builder: 主配接口降级（非错）: 无法从LINE_NAME=10kVLINE182解析出主网站映射
2026-09-07 10:36:13 [DEBUG] core.topology_builder: 主配接口降级（非错）: 无法从LINE_NAME=10kVLINE183解析出主网站映射
2026-09-07 10:36:13 [DEBUG] core.topology_builder: 主配接口降级（非错）: 无法从LINE_NAME=10kVLINE184解析出主网站映射
2026-09-07 10:36:13 [DEBUG] core.topology_builder: 主配接口降级（非错）: 无法从LINE_NAME=10kVLINE186解析出主网站映射
2026-09-07 10:36:13 [DEBUG] core.topology_builder: 主配接口降级（非错）: 无法从LINE_NAME=10kVLINE187解析出主网站映射
2026-09-07 10:36:13 [DEBUG] core.topology_builder: 主配接口降级（非错）: 无法从LINE_NAME=10kVLINE188解析出主网站映射
2026-09-07 10:36:13 [DEBUG] core.topology_builder: 主配接口降级（非错）: 无法从LINE_NAME=10kVLINE189解析出主网站映射
2026-09-07 10:36:13 [DEBUG] core.topology_builder: 主配接口降级（非错）: 无法从LINE_NAME=10kVLINE190解析出主网站映射
2026-09-07 10:36:13 [DEBUG] core.topology_builder: 主配接口降级（非错）: 无法从LINE_NAME=10kVLINE191解析出主网站映射
2026-09-07 10:36:13 [DEBUG] core.topology_builder: 主配接口降级（非错）: 无法从LINE_NAME=10kVLINE192解析出主网站映射
2026-09-07 10:36:13 [DEBUG] core.topology_builder: 主配接口降级（非错）: 无法从LINE_NAME=10kVLINE193解析出主网站映射
2026-09-07 10:36:13 [DEBUG] core.topology_builder: 主配接口降级（非错）: 无法从LINE_NAME=10kVLINE194解析出主网站映射
2026-09-07 10:36:13 [DEBUG] core.topology_builder: 主配接口降级（非错）: 无法从LINE_NAME=10kVLINE195解析出主网站映射
2026-09-07 10:36:13 [DEBUG] core.topology_builder: 主配接口降级（非错）: 无法从LINE_NAME=10kVLINE196解析出主网站映射
2026-09-07 10:36:13 [DEBUG] core.topology_builder: 主配接口降级（非错）: 无法从LINE_NAME=10kVLINE197解析出主网站映射
2026-09-07 10:36:13 [DEBUG] core.topology_builder: 主配接口降级（非错）: 无法从LINE_NAME=10kVLINE198解析出主网站映射
2026-09-07 10:36:13 [DEBUG] core.topology_builder: 主配接口降级（非错）: 无法从LINE_NAME=10kVLINE199解析出主网站映射
2026-09-07 10:36:13 [DEBUG] core.topology_builder: 主配接口降级（非错）: 无法从LINE_NAME=10kVLINE063解析出主网站映射
2026-09-07 10:36:13 [DEBUG] core.topology_builder: 主配接口降级（非错）: 无法从LINE_NAME=10kVLINE200解析出主网站映射
2026-09-07 10:36:13 [DEBUG] core.topology_builder: 主配接口降级（非错）: 无法从LINE_NAME=10kVLINE201解析出主网站映射
2026-09-07 10:36:13 [DEBUG] core.topology_builder: 主配接口降级（非错）: 无法从LINE_NAME=10kVLINE202解析出主网站映射
2026-09-07 10:36:13 [DEBUG] core.topology_builder: 主配接口降级（非错）: 无法从LINE_NAME=10kVLINE203解析出主网站映射
2026-09-07 10:36:13 [DEBUG] core.topology_builder: 主配接口降级（非错）: 无法从LINE_NAME=10kVLINE204解析出主网站映射
2026-09-07 10:36:13 [DEBUG] core.topology_builder: 主配接口降级（非错）: 无法从LINE_NAME=10kVLINE205解析出主网站映射
2026-09-07 10:36:13 [DEBUG] core.topology_builder: 主配接口降级（非错）: 无法从LINE_NAME=10kVLINE051解析出主网站映射
2026-09-07 10:36:13 [DEBUG] core.topology_builder: 主配接口降级（非错）: 无法从LINE_NAME=10kVLINE187解析出主网站映射
2026-09-07 10:36:13 [DEBUG] core.topology_builder: 主配接口降级（非错）: 无法从LINE_NAME=10kVLINE207解析出主网站映射
2026-09-07 10:36:13 [DEBUG] core.topology_builder: 主配接口降级（非错）: 无法从LINE_NAME=10kVLINE208解析出主网站映射
2026-09-07 10:36:13 [DEBUG] core.topology_builder: 主配接口降级（非错）: 无法从LINE_NAME=10kVLINE209解析出主网站映射
2026-09-07 10:36:13 [DEBUG] core.topology_builder: 主配接口降级（非错）: 无法从LINE_NAME=10kVLINE210解析出主网站映射
2026-09-07 10:36:13 [DEBUG] core.topology_builder: 主配接口降级（非错）: 无法从LINE_NAME=10kVLINE212解析出主网站映射
2026-09-07 10:36:13 [DEBUG] core.topology_builder: 主配接口降级（非错）: 无法从LINE_NAME=10kVLINE213解析出主网站映射
2026-09-07 10:36:13 [DEBUG] core.topology_builder: 主配接口降级（非错）: 无法从LINE_NAME=LINE215解析出主网站映射
2026-09-07 10:36:13 [DEBUG] core.topology_builder: 主配接口降级（非错）: 无法从LINE_NAME=LINE216解析出主网站映射
2026-09-07 10:36:13 [INFO] core.topology_builder: 主配接口校验：通过=184 失败=5
2026-09-07 10:36:13 [INFO] core.topology_builder: [主配接口校验] 4.1/4.2 命中缺陷: 5
2026-09-07 10:36:13 [INFO] core.topology_builder: [电气逻辑校验] RULE-E01~E07 命中:4458
2026-09-07 10:36:13 [INFO] core.topology_builder: 开始执行拓扑异常检测：悬空、孤岛、断点
2026-09-07 10:36:16 [INFO] core.topology_builder: 主网异常数量：0，断点数量：0
2026-09-07 10:36:16 [INFO] core.topology_builder: 配网异常数量：726，断点数量：418
2026-09-07 10:36:21 [INFO] core.score_engine: 评分结果: 设备=50744 缺陷=1756 扣分=25.00 缺陷率=3.46% 缺陷率扣分=4.92 score_before=70.1 score_after=100.0
2026-09-07 10:36:22 [INFO] core.enhanced_report_generator: [增强报告] 开始为 LINE215 生成增强报告
2026-09-07 10:36:22 [INFO] core.enhanced_report_generator: [增强报告] 评估数据源质量...
2026-09-07 10:36:22 [INFO] core.physical_constraint_checker: [物理约束] 数据源可信度: 遥测=0.11, SVG=0.77, 数据库=0.90
2026-09-07 10:36:22 [INFO] core.enhanced_report_generator: [增强报告] 执行物理约束校验...
2026-09-07 10:36:22 [INFO] core.physical_constraint_checker: [物理约束] 数据源可信度: 遥测=0.11, SVG=0.77, 数据库=0.90
2026-09-07 10:36:22 [INFO] core.physical_constraint_checker: [物理约束] 开始KCL校验, 共100个节点
2026-09-07 10:36:22 [INFO] core.physical_constraint_checker: [物理约束] 开始支路约束校验, 共50个开关
2026-09-07 10:36:22 [INFO] core.enhanced_report_generator: [增强报告] 处理 1756 个缺陷...
2026-09-07 10:36:22 [INFO] core.enhanced_report_generator: [增强报告] 排序修复方案...
2026-09-07 10:36:22 [INFO] core.repair_ranking_engine: [修复排序] 处理1756个修复候选, 最高优先级=0.500(TMP00044547 <-> TMP00046078)
2026-09-07 10:36:22 [INFO] core.enhanced_report_generator: [增强报告] 生成完成: 缺陷1756个, 高风险0个, 确认1756个
2026-09-07 10:36:22 [INFO] core.feeder_topology_analysis: Sheet3 联络开关: feeder=TMP00000188 识别到 1 个联络开关
2026-09-07 10:36:22 [DEBUG] core.feeder_topology_analysis: P1-P7 引擎产生 15 条断点候选
2026-09-07 10:36:22 [INFO] core.feeder_topology_analysis: Sheet2 断点定位: feeder=TMP00000188 共 378 条 (P1-P7 优先级排序)
2026-09-07 10:36:22 [INFO] core.feeder_topology_analysis: Sheet4 合环识别: feeder=TMP00000188 共 2 条
2026-09-07 10:37:03 [INFO] core.topology_builder: 主配数据拆分完成：主网设备=1167 配网设备=50744 主网线段=223 配网线段=189 主网站=10 遥信遥测=5829 ZWMEA=442 ZWSIGNAL=1567
2026-09-07 10:37:03 [INFO] core.topology_builder: 主网设备数量：1167
2026-09-07 10:37:03 [INFO] core.topology_builder: 配网设备数量：50744
2026-09-07 10:37:03 [INFO] core.topology_builder: 主网线路(ZLINEEND)数量：223
2026-09-07 10:37:03 [INFO] core.topology_builder: 配网线路(PWFEEDERLINE)数量：189
2026-09-07 10:37:03 [INFO] core.topology_builder: 主网站点(ZWSUBSTATION)数量：10
2026-09-07 10:37:03 [INFO] core.topology_builder: 遥信遥测(PWREAL)记录数：5829
2026-09-07 10:37:03 [INFO] core.topology_builder: 主网遥测(ZWMEA)：442 主网遥信(ZWSIGNAL)：1567
2026-09-07 10:37:03 [INFO] core.topology_builder: [Builder] 正在添加 1167 个主网设备和 50744 个配网设备...
2026-09-07 10:37:03 [INFO] core.topology_builder: 主网电源设备数=47
2026-09-07 10:37:03 [INFO] core.topology_builder: 主网电源设备识别: 47 台
2026-09-07 10:37:04 [DEBUG] core.topology_builder: 已处理 10000 个配网设备
2026-09-07 10:37:04 [DEBUG] core.topology_builder: 已处理 20000 个配网设备
2026-09-07 10:37:05 [DEBUG] core.topology_builder: 已处理 30000 个配网设备
2026-09-07 10:37:06 [DEBUG] core.topology_builder: 已处理 40000 个配网设备
2026-09-07 10:37:06 [DEBUG] core.topology_builder: 已处理 50000 个配网设备
2026-09-07 10:37:06 [INFO] core.topology_builder: 配网电源设备数=17643
2026-09-07 10:37:06 [INFO] core.topology_builder: 配网电源设备识别: 17643 台
2026-09-07 10:37:08 [INFO] core.topology_builder: 主配电源注入（v2-ZWLINEEND映射）: 0 台配网设备接入主网电源
2026-09-07 10:37:08 [INFO] core.topology_builder:   ZWLINEEND 解析出馈线→主网站映射数: 0
2026-09-07 10:37:13 [INFO] core.topology_builder: [Builder] 配网真实端子数量:76354
2026-09-07 10:37:13 [INFO] core.topology_builder: [Builder] 主网真实端子数量:1562
2026-09-07 10:37:17 [INFO] core.topology_builder: [端子建边完成] 配网拓扑边数量：117276
2026-09-07 10:37:17 [INFO] core.topology_builder: [端子建边完成] 主网拓扑边数量：2632
2026-09-07 10:37:21 [INFO] core.measure_preprocess: [MeasurePreprocess] 遥信实测开关数量：6666
2026-09-07 10:37:21 [INFO] core.measure_preprocess: [MeasurePreprocess] 默认合位开关数量：10942
2026-09-07 10:37:21 [INFO] core.topology_builder: [遥信预处理统计] 总开关状态映射条目:17608 实际挂载到设备:16592
2026-09-07 10:37:21 [INFO] core.topology_builder: 遥信实测开关:6666，赛题默认合位推演开关:10942
2026-09-07 10:37:26 [DEBUG] core.topology_builder: 主配接口降级（非错）: 无法从LINE_NAME=10kVLINE098解析出主网站映射
2026-09-07 10:37:26 [DEBUG] core.topology_builder: 主配接口降级（非错）: 无法从LINE_NAME=10kVLINE060解析出主网站映射
2026-09-07 10:37:26 [DEBUG] core.topology_builder: 主配接口降级（非错）: 无法从LINE_NAME=10kVLINE004解析出主网站映射
2026-09-07 10:37:26 [DEBUG] core.topology_builder: 主配接口降级（非错）: 无法从LINE_NAME=10kVLINE082解析出主网站映射
2026-09-07 10:37:26 [DEBUG] core.topology_builder: 主配接口降级（非错）: 无法从LINE_NAME=10kVLINE018解析出主网站映射
2026-09-07 10:37:26 [DEBUG] core.topology_builder: 主配接口降级（非错）: 无法从LINE_NAME=10kVLINE074解析出主网站映射
2026-09-07 10:37:26 [DEBUG] core.topology_builder: 主配接口降级（非错）: 无法从LINE_NAME=10kVLINE099解析出主网站映射
2026-09-07 10:37:26 [DEBUG] core.topology_builder: 主配接口降级（非错）: 无法从LINE_NAME=10kVLINE041解析出主网站映射
2026-09-07 10:37:26 [DEBUG] core.topology_builder: 主配接口降级（非错）: 无法从LINE_NAME=10kVLINE086解析出主网站映射
2026-09-07 10:37:26 [DEBUG] core.topology_builder: 主配接口降级（非错）: 无法从LINE_NAME=10kVLINE073解析出主网站映射
2026-09-07 10:37:26 [DEBUG] core.topology_builder: 主配接口降级（非错）: 无法从LINE_NAME=10kVLINE033解析出主网站映射
2026-09-07 10:37:26 [DEBUG] core.topology_builder: 主配接口降级（非错）: 无法从LINE_NAME=10kVLINE091解析出主网站映射
2026-09-07 10:37:26 [DEBUG] core.topology_builder: 主配接口降级（非错）: 无法从LINE_NAME=10kVLINE100解析出主网站映射
2026-09-07 10:37:26 [DEBUG] core.topology_builder: 主配接口降级（非错）: 无法从LINE_NAME=10kVLINE013解析出主网站映射
2026-09-07 10:37:26 [DEBUG] core.topology_builder: 主配接口降级（非错）: 无法从LINE_NAME=10kVLINE101解析出主网站映射
2026-09-07 10:37:26 [DEBUG] core.topology_builder: 主配接口降级（非错）: 无法从LINE_NAME=10kVLINE035解析出主网站映射
2026-09-07 10:37:26 [DEBUG] core.topology_builder: 主配接口降级（非错）: 无法从LINE_NAME=10kVLINE102解析出主网站映射
2026-09-07 10:37:26 [DEBUG] core.topology_builder: 主配接口降级（非错）: 无法从LINE_NAME=10kVLINE103解析出主网站映射
2026-09-07 10:37:26 [DEBUG] core.topology_builder: 主配接口降级（非错）: 无法从LINE_NAME=10kVLINE055解析出主网站映射
2026-09-07 10:37:26 [DEBUG] core.topology_builder: 主配接口降级（非错）: 无法从LINE_NAME=10kVLINE024解析出主网站映射
2026-09-07 10:37:26 [DEBUG] core.topology_builder: 主配接口降级（非错）: 无法从LINE_NAME=10kVLINE084解析出主网站映射
2026-09-07 10:37:26 [DEBUG] core.topology_builder: 主配接口降级（非错）: 无法从LINE_NAME=10kVLINE087解析出主网站映射
2026-09-07 10:37:26 [DEBUG] core.topology_builder: 主配接口降级（非错）: 无法从LINE_NAME=20kVLINE104解析出主网站映射
2026-09-07 10:37:26 [DEBUG] core.topology_builder: 主配接口降级（非错）: 无法从LINE_NAME=10kVLINE012解析出主网站映射
2026-09-07 10:37:26 [DEBUG] core.topology_builder: 主配接口降级（非错）: 无法从LINE_NAME=10kVLINE105解析出主网站映射
2026-09-07 10:37:26 [DEBUG] core.topology_builder: 主配接口降级（非错）: 无法从LINE_NAME=10kVLINE106解析出主网站映射
2026-09-07 10:37:26 [DEBUG] core.topology_builder: 主配接口降级（非错）: 无法从LINE_NAME=10kVLINE094解析出主网站映射
2026-09-07 10:37:26 [DEBUG] core.topology_builder: 主配接口降级（非错）: 无法从LINE_NAME=10kVLINE107解析出主网站映射
2026-09-07 10:37:26 [DEBUG] core.topology_builder: 主配接口降级（非错）: 无法从LINE_NAME=10kVLINE053解析出主网站映射
2026-09-07 10:37:26 [DEBUG] core.topology_builder: 主配接口降级（非错）: 无法从LINE_NAME=20kVLINE108解析出主网站映射
2026-09-07 10:37:26 [DEBUG] core.topology_builder: 主配接口降级（非错）: 无法从LINE_NAME=20kVLINE109解析出主网站映射
2026-09-07 10:37:26 [DEBUG] core.topology_builder: 主配接口降级（非错）: 无法从LINE_NAME=10kVLINE110解析出主网站映射
2026-09-07 10:37:26 [DEBUG] core.topology_builder: 主配接口降级（非错）: 无法从LINE_NAME=10kVLINE111解析出主网站映射
2026-09-07 10:37:26 [DEBUG] core.topology_builder: 主配接口降级（非错）: 无法从LINE_NAME=10kVLINE112解析出主网站映射
2026-09-07 10:37:26 [DEBUG] core.topology_builder: 主配接口降级（非错）: 无法从LINE_NAME=20kVLINE113解析出主网站映射
2026-09-07 10:37:26 [DEBUG] core.topology_builder: 主配接口降级（非错）: 无法从LINE_NAME=10kVLINE026解析出主网站映射
2026-09-07 10:37:26 [DEBUG] core.topology_builder: 主配接口降级（非错）: 无法从LINE_NAME=10kVLINE048解析出主网站映射
2026-09-07 10:37:26 [DEBUG] core.topology_builder: 主配接口降级（非错）: 无法从LINE_NAME=10kVLINE003解析出主网站映射
2026-09-07 10:37:26 [DEBUG] core.topology_builder: 主配接口降级（非错）: 无法从LINE_NAME=10kVLINE057解析出主网站映射
2026-09-07 10:37:26 [DEBUG] core.topology_builder: 主配接口降级（非错）: 无法从LINE_NAME=10kVLINE077解析出主网站映射
2026-09-07 10:37:26 [DEBUG] core.topology_builder: 主配接口降级（非错）: 无法从LINE_NAME=10kVLINE114解析出主网站映射
2026-09-07 10:37:26 [DEBUG] core.topology_builder: 主配接口降级（非错）: 无法从LINE_NAME=10kVLINE027解析出主网站映射
2026-09-07 10:37:26 [DEBUG] core.topology_builder: 主配接口降级（非错）: 无法从LINE_NAME=10kVLINE115解析出主网站映射
2026-09-07 10:37:26 [DEBUG] core.topology_builder: 主配接口降级（非错）: 无法从LINE_NAME=10kVLINE116解析出主网站映射
2026-09-07 10:37:26 [DEBUG] core.topology_builder: 主配接口降级（非错）: 无法从LINE_NAME=10kVLINE117解析出主网站映射
2026-09-07 10:37:26 [DEBUG] core.topology_builder: 主配接口降级（非错）: 无法从LINE_NAME=10kVLINE118解析出主网站映射
2026-09-07 10:37:26 [DEBUG] core.topology_builder: 主配接口降级（非错）: 无法从LINE_NAME=10kVLINE038解析出主网站映射
2026-09-07 10:37:26 [DEBUG] core.topology_builder: 主配接口降级（非错）: 无法从LINE_NAME=10kVLINE119解析出主网站映射
2026-09-07 10:37:26 [DEBUG] core.topology_builder: 主配接口降级（非错）: 无法从LINE_NAME=20kVLINE120解析出主网站映射
2026-09-07 10:37:26 [DEBUG] core.topology_builder: 主配接口降级（非错）: 无法从LINE_NAME=10kVLINE121_195解析出主网站映射
2026-09-07 10:37:26 [DEBUG] core.topology_builder: 主配接口降级（非错）: 无法从LINE_NAME=10kVLINE076解析出主网站映射
2026-09-07 10:37:26 [DEBUG] core.topology_builder: 主配接口降级（非错）: 无法从LINE_NAME=10kVLINE093解析出主网站映射
2026-09-07 10:37:26 [DEBUG] core.topology_builder: 主配接口降级（非错）: 无法从LINE_NAME=20kVLINE122解析出主网站映射
2026-09-07 10:37:26 [DEBUG] core.topology_builder: 主配接口降级（非错）: 无法从LINE_NAME=10kVLINE123解析出主网站映射
2026-09-07 10:37:26 [DEBUG] core.topology_builder: 主配接口降级（非错）: 无法从LINE_NAME=10kVLINE039解析出主网站映射
2026-09-07 10:37:26 [DEBUG] core.topology_builder: 主配接口降级（非错）: 无法从LINE_NAME=10kVLINE124解析出主网站映射
2026-09-07 10:37:26 [DEBUG] core.topology_builder: 主配接口降级（非错）: 无法从LINE_NAME=10kVLINE125解析出主网站映射
2026-09-07 10:37:26 [DEBUG] core.topology_builder: 主配接口降级（非错）: 无法从LINE_NAME=10kVLINE126解析出主网站映射
2026-09-07 10:37:26 [DEBUG] core.topology_builder: 主配接口降级（非错）: 无法从LINE_NAME=10kVLINE127解析出主网站映射
2026-09-07 10:37:26 [DEBUG] core.topology_builder: 主配接口降级（非错）: 无法从LINE_NAME=10kVLINE089解析出主网站映射
2026-09-07 10:37:26 [DEBUG] core.topology_builder: 主配接口降级（非错）: 无法从LINE_NAME=10kVLINE090解析出主网站映射
2026-09-07 10:37:26 [DEBUG] core.topology_builder: 主配接口降级（非错）: 无法从LINE_NAME=10kVLINE128解析出主网站映射
2026-09-07 10:37:26 [DEBUG] core.topology_builder: 主配接口降级（非错）: 无法从LINE_NAME=10kVLINE037解析出主网站映射
2026-09-07 10:37:26 [DEBUG] core.topology_builder: 主配接口降级（非错）: 无法从LINE_NAME=10kVLINE071解析出主网站映射
2026-09-07 10:37:26 [DEBUG] core.topology_builder: 主配接口降级（非错）: 无法从LINE_NAME=10kVLINE129解析出主网站映射
2026-09-07 10:37:26 [DEBUG] core.topology_builder: 主配接口降级（非错）: 无法从LINE_NAME=10kVLINE009解析出主网站映射
2026-09-07 10:37:26 [DEBUG] core.topology_builder: 主配接口降级（非错）: 无法从LINE_NAME=10kVLINE022解析出主网站映射
2026-09-07 10:37:26 [DEBUG] core.topology_builder: 主配接口降级（非错）: 无法从LINE_NAME=10kVLINE028解析出主网站映射
2026-09-07 10:37:26 [DEBUG] core.topology_builder: 主配接口降级（非错）: 无法从LINE_NAME=10kVLINE019解析出主网站映射
2026-09-07 10:37:26 [DEBUG] core.topology_builder: 主配接口降级（非错）: 无法从LINE_NAME=10kVLINE015解析出主网站映射
2026-09-07 10:37:26 [DEBUG] core.topology_builder: 主配接口降级（非错）: 无法从LINE_NAME=10kVLINE130解析出主网站映射
2026-09-07 10:37:26 [DEBUG] core.topology_builder: 主配接口降级（非错）: 无法从LINE_NAME=10kVLINE131解析出主网站映射
2026-09-07 10:37:26 [DEBUG] core.topology_builder: 主配接口降级（非错）: 无法从LINE_NAME=10kVLINE132解析出主网站映射
2026-09-07 10:37:26 [DEBUG] core.topology_builder: 主配接口降级（非错）: 无法从LINE_NAME=10kVLINE061解析出主网站映射
2026-09-07 10:37:26 [DEBUG] core.topology_builder: 主配接口降级（非错）: 无法从LINE_NAME=10kVLINE133解析出主网站映射
2026-09-07 10:37:26 [DEBUG] core.topology_builder: 主配接口降级（非错）: 无法从LINE_NAME=10kVLINE075解析出主网站映射
2026-09-07 10:37:26 [DEBUG] core.topology_builder: 主配接口降级（非错）: 无法从LINE_NAME=10kVLINE016解析出主网站映射
2026-09-07 10:37:26 [DEBUG] core.topology_builder: 主配接口降级（非错）: 无法从LINE_NAME=10kVLINE134解析出主网站映射
2026-09-07 10:37:26 [DEBUG] core.topology_builder: 主配接口降级（非错）: 无法从LINE_NAME=10kVLINE043解析出主网站映射
2026-09-07 10:37:26 [DEBUG] core.topology_builder: 主配接口降级（非错）: 无法从LINE_NAME=10kVLINE050解析出主网站映射
2026-09-07 10:37:26 [DEBUG] core.topology_builder: 主配接口降级（非错）: 无法从LINE_NAME=10kVLINE054解析出主网站映射
2026-09-07 10:37:26 [DEBUG] core.topology_builder: 主配接口降级（非错）: 无法从LINE_NAME=10kVLINE040解析出主网站映射
2026-09-07 10:37:26 [DEBUG] core.topology_builder: 主配接口降级（非错）: 无法从LINE_NAME=10kVLINE021解析出主网站映射
2026-09-07 10:37:26 [DEBUG] core.topology_builder: 主配接口降级（非错）: 无法从LINE_NAME=10kVLINE023解析出主网站映射
2026-09-07 10:37:26 [DEBUG] core.topology_builder: 主配接口降级（非错）: 无法从LINE_NAME=10kVLINE020解析出主网站映射
2026-09-07 10:37:26 [DEBUG] core.topology_builder: 主配接口降级（非错）: 无法从LINE_NAME=10kVLINE135解析出主网站映射
2026-09-07 10:37:26 [DEBUG] core.topology_builder: 主配接口降级（非错）: 无法从LINE_NAME=10kVLINE136解析出主网站映射
2026-09-07 10:37:26 [DEBUG] core.topology_builder: 主配接口降级（非错）: 无法从LINE_NAME=10kVLINE097解析出主网站映射
2026-09-07 10:37:26 [DEBUG] core.topology_builder: 主配接口降级（非错）: 无法从LINE_NAME=10kVLINE096解析出主网站映射
2026-09-07 10:37:26 [DEBUG] core.topology_builder: 主配接口降级（非错）: 无法从LINE_NAME=10kVLINE137解析出主网站映射
2026-09-07 10:37:26 [DEBUG] core.topology_builder: 主配接口降级（非错）: 无法从LINE_NAME=10kVLINE138解析出主网站映射
2026-09-07 10:37:26 [DEBUG] core.topology_builder: 主配接口降级（非错）: 无法从LINE_NAME=10kVLINE139解析出主网站映射
2026-09-07 10:37:26 [DEBUG] core.topology_builder: 主配接口降级（非错）: 无法从LINE_NAME=10kVLINE140解析出主网站映射
2026-09-07 10:37:26 [DEBUG] core.topology_builder: 主配接口降级（非错）: 无法从LINE_NAME=10kVLINE141解析出主网站映射
2026-09-07 10:37:26 [DEBUG] core.topology_builder: 主配接口降级（非错）: 无法从LINE_NAME=10kVLINE049解析出主网站映射
2026-09-07 10:37:26 [DEBUG] core.topology_builder: 主配接口降级（非错）: 无法从LINE_NAME=10kVLINE142解析出主网站映射
2026-09-07 10:37:26 [DEBUG] core.topology_builder: 主配接口降级（非错）: 无法从LINE_NAME=10kVLINE042解析出主网站映射
2026-09-07 10:37:26 [DEBUG] core.topology_builder: 主配接口降级（非错）: 无法从LINE_NAME=10kVLINE056解析出主网站映射
2026-09-07 10:37:26 [DEBUG] core.topology_builder: 主配接口降级（非错）: 无法从LINE_NAME=10kVLINE143解析出主网站映射
2026-09-07 10:37:26 [DEBUG] core.topology_builder: 主配接口降级（非错）: 无法从LINE_NAME=10kVLINE144解析出主网站映射
2026-09-07 10:37:26 [DEBUG] core.topology_builder: 主配接口降级（非错）: 无法从LINE_NAME=10kVLINE070解析出主网站映射
2026-09-07 10:37:26 [DEBUG] core.topology_builder: 主配接口降级（非错）: 无法从LINE_NAME=10kVLINE069解析出主网站映射
2026-09-07 10:37:26 [DEBUG] core.topology_builder: 主配接口降级（非错）: 无法从LINE_NAME=10kVLINE145解析出主网站映射
2026-09-07 10:37:26 [DEBUG] core.topology_builder: 主配接口降级（非错）: 无法从LINE_NAME=10kVLINE146解析出主网站映射
2026-09-07 10:37:26 [DEBUG] core.topology_builder: 主配接口降级（非错）: 无法从LINE_NAME=10kVLINE147解析出主网站映射
2026-09-07 10:37:26 [DEBUG] core.topology_builder: 主配接口降级（非错）: 无法从LINE_NAME=10kVLINE148解析出主网站映射
2026-09-07 10:37:26 [DEBUG] core.topology_builder: 主配接口降级（非错）: 无法从LINE_NAME=10kVLINE025解析出主网站映射
2026-09-07 10:37:26 [DEBUG] core.topology_builder: 主配接口降级（非错）: 无法从LINE_NAME=20kVLINE149解析出主网站映射
2026-09-07 10:37:26 [DEBUG] core.topology_builder: 主配接口降级（非错）: 无法从LINE_NAME=10kVLINE083解析出主网站映射
2026-09-07 10:37:26 [DEBUG] core.topology_builder: 主配接口降级（非错）: 无法从LINE_NAME=20kVLINE150解析出主网站映射
2026-09-07 10:37:26 [DEBUG] core.topology_builder: 主配接口降级（非错）: 无法从LINE_NAME=20kVLINE151解析出主网站映射
2026-09-07 10:37:26 [DEBUG] core.topology_builder: 主配接口降级（非错）: 无法从LINE_NAME=20kVLINE152解析出主网站映射
2026-09-07 10:37:26 [DEBUG] core.topology_builder: 主配接口降级（非错）: 无法从LINE_NAME=10kVLINE046解析出主网站映射
2026-09-07 10:37:26 [DEBUG] core.topology_builder: 主配接口降级（非错）: 无法从LINE_NAME=10kVLINE045解析出主网站映射
2026-09-07 10:37:26 [DEBUG] core.topology_builder: 主配接口降级（非错）: 无法从LINE_NAME=10kVLINE153解析出主网站映射
2026-09-07 10:37:26 [DEBUG] core.topology_builder: 主配接口降级（非错）: 无法从LINE_NAME=10kVLINE154解析出主网站映射
2026-09-07 10:37:26 [DEBUG] core.topology_builder: 主配接口降级（非错）: 无法从LINE_NAME=10kVLINE155解析出主网站映射
2026-09-07 10:37:26 [DEBUG] core.topology_builder: 主配接口降级（非错）: 无法从LINE_NAME=10kVLINE156解析出主网站映射
2026-09-07 10:37:26 [DEBUG] core.topology_builder: 主配接口降级（非错）: 无法从LINE_NAME=10kVLINE058解析出主网站映射
2026-09-07 10:37:26 [DEBUG] core.topology_builder: 主配接口降级（非错）: 无法从LINE_NAME=10kVLINE059解析出主网站映射
2026-09-07 10:37:26 [DEBUG] core.topology_builder: 主配接口降级（非错）: 无法从LINE_NAME=10kVLINE157解析出主网站映射
2026-09-07 10:37:26 [DEBUG] core.topology_builder: 主配接口降级（非错）: 无法从LINE_NAME=10kVLINE088解析出主网站映射
2026-09-07 10:37:26 [DEBUG] core.topology_builder: 主配接口降级（非错）: 无法从LINE_NAME=10kVLINE121_185解析出主网站映射
2026-09-07 10:37:26 [DEBUG] core.topology_builder: 主配接口降级（非错）: 无法从LINE_NAME=10kVLINE081解析出主网站映射
2026-09-07 10:37:26 [DEBUG] core.topology_builder: 主配接口降级（非错）: 无法从LINE_NAME=10kVLINE158解析出主网站映射
2026-09-07 10:37:26 [DEBUG] core.topology_builder: 主配接口降级（非错）: 无法从LINE_NAME=10kVLINE159解析出主网站映射
2026-09-07 10:37:26 [DEBUG] core.topology_builder: 主配接口降级（非错）: 无法从LINE_NAME=10kVLINE160解析出主网站映射
2026-09-07 10:37:26 [DEBUG] core.topology_builder: 主配接口降级（非错）: 无法从LINE_NAME=10kVLINE161解析出主网站映射
2026-09-07 10:37:26 [DEBUG] core.topology_builder: 主配接口降级（非错）: 无法从LINE_NAME=10kVLINE162解析出主网站映射
2026-09-07 10:37:26 [DEBUG] core.topology_builder: 主配接口降级（非错）: 无法从LINE_NAME=10kVLINE163解析出主网站映射
2026-09-07 10:37:26 [DEBUG] core.topology_builder: 主配接口降级（非错）: 无法从LINE_NAME=10kVLINE164解析出主网站映射
2026-09-07 10:37:26 [DEBUG] core.topology_builder: 主配接口降级（非错）: 无法从LINE_NAME=10kVLINE165解析出主网站映射
2026-09-07 10:37:26 [DEBUG] core.topology_builder: 主配接口降级（非错）: 无法从LINE_NAME=10kVLINE166解析出主网站映射
2026-09-07 10:37:26 [DEBUG] core.topology_builder: 主配接口降级（非错）: 无法从LINE_NAME=10kVLINE167解析出主网站映射
2026-09-07 10:37:26 [DEBUG] core.topology_builder: 主配接口降级（非错）: 无法从LINE_NAME=10kVLINE168解析出主网站映射
2026-09-07 10:37:26 [DEBUG] core.topology_builder: 主配接口降级（非错）: 无法从LINE_NAME=10kVLINE014解析出主网站映射
2026-09-07 10:37:26 [DEBUG] core.topology_builder: 主配接口降级（非错）: 无法从LINE_NAME=10kVLINE169解析出主网站映射
2026-09-07 10:37:26 [DEBUG] core.topology_builder: 主配接口降级（非错）: 无法从LINE_NAME=10kVLINE170解析出主网站映射
2026-09-07 10:37:26 [DEBUG] core.topology_builder: 主配接口降级（非错）: 无法从LINE_NAME=10kVLINE171解析出主网站映射
2026-09-07 10:37:26 [DEBUG] core.topology_builder: 主配接口降级（非错）: 无法从LINE_NAME=10kVLINE172解析出主网站映射
2026-09-07 10:37:26 [DEBUG] core.topology_builder: 主配接口降级（非错）: 无法从LINE_NAME=10kVLINE173解析出主网站映射
2026-09-07 10:37:26 [DEBUG] core.topology_builder: 主配接口降级（非错）: 无法从LINE_NAME=10kVLINE174解析出主网站映射
2026-09-07 10:37:26 [DEBUG] core.topology_builder: 主配接口降级（非错）: 无法从LINE_NAME=10kVLINE175解析出主网站映射
2026-09-07 10:37:26 [DEBUG] core.topology_builder: 主配接口降级（非错）: 无法从LINE_NAME=10kVLINE176解析出主网站映射
2026-09-07 10:37:26 [DEBUG] core.topology_builder: 主配接口降级（非错）: 无法从LINE_NAME=10kVLINE177解析出主网站映射
2026-09-07 10:37:26 [DEBUG] core.topology_builder: 主配接口降级（非错）: 无法从LINE_NAME=10kVLINE044解析出主网站映射
2026-09-07 10:37:26 [DEBUG] core.topology_builder: 主配接口降级（非错）: 无法从LINE_NAME=10kVLINE178解析出主网站映射
2026-09-07 10:37:26 [DEBUG] core.topology_builder: 主配接口降级（非错）: 无法从LINE_NAME=10kVLINE179解析出主网站映射
2026-09-07 10:37:26 [DEBUG] core.topology_builder: 主配接口降级（非错）: 无法从LINE_NAME=10kVLINE180解析出主网站映射
2026-09-07 10:37:26 [DEBUG] core.topology_builder: 主配接口降级（非错）: 无法从LINE_NAME=20kVLINE181解析出主网站映射
2026-09-07 10:37:26 [DEBUG] core.topology_builder: 主配接口降级（非错）: 无法从LINE_NAME=10kVLINE182解析出主网站映射
2026-09-07 10:37:26 [DEBUG] core.topology_builder: 主配接口降级（非错）: 无法从LINE_NAME=10kVLINE183解析出主网站映射
2026-09-07 10:37:26 [DEBUG] core.topology_builder: 主配接口降级（非错）: 无法从LINE_NAME=10kVLINE184解析出主网站映射
2026-09-07 10:37:26 [DEBUG] core.topology_builder: 主配接口降级（非错）: 无法从LINE_NAME=10kVLINE186解析出主网站映射
2026-09-07 10:37:26 [DEBUG] core.topology_builder: 主配接口降级（非错）: 无法从LINE_NAME=10kVLINE187解析出主网站映射
2026-09-07 10:37:26 [DEBUG] core.topology_builder: 主配接口降级（非错）: 无法从LINE_NAME=10kVLINE188解析出主网站映射
2026-09-07 10:37:26 [DEBUG] core.topology_builder: 主配接口降级（非错）: 无法从LINE_NAME=10kVLINE189解析出主网站映射
2026-09-07 10:37:26 [DEBUG] core.topology_builder: 主配接口降级（非错）: 无法从LINE_NAME=10kVLINE190解析出主网站映射
2026-09-07 10:37:26 [DEBUG] core.topology_builder: 主配接口降级（非错）: 无法从LINE_NAME=10kVLINE191解析出主网站映射
2026-09-07 10:37:26 [DEBUG] core.topology_builder: 主配接口降级（非错）: 无法从LINE_NAME=10kVLINE192解析出主网站映射
2026-09-07 10:37:26 [DEBUG] core.topology_builder: 主配接口降级（非错）: 无法从LINE_NAME=10kVLINE193解析出主网站映射
2026-09-07 10:37:26 [DEBUG] core.topology_builder: 主配接口降级（非错）: 无法从LINE_NAME=10kVLINE194解析出主网站映射
2026-09-07 10:37:26 [DEBUG] core.topology_builder: 主配接口降级（非错）: 无法从LINE_NAME=10kVLINE195解析出主网站映射
2026-09-07 10:37:26 [DEBUG] core.topology_builder: 主配接口降级（非错）: 无法从LINE_NAME=10kVLINE196解析出主网站映射
2026-09-07 10:37:26 [DEBUG] core.topology_builder: 主配接口降级（非错）: 无法从LINE_NAME=10kVLINE197解析出主网站映射
2026-09-07 10:37:26 [DEBUG] core.topology_builder: 主配接口降级（非错）: 无法从LINE_NAME=10kVLINE198解析出主网站映射
2026-09-07 10:37:26 [DEBUG] core.topology_builder: 主配接口降级（非错）: 无法从LINE_NAME=10kVLINE199解析出主网站映射
2026-09-07 10:37:26 [DEBUG] core.topology_builder: 主配接口降级（非错）: 无法从LINE_NAME=10kVLINE063解析出主网站映射
2026-09-07 10:37:26 [DEBUG] core.topology_builder: 主配接口降级（非错）: 无法从LINE_NAME=10kVLINE200解析出主网站映射
2026-09-07 10:37:26 [DEBUG] core.topology_builder: 主配接口降级（非错）: 无法从LINE_NAME=10kVLINE201解析出主网站映射
2026-09-07 10:37:26 [DEBUG] core.topology_builder: 主配接口降级（非错）: 无法从LINE_NAME=10kVLINE202解析出主网站映射
2026-09-07 10:37:26 [DEBUG] core.topology_builder: 主配接口降级（非错）: 无法从LINE_NAME=10kVLINE203解析出主网站映射
2026-09-07 10:37:26 [DEBUG] core.topology_builder: 主配接口降级（非错）: 无法从LINE_NAME=10kVLINE204解析出主网站映射
2026-09-07 10:37:26 [DEBUG] core.topology_builder: 主配接口降级（非错）: 无法从LINE_NAME=10kVLINE205解析出主网站映射
2026-09-07 10:37:26 [DEBUG] core.topology_builder: 主配接口降级（非错）: 无法从LINE_NAME=10kVLINE051解析出主网站映射
2026-09-07 10:37:26 [DEBUG] core.topology_builder: 主配接口降级（非错）: 无法从LINE_NAME=10kVLINE187解析出主网站映射
2026-09-07 10:37:26 [DEBUG] core.topology_builder: 主配接口降级（非错）: 无法从LINE_NAME=10kVLINE207解析出主网站映射
2026-09-07 10:37:26 [DEBUG] core.topology_builder: 主配接口降级（非错）: 无法从LINE_NAME=10kVLINE208解析出主网站映射
2026-09-07 10:37:26 [DEBUG] core.topology_builder: 主配接口降级（非错）: 无法从LINE_NAME=10kVLINE209解析出主网站映射
2026-09-07 10:37:26 [DEBUG] core.topology_builder: 主配接口降级（非错）: 无法从LINE_NAME=10kVLINE210解析出主网站映射
2026-09-07 10:37:26 [DEBUG] core.topology_builder: 主配接口降级（非错）: 无法从LINE_NAME=10kVLINE212解析出主网站映射
2026-09-07 10:37:26 [DEBUG] core.topology_builder: 主配接口降级（非错）: 无法从LINE_NAME=10kVLINE213解析出主网站映射
2026-09-07 10:37:26 [DEBUG] core.topology_builder: 主配接口降级（非错）: 无法从LINE_NAME=LINE215解析出主网站映射
2026-09-07 10:37:26 [DEBUG] core.topology_builder: 主配接口降级（非错）: 无法从LINE_NAME=LINE216解析出主网站映射
2026-09-07 10:37:26 [INFO] core.topology_builder: 主配接口校验：通过=184 失败=5
2026-09-07 10:37:26 [INFO] core.topology_builder: [主配接口校验] 4.1/4.2 命中缺陷: 5
2026-09-07 10:37:26 [INFO] core.topology_builder: [电气逻辑校验] RULE-E01~E07 命中:4458
2026-09-07 10:37:26 [INFO] core.topology_builder: 开始执行拓扑异常检测：悬空、孤岛、断点
2026-09-07 10:37:30 [INFO] core.topology_builder: 主网异常数量：0，断点数量：0
2026-09-07 10:37:30 [INFO] core.topology_builder: 配网异常数量：726，断点数量：418
2026-09-07 10:37:35 [INFO] core.score_engine: 评分结果: 设备=50744 缺陷=1756 扣分=25.00 缺陷率=3.46% 缺陷率扣分=4.92 score_before=70.1 score_after=100.0
2026-09-07 10:37:35 [INFO] core.enhanced_report_generator: [增强报告] 开始为 LINE215 生成增强报告
2026-09-07 10:37:35 [INFO] core.enhanced_report_generator: [增强报告] 评估数据源质量...
2026-09-07 10:37:35 [INFO] core.physical_constraint_checker: [物理约束] 数据源可信度: 遥测=0.11, SVG=0.77, 数据库=0.90
2026-09-07 10:37:35 [INFO] core.enhanced_report_generator: [增强报告] 执行物理约束校验...
2026-09-07 10:37:35 [INFO] core.physical_constraint_checker: [物理约束] 数据源可信度: 遥测=0.11, SVG=0.77, 数据库=0.90
2026-09-07 10:37:35 [INFO] core.physical_constraint_checker: [物理约束] 开始KCL校验, 共100个节点
2026-09-07 10:37:35 [INFO] core.physical_constraint_checker: [物理约束] 开始支路约束校验, 共50个开关
2026-09-07 10:37:35 [INFO] core.enhanced_report_generator: [增强报告] 处理 1756 个缺陷...
2026-09-07 10:37:35 [INFO] core.enhanced_report_generator: [增强报告] 排序修复方案...
2026-09-07 10:37:35 [INFO] core.repair_ranking_engine: [修复排序] 处理1756个修复候选, 最高优先级=0.500(TMP00044547 <-> TMP00046078)
2026-09-07 10:37:35 [INFO] core.enhanced_report_generator: [增强报告] 生成完成: 缺陷1756个, 高风险0个, 确认1756个
2026-09-07 10:37:36 [INFO] core.feeder_topology_analysis: Sheet3 联络开关: feeder=TMP00000188 识别到 1 个联络开关
2026-09-07 10:37:36 [DEBUG] core.feeder_topology_analysis: P1-P7 引擎产生 15 条断点候选
2026-09-07 10:37:36 [INFO] core.feeder_topology_analysis: Sheet2 断点定位: feeder=TMP00000188 共 378 条 (P1-P7 优先级排序)
2026-09-07 10:37:36 [INFO] core.feeder_topology_analysis: Sheet4 合环识别: feeder=TMP00000188 共 2 条
2026-09-07 14:10:04 [INFO] core.feeder_topology_analysis: Sheet3 联络开关: feeder=FEEDER_A 识别到 1 个联络开关
2026-09-07 14:10:04 [INFO] core.feeder_topology_analysis: Sheet3 联络开关: feeder=FEEDER_X 识别到 1 个联络开关
2026-09-07 14:12:19 [INFO] core.feeder_topology_analysis: Sheet3 联络开关: feeder=FEEDER_A 识别到 1 个联络开关
2026-09-07 14:12:19 [INFO] core.feeder_topology_analysis: Sheet3 联络开关: feeder=FEEDER_X 识别到 1 个联络开关
2026-09-07 14:12:19 [INFO] core.score_engine: 评分结果(规范公式): 设备=1000 缺陷=19 维度扣分=58.00 score_before=42.0 score_after=42.0
2026-09-07 14:12:28 [INFO] core.feeder_topology_analysis: Sheet3 联络开关: feeder=FEEDER_A 识别到 1 个联络开关
2026-09-07 14:12:28 [INFO] core.feeder_topology_analysis: Sheet3 联络开关: feeder=FEEDER_X 识别到 1 个联络开关
2026-09-07 14:12:28 [INFO] core.score_engine: 评分结果(规范公式): 设备=1000 缺陷=19 维度扣分=58.00 score_before=42.0 score_after=42.0
2026-09-07 14:12:51 [INFO] core.feeder_topology_analysis: Sheet3 联络开关: feeder=FEEDER_A 识别到 1 个联络开关
2026-09-07 14:12:51 [INFO] core.feeder_topology_analysis: Sheet3 联络开关: feeder=FEEDER_X 识别到 1 个联络开关
2026-09-07 14:12:51 [INFO] core.score_engine: 评分结果(规范公式): 设备=1000 缺陷=19 维度扣分=58.00 score_before=42.0 score_after=42.0
2026-09-07 14:14:50 [INFO] core.topology_builder: 主配数据拆分完成：主网设备=1167 配网设备=50744 主网线段=223 配网线段=189 主网站=10 遥信遥测=5829 ZWMEA=442 ZWSIGNAL=1567
2026-09-07 14:14:50 [INFO] core.topology_builder: 主网设备数量：1167
2026-09-07 14:14:50 [INFO] core.topology_builder: 配网设备数量：50744
2026-09-07 14:14:50 [INFO] core.topology_builder: 主网线路(ZLINEEND)数量：223
2026-09-07 14:14:50 [INFO] core.topology_builder: 配网线路(PWFEEDERLINE)数量：189
2026-09-07 14:14:50 [INFO] core.topology_builder: 主网站点(ZWSUBSTATION)数量：10
2026-09-07 14:14:50 [INFO] core.topology_builder: 遥信遥测(PWREAL)记录数：5829
2026-09-07 14:14:50 [INFO] core.topology_builder: 主网遥测(ZWMEA)：442 主网遥信(ZWSIGNAL)：1567
2026-09-07 14:14:50 [INFO] core.topology_builder: [Builder] 正在添加 1167 个主网设备和 50744 个配网设备...
2026-09-07 14:14:50 [INFO] core.topology_builder: 主网电源设备数=47
2026-09-07 14:14:50 [INFO] core.topology_builder: 主网电源设备识别: 47 台
2026-09-07 14:14:51 [DEBUG] core.topology_builder: 已处理 10000 个配网设备
2026-09-07 14:14:53 [DEBUG] core.topology_builder: 已处理 20000 个配网设备
2026-09-07 14:14:54 [DEBUG] core.topology_builder: 已处理 30000 个配网设备
2026-09-07 14:14:55 [DEBUG] core.topology_builder: 已处理 40000 个配网设备
2026-09-07 14:14:56 [DEBUG] core.topology_builder: 已处理 50000 个配网设备
2026-09-07 14:14:56 [INFO] core.topology_builder: 配网电源设备数=0
2026-09-07 14:14:56 [INFO] core.topology_builder: 配网电源设备识别: 0 台
2026-09-07 14:14:56 [INFO] core.topology_builder: 主配电源注入（S1修复版）: 1167 台主网设备标记为电源（不再整条馈线注入）
2026-09-07 14:14:56 [INFO] core.topology_builder:   ZWLINEEND 解析出馈线→主网站映射数: 0
2026-09-07 14:15:07 [INFO] core.topology_builder: [Builder] 配网真实端子数量:76354
2026-09-07 14:15:07 [INFO] core.topology_builder: [Builder] 主网真实端子数量:1562
2026-09-07 14:15:14 [INFO] core.topology_builder: [S2修复] 主配物理连接跨边建立: 324 条, 主网边界设备并入: 175 台
2026-09-07 14:15:14 [INFO] core.topology_builder: [端子建边完成] 配网拓扑边数量：117773
2026-09-07 14:15:14 [INFO] core.topology_builder: [端子建边完成] 主网拓扑边数量：2632
2026-09-07 14:15:22 [INFO] core.measure_preprocess: [MeasurePreprocess] 遥信实测开关数量：6666
2026-09-07 14:15:22 [INFO] core.measure_preprocess: [MeasurePreprocess] 默认合位开关数量：19813
2026-09-07 14:15:22 [INFO] core.topology_builder: [遥信预处理统计] 总开关状态映射条目:26479 实际挂载到设备:25637
2026-09-07 14:15:22 [INFO] core.topology_builder: 遥信实测开关:6666，赛题默认合位推演开关:19813
2026-09-07 14:15:32 [DEBUG] core.topology_builder: 主配接口降级（非错）: 无法从LINE_NAME=10kVLINE098解析出主网站映射
2026-09-07 14:15:32 [DEBUG] core.topology_builder: 主配接口降级（非错）: 无法从LINE_NAME=10kVLINE060解析出主网站映射
2026-09-07 14:15:32 [DEBUG] core.topology_builder: 主配接口降级（非错）: 无法从LINE_NAME=10kVLINE004解析出主网站映射
2026-09-07 14:15:32 [DEBUG] core.topology_builder: 主配接口降级（非错）: 无法从LINE_NAME=10kVLINE082解析出主网站映射
2026-09-07 14:15:32 [DEBUG] core.topology_builder: 主配接口降级（非错）: 无法从LINE_NAME=10kVLINE018解析出主网站映射
2026-09-07 14:15:32 [DEBUG] core.topology_builder: 主配接口降级（非错）: 无法从LINE_NAME=10kVLINE074解析出主网站映射
2026-09-07 14:15:32 [DEBUG] core.topology_builder: 主配接口降级（非错）: 无法从LINE_NAME=10kVLINE099解析出主网站映射
2026-09-07 14:15:32 [DEBUG] core.topology_builder: 主配接口降级（非错）: 无法从LINE_NAME=10kVLINE041解析出主网站映射
2026-09-07 14:15:32 [DEBUG] core.topology_builder: 主配接口降级（非错）: 无法从LINE_NAME=10kVLINE086解析出主网站映射
2026-09-07 14:15:32 [DEBUG] core.topology_builder: 主配接口降级（非错）: 无法从LINE_NAME=10kVLINE073解析出主网站映射
2026-09-07 14:15:32 [DEBUG] core.topology_builder: 主配接口降级（非错）: 无法从LINE_NAME=10kVLINE033解析出主网站映射
2026-09-07 14:15:32 [DEBUG] core.topology_builder: 主配接口降级（非错）: 无法从LINE_NAME=10kVLINE091解析出主网站映射
2026-09-07 14:15:32 [DEBUG] core.topology_builder: 主配接口降级（非错）: 无法从LINE_NAME=10kVLINE100解析出主网站映射
2026-09-07 14:15:32 [DEBUG] core.topology_builder: 主配接口降级（非错）: 无法从LINE_NAME=10kVLINE013解析出主网站映射
2026-09-07 14:15:32 [DEBUG] core.topology_builder: 主配接口降级（非错）: 无法从LINE_NAME=10kVLINE101解析出主网站映射
2026-09-07 14:15:32 [DEBUG] core.topology_builder: 主配接口降级（非错）: 无法从LINE_NAME=10kVLINE035解析出主网站映射
2026-09-07 14:15:32 [DEBUG] core.topology_builder: 主配接口降级（非错）: 无法从LINE_NAME=10kVLINE102解析出主网站映射
2026-09-07 14:15:32 [DEBUG] core.topology_builder: 主配接口降级（非错）: 无法从LINE_NAME=10kVLINE103解析出主网站映射
2026-09-07 14:15:32 [DEBUG] core.topology_builder: 主配接口降级（非错）: 无法从LINE_NAME=10kVLINE055解析出主网站映射
2026-09-07 14:15:32 [DEBUG] core.topology_builder: 主配接口降级（非错）: 无法从LINE_NAME=10kVLINE024解析出主网站映射
2026-09-07 14:15:32 [DEBUG] core.topology_builder: 主配接口降级（非错）: 无法从LINE_NAME=10kVLINE084解析出主网站映射
2026-09-07 14:15:32 [DEBUG] core.topology_builder: 主配接口降级（非错）: 无法从LINE_NAME=10kVLINE087解析出主网站映射
2026-09-07 14:15:32 [DEBUG] core.topology_builder: 主配接口降级（非错）: 无法从LINE_NAME=20kVLINE104解析出主网站映射
2026-09-07 14:15:32 [DEBUG] core.topology_builder: 主配接口降级（非错）: 无法从LINE_NAME=10kVLINE012解析出主网站映射
2026-09-07 14:15:32 [DEBUG] core.topology_builder: 主配接口降级（非错）: 无法从LINE_NAME=10kVLINE105解析出主网站映射
2026-09-07 14:15:32 [DEBUG] core.topology_builder: 主配接口降级（非错）: 无法从LINE_NAME=10kVLINE106解析出主网站映射
2026-09-07 14:15:32 [DEBUG] core.topology_builder: 主配接口降级（非错）: 无法从LINE_NAME=10kVLINE094解析出主网站映射
2026-09-07 14:15:32 [DEBUG] core.topology_builder: 主配接口降级（非错）: 无法从LINE_NAME=10kVLINE107解析出主网站映射
2026-09-07 14:15:32 [DEBUG] core.topology_builder: 主配接口降级（非错）: 无法从LINE_NAME=10kVLINE053解析出主网站映射
2026-09-07 14:15:32 [DEBUG] core.topology_builder: 主配接口降级（非错）: 无法从LINE_NAME=20kVLINE108解析出主网站映射
2026-09-07 14:15:32 [DEBUG] core.topology_builder: 主配接口降级（非错）: 无法从LINE_NAME=20kVLINE109解析出主网站映射
2026-09-07 14:15:32 [DEBUG] core.topology_builder: 主配接口降级（非错）: 无法从LINE_NAME=10kVLINE110解析出主网站映射
2026-09-07 14:15:32 [DEBUG] core.topology_builder: 主配接口降级（非错）: 无法从LINE_NAME=10kVLINE111解析出主网站映射
2026-09-07 14:15:32 [DEBUG] core.topology_builder: 主配接口降级（非错）: 无法从LINE_NAME=10kVLINE112解析出主网站映射
2026-09-07 14:15:32 [DEBUG] core.topology_builder: 主配接口降级（非错）: 无法从LINE_NAME=20kVLINE113解析出主网站映射
2026-09-07 14:15:32 [DEBUG] core.topology_builder: 主配接口降级（非错）: 无法从LINE_NAME=10kVLINE026解析出主网站映射
2026-09-07 14:15:32 [DEBUG] core.topology_builder: 主配接口降级（非错）: 无法从LINE_NAME=10kVLINE048解析出主网站映射
2026-09-07 14:15:32 [DEBUG] core.topology_builder: 主配接口降级（非错）: 无法从LINE_NAME=10kVLINE003解析出主网站映射
2026-09-07 14:15:32 [DEBUG] core.topology_builder: 主配接口降级（非错）: 无法从LINE_NAME=10kVLINE057解析出主网站映射
2026-09-07 14:15:32 [DEBUG] core.topology_builder: 主配接口降级（非错）: 无法从LINE_NAME=10kVLINE077解析出主网站映射
2026-09-07 14:15:32 [DEBUG] core.topology_builder: 主配接口降级（非错）: 无法从LINE_NAME=10kVLINE114解析出主网站映射
2026-09-07 14:15:32 [DEBUG] core.topology_builder: 主配接口降级（非错）: 无法从LINE_NAME=10kVLINE027解析出主网站映射
2026-09-07 14:15:32 [DEBUG] core.topology_builder: 主配接口降级（非错）: 无法从LINE_NAME=10kVLINE115解析出主网站映射
2026-09-07 14:15:32 [DEBUG] core.topology_builder: 主配接口降级（非错）: 无法从LINE_NAME=10kVLINE116解析出主网站映射
2026-09-07 14:15:32 [DEBUG] core.topology_builder: 主配接口降级（非错）: 无法从LINE_NAME=10kVLINE117解析出主网站映射
2026-09-07 14:15:32 [DEBUG] core.topology_builder: 主配接口降级（非错）: 无法从LINE_NAME=10kVLINE118解析出主网站映射
2026-09-07 14:15:32 [DEBUG] core.topology_builder: 主配接口降级（非错）: 无法从LINE_NAME=10kVLINE038解析出主网站映射
2026-09-07 14:15:32 [DEBUG] core.topology_builder: 主配接口降级（非错）: 无法从LINE_NAME=10kVLINE119解析出主网站映射
2026-09-07 14:15:32 [DEBUG] core.topology_builder: 主配接口降级（非错）: 无法从LINE_NAME=20kVLINE120解析出主网站映射
2026-09-07 14:15:32 [DEBUG] core.topology_builder: 主配接口降级（非错）: 无法从LINE_NAME=10kVLINE121_195解析出主网站映射
2026-09-07 14:15:32 [DEBUG] core.topology_builder: 主配接口降级（非错）: 无法从LINE_NAME=10kVLINE076解析出主网站映射
2026-09-07 14:15:32 [DEBUG] core.topology_builder: 主配接口降级（非错）: 无法从LINE_NAME=10kVLINE093解析出主网站映射
2026-09-07 14:15:32 [DEBUG] core.topology_builder: 主配接口降级（非错）: 无法从LINE_NAME=20kVLINE122解析出主网站映射
2026-09-07 14:15:32 [DEBUG] core.topology_builder: 主配接口降级（非错）: 无法从LINE_NAME=10kVLINE123解析出主网站映射
2026-09-07 14:15:32 [DEBUG] core.topology_builder: 主配接口降级（非错）: 无法从LINE_NAME=10kVLINE039解析出主网站映射
2026-09-07 14:15:32 [DEBUG] core.topology_builder: 主配接口降级（非错）: 无法从LINE_NAME=10kVLINE124解析出主网站映射
2026-09-07 14:15:32 [DEBUG] core.topology_builder: 主配接口降级（非错）: 无法从LINE_NAME=10kVLINE125解析出主网站映射
2026-09-07 14:15:32 [DEBUG] core.topology_builder: 主配接口降级（非错）: 无法从LINE_NAME=10kVLINE126解析出主网站映射
2026-09-07 14:15:32 [DEBUG] core.topology_builder: 主配接口降级（非错）: 无法从LINE_NAME=10kVLINE127解析出主网站映射
2026-09-07 14:15:32 [DEBUG] core.topology_builder: 主配接口降级（非错）: 无法从LINE_NAME=10kVLINE089解析出主网站映射
2026-09-07 14:15:32 [DEBUG] core.topology_builder: 主配接口降级（非错）: 无法从LINE_NAME=10kVLINE090解析出主网站映射
2026-09-07 14:15:32 [DEBUG] core.topology_builder: 主配接口降级（非错）: 无法从LINE_NAME=10kVLINE128解析出主网站映射
2026-09-07 14:15:32 [DEBUG] core.topology_builder: 主配接口降级（非错）: 无法从LINE_NAME=10kVLINE037解析出主网站映射
2026-09-07 14:15:32 [DEBUG] core.topology_builder: 主配接口降级（非错）: 无法从LINE_NAME=10kVLINE071解析出主网站映射
2026-09-07 14:15:32 [DEBUG] core.topology_builder: 主配接口降级（非错）: 无法从LINE_NAME=10kVLINE129解析出主网站映射
2026-09-07 14:15:32 [DEBUG] core.topology_builder: 主配接口降级（非错）: 无法从LINE_NAME=10kVLINE009解析出主网站映射
2026-09-07 14:15:32 [DEBUG] core.topology_builder: 主配接口降级（非错）: 无法从LINE_NAME=10kVLINE022解析出主网站映射
2026-09-07 14:15:32 [DEBUG] core.topology_builder: 主配接口降级（非错）: 无法从LINE_NAME=10kVLINE028解析出主网站映射
2026-09-07 14:15:32 [DEBUG] core.topology_builder: 主配接口降级（非错）: 无法从LINE_NAME=10kVLINE019解析出主网站映射
2026-09-07 14:15:32 [DEBUG] core.topology_builder: 主配接口降级（非错）: 无法从LINE_NAME=10kVLINE015解析出主网站映射
2026-09-07 14:15:32 [DEBUG] core.topology_builder: 主配接口降级（非错）: 无法从LINE_NAME=10kVLINE130解析出主网站映射
2026-09-07 14:15:32 [DEBUG] core.topology_builder: 主配接口降级（非错）: 无法从LINE_NAME=10kVLINE131解析出主网站映射
2026-09-07 14:15:32 [DEBUG] core.topology_builder: 主配接口降级（非错）: 无法从LINE_NAME=10kVLINE132解析出主网站映射
2026-09-07 14:15:32 [DEBUG] core.topology_builder: 主配接口降级（非错）: 无法从LINE_NAME=10kVLINE061解析出主网站映射
2026-09-07 14:15:32 [DEBUG] core.topology_builder: 主配接口降级（非错）: 无法从LINE_NAME=10kVLINE133解析出主网站映射
2026-09-07 14:15:32 [DEBUG] core.topology_builder: 主配接口降级（非错）: 无法从LINE_NAME=10kVLINE075解析出主网站映射
2026-09-07 14:15:32 [DEBUG] core.topology_builder: 主配接口降级（非错）: 无法从LINE_NAME=10kVLINE016解析出主网站映射
2026-09-07 14:15:32 [DEBUG] core.topology_builder: 主配接口降级（非错）: 无法从LINE_NAME=10kVLINE134解析出主网站映射
2026-09-07 14:15:32 [DEBUG] core.topology_builder: 主配接口降级（非错）: 无法从LINE_NAME=10kVLINE043解析出主网站映射
2026-09-07 14:15:32 [DEBUG] core.topology_builder: 主配接口降级（非错）: 无法从LINE_NAME=10kVLINE050解析出主网站映射
2026-09-07 14:15:32 [DEBUG] core.topology_builder: 主配接口降级（非错）: 无法从LINE_NAME=10kVLINE054解析出主网站映射
2026-09-07 14:15:32 [DEBUG] core.topology_builder: 主配接口降级（非错）: 无法从LINE_NAME=10kVLINE040解析出主网站映射
2026-09-07 14:15:32 [DEBUG] core.topology_builder: 主配接口降级（非错）: 无法从LINE_NAME=10kVLINE021解析出主网站映射
2026-09-07 14:15:32 [DEBUG] core.topology_builder: 主配接口降级（非错）: 无法从LINE_NAME=10kVLINE023解析出主网站映射
2026-09-07 14:15:32 [DEBUG] core.topology_builder: 主配接口降级（非错）: 无法从LINE_NAME=10kVLINE020解析出主网站映射
2026-09-07 14:15:32 [DEBUG] core.topology_builder: 主配接口降级（非错）: 无法从LINE_NAME=10kVLINE135解析出主网站映射
2026-09-07 14:15:32 [DEBUG] core.topology_builder: 主配接口降级（非错）: 无法从LINE_NAME=10kVLINE136解析出主网站映射
2026-09-07 14:15:32 [DEBUG] core.topology_builder: 主配接口降级（非错）: 无法从LINE_NAME=10kVLINE097解析出主网站映射
2026-09-07 14:15:32 [DEBUG] core.topology_builder: 主配接口降级（非错）: 无法从LINE_NAME=10kVLINE096解析出主网站映射
2026-09-07 14:15:32 [DEBUG] core.topology_builder: 主配接口降级（非错）: 无法从LINE_NAME=10kVLINE137解析出主网站映射
2026-09-07 14:15:32 [DEBUG] core.topology_builder: 主配接口降级（非错）: 无法从LINE_NAME=10kVLINE138解析出主网站映射
2026-09-07 14:15:32 [DEBUG] core.topology_builder: 主配接口降级（非错）: 无法从LINE_NAME=10kVLINE139解析出主网站映射
2026-09-07 14:15:32 [DEBUG] core.topology_builder: 主配接口降级（非错）: 无法从LINE_NAME=10kVLINE140解析出主网站映射
2026-09-07 14:15:32 [DEBUG] core.topology_builder: 主配接口降级（非错）: 无法从LINE_NAME=10kVLINE141解析出主网站映射
2026-09-07 14:15:32 [DEBUG] core.topology_builder: 主配接口降级（非错）: 无法从LINE_NAME=10kVLINE049解析出主网站映射
2026-09-07 14:15:32 [DEBUG] core.topology_builder: 主配接口降级（非错）: 无法从LINE_NAME=10kVLINE142解析出主网站映射
2026-09-07 14:15:32 [DEBUG] core.topology_builder: 主配接口降级（非错）: 无法从LINE_NAME=10kVLINE042解析出主网站映射
2026-09-07 14:15:32 [DEBUG] core.topology_builder: 主配接口降级（非错）: 无法从LINE_NAME=10kVLINE056解析出主网站映射
2026-09-07 14:15:32 [DEBUG] core.topology_builder: 主配接口降级（非错）: 无法从LINE_NAME=10kVLINE143解析出主网站映射
2026-09-07 14:15:32 [DEBUG] core.topology_builder: 主配接口降级（非错）: 无法从LINE_NAME=10kVLINE144解析出主网站映射
2026-09-07 14:15:32 [DEBUG] core.topology_builder: 主配接口降级（非错）: 无法从LINE_NAME=10kVLINE070解析出主网站映射
2026-09-07 14:15:32 [DEBUG] core.topology_builder: 主配接口降级（非错）: 无法从LINE_NAME=10kVLINE069解析出主网站映射
2026-09-07 14:15:32 [DEBUG] core.topology_builder: 主配接口降级（非错）: 无法从LINE_NAME=10kVLINE145解析出主网站映射
2026-09-07 14:15:32 [DEBUG] core.topology_builder: 主配接口降级（非错）: 无法从LINE_NAME=10kVLINE146解析出主网站映射
2026-09-07 14:15:32 [DEBUG] core.topology_builder: 主配接口降级（非错）: 无法从LINE_NAME=10kVLINE147解析出主网站映射
2026-09-07 14:15:32 [DEBUG] core.topology_builder: 主配接口降级（非错）: 无法从LINE_NAME=10kVLINE148解析出主网站映射
2026-09-07 14:15:32 [DEBUG] core.topology_builder: 主配接口降级（非错）: 无法从LINE_NAME=10kVLINE025解析出主网站映射
2026-09-07 14:15:32 [DEBUG] core.topology_builder: 主配接口降级（非错）: 无法从LINE_NAME=20kVLINE149解析出主网站映射
2026-09-07 14:15:32 [DEBUG] core.topology_builder: 主配接口降级（非错）: 无法从LINE_NAME=10kVLINE083解析出主网站映射
2026-09-07 14:15:32 [DEBUG] core.topology_builder: 主配接口降级（非错）: 无法从LINE_NAME=20kVLINE150解析出主网站映射
2026-09-07 14:15:32 [DEBUG] core.topology_builder: 主配接口降级（非错）: 无法从LINE_NAME=20kVLINE151解析出主网站映射
2026-09-07 14:15:32 [DEBUG] core.topology_builder: 主配接口降级（非错）: 无法从LINE_NAME=20kVLINE152解析出主网站映射
2026-09-07 14:15:32 [DEBUG] core.topology_builder: 主配接口降级（非错）: 无法从LINE_NAME=10kVLINE046解析出主网站映射
2026-09-07 14:15:32 [DEBUG] core.topology_builder: 主配接口降级（非错）: 无法从LINE_NAME=10kVLINE045解析出主网站映射
2026-09-07 14:15:32 [DEBUG] core.topology_builder: 主配接口降级（非错）: 无法从LINE_NAME=10kVLINE153解析出主网站映射
2026-09-07 14:15:32 [DEBUG] core.topology_builder: 主配接口降级（非错）: 无法从LINE_NAME=10kVLINE154解析出主网站映射
2026-09-07 14:15:32 [DEBUG] core.topology_builder: 主配接口降级（非错）: 无法从LINE_NAME=10kVLINE155解析出主网站映射
2026-09-07 14:15:32 [DEBUG] core.topology_builder: 主配接口降级（非错）: 无法从LINE_NAME=10kVLINE156解析出主网站映射
2026-09-07 14:15:32 [DEBUG] core.topology_builder: 主配接口降级（非错）: 无法从LINE_NAME=10kVLINE058解析出主网站映射
2026-09-07 14:15:32 [DEBUG] core.topology_builder: 主配接口降级（非错）: 无法从LINE_NAME=10kVLINE059解析出主网站映射
2026-09-07 14:15:32 [DEBUG] core.topology_builder: 主配接口降级（非错）: 无法从LINE_NAME=10kVLINE157解析出主网站映射
2026-09-07 14:15:32 [DEBUG] core.topology_builder: 主配接口降级（非错）: 无法从LINE_NAME=10kVLINE088解析出主网站映射
2026-09-07 14:15:32 [DEBUG] core.topology_builder: 主配接口降级（非错）: 无法从LINE_NAME=10kVLINE121_185解析出主网站映射
2026-09-07 14:15:32 [DEBUG] core.topology_builder: 主配接口降级（非错）: 无法从LINE_NAME=10kVLINE081解析出主网站映射
2026-09-07 14:15:32 [DEBUG] core.topology_builder: 主配接口降级（非错）: 无法从LINE_NAME=10kVLINE158解析出主网站映射
2026-09-07 14:15:32 [DEBUG] core.topology_builder: 主配接口降级（非错）: 无法从LINE_NAME=10kVLINE159解析出主网站映射
2026-09-07 14:15:32 [DEBUG] core.topology_builder: 主配接口降级（非错）: 无法从LINE_NAME=10kVLINE160解析出主网站映射
2026-09-07 14:15:32 [DEBUG] core.topology_builder: 主配接口降级（非错）: 无法从LINE_NAME=10kVLINE161解析出主网站映射
2026-09-07 14:15:32 [DEBUG] core.topology_builder: 主配接口降级（非错）: 无法从LINE_NAME=10kVLINE162解析出主网站映射
2026-09-07 14:15:32 [DEBUG] core.topology_builder: 主配接口降级（非错）: 无法从LINE_NAME=10kVLINE163解析出主网站映射
2026-09-07 14:15:32 [DEBUG] core.topology_builder: 主配接口降级（非错）: 无法从LINE_NAME=10kVLINE164解析出主网站映射
2026-09-07 14:15:32 [DEBUG] core.topology_builder: 主配接口降级（非错）: 无法从LINE_NAME=10kVLINE165解析出主网站映射
2026-09-07 14:15:32 [DEBUG] core.topology_builder: 主配接口降级（非错）: 无法从LINE_NAME=10kVLINE166解析出主网站映射
2026-09-07 14:15:32 [DEBUG] core.topology_builder: 主配接口降级（非错）: 无法从LINE_NAME=10kVLINE167解析出主网站映射
2026-09-07 14:15:32 [DEBUG] core.topology_builder: 主配接口降级（非错）: 无法从LINE_NAME=10kVLINE168解析出主网站映射
2026-09-07 14:15:32 [DEBUG] core.topology_builder: 主配接口降级（非错）: 无法从LINE_NAME=10kVLINE014解析出主网站映射
2026-09-07 14:15:32 [DEBUG] core.topology_builder: 主配接口降级（非错）: 无法从LINE_NAME=10kVLINE169解析出主网站映射
2026-09-07 14:15:32 [DEBUG] core.topology_builder: 主配接口降级（非错）: 无法从LINE_NAME=10kVLINE170解析出主网站映射
2026-09-07 14:15:32 [DEBUG] core.topology_builder: 主配接口降级（非错）: 无法从LINE_NAME=10kVLINE171解析出主网站映射
2026-09-07 14:15:32 [DEBUG] core.topology_builder: 主配接口降级（非错）: 无法从LINE_NAME=10kVLINE172解析出主网站映射
2026-09-07 14:15:32 [DEBUG] core.topology_builder: 主配接口降级（非错）: 无法从LINE_NAME=10kVLINE173解析出主网站映射
2026-09-07 14:15:32 [DEBUG] core.topology_builder: 主配接口降级（非错）: 无法从LINE_NAME=10kVLINE174解析出主网站映射
2026-09-07 14:15:32 [DEBUG] core.topology_builder: 主配接口降级（非错）: 无法从LINE_NAME=10kVLINE175解析出主网站映射
2026-09-07 14:15:32 [DEBUG] core.topology_builder: 主配接口降级（非错）: 无法从LINE_NAME=10kVLINE176解析出主网站映射
2026-09-07 14:15:32 [DEBUG] core.topology_builder: 主配接口降级（非错）: 无法从LINE_NAME=10kVLINE177解析出主网站映射
2026-09-07 14:15:32 [DEBUG] core.topology_builder: 主配接口降级（非错）: 无法从LINE_NAME=10kVLINE044解析出主网站映射
2026-09-07 14:15:32 [DEBUG] core.topology_builder: 主配接口降级（非错）: 无法从LINE_NAME=10kVLINE178解析出主网站映射
2026-09-07 14:15:32 [DEBUG] core.topology_builder: 主配接口降级（非错）: 无法从LINE_NAME=10kVLINE179解析出主网站映射
2026-09-07 14:15:32 [DEBUG] core.topology_builder: 主配接口降级（非错）: 无法从LINE_NAME=10kVLINE180解析出主网站映射
2026-09-07 14:15:32 [DEBUG] core.topology_builder: 主配接口降级（非错）: 无法从LINE_NAME=20kVLINE181解析出主网站映射
2026-09-07 14:15:32 [DEBUG] core.topology_builder: 主配接口降级（非错）: 无法从LINE_NAME=10kVLINE182解析出主网站映射
2026-09-07 14:15:32 [DEBUG] core.topology_builder: 主配接口降级（非错）: 无法从LINE_NAME=10kVLINE183解析出主网站映射
2026-09-07 14:15:32 [DEBUG] core.topology_builder: 主配接口降级（非错）: 无法从LINE_NAME=10kVLINE184解析出主网站映射
2026-09-07 14:15:32 [DEBUG] core.topology_builder: 主配接口降级（非错）: 无法从LINE_NAME=10kVLINE186解析出主网站映射
2026-09-07 14:15:32 [DEBUG] core.topology_builder: 主配接口降级（非错）: 无法从LINE_NAME=10kVLINE187解析出主网站映射
2026-09-07 14:15:32 [DEBUG] core.topology_builder: 主配接口降级（非错）: 无法从LINE_NAME=10kVLINE188解析出主网站映射
2026-09-07 14:15:32 [DEBUG] core.topology_builder: 主配接口降级（非错）: 无法从LINE_NAME=10kVLINE189解析出主网站映射
2026-09-07 14:15:32 [DEBUG] core.topology_builder: 主配接口降级（非错）: 无法从LINE_NAME=10kVLINE190解析出主网站映射
2026-09-07 14:15:32 [DEBUG] core.topology_builder: 主配接口降级（非错）: 无法从LINE_NAME=10kVLINE191解析出主网站映射
2026-09-07 14:15:32 [DEBUG] core.topology_builder: 主配接口降级（非错）: 无法从LINE_NAME=10kVLINE192解析出主网站映射
2026-09-07 14:15:32 [DEBUG] core.topology_builder: 主配接口降级（非错）: 无法从LINE_NAME=10kVLINE193解析出主网站映射
2026-09-07 14:15:32 [DEBUG] core.topology_builder: 主配接口降级（非错）: 无法从LINE_NAME=10kVLINE194解析出主网站映射
2026-09-07 14:15:32 [DEBUG] core.topology_builder: 主配接口降级（非错）: 无法从LINE_NAME=10kVLINE195解析出主网站映射
2026-09-07 14:15:32 [DEBUG] core.topology_builder: 主配接口降级（非错）: 无法从LINE_NAME=10kVLINE196解析出主网站映射
2026-09-07 14:15:32 [DEBUG] core.topology_builder: 主配接口降级（非错）: 无法从LINE_NAME=10kVLINE197解析出主网站映射
2026-09-07 14:15:32 [DEBUG] core.topology_builder: 主配接口降级（非错）: 无法从LINE_NAME=10kVLINE198解析出主网站映射
2026-09-07 14:15:32 [DEBUG] core.topology_builder: 主配接口降级（非错）: 无法从LINE_NAME=10kVLINE199解析出主网站映射
2026-09-07 14:15:32 [DEBUG] core.topology_builder: 主配接口降级（非错）: 无法从LINE_NAME=10kVLINE063解析出主网站映射
2026-09-07 14:15:32 [DEBUG] core.topology_builder: 主配接口降级（非错）: 无法从LINE_NAME=10kVLINE200解析出主网站映射
2026-09-07 14:15:32 [DEBUG] core.topology_builder: 主配接口降级（非错）: 无法从LINE_NAME=10kVLINE201解析出主网站映射
2026-09-07 14:15:32 [DEBUG] core.topology_builder: 主配接口降级（非错）: 无法从LINE_NAME=10kVLINE202解析出主网站映射
2026-09-07 14:15:32 [DEBUG] core.topology_builder: 主配接口降级（非错）: 无法从LINE_NAME=10kVLINE203解析出主网站映射
2026-09-07 14:15:32 [DEBUG] core.topology_builder: 主配接口降级（非错）: 无法从LINE_NAME=10kVLINE204解析出主网站映射
2026-09-07 14:15:32 [DEBUG] core.topology_builder: 主配接口降级（非错）: 无法从LINE_NAME=10kVLINE205解析出主网站映射
2026-09-07 14:15:32 [DEBUG] core.topology_builder: 主配接口降级（非错）: 无法从LINE_NAME=10kVLINE051解析出主网站映射
2026-09-07 14:15:32 [DEBUG] core.topology_builder: 主配接口降级（非错）: 无法从LINE_NAME=10kVLINE187解析出主网站映射
2026-09-07 14:15:32 [DEBUG] core.topology_builder: 主配接口降级（非错）: 无法从LINE_NAME=10kVLINE207解析出主网站映射
2026-09-07 14:15:32 [DEBUG] core.topology_builder: 主配接口降级（非错）: 无法从LINE_NAME=10kVLINE208解析出主网站映射
2026-09-07 14:15:32 [DEBUG] core.topology_builder: 主配接口降级（非错）: 无法从LINE_NAME=10kVLINE209解析出主网站映射
2026-09-07 14:15:32 [DEBUG] core.topology_builder: 主配接口降级（非错）: 无法从LINE_NAME=10kVLINE210解析出主网站映射
2026-09-07 14:15:32 [DEBUG] core.topology_builder: 主配接口降级（非错）: 无法从LINE_NAME=10kVLINE212解析出主网站映射
2026-09-07 14:15:32 [DEBUG] core.topology_builder: 主配接口降级（非错）: 无法从LINE_NAME=10kVLINE213解析出主网站映射
2026-09-07 14:15:32 [DEBUG] core.topology_builder: 主配接口降级（非错）: 无法从LINE_NAME=LINE215解析出主网站映射
2026-09-07 14:15:32 [DEBUG] core.topology_builder: 主配接口降级（非错）: 无法从LINE_NAME=LINE216解析出主网站映射
2026-09-07 14:15:32 [INFO] core.topology_builder: 主配接口校验：通过=184 失败=5
2026-09-07 14:15:32 [INFO] core.topology_builder: [主配接口校验] 4.1/4.2 命中缺陷: 5
2026-09-07 14:15:32 [INFO] core.topology_builder: [电气逻辑校验] RULE-E01~E07 命中:3272
2026-09-07 14:15:32 [INFO] core.topology_builder: 开始执行拓扑异常检测：悬空、孤岛、断点
2026-09-07 14:15:38 [INFO] core.topology_builder: 主网异常数量：0，断点数量：0
2026-09-07 14:15:38 [INFO] core.topology_builder: 配网异常数量：9565，断点数量：561
2026-09-07 14:15:48 [DEBUG] core.topology_builder: 主配接口降级（非错）: 无法从LINE_NAME=10kVLINE098解析出主网站映射
2026-09-07 14:15:48 [DEBUG] core.topology_builder: 主配接口降级（非错）: 无法从LINE_NAME=10kVLINE060解析出主网站映射
2026-09-07 14:15:48 [DEBUG] core.topology_builder: 主配接口降级（非错）: 无法从LINE_NAME=10kVLINE004解析出主网站映射
2026-09-07 14:15:48 [DEBUG] core.topology_builder: 主配接口降级（非错）: 无法从LINE_NAME=10kVLINE082解析出主网站映射
2026-09-07 14:15:48 [DEBUG] core.topology_builder: 主配接口降级（非错）: 无法从LINE_NAME=10kVLINE018解析出主网站映射
2026-09-07 14:15:48 [DEBUG] core.topology_builder: 主配接口降级（非错）: 无法从LINE_NAME=10kVLINE074解析出主网站映射
2026-09-07 14:15:48 [DEBUG] core.topology_builder: 主配接口降级（非错）: 无法从LINE_NAME=10kVLINE099解析出主网站映射
2026-09-07 14:15:48 [DEBUG] core.topology_builder: 主配接口降级（非错）: 无法从LINE_NAME=10kVLINE041解析出主网站映射
2026-09-07 14:15:48 [DEBUG] core.topology_builder: 主配接口降级（非错）: 无法从LINE_NAME=10kVLINE086解析出主网站映射
2026-09-07 14:15:48 [DEBUG] core.topology_builder: 主配接口降级（非错）: 无法从LINE_NAME=10kVLINE073解析出主网站映射
2026-09-07 14:15:48 [DEBUG] core.topology_builder: 主配接口降级（非错）: 无法从LINE_NAME=10kVLINE033解析出主网站映射
2026-09-07 14:15:48 [DEBUG] core.topology_builder: 主配接口降级（非错）: 无法从LINE_NAME=10kVLINE091解析出主网站映射
2026-09-07 14:15:48 [DEBUG] core.topology_builder: 主配接口降级（非错）: 无法从LINE_NAME=10kVLINE100解析出主网站映射
2026-09-07 14:15:48 [DEBUG] core.topology_builder: 主配接口降级（非错）: 无法从LINE_NAME=10kVLINE013解析出主网站映射
2026-09-07 14:15:48 [DEBUG] core.topology_builder: 主配接口降级（非错）: 无法从LINE_NAME=10kVLINE101解析出主网站映射
2026-09-07 14:15:48 [DEBUG] core.topology_builder: 主配接口降级（非错）: 无法从LINE_NAME=10kVLINE035解析出主网站映射
2026-09-07 14:15:48 [DEBUG] core.topology_builder: 主配接口降级（非错）: 无法从LINE_NAME=10kVLINE102解析出主网站映射
2026-09-07 14:15:48 [DEBUG] core.topology_builder: 主配接口降级（非错）: 无法从LINE_NAME=10kVLINE103解析出主网站映射
2026-09-07 14:15:48 [DEBUG] core.topology_builder: 主配接口降级（非错）: 无法从LINE_NAME=10kVLINE055解析出主网站映射
2026-09-07 14:15:48 [DEBUG] core.topology_builder: 主配接口降级（非错）: 无法从LINE_NAME=10kVLINE024解析出主网站映射
2026-09-07 14:15:48 [DEBUG] core.topology_builder: 主配接口降级（非错）: 无法从LINE_NAME=10kVLINE084解析出主网站映射
2026-09-07 14:15:48 [DEBUG] core.topology_builder: 主配接口降级（非错）: 无法从LINE_NAME=10kVLINE087解析出主网站映射
2026-09-07 14:15:48 [DEBUG] core.topology_builder: 主配接口降级（非错）: 无法从LINE_NAME=20kVLINE104解析出主网站映射
2026-09-07 14:15:48 [DEBUG] core.topology_builder: 主配接口降级（非错）: 无法从LINE_NAME=10kVLINE012解析出主网站映射
2026-09-07 14:15:48 [DEBUG] core.topology_builder: 主配接口降级（非错）: 无法从LINE_NAME=10kVLINE105解析出主网站映射
2026-09-07 14:15:48 [DEBUG] core.topology_builder: 主配接口降级（非错）: 无法从LINE_NAME=10kVLINE106解析出主网站映射
2026-09-07 14:15:48 [DEBUG] core.topology_builder: 主配接口降级（非错）: 无法从LINE_NAME=10kVLINE094解析出主网站映射
2026-09-07 14:15:48 [DEBUG] core.topology_builder: 主配接口降级（非错）: 无法从LINE_NAME=10kVLINE107解析出主网站映射
2026-09-07 14:15:48 [DEBUG] core.topology_builder: 主配接口降级（非错）: 无法从LINE_NAME=10kVLINE053解析出主网站映射
2026-09-07 14:15:48 [DEBUG] core.topology_builder: 主配接口降级（非错）: 无法从LINE_NAME=20kVLINE108解析出主网站映射
2026-09-07 14:15:48 [DEBUG] core.topology_builder: 主配接口降级（非错）: 无法从LINE_NAME=20kVLINE109解析出主网站映射
2026-09-07 14:15:48 [DEBUG] core.topology_builder: 主配接口降级（非错）: 无法从LINE_NAME=10kVLINE110解析出主网站映射
2026-09-07 14:15:48 [DEBUG] core.topology_builder: 主配接口降级（非错）: 无法从LINE_NAME=10kVLINE111解析出主网站映射
2026-09-07 14:15:48 [DEBUG] core.topology_builder: 主配接口降级（非错）: 无法从LINE_NAME=10kVLINE112解析出主网站映射
2026-09-07 14:15:48 [DEBUG] core.topology_builder: 主配接口降级（非错）: 无法从LINE_NAME=20kVLINE113解析出主网站映射
2026-09-07 14:15:48 [DEBUG] core.topology_builder: 主配接口降级（非错）: 无法从LINE_NAME=10kVLINE026解析出主网站映射
2026-09-07 14:15:48 [DEBUG] core.topology_builder: 主配接口降级（非错）: 无法从LINE_NAME=10kVLINE048解析出主网站映射
2026-09-07 14:15:48 [DEBUG] core.topology_builder: 主配接口降级（非错）: 无法从LINE_NAME=10kVLINE003解析出主网站映射
2026-09-07 14:15:48 [DEBUG] core.topology_builder: 主配接口降级（非错）: 无法从LINE_NAME=10kVLINE057解析出主网站映射
2026-09-07 14:15:48 [DEBUG] core.topology_builder: 主配接口降级（非错）: 无法从LINE_NAME=10kVLINE077解析出主网站映射
2026-09-07 14:15:48 [DEBUG] core.topology_builder: 主配接口降级（非错）: 无法从LINE_NAME=10kVLINE114解析出主网站映射
2026-09-07 14:15:48 [DEBUG] core.topology_builder: 主配接口降级（非错）: 无法从LINE_NAME=10kVLINE027解析出主网站映射
2026-09-07 14:15:48 [DEBUG] core.topology_builder: 主配接口降级（非错）: 无法从LINE_NAME=10kVLINE115解析出主网站映射
2026-09-07 14:15:48 [DEBUG] core.topology_builder: 主配接口降级（非错）: 无法从LINE_NAME=10kVLINE116解析出主网站映射
2026-09-07 14:15:48 [DEBUG] core.topology_builder: 主配接口降级（非错）: 无法从LINE_NAME=10kVLINE117解析出主网站映射
2026-09-07 14:15:48 [DEBUG] core.topology_builder: 主配接口降级（非错）: 无法从LINE_NAME=10kVLINE118解析出主网站映射
2026-09-07 14:15:48 [DEBUG] core.topology_builder: 主配接口降级（非错）: 无法从LINE_NAME=10kVLINE038解析出主网站映射
2026-09-07 14:15:48 [DEBUG] core.topology_builder: 主配接口降级（非错）: 无法从LINE_NAME=10kVLINE119解析出主网站映射
2026-09-07 14:15:48 [DEBUG] core.topology_builder: 主配接口降级（非错）: 无法从LINE_NAME=20kVLINE120解析出主网站映射
2026-09-07 14:15:48 [DEBUG] core.topology_builder: 主配接口降级（非错）: 无法从LINE_NAME=10kVLINE121_195解析出主网站映射
2026-09-07 14:15:48 [DEBUG] core.topology_builder: 主配接口降级（非错）: 无法从LINE_NAME=10kVLINE076解析出主网站映射
2026-09-07 14:15:48 [DEBUG] core.topology_builder: 主配接口降级（非错）: 无法从LINE_NAME=10kVLINE093解析出主网站映射
2026-09-07 14:15:48 [DEBUG] core.topology_builder: 主配接口降级（非错）: 无法从LINE_NAME=20kVLINE122解析出主网站映射
2026-09-07 14:15:48 [DEBUG] core.topology_builder: 主配接口降级（非错）: 无法从LINE_NAME=10kVLINE123解析出主网站映射
2026-09-07 14:15:48 [DEBUG] core.topology_builder: 主配接口降级（非错）: 无法从LINE_NAME=10kVLINE039解析出主网站映射
2026-09-07 14:15:48 [DEBUG] core.topology_builder: 主配接口降级（非错）: 无法从LINE_NAME=10kVLINE124解析出主网站映射
2026-09-07 14:15:48 [DEBUG] core.topology_builder: 主配接口降级（非错）: 无法从LINE_NAME=10kVLINE125解析出主网站映射
2026-09-07 14:15:48 [DEBUG] core.topology_builder: 主配接口降级（非错）: 无法从LINE_NAME=10kVLINE126解析出主网站映射
2026-09-07 14:15:48 [DEBUG] core.topology_builder: 主配接口降级（非错）: 无法从LINE_NAME=10kVLINE127解析出主网站映射
2026-09-07 14:15:48 [DEBUG] core.topology_builder: 主配接口降级（非错）: 无法从LINE_NAME=10kVLINE089解析出主网站映射
2026-09-07 14:15:48 [DEBUG] core.topology_builder: 主配接口降级（非错）: 无法从LINE_NAME=10kVLINE090解析出主网站映射
2026-09-07 14:15:48 [DEBUG] core.topology_builder: 主配接口降级（非错）: 无法从LINE_NAME=10kVLINE128解析出主网站映射
2026-09-07 14:15:48 [DEBUG] core.topology_builder: 主配接口降级（非错）: 无法从LINE_NAME=10kVLINE037解析出主网站映射
2026-09-07 14:15:48 [DEBUG] core.topology_builder: 主配接口降级（非错）: 无法从LINE_NAME=10kVLINE071解析出主网站映射
2026-09-07 14:15:48 [DEBUG] core.topology_builder: 主配接口降级（非错）: 无法从LINE_NAME=10kVLINE129解析出主网站映射
2026-09-07 14:15:48 [DEBUG] core.topology_builder: 主配接口降级（非错）: 无法从LINE_NAME=10kVLINE009解析出主网站映射
2026-09-07 14:15:48 [DEBUG] core.topology_builder: 主配接口降级（非错）: 无法从LINE_NAME=10kVLINE022解析出主网站映射
2026-09-07 14:15:48 [DEBUG] core.topology_builder: 主配接口降级（非错）: 无法从LINE_NAME=10kVLINE028解析出主网站映射
2026-09-07 14:15:48 [DEBUG] core.topology_builder: 主配接口降级（非错）: 无法从LINE_NAME=10kVLINE019解析出主网站映射
2026-09-07 14:15:48 [DEBUG] core.topology_builder: 主配接口降级（非错）: 无法从LINE_NAME=10kVLINE015解析出主网站映射
2026-09-07 14:15:48 [DEBUG] core.topology_builder: 主配接口降级（非错）: 无法从LINE_NAME=10kVLINE130解析出主网站映射
2026-09-07 14:15:48 [DEBUG] core.topology_builder: 主配接口降级（非错）: 无法从LINE_NAME=10kVLINE131解析出主网站映射
2026-09-07 14:15:48 [DEBUG] core.topology_builder: 主配接口降级（非错）: 无法从LINE_NAME=10kVLINE132解析出主网站映射
2026-09-07 14:15:48 [DEBUG] core.topology_builder: 主配接口降级（非错）: 无法从LINE_NAME=10kVLINE061解析出主网站映射
2026-09-07 14:15:48 [DEBUG] core.topology_builder: 主配接口降级（非错）: 无法从LINE_NAME=10kVLINE133解析出主网站映射
2026-09-07 14:15:48 [DEBUG] core.topology_builder: 主配接口降级（非错）: 无法从LINE_NAME=10kVLINE075解析出主网站映射
2026-09-07 14:15:48 [DEBUG] core.topology_builder: 主配接口降级（非错）: 无法从LINE_NAME=10kVLINE016解析出主网站映射
2026-09-07 14:15:48 [DEBUG] core.topology_builder: 主配接口降级（非错）: 无法从LINE_NAME=10kVLINE134解析出主网站映射
2026-09-07 14:15:48 [DEBUG] core.topology_builder: 主配接口降级（非错）: 无法从LINE_NAME=10kVLINE043解析出主网站映射
2026-09-07 14:15:48 [DEBUG] core.topology_builder: 主配接口降级（非错）: 无法从LINE_NAME=10kVLINE050解析出主网站映射
2026-09-07 14:15:48 [DEBUG] core.topology_builder: 主配接口降级（非错）: 无法从LINE_NAME=10kVLINE054解析出主网站映射
2026-09-07 14:15:48 [DEBUG] core.topology_builder: 主配接口降级（非错）: 无法从LINE_NAME=10kVLINE040解析出主网站映射
2026-09-07 14:15:48 [DEBUG] core.topology_builder: 主配接口降级（非错）: 无法从LINE_NAME=10kVLINE021解析出主网站映射
2026-09-07 14:15:48 [DEBUG] core.topology_builder: 主配接口降级（非错）: 无法从LINE_NAME=10kVLINE023解析出主网站映射
2026-09-07 14:15:48 [DEBUG] core.topology_builder: 主配接口降级（非错）: 无法从LINE_NAME=10kVLINE020解析出主网站映射
2026-09-07 14:15:48 [DEBUG] core.topology_builder: 主配接口降级（非错）: 无法从LINE_NAME=10kVLINE135解析出主网站映射
2026-09-07 14:15:48 [DEBUG] core.topology_builder: 主配接口降级（非错）: 无法从LINE_NAME=10kVLINE136解析出主网站映射
2026-09-07 14:15:48 [DEBUG] core.topology_builder: 主配接口降级（非错）: 无法从LINE_NAME=10kVLINE097解析出主网站映射
2026-09-07 14:15:48 [DEBUG] core.topology_builder: 主配接口降级（非错）: 无法从LINE_NAME=10kVLINE096解析出主网站映射
2026-09-07 14:15:48 [DEBUG] core.topology_builder: 主配接口降级（非错）: 无法从LINE_NAME=10kVLINE137解析出主网站映射
2026-09-07 14:15:48 [DEBUG] core.topology_builder: 主配接口降级（非错）: 无法从LINE_NAME=10kVLINE138解析出主网站映射
2026-09-07 14:15:48 [DEBUG] core.topology_builder: 主配接口降级（非错）: 无法从LINE_NAME=10kVLINE139解析出主网站映射
2026-09-07 14:15:48 [DEBUG] core.topology_builder: 主配接口降级（非错）: 无法从LINE_NAME=10kVLINE140解析出主网站映射
2026-09-07 14:15:48 [DEBUG] core.topology_builder: 主配接口降级（非错）: 无法从LINE_NAME=10kVLINE141解析出主网站映射
2026-09-07 14:15:48 [DEBUG] core.topology_builder: 主配接口降级（非错）: 无法从LINE_NAME=10kVLINE049解析出主网站映射
2026-09-07 14:15:48 [DEBUG] core.topology_builder: 主配接口降级（非错）: 无法从LINE_NAME=10kVLINE142解析出主网站映射
2026-09-07 14:15:48 [DEBUG] core.topology_builder: 主配接口降级（非错）: 无法从LINE_NAME=10kVLINE042解析出主网站映射
2026-09-07 14:15:48 [DEBUG] core.topology_builder: 主配接口降级（非错）: 无法从LINE_NAME=10kVLINE056解析出主网站映射
2026-09-07 14:15:48 [DEBUG] core.topology_builder: 主配接口降级（非错）: 无法从LINE_NAME=10kVLINE143解析出主网站映射
2026-09-07 14:15:48 [DEBUG] core.topology_builder: 主配接口降级（非错）: 无法从LINE_NAME=10kVLINE144解析出主网站映射
2026-09-07 14:15:48 [DEBUG] core.topology_builder: 主配接口降级（非错）: 无法从LINE_NAME=10kVLINE070解析出主网站映射
2026-09-07 14:15:48 [DEBUG] core.topology_builder: 主配接口降级（非错）: 无法从LINE_NAME=10kVLINE069解析出主网站映射
2026-09-07 14:15:48 [DEBUG] core.topology_builder: 主配接口降级（非错）: 无法从LINE_NAME=10kVLINE145解析出主网站映射
2026-09-07 14:15:48 [DEBUG] core.topology_builder: 主配接口降级（非错）: 无法从LINE_NAME=10kVLINE146解析出主网站映射
2026-09-07 14:15:48 [DEBUG] core.topology_builder: 主配接口降级（非错）: 无法从LINE_NAME=10kVLINE147解析出主网站映射
2026-09-07 14:15:48 [DEBUG] core.topology_builder: 主配接口降级（非错）: 无法从LINE_NAME=10kVLINE148解析出主网站映射
2026-09-07 14:15:48 [DEBUG] core.topology_builder: 主配接口降级（非错）: 无法从LINE_NAME=10kVLINE025解析出主网站映射
2026-09-07 14:15:48 [DEBUG] core.topology_builder: 主配接口降级（非错）: 无法从LINE_NAME=20kVLINE149解析出主网站映射
2026-09-07 14:15:48 [DEBUG] core.topology_builder: 主配接口降级（非错）: 无法从LINE_NAME=10kVLINE083解析出主网站映射
2026-09-07 14:15:48 [DEBUG] core.topology_builder: 主配接口降级（非错）: 无法从LINE_NAME=20kVLINE150解析出主网站映射
2026-09-07 14:15:48 [DEBUG] core.topology_builder: 主配接口降级（非错）: 无法从LINE_NAME=20kVLINE151解析出主网站映射
2026-09-07 14:15:48 [DEBUG] core.topology_builder: 主配接口降级（非错）: 无法从LINE_NAME=20kVLINE152解析出主网站映射
2026-09-07 14:15:48 [DEBUG] core.topology_builder: 主配接口降级（非错）: 无法从LINE_NAME=10kVLINE046解析出主网站映射
2026-09-07 14:15:48 [DEBUG] core.topology_builder: 主配接口降级（非错）: 无法从LINE_NAME=10kVLINE045解析出主网站映射
2026-09-07 14:15:48 [DEBUG] core.topology_builder: 主配接口降级（非错）: 无法从LINE_NAME=10kVLINE153解析出主网站映射
2026-09-07 14:15:48 [DEBUG] core.topology_builder: 主配接口降级（非错）: 无法从LINE_NAME=10kVLINE154解析出主网站映射
2026-09-07 14:15:48 [DEBUG] core.topology_builder: 主配接口降级（非错）: 无法从LINE_NAME=10kVLINE155解析出主网站映射
2026-09-07 14:15:48 [DEBUG] core.topology_builder: 主配接口降级（非错）: 无法从LINE_NAME=10kVLINE156解析出主网站映射
2026-09-07 14:15:48 [DEBUG] core.topology_builder: 主配接口降级（非错）: 无法从LINE_NAME=10kVLINE058解析出主网站映射
2026-09-07 14:15:48 [DEBUG] core.topology_builder: 主配接口降级（非错）: 无法从LINE_NAME=10kVLINE059解析出主网站映射
2026-09-07 14:15:48 [DEBUG] core.topology_builder: 主配接口降级（非错）: 无法从LINE_NAME=10kVLINE157解析出主网站映射
2026-09-07 14:15:48 [DEBUG] core.topology_builder: 主配接口降级（非错）: 无法从LINE_NAME=10kVLINE088解析出主网站映射
2026-09-07 14:15:48 [DEBUG] core.topology_builder: 主配接口降级（非错）: 无法从LINE_NAME=10kVLINE121_185解析出主网站映射
2026-09-07 14:15:48 [DEBUG] core.topology_builder: 主配接口降级（非错）: 无法从LINE_NAME=10kVLINE081解析出主网站映射
2026-09-07 14:15:48 [DEBUG] core.topology_builder: 主配接口降级（非错）: 无法从LINE_NAME=10kVLINE158解析出主网站映射
2026-09-07 14:15:48 [DEBUG] core.topology_builder: 主配接口降级（非错）: 无法从LINE_NAME=10kVLINE159解析出主网站映射
2026-09-07 14:15:48 [DEBUG] core.topology_builder: 主配接口降级（非错）: 无法从LINE_NAME=10kVLINE160解析出主网站映射
2026-09-07 14:15:48 [DEBUG] core.topology_builder: 主配接口降级（非错）: 无法从LINE_NAME=10kVLINE161解析出主网站映射
2026-09-07 14:15:48 [DEBUG] core.topology_builder: 主配接口降级（非错）: 无法从LINE_NAME=10kVLINE162解析出主网站映射
2026-09-07 14:15:48 [DEBUG] core.topology_builder: 主配接口降级（非错）: 无法从LINE_NAME=10kVLINE163解析出主网站映射
2026-09-07 14:15:48 [DEBUG] core.topology_builder: 主配接口降级（非错）: 无法从LINE_NAME=10kVLINE164解析出主网站映射
2026-09-07 14:15:48 [DEBUG] core.topology_builder: 主配接口降级（非错）: 无法从LINE_NAME=10kVLINE165解析出主网站映射
2026-09-07 14:15:48 [DEBUG] core.topology_builder: 主配接口降级（非错）: 无法从LINE_NAME=10kVLINE166解析出主网站映射
2026-09-07 14:15:48 [DEBUG] core.topology_builder: 主配接口降级（非错）: 无法从LINE_NAME=10kVLINE167解析出主网站映射
2026-09-07 14:15:48 [DEBUG] core.topology_builder: 主配接口降级（非错）: 无法从LINE_NAME=10kVLINE168解析出主网站映射
2026-09-07 14:15:48 [DEBUG] core.topology_builder: 主配接口降级（非错）: 无法从LINE_NAME=10kVLINE014解析出主网站映射
2026-09-07 14:15:48 [DEBUG] core.topology_builder: 主配接口降级（非错）: 无法从LINE_NAME=10kVLINE169解析出主网站映射
2026-09-07 14:15:48 [DEBUG] core.topology_builder: 主配接口降级（非错）: 无法从LINE_NAME=10kVLINE170解析出主网站映射
2026-09-07 14:15:48 [DEBUG] core.topology_builder: 主配接口降级（非错）: 无法从LINE_NAME=10kVLINE171解析出主网站映射
2026-09-07 14:15:48 [DEBUG] core.topology_builder: 主配接口降级（非错）: 无法从LINE_NAME=10kVLINE172解析出主网站映射
2026-09-07 14:15:48 [DEBUG] core.topology_builder: 主配接口降级（非错）: 无法从LINE_NAME=10kVLINE173解析出主网站映射
2026-09-07 14:15:48 [DEBUG] core.topology_builder: 主配接口降级（非错）: 无法从LINE_NAME=10kVLINE174解析出主网站映射
2026-09-07 14:15:48 [DEBUG] core.topology_builder: 主配接口降级（非错）: 无法从LINE_NAME=10kVLINE175解析出主网站映射
2026-09-07 14:15:48 [DEBUG] core.topology_builder: 主配接口降级（非错）: 无法从LINE_NAME=10kVLINE176解析出主网站映射
2026-09-07 14:15:48 [DEBUG] core.topology_builder: 主配接口降级（非错）: 无法从LINE_NAME=10kVLINE177解析出主网站映射
2026-09-07 14:15:48 [DEBUG] core.topology_builder: 主配接口降级（非错）: 无法从LINE_NAME=10kVLINE044解析出主网站映射
2026-09-07 14:15:48 [DEBUG] core.topology_builder: 主配接口降级（非错）: 无法从LINE_NAME=10kVLINE178解析出主网站映射
2026-09-07 14:15:48 [DEBUG] core.topology_builder: 主配接口降级（非错）: 无法从LINE_NAME=10kVLINE179解析出主网站映射
2026-09-07 14:15:48 [DEBUG] core.topology_builder: 主配接口降级（非错）: 无法从LINE_NAME=10kVLINE180解析出主网站映射
2026-09-07 14:15:48 [DEBUG] core.topology_builder: 主配接口降级（非错）: 无法从LINE_NAME=20kVLINE181解析出主网站映射
2026-09-07 14:15:48 [DEBUG] core.topology_builder: 主配接口降级（非错）: 无法从LINE_NAME=10kVLINE182解析出主网站映射
2026-09-07 14:15:48 [DEBUG] core.topology_builder: 主配接口降级（非错）: 无法从LINE_NAME=10kVLINE183解析出主网站映射
2026-09-07 14:15:48 [DEBUG] core.topology_builder: 主配接口降级（非错）: 无法从LINE_NAME=10kVLINE184解析出主网站映射
2026-09-07 14:15:48 [DEBUG] core.topology_builder: 主配接口降级（非错）: 无法从LINE_NAME=10kVLINE186解析出主网站映射
2026-09-07 14:15:48 [DEBUG] core.topology_builder: 主配接口降级（非错）: 无法从LINE_NAME=10kVLINE187解析出主网站映射
2026-09-07 14:15:48 [DEBUG] core.topology_builder: 主配接口降级（非错）: 无法从LINE_NAME=10kVLINE188解析出主网站映射
2026-09-07 14:15:48 [DEBUG] core.topology_builder: 主配接口降级（非错）: 无法从LINE_NAME=10kVLINE189解析出主网站映射
2026-09-07 14:15:48 [DEBUG] core.topology_builder: 主配接口降级（非错）: 无法从LINE_NAME=10kVLINE190解析出主网站映射
2026-09-07 14:15:48 [DEBUG] core.topology_builder: 主配接口降级（非错）: 无法从LINE_NAME=10kVLINE191解析出主网站映射
2026-09-07 14:15:48 [DEBUG] core.topology_builder: 主配接口降级（非错）: 无法从LINE_NAME=10kVLINE192解析出主网站映射
2026-09-07 14:15:48 [DEBUG] core.topology_builder: 主配接口降级（非错）: 无法从LINE_NAME=10kVLINE193解析出主网站映射
2026-09-07 14:15:48 [DEBUG] core.topology_builder: 主配接口降级（非错）: 无法从LINE_NAME=10kVLINE194解析出主网站映射
2026-09-07 14:15:48 [DEBUG] core.topology_builder: 主配接口降级（非错）: 无法从LINE_NAME=10kVLINE195解析出主网站映射
2026-09-07 14:15:48 [DEBUG] core.topology_builder: 主配接口降级（非错）: 无法从LINE_NAME=10kVLINE196解析出主网站映射
2026-09-07 14:15:48 [DEBUG] core.topology_builder: 主配接口降级（非错）: 无法从LINE_NAME=10kVLINE197解析出主网站映射
2026-09-07 14:15:48 [DEBUG] core.topology_builder: 主配接口降级（非错）: 无法从LINE_NAME=10kVLINE198解析出主网站映射
2026-09-07 14:15:48 [DEBUG] core.topology_builder: 主配接口降级（非错）: 无法从LINE_NAME=10kVLINE199解析出主网站映射
2026-09-07 14:15:48 [DEBUG] core.topology_builder: 主配接口降级（非错）: 无法从LINE_NAME=10kVLINE063解析出主网站映射
2026-09-07 14:15:48 [DEBUG] core.topology_builder: 主配接口降级（非错）: 无法从LINE_NAME=10kVLINE200解析出主网站映射
2026-09-07 14:15:48 [DEBUG] core.topology_builder: 主配接口降级（非错）: 无法从LINE_NAME=10kVLINE201解析出主网站映射
2026-09-07 14:15:48 [DEBUG] core.topology_builder: 主配接口降级（非错）: 无法从LINE_NAME=10kVLINE202解析出主网站映射
2026-09-07 14:15:48 [DEBUG] core.topology_builder: 主配接口降级（非错）: 无法从LINE_NAME=10kVLINE203解析出主网站映射
2026-09-07 14:15:48 [DEBUG] core.topology_builder: 主配接口降级（非错）: 无法从LINE_NAME=10kVLINE204解析出主网站映射
2026-09-07 14:15:48 [DEBUG] core.topology_builder: 主配接口降级（非错）: 无法从LINE_NAME=10kVLINE205解析出主网站映射
2026-09-07 14:15:48 [DEBUG] core.topology_builder: 主配接口降级（非错）: 无法从LINE_NAME=10kVLINE051解析出主网站映射
2026-09-07 14:15:48 [DEBUG] core.topology_builder: 主配接口降级（非错）: 无法从LINE_NAME=10kVLINE187解析出主网站映射
2026-09-07 14:15:48 [DEBUG] core.topology_builder: 主配接口降级（非错）: 无法从LINE_NAME=10kVLINE207解析出主网站映射
2026-09-07 14:15:48 [DEBUG] core.topology_builder: 主配接口降级（非错）: 无法从LINE_NAME=10kVLINE208解析出主网站映射
2026-09-07 14:15:48 [DEBUG] core.topology_builder: 主配接口降级（非错）: 无法从LINE_NAME=10kVLINE209解析出主网站映射
2026-09-07 14:15:48 [DEBUG] core.topology_builder: 主配接口降级（非错）: 无法从LINE_NAME=10kVLINE210解析出主网站映射
2026-09-07 14:15:48 [DEBUG] core.topology_builder: 主配接口降级（非错）: 无法从LINE_NAME=10kVLINE212解析出主网站映射
2026-09-07 14:15:48 [DEBUG] core.topology_builder: 主配接口降级（非错）: 无法从LINE_NAME=10kVLINE213解析出主网站映射
2026-09-07 14:15:48 [DEBUG] core.topology_builder: 主配接口降级（非错）: 无法从LINE_NAME=LINE215解析出主网站映射
2026-09-07 14:15:48 [DEBUG] core.topology_builder: 主配接口降级（非错）: 无法从LINE_NAME=LINE216解析出主网站映射
2026-09-07 14:15:48 [INFO] core.topology_builder: 主配接口校验：通过=184 失败=5
2026-09-07 14:15:48 [INFO] core.topology_builder: [主配接口校验] 4.1/4.2 命中缺陷: 5
2026-09-07 14:15:58 [INFO] core.score_engine: 评分结果(规范公式): 设备=50919 缺陷=4039 维度扣分=75.00 score_before=25.0 score_after=25.0
2026-09-07 14:16:00 [INFO] core.feeder_topology_analysis: Sheet3 联络开关: feeder=TMP00000188 识别到 1 个联络开关
2026-09-07 14:16:00 [DEBUG] core.feeder_topology_analysis: P1-P7 引擎产生 15 条断点候选
2026-09-07 14:16:00 [INFO] core.feeder_topology_analysis: Sheet2 断点定位: feeder=TMP00000188 共 378 条 (P1-P7 优先级排序)
2026-09-07 14:16:00 [INFO] core.feeder_topology_analysis: Sheet4 合环识别: feeder=TMP00000188 共 2 条
2026-09-07 14:16:26 [INFO] core.score_engine: 评分结果(规范公式): 设备=50919 缺陷=3671 维度扣分=75.00 score_before=25.0 score_after=25.0
2026-09-07 14:16:27 [INFO] core.feeder_topology_analysis: Sheet3 联络开关: feeder=TMP00000189 识别到 1 个联络开关
2026-09-07 14:16:27 [DEBUG] core.feeder_topology_analysis: P1-P7 引擎产生 54 条断点候选
2026-09-07 14:16:27 [INFO] core.feeder_topology_analysis: Sheet2 断点定位: feeder=TMP00000189 共 256 条 (P1-P7 优先级排序)
2026-09-07 14:16:27 [INFO] core.feeder_topology_analysis: Sheet4 合环识别: feeder=TMP00000189 共 9 条
2026-09-07 14:17:04 [INFO] core.topology_builder: 主配数据拆分完成：主网设备=1167 配网设备=50744 主网线段=223 配网线段=189 主网站=10 遥信遥测=5829 ZWMEA=442 ZWSIGNAL=1567
2026-09-07 14:17:04 [INFO] core.topology_builder: 主网设备数量：1167
2026-09-07 14:17:04 [INFO] core.topology_builder: 配网设备数量：50744
2026-09-07 14:17:04 [INFO] core.topology_builder: 主网线路(ZLINEEND)数量：223
2026-09-07 14:17:04 [INFO] core.topology_builder: 配网线路(PWFEEDERLINE)数量：189
2026-09-07 14:17:04 [INFO] core.topology_builder: 主网站点(ZWSUBSTATION)数量：10
2026-09-07 14:17:04 [INFO] core.topology_builder: 遥信遥测(PWREAL)记录数：5829
2026-09-07 14:17:04 [INFO] core.topology_builder: 主网遥测(ZWMEA)：442 主网遥信(ZWSIGNAL)：1567
2026-09-07 14:17:04 [INFO] core.topology_builder: [Builder] 正在添加 1167 个主网设备和 50744 个配网设备...
2026-09-07 14:17:04 [INFO] core.topology_builder: 主网电源设备数=47
2026-09-07 14:17:04 [INFO] core.topology_builder: 主网电源设备识别: 47 台
2026-09-07 14:17:06 [DEBUG] core.topology_builder: 已处理 10000 个配网设备
2026-09-07 14:17:07 [DEBUG] core.topology_builder: 已处理 20000 个配网设备
2026-09-07 14:17:08 [DEBUG] core.topology_builder: 已处理 30000 个配网设备
2026-09-07 14:17:09 [DEBUG] core.topology_builder: 已处理 40000 个配网设备
2026-09-07 14:17:10 [DEBUG] core.topology_builder: 已处理 50000 个配网设备
2026-09-07 14:17:10 [INFO] core.topology_builder: 配网电源设备数=0
2026-09-07 14:17:10 [INFO] core.topology_builder: 配网电源设备识别: 0 台
2026-09-07 14:17:11 [INFO] core.topology_builder: 主配电源注入（S1修复版）: 1167 台主网设备标记为电源（不再整条馈线注入）
2026-09-07 14:17:11 [INFO] core.topology_builder:   ZWLINEEND 解析出馈线→主网站映射数: 0
2026-09-07 14:17:21 [INFO] core.topology_builder: [Builder] 配网真实端子数量:76354
2026-09-07 14:17:21 [INFO] core.topology_builder: [Builder] 主网真实端子数量:1562
2026-09-07 14:17:28 [INFO] core.topology_builder: [S2修复] 主配物理连接跨边建立: 324 条, 主网边界设备并入: 175 台
2026-09-07 14:17:29 [INFO] core.topology_builder: [端子建边完成] 配网拓扑边数量：117773
2026-09-07 14:17:29 [INFO] core.topology_builder: [端子建边完成] 主网拓扑边数量：2632
2026-09-07 14:17:37 [INFO] core.measure_preprocess: [MeasurePreprocess] 遥信实测开关数量：6666
2026-09-07 14:17:37 [INFO] core.measure_preprocess: [MeasurePreprocess] 默认合位开关数量：19813
2026-09-07 14:17:37 [INFO] core.topology_builder: [遥信预处理统计] 总开关状态映射条目:26479 实际挂载到设备:25637
2026-09-07 14:17:37 [INFO] core.topology_builder: 遥信实测开关:6666，赛题默认合位推演开关:19813
2026-09-07 14:17:49 [DEBUG] core.topology_builder: 主配接口降级（非错）: 无法从LINE_NAME=10kVLINE098解析出主网站映射
2026-09-07 14:17:49 [DEBUG] core.topology_builder: 主配接口降级（非错）: 无法从LINE_NAME=10kVLINE060解析出主网站映射
2026-09-07 14:17:49 [DEBUG] core.topology_builder: 主配接口降级（非错）: 无法从LINE_NAME=10kVLINE004解析出主网站映射
2026-09-07 14:17:49 [DEBUG] core.topology_builder: 主配接口降级（非错）: 无法从LINE_NAME=10kVLINE082解析出主网站映射
2026-09-07 14:17:49 [DEBUG] core.topology_builder: 主配接口降级（非错）: 无法从LINE_NAME=10kVLINE018解析出主网站映射
2026-09-07 14:17:49 [DEBUG] core.topology_builder: 主配接口降级（非错）: 无法从LINE_NAME=10kVLINE074解析出主网站映射
2026-09-07 14:17:49 [DEBUG] core.topology_builder: 主配接口降级（非错）: 无法从LINE_NAME=10kVLINE099解析出主网站映射
2026-09-07 14:17:49 [DEBUG] core.topology_builder: 主配接口降级（非错）: 无法从LINE_NAME=10kVLINE041解析出主网站映射
2026-09-07 14:17:49 [DEBUG] core.topology_builder: 主配接口降级（非错）: 无法从LINE_NAME=10kVLINE086解析出主网站映射
2026-09-07 14:17:49 [DEBUG] core.topology_builder: 主配接口降级（非错）: 无法从LINE_NAME=10kVLINE073解析出主网站映射
2026-09-07 14:17:49 [DEBUG] core.topology_builder: 主配接口降级（非错）: 无法从LINE_NAME=10kVLINE033解析出主网站映射
2026-09-07 14:17:49 [DEBUG] core.topology_builder: 主配接口降级（非错）: 无法从LINE_NAME=10kVLINE091解析出主网站映射
2026-09-07 14:17:49 [DEBUG] core.topology_builder: 主配接口降级（非错）: 无法从LINE_NAME=10kVLINE100解析出主网站映射
2026-09-07 14:17:49 [DEBUG] core.topology_builder: 主配接口降级（非错）: 无法从LINE_NAME=10kVLINE013解析出主网站映射
2026-09-07 14:17:49 [DEBUG] core.topology_builder: 主配接口降级（非错）: 无法从LINE_NAME=10kVLINE101解析出主网站映射
2026-09-07 14:17:49 [DEBUG] core.topology_builder: 主配接口降级（非错）: 无法从LINE_NAME=10kVLINE035解析出主网站映射
2026-09-07 14:17:49 [DEBUG] core.topology_builder: 主配接口降级（非错）: 无法从LINE_NAME=10kVLINE102解析出主网站映射
2026-09-07 14:17:49 [DEBUG] core.topology_builder: 主配接口降级（非错）: 无法从LINE_NAME=10kVLINE103解析出主网站映射
2026-09-07 14:17:49 [DEBUG] core.topology_builder: 主配接口降级（非错）: 无法从LINE_NAME=10kVLINE055解析出主网站映射
2026-09-07 14:17:49 [DEBUG] core.topology_builder: 主配接口降级（非错）: 无法从LINE_NAME=10kVLINE024解析出主网站映射
2026-09-07 14:17:49 [DEBUG] core.topology_builder: 主配接口降级（非错）: 无法从LINE_NAME=10kVLINE084解析出主网站映射
2026-09-07 14:17:49 [DEBUG] core.topology_builder: 主配接口降级（非错）: 无法从LINE_NAME=10kVLINE087解析出主网站映射
2026-09-07 14:17:49 [DEBUG] core.topology_builder: 主配接口降级（非错）: 无法从LINE_NAME=20kVLINE104解析出主网站映射
2026-09-07 14:17:49 [DEBUG] core.topology_builder: 主配接口降级（非错）: 无法从LINE_NAME=10kVLINE012解析出主网站映射
2026-09-07 14:17:49 [DEBUG] core.topology_builder: 主配接口降级（非错）: 无法从LINE_NAME=10kVLINE105解析出主网站映射
2026-09-07 14:17:49 [DEBUG] core.topology_builder: 主配接口降级（非错）: 无法从LINE_NAME=10kVLINE106解析出主网站映射
2026-09-07 14:17:49 [DEBUG] core.topology_builder: 主配接口降级（非错）: 无法从LINE_NAME=10kVLINE094解析出主网站映射
2026-09-07 14:17:49 [DEBUG] core.topology_builder: 主配接口降级（非错）: 无法从LINE_NAME=10kVLINE107解析出主网站映射
2026-09-07 14:17:49 [DEBUG] core.topology_builder: 主配接口降级（非错）: 无法从LINE_NAME=10kVLINE053解析出主网站映射
2026-09-07 14:17:49 [DEBUG] core.topology_builder: 主配接口降级（非错）: 无法从LINE_NAME=20kVLINE108解析出主网站映射
2026-09-07 14:17:49 [DEBUG] core.topology_builder: 主配接口降级（非错）: 无法从LINE_NAME=20kVLINE109解析出主网站映射
2026-09-07 14:17:49 [DEBUG] core.topology_builder: 主配接口降级（非错）: 无法从LINE_NAME=10kVLINE110解析出主网站映射
2026-09-07 14:17:49 [DEBUG] core.topology_builder: 主配接口降级（非错）: 无法从LINE_NAME=10kVLINE111解析出主网站映射
2026-09-07 14:17:49 [DEBUG] core.topology_builder: 主配接口降级（非错）: 无法从LINE_NAME=10kVLINE112解析出主网站映射
2026-09-07 14:17:49 [DEBUG] core.topology_builder: 主配接口降级（非错）: 无法从LINE_NAME=20kVLINE113解析出主网站映射
2026-09-07 14:17:49 [DEBUG] core.topology_builder: 主配接口降级（非错）: 无法从LINE_NAME=10kVLINE026解析出主网站映射
2026-09-07 14:17:49 [DEBUG] core.topology_builder: 主配接口降级（非错）: 无法从LINE_NAME=10kVLINE048解析出主网站映射
2026-09-07 14:17:49 [DEBUG] core.topology_builder: 主配接口降级（非错）: 无法从LINE_NAME=10kVLINE003解析出主网站映射
2026-09-07 14:17:49 [DEBUG] core.topology_builder: 主配接口降级（非错）: 无法从LINE_NAME=10kVLINE057解析出主网站映射
2026-09-07 14:17:49 [DEBUG] core.topology_builder: 主配接口降级（非错）: 无法从LINE_NAME=10kVLINE077解析出主网站映射
2026-09-07 14:17:49 [DEBUG] core.topology_builder: 主配接口降级（非错）: 无法从LINE_NAME=10kVLINE114解析出主网站映射
2026-09-07 14:17:49 [DEBUG] core.topology_builder: 主配接口降级（非错）: 无法从LINE_NAME=10kVLINE027解析出主网站映射
2026-09-07 14:17:49 [DEBUG] core.topology_builder: 主配接口降级（非错）: 无法从LINE_NAME=10kVLINE115解析出主网站映射
2026-09-07 14:17:49 [DEBUG] core.topology_builder: 主配接口降级（非错）: 无法从LINE_NAME=10kVLINE116解析出主网站映射
2026-09-07 14:17:49 [DEBUG] core.topology_builder: 主配接口降级（非错）: 无法从LINE_NAME=10kVLINE117解析出主网站映射
2026-09-07 14:17:49 [DEBUG] core.topology_builder: 主配接口降级（非错）: 无法从LINE_NAME=10kVLINE118解析出主网站映射
2026-09-07 14:17:49 [DEBUG] core.topology_builder: 主配接口降级（非错）: 无法从LINE_NAME=10kVLINE038解析出主网站映射
2026-09-07 14:17:49 [DEBUG] core.topology_builder: 主配接口降级（非错）: 无法从LINE_NAME=10kVLINE119解析出主网站映射
2026-09-07 14:17:49 [DEBUG] core.topology_builder: 主配接口降级（非错）: 无法从LINE_NAME=20kVLINE120解析出主网站映射
2026-09-07 14:17:49 [DEBUG] core.topology_builder: 主配接口降级（非错）: 无法从LINE_NAME=10kVLINE121_195解析出主网站映射
2026-09-07 14:17:49 [DEBUG] core.topology_builder: 主配接口降级（非错）: 无法从LINE_NAME=10kVLINE076解析出主网站映射
2026-09-07 14:17:49 [DEBUG] core.topology_builder: 主配接口降级（非错）: 无法从LINE_NAME=10kVLINE093解析出主网站映射
2026-09-07 14:17:49 [DEBUG] core.topology_builder: 主配接口降级（非错）: 无法从LINE_NAME=20kVLINE122解析出主网站映射
2026-09-07 14:17:49 [DEBUG] core.topology_builder: 主配接口降级（非错）: 无法从LINE_NAME=10kVLINE123解析出主网站映射
2026-09-07 14:17:49 [DEBUG] core.topology_builder: 主配接口降级（非错）: 无法从LINE_NAME=10kVLINE039解析出主网站映射
2026-09-07 14:17:49 [DEBUG] core.topology_builder: 主配接口降级（非错）: 无法从LINE_NAME=10kVLINE124解析出主网站映射
2026-09-07 14:17:49 [DEBUG] core.topology_builder: 主配接口降级（非错）: 无法从LINE_NAME=10kVLINE125解析出主网站映射
2026-09-07 14:17:49 [DEBUG] core.topology_builder: 主配接口降级（非错）: 无法从LINE_NAME=10kVLINE126解析出主网站映射
2026-09-07 14:17:49 [DEBUG] core.topology_builder: 主配接口降级（非错）: 无法从LINE_NAME=10kVLINE127解析出主网站映射
2026-09-07 14:17:49 [DEBUG] core.topology_builder: 主配接口降级（非错）: 无法从LINE_NAME=10kVLINE089解析出主网站映射
2026-09-07 14:17:49 [DEBUG] core.topology_builder: 主配接口降级（非错）: 无法从LINE_NAME=10kVLINE090解析出主网站映射
2026-09-07 14:17:49 [DEBUG] core.topology_builder: 主配接口降级（非错）: 无法从LINE_NAME=10kVLINE128解析出主网站映射
2026-09-07 14:17:49 [DEBUG] core.topology_builder: 主配接口降级（非错）: 无法从LINE_NAME=10kVLINE037解析出主网站映射
2026-09-07 14:17:49 [DEBUG] core.topology_builder: 主配接口降级（非错）: 无法从LINE_NAME=10kVLINE071解析出主网站映射
2026-09-07 14:17:49 [DEBUG] core.topology_builder: 主配接口降级（非错）: 无法从LINE_NAME=10kVLINE129解析出主网站映射
2026-09-07 14:17:49 [DEBUG] core.topology_builder: 主配接口降级（非错）: 无法从LINE_NAME=10kVLINE009解析出主网站映射
2026-09-07 14:17:49 [DEBUG] core.topology_builder: 主配接口降级（非错）: 无法从LINE_NAME=10kVLINE022解析出主网站映射
2026-09-07 14:17:49 [DEBUG] core.topology_builder: 主配接口降级（非错）: 无法从LINE_NAME=10kVLINE028解析出主网站映射
2026-09-07 14:17:49 [DEBUG] core.topology_builder: 主配接口降级（非错）: 无法从LINE_NAME=10kVLINE019解析出主网站映射
2026-09-07 14:17:49 [DEBUG] core.topology_builder: 主配接口降级（非错）: 无法从LINE_NAME=10kVLINE015解析出主网站映射
2026-09-07 14:17:49 [DEBUG] core.topology_builder: 主配接口降级（非错）: 无法从LINE_NAME=10kVLINE130解析出主网站映射
2026-09-07 14:17:49 [DEBUG] core.topology_builder: 主配接口降级（非错）: 无法从LINE_NAME=10kVLINE131解析出主网站映射
2026-09-07 14:17:49 [DEBUG] core.topology_builder: 主配接口降级（非错）: 无法从LINE_NAME=10kVLINE132解析出主网站映射
2026-09-07 14:17:49 [DEBUG] core.topology_builder: 主配接口降级（非错）: 无法从LINE_NAME=10kVLINE061解析出主网站映射
2026-09-07 14:17:49 [DEBUG] core.topology_builder: 主配接口降级（非错）: 无法从LINE_NAME=10kVLINE133解析出主网站映射
2026-09-07 14:17:49 [DEBUG] core.topology_builder: 主配接口降级（非错）: 无法从LINE_NAME=10kVLINE075解析出主网站映射
2026-09-07 14:17:49 [DEBUG] core.topology_builder: 主配接口降级（非错）: 无法从LINE_NAME=10kVLINE016解析出主网站映射
2026-09-07 14:17:49 [DEBUG] core.topology_builder: 主配接口降级（非错）: 无法从LINE_NAME=10kVLINE134解析出主网站映射
2026-09-07 14:17:49 [DEBUG] core.topology_builder: 主配接口降级（非错）: 无法从LINE_NAME=10kVLINE043解析出主网站映射
2026-09-07 14:17:49 [DEBUG] core.topology_builder: 主配接口降级（非错）: 无法从LINE_NAME=10kVLINE050解析出主网站映射
2026-09-07 14:17:49 [DEBUG] core.topology_builder: 主配接口降级（非错）: 无法从LINE_NAME=10kVLINE054解析出主网站映射
2026-09-07 14:17:49 [DEBUG] core.topology_builder: 主配接口降级（非错）: 无法从LINE_NAME=10kVLINE040解析出主网站映射
2026-09-07 14:17:49 [DEBUG] core.topology_builder: 主配接口降级（非错）: 无法从LINE_NAME=10kVLINE021解析出主网站映射
2026-09-07 14:17:49 [DEBUG] core.topology_builder: 主配接口降级（非错）: 无法从LINE_NAME=10kVLINE023解析出主网站映射
2026-09-07 14:17:49 [DEBUG] core.topology_builder: 主配接口降级（非错）: 无法从LINE_NAME=10kVLINE020解析出主网站映射
2026-09-07 14:17:49 [DEBUG] core.topology_builder: 主配接口降级（非错）: 无法从LINE_NAME=10kVLINE135解析出主网站映射
2026-09-07 14:17:49 [DEBUG] core.topology_builder: 主配接口降级（非错）: 无法从LINE_NAME=10kVLINE136解析出主网站映射
2026-09-07 14:17:49 [DEBUG] core.topology_builder: 主配接口降级（非错）: 无法从LINE_NAME=10kVLINE097解析出主网站映射
2026-09-07 14:17:49 [DEBUG] core.topology_builder: 主配接口降级（非错）: 无法从LINE_NAME=10kVLINE096解析出主网站映射
2026-09-07 14:17:49 [DEBUG] core.topology_builder: 主配接口降级（非错）: 无法从LINE_NAME=10kVLINE137解析出主网站映射
2026-09-07 14:17:49 [DEBUG] core.topology_builder: 主配接口降级（非错）: 无法从LINE_NAME=10kVLINE138解析出主网站映射
2026-09-07 14:17:49 [DEBUG] core.topology_builder: 主配接口降级（非错）: 无法从LINE_NAME=10kVLINE139解析出主网站映射
2026-09-07 14:17:49 [DEBUG] core.topology_builder: 主配接口降级（非错）: 无法从LINE_NAME=10kVLINE140解析出主网站映射
2026-09-07 14:17:49 [DEBUG] core.topology_builder: 主配接口降级（非错）: 无法从LINE_NAME=10kVLINE141解析出主网站映射
2026-09-07 14:17:49 [DEBUG] core.topology_builder: 主配接口降级（非错）: 无法从LINE_NAME=10kVLINE049解析出主网站映射
2026-09-07 14:17:49 [DEBUG] core.topology_builder: 主配接口降级（非错）: 无法从LINE_NAME=10kVLINE142解析出主网站映射
2026-09-07 14:17:49 [DEBUG] core.topology_builder: 主配接口降级（非错）: 无法从LINE_NAME=10kVLINE042解析出主网站映射
2026-09-07 14:17:49 [DEBUG] core.topology_builder: 主配接口降级（非错）: 无法从LINE_NAME=10kVLINE056解析出主网站映射
2026-09-07 14:17:49 [DEBUG] core.topology_builder: 主配接口降级（非错）: 无法从LINE_NAME=10kVLINE143解析出主网站映射
2026-09-07 14:17:49 [DEBUG] core.topology_builder: 主配接口降级（非错）: 无法从LINE_NAME=10kVLINE144解析出主网站映射
2026-09-07 14:17:49 [DEBUG] core.topology_builder: 主配接口降级（非错）: 无法从LINE_NAME=10kVLINE070解析出主网站映射
2026-09-07 14:17:49 [DEBUG] core.topology_builder: 主配接口降级（非错）: 无法从LINE_NAME=10kVLINE069解析出主网站映射
2026-09-07 14:17:49 [DEBUG] core.topology_builder: 主配接口降级（非错）: 无法从LINE_NAME=10kVLINE145解析出主网站映射
2026-09-07 14:17:49 [DEBUG] core.topology_builder: 主配接口降级（非错）: 无法从LINE_NAME=10kVLINE146解析出主网站映射
2026-09-07 14:17:49 [DEBUG] core.topology_builder: 主配接口降级（非错）: 无法从LINE_NAME=10kVLINE147解析出主网站映射
2026-09-07 14:17:49 [DEBUG] core.topology_builder: 主配接口降级（非错）: 无法从LINE_NAME=10kVLINE148解析出主网站映射
2026-09-07 14:17:49 [DEBUG] core.topology_builder: 主配接口降级（非错）: 无法从LINE_NAME=10kVLINE025解析出主网站映射
2026-09-07 14:17:49 [DEBUG] core.topology_builder: 主配接口降级（非错）: 无法从LINE_NAME=20kVLINE149解析出主网站映射
2026-09-07 14:17:49 [DEBUG] core.topology_builder: 主配接口降级（非错）: 无法从LINE_NAME=10kVLINE083解析出主网站映射
2026-09-07 14:17:49 [DEBUG] core.topology_builder: 主配接口降级（非错）: 无法从LINE_NAME=20kVLINE150解析出主网站映射
2026-09-07 14:17:49 [DEBUG] core.topology_builder: 主配接口降级（非错）: 无法从LINE_NAME=20kVLINE151解析出主网站映射
2026-09-07 14:17:49 [DEBUG] core.topology_builder: 主配接口降级（非错）: 无法从LINE_NAME=20kVLINE152解析出主网站映射
2026-09-07 14:17:49 [DEBUG] core.topology_builder: 主配接口降级（非错）: 无法从LINE_NAME=10kVLINE046解析出主网站映射
2026-09-07 14:17:49 [DEBUG] core.topology_builder: 主配接口降级（非错）: 无法从LINE_NAME=10kVLINE045解析出主网站映射
2026-09-07 14:17:49 [DEBUG] core.topology_builder: 主配接口降级（非错）: 无法从LINE_NAME=10kVLINE153解析出主网站映射
2026-09-07 14:17:49 [DEBUG] core.topology_builder: 主配接口降级（非错）: 无法从LINE_NAME=10kVLINE154解析出主网站映射
2026-09-07 14:17:49 [DEBUG] core.topology_builder: 主配接口降级（非错）: 无法从LINE_NAME=10kVLINE155解析出主网站映射
2026-09-07 14:17:49 [DEBUG] core.topology_builder: 主配接口降级（非错）: 无法从LINE_NAME=10kVLINE156解析出主网站映射
2026-09-07 14:17:49 [DEBUG] core.topology_builder: 主配接口降级（非错）: 无法从LINE_NAME=10kVLINE058解析出主网站映射
2026-09-07 14:17:49 [DEBUG] core.topology_builder: 主配接口降级（非错）: 无法从LINE_NAME=10kVLINE059解析出主网站映射
2026-09-07 14:17:49 [DEBUG] core.topology_builder: 主配接口降级（非错）: 无法从LINE_NAME=10kVLINE157解析出主网站映射
2026-09-07 14:17:49 [DEBUG] core.topology_builder: 主配接口降级（非错）: 无法从LINE_NAME=10kVLINE088解析出主网站映射
2026-09-07 14:17:49 [DEBUG] core.topology_builder: 主配接口降级（非错）: 无法从LINE_NAME=10kVLINE121_185解析出主网站映射
2026-09-07 14:17:49 [DEBUG] core.topology_builder: 主配接口降级（非错）: 无法从LINE_NAME=10kVLINE081解析出主网站映射
2026-09-07 14:17:49 [DEBUG] core.topology_builder: 主配接口降级（非错）: 无法从LINE_NAME=10kVLINE158解析出主网站映射
2026-09-07 14:17:49 [DEBUG] core.topology_builder: 主配接口降级（非错）: 无法从LINE_NAME=10kVLINE159解析出主网站映射
2026-09-07 14:17:49 [DEBUG] core.topology_builder: 主配接口降级（非错）: 无法从LINE_NAME=10kVLINE160解析出主网站映射
2026-09-07 14:17:49 [DEBUG] core.topology_builder: 主配接口降级（非错）: 无法从LINE_NAME=10kVLINE161解析出主网站映射
2026-09-07 14:17:49 [DEBUG] core.topology_builder: 主配接口降级（非错）: 无法从LINE_NAME=10kVLINE162解析出主网站映射
2026-09-07 14:17:49 [DEBUG] core.topology_builder: 主配接口降级（非错）: 无法从LINE_NAME=10kVLINE163解析出主网站映射
2026-09-07 14:17:49 [DEBUG] core.topology_builder: 主配接口降级（非错）: 无法从LINE_NAME=10kVLINE164解析出主网站映射
2026-09-07 14:17:49 [DEBUG] core.topology_builder: 主配接口降级（非错）: 无法从LINE_NAME=10kVLINE165解析出主网站映射
2026-09-07 14:17:49 [DEBUG] core.topology_builder: 主配接口降级（非错）: 无法从LINE_NAME=10kVLINE166解析出主网站映射
2026-09-07 14:17:49 [DEBUG] core.topology_builder: 主配接口降级（非错）: 无法从LINE_NAME=10kVLINE167解析出主网站映射
2026-09-07 14:17:49 [DEBUG] core.topology_builder: 主配接口降级（非错）: 无法从LINE_NAME=10kVLINE168解析出主网站映射
2026-09-07 14:17:49 [DEBUG] core.topology_builder: 主配接口降级（非错）: 无法从LINE_NAME=10kVLINE014解析出主网站映射
2026-09-07 14:17:49 [DEBUG] core.topology_builder: 主配接口降级（非错）: 无法从LINE_NAME=10kVLINE169解析出主网站映射
2026-09-07 14:17:49 [DEBUG] core.topology_builder: 主配接口降级（非错）: 无法从LINE_NAME=10kVLINE170解析出主网站映射
2026-09-07 14:17:49 [DEBUG] core.topology_builder: 主配接口降级（非错）: 无法从LINE_NAME=10kVLINE171解析出主网站映射
2026-09-07 14:17:49 [DEBUG] core.topology_builder: 主配接口降级（非错）: 无法从LINE_NAME=10kVLINE172解析出主网站映射
2026-09-07 14:17:49 [DEBUG] core.topology_builder: 主配接口降级（非错）: 无法从LINE_NAME=10kVLINE173解析出主网站映射
2026-09-07 14:17:49 [DEBUG] core.topology_builder: 主配接口降级（非错）: 无法从LINE_NAME=10kVLINE174解析出主网站映射
2026-09-07 14:17:49 [DEBUG] core.topology_builder: 主配接口降级（非错）: 无法从LINE_NAME=10kVLINE175解析出主网站映射
2026-09-07 14:17:49 [DEBUG] core.topology_builder: 主配接口降级（非错）: 无法从LINE_NAME=10kVLINE176解析出主网站映射
2026-09-07 14:17:49 [DEBUG] core.topology_builder: 主配接口降级（非错）: 无法从LINE_NAME=10kVLINE177解析出主网站映射
2026-09-07 14:17:49 [DEBUG] core.topology_builder: 主配接口降级（非错）: 无法从LINE_NAME=10kVLINE044解析出主网站映射
2026-09-07 14:17:49 [DEBUG] core.topology_builder: 主配接口降级（非错）: 无法从LINE_NAME=10kVLINE178解析出主网站映射
2026-09-07 14:17:49 [DEBUG] core.topology_builder: 主配接口降级（非错）: 无法从LINE_NAME=10kVLINE179解析出主网站映射
2026-09-07 14:17:49 [DEBUG] core.topology_builder: 主配接口降级（非错）: 无法从LINE_NAME=10kVLINE180解析出主网站映射
2026-09-07 14:17:49 [DEBUG] core.topology_builder: 主配接口降级（非错）: 无法从LINE_NAME=20kVLINE181解析出主网站映射
2026-09-07 14:17:49 [DEBUG] core.topology_builder: 主配接口降级（非错）: 无法从LINE_NAME=10kVLINE182解析出主网站映射
2026-09-07 14:17:49 [DEBUG] core.topology_builder: 主配接口降级（非错）: 无法从LINE_NAME=10kVLINE183解析出主网站映射
2026-09-07 14:17:49 [DEBUG] core.topology_builder: 主配接口降级（非错）: 无法从LINE_NAME=10kVLINE184解析出主网站映射
2026-09-07 14:17:49 [DEBUG] core.topology_builder: 主配接口降级（非错）: 无法从LINE_NAME=10kVLINE186解析出主网站映射
2026-09-07 14:17:49 [DEBUG] core.topology_builder: 主配接口降级（非错）: 无法从LINE_NAME=10kVLINE187解析出主网站映射
2026-09-07 14:17:49 [DEBUG] core.topology_builder: 主配接口降级（非错）: 无法从LINE_NAME=10kVLINE188解析出主网站映射
2026-09-07 14:17:49 [DEBUG] core.topology_builder: 主配接口降级（非错）: 无法从LINE_NAME=10kVLINE189解析出主网站映射
2026-09-07 14:17:49 [DEBUG] core.topology_builder: 主配接口降级（非错）: 无法从LINE_NAME=10kVLINE190解析出主网站映射
2026-09-07 14:17:49 [DEBUG] core.topology_builder: 主配接口降级（非错）: 无法从LINE_NAME=10kVLINE191解析出主网站映射
2026-09-07 14:17:49 [DEBUG] core.topology_builder: 主配接口降级（非错）: 无法从LINE_NAME=10kVLINE192解析出主网站映射
2026-09-07 14:17:49 [DEBUG] core.topology_builder: 主配接口降级（非错）: 无法从LINE_NAME=10kVLINE193解析出主网站映射
2026-09-07 14:17:49 [DEBUG] core.topology_builder: 主配接口降级（非错）: 无法从LINE_NAME=10kVLINE194解析出主网站映射
2026-09-07 14:17:49 [DEBUG] core.topology_builder: 主配接口降级（非错）: 无法从LINE_NAME=10kVLINE195解析出主网站映射
2026-09-07 14:17:49 [DEBUG] core.topology_builder: 主配接口降级（非错）: 无法从LINE_NAME=10kVLINE196解析出主网站映射
2026-09-07 14:17:49 [DEBUG] core.topology_builder: 主配接口降级（非错）: 无法从LINE_NAME=10kVLINE197解析出主网站映射
2026-09-07 14:17:49 [DEBUG] core.topology_builder: 主配接口降级（非错）: 无法从LINE_NAME=10kVLINE198解析出主网站映射
2026-09-07 14:17:49 [DEBUG] core.topology_builder: 主配接口降级（非错）: 无法从LINE_NAME=10kVLINE199解析出主网站映射
2026-09-07 14:17:49 [DEBUG] core.topology_builder: 主配接口降级（非错）: 无法从LINE_NAME=10kVLINE063解析出主网站映射
2026-09-07 14:17:49 [DEBUG] core.topology_builder: 主配接口降级（非错）: 无法从LINE_NAME=10kVLINE200解析出主网站映射
2026-09-07 14:17:49 [DEBUG] core.topology_builder: 主配接口降级（非错）: 无法从LINE_NAME=10kVLINE201解析出主网站映射
2026-09-07 14:17:49 [DEBUG] core.topology_builder: 主配接口降级（非错）: 无法从LINE_NAME=10kVLINE202解析出主网站映射
2026-09-07 14:17:49 [DEBUG] core.topology_builder: 主配接口降级（非错）: 无法从LINE_NAME=10kVLINE203解析出主网站映射
2026-09-07 14:17:49 [DEBUG] core.topology_builder: 主配接口降级（非错）: 无法从LINE_NAME=10kVLINE204解析出主网站映射
2026-09-07 14:17:49 [DEBUG] core.topology_builder: 主配接口降级（非错）: 无法从LINE_NAME=10kVLINE205解析出主网站映射
2026-09-07 14:17:49 [DEBUG] core.topology_builder: 主配接口降级（非错）: 无法从LINE_NAME=10kVLINE051解析出主网站映射
2026-09-07 14:17:49 [DEBUG] core.topology_builder: 主配接口降级（非错）: 无法从LINE_NAME=10kVLINE187解析出主网站映射
2026-09-07 14:17:49 [DEBUG] core.topology_builder: 主配接口降级（非错）: 无法从LINE_NAME=10kVLINE207解析出主网站映射
2026-09-07 14:17:49 [DEBUG] core.topology_builder: 主配接口降级（非错）: 无法从LINE_NAME=10kVLINE208解析出主网站映射
2026-09-07 14:17:49 [DEBUG] core.topology_builder: 主配接口降级（非错）: 无法从LINE_NAME=10kVLINE209解析出主网站映射
2026-09-07 14:17:49 [DEBUG] core.topology_builder: 主配接口降级（非错）: 无法从LINE_NAME=10kVLINE210解析出主网站映射
2026-09-07 14:17:49 [DEBUG] core.topology_builder: 主配接口降级（非错）: 无法从LINE_NAME=10kVLINE212解析出主网站映射
2026-09-07 14:17:49 [DEBUG] core.topology_builder: 主配接口降级（非错）: 无法从LINE_NAME=10kVLINE213解析出主网站映射
2026-09-07 14:17:49 [DEBUG] core.topology_builder: 主配接口降级（非错）: 无法从LINE_NAME=LINE215解析出主网站映射
2026-09-07 14:17:49 [DEBUG] core.topology_builder: 主配接口降级（非错）: 无法从LINE_NAME=LINE216解析出主网站映射
2026-09-07 14:17:49 [INFO] core.topology_builder: 主配接口校验：通过=184 失败=5
2026-09-07 14:17:49 [INFO] core.topology_builder: [主配接口校验] 4.1/4.2 命中缺陷: 5
2026-09-07 14:17:49 [INFO] core.topology_builder: [电气逻辑校验] RULE-E01~E07 命中:3272
2026-09-07 14:17:49 [INFO] core.topology_builder: 开始执行拓扑异常检测：悬空、孤岛、断点
2026-09-07 14:17:54 [INFO] core.topology_builder: 主网异常数量：0，断点数量：0
2026-09-07 14:17:54 [INFO] core.topology_builder: 配网异常数量：9565，断点数量：561
2026-09-07 14:18:26 [INFO] core.topology_builder: 主配数据拆分完成：主网设备=1167 配网设备=50744 主网线段=223 配网线段=189 主网站=10 遥信遥测=5829 ZWMEA=442 ZWSIGNAL=1567
2026-09-07 14:18:26 [INFO] core.topology_builder: 主网设备数量：1167
2026-09-07 14:18:26 [INFO] core.topology_builder: 配网设备数量：50744
2026-09-07 14:18:26 [INFO] core.topology_builder: 主网线路(ZLINEEND)数量：223
2026-09-07 14:18:26 [INFO] core.topology_builder: 配网线路(PWFEEDERLINE)数量：189
2026-09-07 14:18:26 [INFO] core.topology_builder: 主网站点(ZWSUBSTATION)数量：10
2026-09-07 14:18:26 [INFO] core.topology_builder: 遥信遥测(PWREAL)记录数：5829
2026-09-07 14:18:26 [INFO] core.topology_builder: 主网遥测(ZWMEA)：442 主网遥信(ZWSIGNAL)：1567
2026-09-07 14:18:26 [INFO] core.topology_builder: [Builder] 正在添加 1167 个主网设备和 50744 个配网设备...
2026-09-07 14:18:26 [INFO] core.topology_builder: 主网电源设备数=47
2026-09-07 14:18:26 [INFO] core.topology_builder: 主网电源设备识别: 47 台
2026-09-07 14:18:27 [DEBUG] core.topology_builder: 已处理 10000 个配网设备
2026-09-07 14:18:28 [DEBUG] core.topology_builder: 已处理 20000 个配网设备
2026-09-07 14:18:29 [DEBUG] core.topology_builder: 已处理 30000 个配网设备
2026-09-07 14:18:30 [DEBUG] core.topology_builder: 已处理 40000 个配网设备
2026-09-07 14:18:32 [DEBUG] core.topology_builder: 已处理 50000 个配网设备
2026-09-07 14:18:32 [INFO] core.topology_builder: 配网电源设备数=0
2026-09-07 14:18:32 [INFO] core.topology_builder: 配网电源设备识别: 0 台
2026-09-07 14:18:32 [INFO] core.topology_builder: 主配电源注入（S1修复版）: 1167 台主网设备标记为电源（不再整条馈线注入）
2026-09-07 14:18:32 [INFO] core.topology_builder:   ZWLINEEND 解析出馈线→主网站映射数: 0
2026-09-07 14:18:43 [INFO] core.topology_builder: [Builder] 配网真实端子数量:76354
2026-09-07 14:18:43 [INFO] core.topology_builder: [Builder] 主网真实端子数量:1562
2026-09-07 14:18:50 [INFO] core.topology_builder: [S2修复] 主配物理连接跨边建立: 324 条, 主网边界设备并入: 175 台
2026-09-07 14:18:50 [INFO] core.topology_builder: [端子建边完成] 配网拓扑边数量：117773
2026-09-07 14:18:50 [INFO] core.topology_builder: [端子建边完成] 主网拓扑边数量：2632
2026-09-07 14:18:58 [INFO] core.measure_preprocess: [MeasurePreprocess] 遥信实测开关数量：6666
2026-09-07 14:18:58 [INFO] core.measure_preprocess: [MeasurePreprocess] 默认合位开关数量：19813
2026-09-07 14:18:58 [INFO] core.topology_builder: [遥信预处理统计] 总开关状态映射条目:26479 实际挂载到设备:25637
2026-09-07 14:18:58 [INFO] core.topology_builder: 遥信实测开关:6666，赛题默认合位推演开关:19813
2026-09-07 14:19:11 [DEBUG] core.topology_builder: 主配接口降级（非错）: 无法从LINE_NAME=10kVLINE098解析出主网站映射
2026-09-07 14:19:11 [DEBUG] core.topology_builder: 主配接口降级（非错）: 无法从LINE_NAME=10kVLINE060解析出主网站映射
2026-09-07 14:19:11 [DEBUG] core.topology_builder: 主配接口降级（非错）: 无法从LINE_NAME=10kVLINE004解析出主网站映射
2026-09-07 14:19:11 [DEBUG] core.topology_builder: 主配接口降级（非错）: 无法从LINE_NAME=10kVLINE082解析出主网站映射
2026-09-07 14:19:11 [DEBUG] core.topology_builder: 主配接口降级（非错）: 无法从LINE_NAME=10kVLINE018解析出主网站映射
2026-09-07 14:19:11 [DEBUG] core.topology_builder: 主配接口降级（非错）: 无法从LINE_NAME=10kVLINE074解析出主网站映射
2026-09-07 14:19:11 [DEBUG] core.topology_builder: 主配接口降级（非错）: 无法从LINE_NAME=10kVLINE099解析出主网站映射
2026-09-07 14:19:11 [DEBUG] core.topology_builder: 主配接口降级（非错）: 无法从LINE_NAME=10kVLINE041解析出主网站映射
2026-09-07 14:19:11 [DEBUG] core.topology_builder: 主配接口降级（非错）: 无法从LINE_NAME=10kVLINE086解析出主网站映射
2026-09-07 14:19:11 [DEBUG] core.topology_builder: 主配接口降级（非错）: 无法从LINE_NAME=10kVLINE073解析出主网站映射
2026-09-07 14:19:11 [DEBUG] core.topology_builder: 主配接口降级（非错）: 无法从LINE_NAME=10kVLINE033解析出主网站映射
2026-09-07 14:19:11 [DEBUG] core.topology_builder: 主配接口降级（非错）: 无法从LINE_NAME=10kVLINE091解析出主网站映射
2026-09-07 14:19:11 [DEBUG] core.topology_builder: 主配接口降级（非错）: 无法从LINE_NAME=10kVLINE100解析出主网站映射
2026-09-07 14:19:11 [DEBUG] core.topology_builder: 主配接口降级（非错）: 无法从LINE_NAME=10kVLINE013解析出主网站映射
2026-09-07 14:19:11 [DEBUG] core.topology_builder: 主配接口降级（非错）: 无法从LINE_NAME=10kVLINE101解析出主网站映射
2026-09-07 14:19:11 [DEBUG] core.topology_builder: 主配接口降级（非错）: 无法从LINE_NAME=10kVLINE035解析出主网站映射
2026-09-07 14:19:11 [DEBUG] core.topology_builder: 主配接口降级（非错）: 无法从LINE_NAME=10kVLINE102解析出主网站映射
2026-09-07 14:19:11 [DEBUG] core.topology_builder: 主配接口降级（非错）: 无法从LINE_NAME=10kVLINE103解析出主网站映射
2026-09-07 14:19:11 [DEBUG] core.topology_builder: 主配接口降级（非错）: 无法从LINE_NAME=10kVLINE055解析出主网站映射
2026-09-07 14:19:11 [DEBUG] core.topology_builder: 主配接口降级（非错）: 无法从LINE_NAME=10kVLINE024解析出主网站映射
2026-09-07 14:19:11 [DEBUG] core.topology_builder: 主配接口降级（非错）: 无法从LINE_NAME=10kVLINE084解析出主网站映射
2026-09-07 14:19:11 [DEBUG] core.topology_builder: 主配接口降级（非错）: 无法从LINE_NAME=10kVLINE087解析出主网站映射
2026-09-07 14:19:11 [DEBUG] core.topology_builder: 主配接口降级（非错）: 无法从LINE_NAME=20kVLINE104解析出主网站映射
2026-09-07 14:19:11 [DEBUG] core.topology_builder: 主配接口降级（非错）: 无法从LINE_NAME=10kVLINE012解析出主网站映射
2026-09-07 14:19:11 [DEBUG] core.topology_builder: 主配接口降级（非错）: 无法从LINE_NAME=10kVLINE105解析出主网站映射
2026-09-07 14:19:11 [DEBUG] core.topology_builder: 主配接口降级（非错）: 无法从LINE_NAME=10kVLINE106解析出主网站映射
2026-09-07 14:19:11 [DEBUG] core.topology_builder: 主配接口降级（非错）: 无法从LINE_NAME=10kVLINE094解析出主网站映射
2026-09-07 14:19:11 [DEBUG] core.topology_builder: 主配接口降级（非错）: 无法从LINE_NAME=10kVLINE107解析出主网站映射
2026-09-07 14:19:11 [DEBUG] core.topology_builder: 主配接口降级（非错）: 无法从LINE_NAME=10kVLINE053解析出主网站映射
2026-09-07 14:19:11 [DEBUG] core.topology_builder: 主配接口降级（非错）: 无法从LINE_NAME=20kVLINE108解析出主网站映射
2026-09-07 14:19:11 [DEBUG] core.topology_builder: 主配接口降级（非错）: 无法从LINE_NAME=20kVLINE109解析出主网站映射
2026-09-07 14:19:11 [DEBUG] core.topology_builder: 主配接口降级（非错）: 无法从LINE_NAME=10kVLINE110解析出主网站映射
2026-09-07 14:19:11 [DEBUG] core.topology_builder: 主配接口降级（非错）: 无法从LINE_NAME=10kVLINE111解析出主网站映射
2026-09-07 14:19:11 [DEBUG] core.topology_builder: 主配接口降级（非错）: 无法从LINE_NAME=10kVLINE112解析出主网站映射
2026-09-07 14:19:11 [DEBUG] core.topology_builder: 主配接口降级（非错）: 无法从LINE_NAME=20kVLINE113解析出主网站映射
2026-09-07 14:19:11 [DEBUG] core.topology_builder: 主配接口降级（非错）: 无法从LINE_NAME=10kVLINE026解析出主网站映射
2026-09-07 14:19:11 [DEBUG] core.topology_builder: 主配接口降级（非错）: 无法从LINE_NAME=10kVLINE048解析出主网站映射
2026-09-07 14:19:11 [DEBUG] core.topology_builder: 主配接口降级（非错）: 无法从LINE_NAME=10kVLINE003解析出主网站映射
2026-09-07 14:19:11 [DEBUG] core.topology_builder: 主配接口降级（非错）: 无法从LINE_NAME=10kVLINE057解析出主网站映射
2026-09-07 14:19:11 [DEBUG] core.topology_builder: 主配接口降级（非错）: 无法从LINE_NAME=10kVLINE077解析出主网站映射
2026-09-07 14:19:11 [DEBUG] core.topology_builder: 主配接口降级（非错）: 无法从LINE_NAME=10kVLINE114解析出主网站映射
2026-09-07 14:19:11 [DEBUG] core.topology_builder: 主配接口降级（非错）: 无法从LINE_NAME=10kVLINE027解析出主网站映射
2026-09-07 14:19:11 [DEBUG] core.topology_builder: 主配接口降级（非错）: 无法从LINE_NAME=10kVLINE115解析出主网站映射
2026-09-07 14:19:11 [DEBUG] core.topology_builder: 主配接口降级（非错）: 无法从LINE_NAME=10kVLINE116解析出主网站映射
2026-09-07 14:19:11 [DEBUG] core.topology_builder: 主配接口降级（非错）: 无法从LINE_NAME=10kVLINE117解析出主网站映射
2026-09-07 14:19:11 [DEBUG] core.topology_builder: 主配接口降级（非错）: 无法从LINE_NAME=10kVLINE118解析出主网站映射
2026-09-07 14:19:11 [DEBUG] core.topology_builder: 主配接口降级（非错）: 无法从LINE_NAME=10kVLINE038解析出主网站映射
2026-09-07 14:19:11 [DEBUG] core.topology_builder: 主配接口降级（非错）: 无法从LINE_NAME=10kVLINE119解析出主网站映射
2026-09-07 14:19:11 [DEBUG] core.topology_builder: 主配接口降级（非错）: 无法从LINE_NAME=20kVLINE120解析出主网站映射
2026-09-07 14:19:11 [DEBUG] core.topology_builder: 主配接口降级（非错）: 无法从LINE_NAME=10kVLINE121_195解析出主网站映射
2026-09-07 14:19:11 [DEBUG] core.topology_builder: 主配接口降级（非错）: 无法从LINE_NAME=10kVLINE076解析出主网站映射
2026-09-07 14:19:11 [DEBUG] core.topology_builder: 主配接口降级（非错）: 无法从LINE_NAME=10kVLINE093解析出主网站映射
2026-09-07 14:19:11 [DEBUG] core.topology_builder: 主配接口降级（非错）: 无法从LINE_NAME=20kVLINE122解析出主网站映射
2026-09-07 14:19:11 [DEBUG] core.topology_builder: 主配接口降级（非错）: 无法从LINE_NAME=10kVLINE123解析出主网站映射
2026-09-07 14:19:11 [DEBUG] core.topology_builder: 主配接口降级（非错）: 无法从LINE_NAME=10kVLINE039解析出主网站映射
2026-09-07 14:19:11 [DEBUG] core.topology_builder: 主配接口降级（非错）: 无法从LINE_NAME=10kVLINE124解析出主网站映射
2026-09-07 14:19:11 [DEBUG] core.topology_builder: 主配接口降级（非错）: 无法从LINE_NAME=10kVLINE125解析出主网站映射
2026-09-07 14:19:11 [DEBUG] core.topology_builder: 主配接口降级（非错）: 无法从LINE_NAME=10kVLINE126解析出主网站映射
2026-09-07 14:19:11 [DEBUG] core.topology_builder: 主配接口降级（非错）: 无法从LINE_NAME=10kVLINE127解析出主网站映射
2026-09-07 14:19:11 [DEBUG] core.topology_builder: 主配接口降级（非错）: 无法从LINE_NAME=10kVLINE089解析出主网站映射
2026-09-07 14:19:11 [DEBUG] core.topology_builder: 主配接口降级（非错）: 无法从LINE_NAME=10kVLINE090解析出主网站映射
2026-09-07 14:19:11 [DEBUG] core.topology_builder: 主配接口降级（非错）: 无法从LINE_NAME=10kVLINE128解析出主网站映射
2026-09-07 14:19:11 [DEBUG] core.topology_builder: 主配接口降级（非错）: 无法从LINE_NAME=10kVLINE037解析出主网站映射
2026-09-07 14:19:11 [DEBUG] core.topology_builder: 主配接口降级（非错）: 无法从LINE_NAME=10kVLINE071解析出主网站映射
2026-09-07 14:19:11 [DEBUG] core.topology_builder: 主配接口降级（非错）: 无法从LINE_NAME=10kVLINE129解析出主网站映射
2026-09-07 14:19:11 [DEBUG] core.topology_builder: 主配接口降级（非错）: 无法从LINE_NAME=10kVLINE009解析出主网站映射
2026-09-07 14:19:11 [DEBUG] core.topology_builder: 主配接口降级（非错）: 无法从LINE_NAME=10kVLINE022解析出主网站映射
2026-09-07 14:19:11 [DEBUG] core.topology_builder: 主配接口降级（非错）: 无法从LINE_NAME=10kVLINE028解析出主网站映射
2026-09-07 14:19:11 [DEBUG] core.topology_builder: 主配接口降级（非错）: 无法从LINE_NAME=10kVLINE019解析出主网站映射
2026-09-07 14:19:11 [DEBUG] core.topology_builder: 主配接口降级（非错）: 无法从LINE_NAME=10kVLINE015解析出主网站映射
2026-09-07 14:19:11 [DEBUG] core.topology_builder: 主配接口降级（非错）: 无法从LINE_NAME=10kVLINE130解析出主网站映射
2026-09-07 14:19:11 [DEBUG] core.topology_builder: 主配接口降级（非错）: 无法从LINE_NAME=10kVLINE131解析出主网站映射
2026-09-07 14:19:11 [DEBUG] core.topology_builder: 主配接口降级（非错）: 无法从LINE_NAME=10kVLINE132解析出主网站映射
2026-09-07 14:19:11 [DEBUG] core.topology_builder: 主配接口降级（非错）: 无法从LINE_NAME=10kVLINE061解析出主网站映射
2026-09-07 14:19:11 [DEBUG] core.topology_builder: 主配接口降级（非错）: 无法从LINE_NAME=10kVLINE133解析出主网站映射
2026-09-07 14:19:11 [DEBUG] core.topology_builder: 主配接口降级（非错）: 无法从LINE_NAME=10kVLINE075解析出主网站映射
2026-09-07 14:19:11 [DEBUG] core.topology_builder: 主配接口降级（非错）: 无法从LINE_NAME=10kVLINE016解析出主网站映射
2026-09-07 14:19:11 [DEBUG] core.topology_builder: 主配接口降级（非错）: 无法从LINE_NAME=10kVLINE134解析出主网站映射
2026-09-07 14:19:11 [DEBUG] core.topology_builder: 主配接口降级（非错）: 无法从LINE_NAME=10kVLINE043解析出主网站映射
2026-09-07 14:19:11 [DEBUG] core.topology_builder: 主配接口降级（非错）: 无法从LINE_NAME=10kVLINE050解析出主网站映射
2026-09-07 14:19:11 [DEBUG] core.topology_builder: 主配接口降级（非错）: 无法从LINE_NAME=10kVLINE054解析出主网站映射
2026-09-07 14:19:11 [DEBUG] core.topology_builder: 主配接口降级（非错）: 无法从LINE_NAME=10kVLINE040解析出主网站映射
2026-09-07 14:19:11 [DEBUG] core.topology_builder: 主配接口降级（非错）: 无法从LINE_NAME=10kVLINE021解析出主网站映射
2026-09-07 14:19:11 [DEBUG] core.topology_builder: 主配接口降级（非错）: 无法从LINE_NAME=10kVLINE023解析出主网站映射
2026-09-07 14:19:11 [DEBUG] core.topology_builder: 主配接口降级（非错）: 无法从LINE_NAME=10kVLINE020解析出主网站映射
2026-09-07 14:19:11 [DEBUG] core.topology_builder: 主配接口降级（非错）: 无法从LINE_NAME=10kVLINE135解析出主网站映射
2026-09-07 14:19:11 [DEBUG] core.topology_builder: 主配接口降级（非错）: 无法从LINE_NAME=10kVLINE136解析出主网站映射
2026-09-07 14:19:11 [DEBUG] core.topology_builder: 主配接口降级（非错）: 无法从LINE_NAME=10kVLINE097解析出主网站映射
2026-09-07 14:19:11 [DEBUG] core.topology_builder: 主配接口降级（非错）: 无法从LINE_NAME=10kVLINE096解析出主网站映射
2026-09-07 14:19:11 [DEBUG] core.topology_builder: 主配接口降级（非错）: 无法从LINE_NAME=10kVLINE137解析出主网站映射
2026-09-07 14:19:11 [DEBUG] core.topology_builder: 主配接口降级（非错）: 无法从LINE_NAME=10kVLINE138解析出主网站映射
2026-09-07 14:19:11 [DEBUG] core.topology_builder: 主配接口降级（非错）: 无法从LINE_NAME=10kVLINE139解析出主网站映射
2026-09-07 14:19:11 [DEBUG] core.topology_builder: 主配接口降级（非错）: 无法从LINE_NAME=10kVLINE140解析出主网站映射
2026-09-07 14:19:11 [DEBUG] core.topology_builder: 主配接口降级（非错）: 无法从LINE_NAME=10kVLINE141解析出主网站映射
2026-09-07 14:19:11 [DEBUG] core.topology_builder: 主配接口降级（非错）: 无法从LINE_NAME=10kVLINE049解析出主网站映射
2026-09-07 14:19:11 [DEBUG] core.topology_builder: 主配接口降级（非错）: 无法从LINE_NAME=10kVLINE142解析出主网站映射
2026-09-07 14:19:11 [DEBUG] core.topology_builder: 主配接口降级（非错）: 无法从LINE_NAME=10kVLINE042解析出主网站映射
2026-09-07 14:19:11 [DEBUG] core.topology_builder: 主配接口降级（非错）: 无法从LINE_NAME=10kVLINE056解析出主网站映射
2026-09-07 14:19:11 [DEBUG] core.topology_builder: 主配接口降级（非错）: 无法从LINE_NAME=10kVLINE143解析出主网站映射
2026-09-07 14:19:11 [DEBUG] core.topology_builder: 主配接口降级（非错）: 无法从LINE_NAME=10kVLINE144解析出主网站映射
2026-09-07 14:19:11 [DEBUG] core.topology_builder: 主配接口降级（非错）: 无法从LINE_NAME=10kVLINE070解析出主网站映射
2026-09-07 14:19:11 [DEBUG] core.topology_builder: 主配接口降级（非错）: 无法从LINE_NAME=10kVLINE069解析出主网站映射
2026-09-07 14:19:11 [DEBUG] core.topology_builder: 主配接口降级（非错）: 无法从LINE_NAME=10kVLINE145解析出主网站映射
2026-09-07 14:19:11 [DEBUG] core.topology_builder: 主配接口降级（非错）: 无法从LINE_NAME=10kVLINE146解析出主网站映射
2026-09-07 14:19:11 [DEBUG] core.topology_builder: 主配接口降级（非错）: 无法从LINE_NAME=10kVLINE147解析出主网站映射
2026-09-07 14:19:11 [DEBUG] core.topology_builder: 主配接口降级（非错）: 无法从LINE_NAME=10kVLINE148解析出主网站映射
2026-09-07 14:19:11 [DEBUG] core.topology_builder: 主配接口降级（非错）: 无法从LINE_NAME=10kVLINE025解析出主网站映射
2026-09-07 14:19:11 [DEBUG] core.topology_builder: 主配接口降级（非错）: 无法从LINE_NAME=20kVLINE149解析出主网站映射
2026-09-07 14:19:11 [DEBUG] core.topology_builder: 主配接口降级（非错）: 无法从LINE_NAME=10kVLINE083解析出主网站映射
2026-09-07 14:19:11 [DEBUG] core.topology_builder: 主配接口降级（非错）: 无法从LINE_NAME=20kVLINE150解析出主网站映射
2026-09-07 14:19:11 [DEBUG] core.topology_builder: 主配接口降级（非错）: 无法从LINE_NAME=20kVLINE151解析出主网站映射
2026-09-07 14:19:11 [DEBUG] core.topology_builder: 主配接口降级（非错）: 无法从LINE_NAME=20kVLINE152解析出主网站映射
2026-09-07 14:19:11 [DEBUG] core.topology_builder: 主配接口降级（非错）: 无法从LINE_NAME=10kVLINE046解析出主网站映射
2026-09-07 14:19:11 [DEBUG] core.topology_builder: 主配接口降级（非错）: 无法从LINE_NAME=10kVLINE045解析出主网站映射
2026-09-07 14:19:11 [DEBUG] core.topology_builder: 主配接口降级（非错）: 无法从LINE_NAME=10kVLINE153解析出主网站映射
2026-09-07 14:19:11 [DEBUG] core.topology_builder: 主配接口降级（非错）: 无法从LINE_NAME=10kVLINE154解析出主网站映射
2026-09-07 14:19:11 [DEBUG] core.topology_builder: 主配接口降级（非错）: 无法从LINE_NAME=10kVLINE155解析出主网站映射
2026-09-07 14:19:11 [DEBUG] core.topology_builder: 主配接口降级（非错）: 无法从LINE_NAME=10kVLINE156解析出主网站映射
2026-09-07 14:19:11 [DEBUG] core.topology_builder: 主配接口降级（非错）: 无法从LINE_NAME=10kVLINE058解析出主网站映射
2026-09-07 14:19:11 [DEBUG] core.topology_builder: 主配接口降级（非错）: 无法从LINE_NAME=10kVLINE059解析出主网站映射
2026-09-07 14:19:11 [DEBUG] core.topology_builder: 主配接口降级（非错）: 无法从LINE_NAME=10kVLINE157解析出主网站映射
2026-09-07 14:19:11 [DEBUG] core.topology_builder: 主配接口降级（非错）: 无法从LINE_NAME=10kVLINE088解析出主网站映射
2026-09-07 14:19:11 [DEBUG] core.topology_builder: 主配接口降级（非错）: 无法从LINE_NAME=10kVLINE121_185解析出主网站映射
2026-09-07 14:19:11 [DEBUG] core.topology_builder: 主配接口降级（非错）: 无法从LINE_NAME=10kVLINE081解析出主网站映射
2026-09-07 14:19:11 [DEBUG] core.topology_builder: 主配接口降级（非错）: 无法从LINE_NAME=10kVLINE158解析出主网站映射
2026-09-07 14:19:11 [DEBUG] core.topology_builder: 主配接口降级（非错）: 无法从LINE_NAME=10kVLINE159解析出主网站映射
2026-09-07 14:19:11 [DEBUG] core.topology_builder: 主配接口降级（非错）: 无法从LINE_NAME=10kVLINE160解析出主网站映射
2026-09-07 14:19:11 [DEBUG] core.topology_builder: 主配接口降级（非错）: 无法从LINE_NAME=10kVLINE161解析出主网站映射
2026-09-07 14:19:11 [DEBUG] core.topology_builder: 主配接口降级（非错）: 无法从LINE_NAME=10kVLINE162解析出主网站映射
2026-09-07 14:19:11 [DEBUG] core.topology_builder: 主配接口降级（非错）: 无法从LINE_NAME=10kVLINE163解析出主网站映射
2026-09-07 14:19:11 [DEBUG] core.topology_builder: 主配接口降级（非错）: 无法从LINE_NAME=10kVLINE164解析出主网站映射
2026-09-07 14:19:11 [DEBUG] core.topology_builder: 主配接口降级（非错）: 无法从LINE_NAME=10kVLINE165解析出主网站映射
2026-09-07 14:19:11 [DEBUG] core.topology_builder: 主配接口降级（非错）: 无法从LINE_NAME=10kVLINE166解析出主网站映射
2026-09-07 14:19:11 [DEBUG] core.topology_builder: 主配接口降级（非错）: 无法从LINE_NAME=10kVLINE167解析出主网站映射
2026-09-07 14:19:11 [DEBUG] core.topology_builder: 主配接口降级（非错）: 无法从LINE_NAME=10kVLINE168解析出主网站映射
2026-09-07 14:19:11 [DEBUG] core.topology_builder: 主配接口降级（非错）: 无法从LINE_NAME=10kVLINE014解析出主网站映射
2026-09-07 14:19:11 [DEBUG] core.topology_builder: 主配接口降级（非错）: 无法从LINE_NAME=10kVLINE169解析出主网站映射
2026-09-07 14:19:11 [DEBUG] core.topology_builder: 主配接口降级（非错）: 无法从LINE_NAME=10kVLINE170解析出主网站映射
2026-09-07 14:19:11 [DEBUG] core.topology_builder: 主配接口降级（非错）: 无法从LINE_NAME=10kVLINE171解析出主网站映射
2026-09-07 14:19:11 [DEBUG] core.topology_builder: 主配接口降级（非错）: 无法从LINE_NAME=10kVLINE172解析出主网站映射
2026-09-07 14:19:11 [DEBUG] core.topology_builder: 主配接口降级（非错）: 无法从LINE_NAME=10kVLINE173解析出主网站映射
2026-09-07 14:19:11 [DEBUG] core.topology_builder: 主配接口降级（非错）: 无法从LINE_NAME=10kVLINE174解析出主网站映射
2026-09-07 14:19:11 [DEBUG] core.topology_builder: 主配接口降级（非错）: 无法从LINE_NAME=10kVLINE175解析出主网站映射
2026-09-07 14:19:11 [DEBUG] core.topology_builder: 主配接口降级（非错）: 无法从LINE_NAME=10kVLINE176解析出主网站映射
2026-09-07 14:19:11 [DEBUG] core.topology_builder: 主配接口降级（非错）: 无法从LINE_NAME=10kVLINE177解析出主网站映射
2026-09-07 14:19:11 [DEBUG] core.topology_builder: 主配接口降级（非错）: 无法从LINE_NAME=10kVLINE044解析出主网站映射
2026-09-07 14:19:11 [DEBUG] core.topology_builder: 主配接口降级（非错）: 无法从LINE_NAME=10kVLINE178解析出主网站映射
2026-09-07 14:19:11 [DEBUG] core.topology_builder: 主配接口降级（非错）: 无法从LINE_NAME=10kVLINE179解析出主网站映射
2026-09-07 14:19:11 [DEBUG] core.topology_builder: 主配接口降级（非错）: 无法从LINE_NAME=10kVLINE180解析出主网站映射
2026-09-07 14:19:11 [DEBUG] core.topology_builder: 主配接口降级（非错）: 无法从LINE_NAME=20kVLINE181解析出主网站映射
2026-09-07 14:19:11 [DEBUG] core.topology_builder: 主配接口降级（非错）: 无法从LINE_NAME=10kVLINE182解析出主网站映射
2026-09-07 14:19:11 [DEBUG] core.topology_builder: 主配接口降级（非错）: 无法从LINE_NAME=10kVLINE183解析出主网站映射
2026-09-07 14:19:11 [DEBUG] core.topology_builder: 主配接口降级（非错）: 无法从LINE_NAME=10kVLINE184解析出主网站映射
2026-09-07 14:19:11 [DEBUG] core.topology_builder: 主配接口降级（非错）: 无法从LINE_NAME=10kVLINE186解析出主网站映射
2026-09-07 14:19:11 [DEBUG] core.topology_builder: 主配接口降级（非错）: 无法从LINE_NAME=10kVLINE187解析出主网站映射
2026-09-07 14:19:11 [DEBUG] core.topology_builder: 主配接口降级（非错）: 无法从LINE_NAME=10kVLINE188解析出主网站映射
2026-09-07 14:19:11 [DEBUG] core.topology_builder: 主配接口降级（非错）: 无法从LINE_NAME=10kVLINE189解析出主网站映射
2026-09-07 14:19:11 [DEBUG] core.topology_builder: 主配接口降级（非错）: 无法从LINE_NAME=10kVLINE190解析出主网站映射
2026-09-07 14:19:11 [DEBUG] core.topology_builder: 主配接口降级（非错）: 无法从LINE_NAME=10kVLINE191解析出主网站映射
2026-09-07 14:19:11 [DEBUG] core.topology_builder: 主配接口降级（非错）: 无法从LINE_NAME=10kVLINE192解析出主网站映射
2026-09-07 14:19:11 [DEBUG] core.topology_builder: 主配接口降级（非错）: 无法从LINE_NAME=10kVLINE193解析出主网站映射
2026-09-07 14:19:11 [DEBUG] core.topology_builder: 主配接口降级（非错）: 无法从LINE_NAME=10kVLINE194解析出主网站映射
2026-09-07 14:19:11 [DEBUG] core.topology_builder: 主配接口降级（非错）: 无法从LINE_NAME=10kVLINE195解析出主网站映射
2026-09-07 14:19:11 [DEBUG] core.topology_builder: 主配接口降级（非错）: 无法从LINE_NAME=10kVLINE196解析出主网站映射
2026-09-07 14:19:11 [DEBUG] core.topology_builder: 主配接口降级（非错）: 无法从LINE_NAME=10kVLINE197解析出主网站映射
2026-09-07 14:19:11 [DEBUG] core.topology_builder: 主配接口降级（非错）: 无法从LINE_NAME=10kVLINE198解析出主网站映射
2026-09-07 14:19:11 [DEBUG] core.topology_builder: 主配接口降级（非错）: 无法从LINE_NAME=10kVLINE199解析出主网站映射
2026-09-07 14:19:11 [DEBUG] core.topology_builder: 主配接口降级（非错）: 无法从LINE_NAME=10kVLINE063解析出主网站映射
2026-09-07 14:19:11 [DEBUG] core.topology_builder: 主配接口降级（非错）: 无法从LINE_NAME=10kVLINE200解析出主网站映射
2026-09-07 14:19:11 [DEBUG] core.topology_builder: 主配接口降级（非错）: 无法从LINE_NAME=10kVLINE201解析出主网站映射
2026-09-07 14:19:11 [DEBUG] core.topology_builder: 主配接口降级（非错）: 无法从LINE_NAME=10kVLINE202解析出主网站映射
2026-09-07 14:19:11 [DEBUG] core.topology_builder: 主配接口降级（非错）: 无法从LINE_NAME=10kVLINE203解析出主网站映射
2026-09-07 14:19:11 [DEBUG] core.topology_builder: 主配接口降级（非错）: 无法从LINE_NAME=10kVLINE204解析出主网站映射
2026-09-07 14:19:11 [DEBUG] core.topology_builder: 主配接口降级（非错）: 无法从LINE_NAME=10kVLINE205解析出主网站映射
2026-09-07 14:19:11 [DEBUG] core.topology_builder: 主配接口降级（非错）: 无法从LINE_NAME=10kVLINE051解析出主网站映射
2026-09-07 14:19:11 [DEBUG] core.topology_builder: 主配接口降级（非错）: 无法从LINE_NAME=10kVLINE187解析出主网站映射
2026-09-07 14:19:11 [DEBUG] core.topology_builder: 主配接口降级（非错）: 无法从LINE_NAME=10kVLINE207解析出主网站映射
2026-09-07 14:19:11 [DEBUG] core.topology_builder: 主配接口降级（非错）: 无法从LINE_NAME=10kVLINE208解析出主网站映射
2026-09-07 14:19:11 [DEBUG] core.topology_builder: 主配接口降级（非错）: 无法从LINE_NAME=10kVLINE209解析出主网站映射
2026-09-07 14:19:11 [DEBUG] core.topology_builder: 主配接口降级（非错）: 无法从LINE_NAME=10kVLINE210解析出主网站映射
2026-09-07 14:19:11 [DEBUG] core.topology_builder: 主配接口降级（非错）: 无法从LINE_NAME=10kVLINE212解析出主网站映射
2026-09-07 14:19:11 [DEBUG] core.topology_builder: 主配接口降级（非错）: 无法从LINE_NAME=10kVLINE213解析出主网站映射
2026-09-07 14:19:11 [DEBUG] core.topology_builder: 主配接口降级（非错）: 无法从LINE_NAME=LINE215解析出主网站映射
2026-09-07 14:19:11 [DEBUG] core.topology_builder: 主配接口降级（非错）: 无法从LINE_NAME=LINE216解析出主网站映射
2026-09-07 14:19:11 [INFO] core.topology_builder: 主配接口校验：通过=184 失败=5
2026-09-07 14:19:11 [INFO] core.topology_builder: [主配接口校验] 4.1/4.2 命中缺陷: 5
2026-09-07 14:19:11 [INFO] core.topology_builder: [电气逻辑校验] RULE-E01~E07 命中:3272
2026-09-07 14:19:11 [INFO] core.topology_builder: 开始执行拓扑异常检测：悬空、孤岛、断点
2026-09-07 14:19:16 [INFO] core.topology_builder: 主网异常数量：0，断点数量：0
2026-09-07 14:19:16 [INFO] core.topology_builder: 配网异常数量：9565，断点数量：561
2026-09-07 14:19:23 [INFO] core.topology_builder: 主配数据拆分完成：主网设备=1167 配网设备=50744 主网线段=223 配网线段=189 主网站=10 遥信遥测=5829 ZWMEA=442 ZWSIGNAL=1567
2026-09-07 14:19:23 [INFO] core.topology_builder: 主网设备数量：1167
2026-09-07 14:19:23 [INFO] core.topology_builder: 配网设备数量：50744
2026-09-07 14:19:23 [INFO] core.topology_builder: 主网线路(ZLINEEND)数量：223
2026-09-07 14:19:23 [INFO] core.topology_builder: 配网线路(PWFEEDERLINE)数量：189
2026-09-07 14:19:23 [INFO] core.topology_builder: 主网站点(ZWSUBSTATION)数量：10
2026-09-07 14:19:23 [INFO] core.topology_builder: 遥信遥测(PWREAL)记录数：5829
2026-09-07 14:19:23 [INFO] core.topology_builder: 主网遥测(ZWMEA)：442 主网遥信(ZWSIGNAL)：1567
2026-09-07 14:19:23 [INFO] core.topology_builder: [Builder] 正在添加 1167 个主网设备和 50744 个配网设备...
2026-09-07 14:19:23 [INFO] core.topology_builder: 主网电源设备数=47
2026-09-07 14:19:23 [INFO] core.topology_builder: 主网电源设备识别: 47 台
2026-09-07 14:19:24 [DEBUG] core.topology_builder: 已处理 10000 个配网设备
2026-09-07 14:19:26 [DEBUG] core.topology_builder: 已处理 20000 个配网设备
2026-09-07 14:19:27 [DEBUG] core.topology_builder: 已处理 30000 个配网设备
2026-09-07 14:19:28 [DEBUG] core.topology_builder: 已处理 40000 个配网设备
2026-09-07 14:19:29 [DEBUG] core.topology_builder: 已处理 50000 个配网设备
2026-09-07 14:19:29 [INFO] core.topology_builder: 配网电源设备数=0
2026-09-07 14:19:29 [INFO] core.topology_builder: 配网电源设备识别: 0 台
2026-09-07 14:19:29 [INFO] core.topology_builder: 主配电源注入（S1修复版）: 1167 台主网设备标记为电源（不再整条馈线注入）
2026-09-07 14:19:29 [INFO] core.topology_builder:   ZWLINEEND 解析出馈线→主网站映射数: 0
2026-09-07 14:19:41 [INFO] core.topology_builder: [Builder] 配网真实端子数量:76354
2026-09-07 14:19:41 [INFO] core.topology_builder: [Builder] 主网真实端子数量:1562
2026-09-07 14:19:49 [INFO] core.topology_builder: [S2修复] 主配物理连接跨边建立: 324 条, 主网边界设备并入: 175 台
2026-09-07 14:19:49 [INFO] core.topology_builder: [端子建边完成] 配网拓扑边数量：117773
2026-09-07 14:19:49 [INFO] core.topology_builder: [端子建边完成] 主网拓扑边数量：2632
2026-09-07 14:19:57 [INFO] core.measure_preprocess: [MeasurePreprocess] 遥信实测开关数量：6666
2026-09-07 14:19:57 [INFO] core.measure_preprocess: [MeasurePreprocess] 默认合位开关数量：19813
2026-09-07 14:19:57 [INFO] core.topology_builder: [遥信预处理统计] 总开关状态映射条目:26479 实际挂载到设备:25637
2026-09-07 14:19:57 [INFO] core.topology_builder: 遥信实测开关:6666，赛题默认合位推演开关:19813
2026-09-07 14:20:10 [DEBUG] core.topology_builder: 主配接口降级（非错）: 无法从LINE_NAME=10kVLINE098解析出主网站映射
2026-09-07 14:20:10 [DEBUG] core.topology_builder: 主配接口降级（非错）: 无法从LINE_NAME=10kVLINE060解析出主网站映射
2026-09-07 14:20:10 [DEBUG] core.topology_builder: 主配接口降级（非错）: 无法从LINE_NAME=10kVLINE004解析出主网站映射
2026-09-07 14:20:10 [DEBUG] core.topology_builder: 主配接口降级（非错）: 无法从LINE_NAME=10kVLINE082解析出主网站映射
2026-09-07 14:20:10 [DEBUG] core.topology_builder: 主配接口降级（非错）: 无法从LINE_NAME=10kVLINE018解析出主网站映射
2026-09-07 14:20:10 [DEBUG] core.topology_builder: 主配接口降级（非错）: 无法从LINE_NAME=10kVLINE074解析出主网站映射
2026-09-07 14:20:10 [DEBUG] core.topology_builder: 主配接口降级（非错）: 无法从LINE_NAME=10kVLINE099解析出主网站映射
2026-09-07 14:20:10 [DEBUG] core.topology_builder: 主配接口降级（非错）: 无法从LINE_NAME=10kVLINE041解析出主网站映射
2026-09-07 14:20:10 [DEBUG] core.topology_builder: 主配接口降级（非错）: 无法从LINE_NAME=10kVLINE086解析出主网站映射
2026-09-07 14:20:10 [DEBUG] core.topology_builder: 主配接口降级（非错）: 无法从LINE_NAME=10kVLINE073解析出主网站映射
2026-09-07 14:20:10 [DEBUG] core.topology_builder: 主配接口降级（非错）: 无法从LINE_NAME=10kVLINE033解析出主网站映射
2026-09-07 14:20:10 [DEBUG] core.topology_builder: 主配接口降级（非错）: 无法从LINE_NAME=10kVLINE091解析出主网站映射
2026-09-07 14:20:10 [DEBUG] core.topology_builder: 主配接口降级（非错）: 无法从LINE_NAME=10kVLINE100解析出主网站映射
2026-09-07 14:20:10 [DEBUG] core.topology_builder: 主配接口降级（非错）: 无法从LINE_NAME=10kVLINE013解析出主网站映射
2026-09-07 14:20:10 [DEBUG] core.topology_builder: 主配接口降级（非错）: 无法从LINE_NAME=10kVLINE101解析出主网站映射
2026-09-07 14:20:10 [DEBUG] core.topology_builder: 主配接口降级（非错）: 无法从LINE_NAME=10kVLINE035解析出主网站映射
2026-09-07 14:20:10 [DEBUG] core.topology_builder: 主配接口降级（非错）: 无法从LINE_NAME=10kVLINE102解析出主网站映射
2026-09-07 14:20:10 [DEBUG] core.topology_builder: 主配接口降级（非错）: 无法从LINE_NAME=10kVLINE103解析出主网站映射
2026-09-07 14:20:10 [DEBUG] core.topology_builder: 主配接口降级（非错）: 无法从LINE_NAME=10kVLINE055解析出主网站映射
2026-09-07 14:20:10 [DEBUG] core.topology_builder: 主配接口降级（非错）: 无法从LINE_NAME=10kVLINE024解析出主网站映射
2026-09-07 14:20:10 [DEBUG] core.topology_builder: 主配接口降级（非错）: 无法从LINE_NAME=10kVLINE084解析出主网站映射
2026-09-07 14:20:10 [DEBUG] core.topology_builder: 主配接口降级（非错）: 无法从LINE_NAME=10kVLINE087解析出主网站映射
2026-09-07 14:20:10 [DEBUG] core.topology_builder: 主配接口降级（非错）: 无法从LINE_NAME=20kVLINE104解析出主网站映射
2026-09-07 14:20:10 [DEBUG] core.topology_builder: 主配接口降级（非错）: 无法从LINE_NAME=10kVLINE012解析出主网站映射
2026-09-07 14:20:10 [DEBUG] core.topology_builder: 主配接口降级（非错）: 无法从LINE_NAME=10kVLINE105解析出主网站映射
2026-09-07 14:20:10 [DEBUG] core.topology_builder: 主配接口降级（非错）: 无法从LINE_NAME=10kVLINE106解析出主网站映射
2026-09-07 14:20:10 [DEBUG] core.topology_builder: 主配接口降级（非错）: 无法从LINE_NAME=10kVLINE094解析出主网站映射
2026-09-07 14:20:10 [DEBUG] core.topology_builder: 主配接口降级（非错）: 无法从LINE_NAME=10kVLINE107解析出主网站映射
2026-09-07 14:20:10 [DEBUG] core.topology_builder: 主配接口降级（非错）: 无法从LINE_NAME=10kVLINE053解析出主网站映射
2026-09-07 14:20:10 [DEBUG] core.topology_builder: 主配接口降级（非错）: 无法从LINE_NAME=20kVLINE108解析出主网站映射
2026-09-07 14:20:10 [DEBUG] core.topology_builder: 主配接口降级（非错）: 无法从LINE_NAME=20kVLINE109解析出主网站映射
2026-09-07 14:20:10 [DEBUG] core.topology_builder: 主配接口降级（非错）: 无法从LINE_NAME=10kVLINE110解析出主网站映射
2026-09-07 14:20:10 [DEBUG] core.topology_builder: 主配接口降级（非错）: 无法从LINE_NAME=10kVLINE111解析出主网站映射
2026-09-07 14:20:10 [DEBUG] core.topology_builder: 主配接口降级（非错）: 无法从LINE_NAME=10kVLINE112解析出主网站映射
2026-09-07 14:20:10 [DEBUG] core.topology_builder: 主配接口降级（非错）: 无法从LINE_NAME=20kVLINE113解析出主网站映射
2026-09-07 14:20:10 [DEBUG] core.topology_builder: 主配接口降级（非错）: 无法从LINE_NAME=10kVLINE026解析出主网站映射
2026-09-07 14:20:10 [DEBUG] core.topology_builder: 主配接口降级（非错）: 无法从LINE_NAME=10kVLINE048解析出主网站映射
2026-09-07 14:20:10 [DEBUG] core.topology_builder: 主配接口降级（非错）: 无法从LINE_NAME=10kVLINE003解析出主网站映射
2026-09-07 14:20:10 [DEBUG] core.topology_builder: 主配接口降级（非错）: 无法从LINE_NAME=10kVLINE057解析出主网站映射
2026-09-07 14:20:10 [DEBUG] core.topology_builder: 主配接口降级（非错）: 无法从LINE_NAME=10kVLINE077解析出主网站映射
2026-09-07 14:20:10 [DEBUG] core.topology_builder: 主配接口降级（非错）: 无法从LINE_NAME=10kVLINE114解析出主网站映射
2026-09-07 14:20:10 [DEBUG] core.topology_builder: 主配接口降级（非错）: 无法从LINE_NAME=10kVLINE027解析出主网站映射
2026-09-07 14:20:10 [DEBUG] core.topology_builder: 主配接口降级（非错）: 无法从LINE_NAME=10kVLINE115解析出主网站映射
2026-09-07 14:20:10 [DEBUG] core.topology_builder: 主配接口降级（非错）: 无法从LINE_NAME=10kVLINE116解析出主网站映射
2026-09-07 14:20:10 [DEBUG] core.topology_builder: 主配接口降级（非错）: 无法从LINE_NAME=10kVLINE117解析出主网站映射
2026-09-07 14:20:10 [DEBUG] core.topology_builder: 主配接口降级（非错）: 无法从LINE_NAME=10kVLINE118解析出主网站映射
2026-09-07 14:20:10 [DEBUG] core.topology_builder: 主配接口降级（非错）: 无法从LINE_NAME=10kVLINE038解析出主网站映射
2026-09-07 14:20:10 [DEBUG] core.topology_builder: 主配接口降级（非错）: 无法从LINE_NAME=10kVLINE119解析出主网站映射
2026-09-07 14:20:10 [DEBUG] core.topology_builder: 主配接口降级（非错）: 无法从LINE_NAME=20kVLINE120解析出主网站映射
2026-09-07 14:20:10 [DEBUG] core.topology_builder: 主配接口降级（非错）: 无法从LINE_NAME=10kVLINE121_195解析出主网站映射
2026-09-07 14:20:10 [DEBUG] core.topology_builder: 主配接口降级（非错）: 无法从LINE_NAME=10kVLINE076解析出主网站映射
2026-09-07 14:20:10 [DEBUG] core.topology_builder: 主配接口降级（非错）: 无法从LINE_NAME=10kVLINE093解析出主网站映射
2026-09-07 14:20:10 [DEBUG] core.topology_builder: 主配接口降级（非错）: 无法从LINE_NAME=20kVLINE122解析出主网站映射
2026-09-07 14:20:10 [DEBUG] core.topology_builder: 主配接口降级（非错）: 无法从LINE_NAME=10kVLINE123解析出主网站映射
2026-09-07 14:20:10 [DEBUG] core.topology_builder: 主配接口降级（非错）: 无法从LINE_NAME=10kVLINE039解析出主网站映射
2026-09-07 14:20:10 [DEBUG] core.topology_builder: 主配接口降级（非错）: 无法从LINE_NAME=10kVLINE124解析出主网站映射
2026-09-07 14:20:10 [DEBUG] core.topology_builder: 主配接口降级（非错）: 无法从LINE_NAME=10kVLINE125解析出主网站映射
2026-09-07 14:20:10 [DEBUG] core.topology_builder: 主配接口降级（非错）: 无法从LINE_NAME=10kVLINE126解析出主网站映射
2026-09-07 14:20:10 [DEBUG] core.topology_builder: 主配接口降级（非错）: 无法从LINE_NAME=10kVLINE127解析出主网站映射
2026-09-07 14:20:10 [DEBUG] core.topology_builder: 主配接口降级（非错）: 无法从LINE_NAME=10kVLINE089解析出主网站映射
2026-09-07 14:20:10 [DEBUG] core.topology_builder: 主配接口降级（非错）: 无法从LINE_NAME=10kVLINE090解析出主网站映射
2026-09-07 14:20:10 [DEBUG] core.topology_builder: 主配接口降级（非错）: 无法从LINE_NAME=10kVLINE128解析出主网站映射
2026-09-07 14:20:10 [DEBUG] core.topology_builder: 主配接口降级（非错）: 无法从LINE_NAME=10kVLINE037解析出主网站映射
2026-09-07 14:20:10 [DEBUG] core.topology_builder: 主配接口降级（非错）: 无法从LINE_NAME=10kVLINE071解析出主网站映射
2026-09-07 14:20:10 [DEBUG] core.topology_builder: 主配接口降级（非错）: 无法从LINE_NAME=10kVLINE129解析出主网站映射
2026-09-07 14:20:10 [DEBUG] core.topology_builder: 主配接口降级（非错）: 无法从LINE_NAME=10kVLINE009解析出主网站映射
2026-09-07 14:20:10 [DEBUG] core.topology_builder: 主配接口降级（非错）: 无法从LINE_NAME=10kVLINE022解析出主网站映射
2026-09-07 14:20:10 [DEBUG] core.topology_builder: 主配接口降级（非错）: 无法从LINE_NAME=10kVLINE028解析出主网站映射
2026-09-07 14:20:10 [DEBUG] core.topology_builder: 主配接口降级（非错）: 无法从LINE_NAME=10kVLINE019解析出主网站映射
2026-09-07 14:20:10 [DEBUG] core.topology_builder: 主配接口降级（非错）: 无法从LINE_NAME=10kVLINE015解析出主网站映射
2026-09-07 14:20:10 [DEBUG] core.topology_builder: 主配接口降级（非错）: 无法从LINE_NAME=10kVLINE130解析出主网站映射
2026-09-07 14:20:10 [DEBUG] core.topology_builder: 主配接口降级（非错）: 无法从LINE_NAME=10kVLINE131解析出主网站映射
2026-09-07 14:20:10 [DEBUG] core.topology_builder: 主配接口降级（非错）: 无法从LINE_NAME=10kVLINE132解析出主网站映射
2026-09-07 14:20:10 [DEBUG] core.topology_builder: 主配接口降级（非错）: 无法从LINE_NAME=10kVLINE061解析出主网站映射
2026-09-07 14:20:10 [DEBUG] core.topology_builder: 主配接口降级（非错）: 无法从LINE_NAME=10kVLINE133解析出主网站映射
2026-09-07 14:20:10 [DEBUG] core.topology_builder: 主配接口降级（非错）: 无法从LINE_NAME=10kVLINE075解析出主网站映射
2026-09-07 14:20:10 [DEBUG] core.topology_builder: 主配接口降级（非错）: 无法从LINE_NAME=10kVLINE016解析出主网站映射
2026-09-07 14:20:10 [DEBUG] core.topology_builder: 主配接口降级（非错）: 无法从LINE_NAME=10kVLINE134解析出主网站映射
2026-09-07 14:20:10 [DEBUG] core.topology_builder: 主配接口降级（非错）: 无法从LINE_NAME=10kVLINE043解析出主网站映射
2026-09-07 14:20:10 [DEBUG] core.topology_builder: 主配接口降级（非错）: 无法从LINE_NAME=10kVLINE050解析出主网站映射
2026-09-07 14:20:10 [DEBUG] core.topology_builder: 主配接口降级（非错）: 无法从LINE_NAME=10kVLINE054解析出主网站映射
2026-09-07 14:20:10 [DEBUG] core.topology_builder: 主配接口降级（非错）: 无法从LINE_NAME=10kVLINE040解析出主网站映射
2026-09-07 14:20:10 [DEBUG] core.topology_builder: 主配接口降级（非错）: 无法从LINE_NAME=10kVLINE021解析出主网站映射
2026-09-07 14:20:10 [DEBUG] core.topology_builder: 主配接口降级（非错）: 无法从LINE_NAME=10kVLINE023解析出主网站映射
2026-09-07 14:20:10 [DEBUG] core.topology_builder: 主配接口降级（非错）: 无法从LINE_NAME=10kVLINE020解析出主网站映射
2026-09-07 14:20:10 [DEBUG] core.topology_builder: 主配接口降级（非错）: 无法从LINE_NAME=10kVLINE135解析出主网站映射
2026-09-07 14:20:10 [DEBUG] core.topology_builder: 主配接口降级（非错）: 无法从LINE_NAME=10kVLINE136解析出主网站映射
2026-09-07 14:20:10 [DEBUG] core.topology_builder: 主配接口降级（非错）: 无法从LINE_NAME=10kVLINE097解析出主网站映射
2026-09-07 14:20:10 [DEBUG] core.topology_builder: 主配接口降级（非错）: 无法从LINE_NAME=10kVLINE096解析出主网站映射
2026-09-07 14:20:10 [DEBUG] core.topology_builder: 主配接口降级（非错）: 无法从LINE_NAME=10kVLINE137解析出主网站映射
2026-09-07 14:20:10 [DEBUG] core.topology_builder: 主配接口降级（非错）: 无法从LINE_NAME=10kVLINE138解析出主网站映射
2026-09-07 14:20:10 [DEBUG] core.topology_builder: 主配接口降级（非错）: 无法从LINE_NAME=10kVLINE139解析出主网站映射
2026-09-07 14:20:10 [DEBUG] core.topology_builder: 主配接口降级（非错）: 无法从LINE_NAME=10kVLINE140解析出主网站映射
2026-09-07 14:20:10 [DEBUG] core.topology_builder: 主配接口降级（非错）: 无法从LINE_NAME=10kVLINE141解析出主网站映射
2026-09-07 14:20:10 [DEBUG] core.topology_builder: 主配接口降级（非错）: 无法从LINE_NAME=10kVLINE049解析出主网站映射
2026-09-07 14:20:10 [DEBUG] core.topology_builder: 主配接口降级（非错）: 无法从LINE_NAME=10kVLINE142解析出主网站映射
2026-09-07 14:20:10 [DEBUG] core.topology_builder: 主配接口降级（非错）: 无法从LINE_NAME=10kVLINE042解析出主网站映射
2026-09-07 14:20:10 [DEBUG] core.topology_builder: 主配接口降级（非错）: 无法从LINE_NAME=10kVLINE056解析出主网站映射
2026-09-07 14:20:10 [DEBUG] core.topology_builder: 主配接口降级（非错）: 无法从LINE_NAME=10kVLINE143解析出主网站映射
2026-09-07 14:20:10 [DEBUG] core.topology_builder: 主配接口降级（非错）: 无法从LINE_NAME=10kVLINE144解析出主网站映射
2026-09-07 14:20:10 [DEBUG] core.topology_builder: 主配接口降级（非错）: 无法从LINE_NAME=10kVLINE070解析出主网站映射
2026-09-07 14:20:10 [DEBUG] core.topology_builder: 主配接口降级（非错）: 无法从LINE_NAME=10kVLINE069解析出主网站映射
2026-09-07 14:20:10 [DEBUG] core.topology_builder: 主配接口降级（非错）: 无法从LINE_NAME=10kVLINE145解析出主网站映射
2026-09-07 14:20:10 [DEBUG] core.topology_builder: 主配接口降级（非错）: 无法从LINE_NAME=10kVLINE146解析出主网站映射
2026-09-07 14:20:10 [DEBUG] core.topology_builder: 主配接口降级（非错）: 无法从LINE_NAME=10kVLINE147解析出主网站映射
2026-09-07 14:20:10 [DEBUG] core.topology_builder: 主配接口降级（非错）: 无法从LINE_NAME=10kVLINE148解析出主网站映射
2026-09-07 14:20:10 [DEBUG] core.topology_builder: 主配接口降级（非错）: 无法从LINE_NAME=10kVLINE025解析出主网站映射
2026-09-07 14:20:10 [DEBUG] core.topology_builder: 主配接口降级（非错）: 无法从LINE_NAME=20kVLINE149解析出主网站映射
2026-09-07 14:20:10 [DEBUG] core.topology_builder: 主配接口降级（非错）: 无法从LINE_NAME=10kVLINE083解析出主网站映射
2026-09-07 14:20:10 [DEBUG] core.topology_builder: 主配接口降级（非错）: 无法从LINE_NAME=20kVLINE150解析出主网站映射
2026-09-07 14:20:10 [DEBUG] core.topology_builder: 主配接口降级（非错）: 无法从LINE_NAME=20kVLINE151解析出主网站映射
2026-09-07 14:20:10 [DEBUG] core.topology_builder: 主配接口降级（非错）: 无法从LINE_NAME=20kVLINE152解析出主网站映射
2026-09-07 14:20:10 [DEBUG] core.topology_builder: 主配接口降级（非错）: 无法从LINE_NAME=10kVLINE046解析出主网站映射
2026-09-07 14:20:10 [DEBUG] core.topology_builder: 主配接口降级（非错）: 无法从LINE_NAME=10kVLINE045解析出主网站映射
2026-09-07 14:20:10 [DEBUG] core.topology_builder: 主配接口降级（非错）: 无法从LINE_NAME=10kVLINE153解析出主网站映射
2026-09-07 14:20:10 [DEBUG] core.topology_builder: 主配接口降级（非错）: 无法从LINE_NAME=10kVLINE154解析出主网站映射
2026-09-07 14:20:10 [DEBUG] core.topology_builder: 主配接口降级（非错）: 无法从LINE_NAME=10kVLINE155解析出主网站映射
2026-09-07 14:20:10 [DEBUG] core.topology_builder: 主配接口降级（非错）: 无法从LINE_NAME=10kVLINE156解析出主网站映射
2026-09-07 14:20:10 [DEBUG] core.topology_builder: 主配接口降级（非错）: 无法从LINE_NAME=10kVLINE058解析出主网站映射
2026-09-07 14:20:10 [DEBUG] core.topology_builder: 主配接口降级（非错）: 无法从LINE_NAME=10kVLINE059解析出主网站映射
2026-09-07 14:20:10 [DEBUG] core.topology_builder: 主配接口降级（非错）: 无法从LINE_NAME=10kVLINE157解析出主网站映射
2026-09-07 14:20:10 [DEBUG] core.topology_builder: 主配接口降级（非错）: 无法从LINE_NAME=10kVLINE088解析出主网站映射
2026-09-07 14:20:10 [DEBUG] core.topology_builder: 主配接口降级（非错）: 无法从LINE_NAME=10kVLINE121_185解析出主网站映射
2026-09-07 14:20:10 [DEBUG] core.topology_builder: 主配接口降级（非错）: 无法从LINE_NAME=10kVLINE081解析出主网站映射
2026-09-07 14:20:10 [DEBUG] core.topology_builder: 主配接口降级（非错）: 无法从LINE_NAME=10kVLINE158解析出主网站映射
2026-09-07 14:20:10 [DEBUG] core.topology_builder: 主配接口降级（非错）: 无法从LINE_NAME=10kVLINE159解析出主网站映射
2026-09-07 14:20:10 [DEBUG] core.topology_builder: 主配接口降级（非错）: 无法从LINE_NAME=10kVLINE160解析出主网站映射
2026-09-07 14:20:10 [DEBUG] core.topology_builder: 主配接口降级（非错）: 无法从LINE_NAME=10kVLINE161解析出主网站映射
2026-09-07 14:20:10 [DEBUG] core.topology_builder: 主配接口降级（非错）: 无法从LINE_NAME=10kVLINE162解析出主网站映射
2026-09-07 14:20:10 [DEBUG] core.topology_builder: 主配接口降级（非错）: 无法从LINE_NAME=10kVLINE163解析出主网站映射
2026-09-07 14:20:10 [DEBUG] core.topology_builder: 主配接口降级（非错）: 无法从LINE_NAME=10kVLINE164解析出主网站映射
2026-09-07 14:20:10 [DEBUG] core.topology_builder: 主配接口降级（非错）: 无法从LINE_NAME=10kVLINE165解析出主网站映射
2026-09-07 14:20:10 [DEBUG] core.topology_builder: 主配接口降级（非错）: 无法从LINE_NAME=10kVLINE166解析出主网站映射
2026-09-07 14:20:10 [DEBUG] core.topology_builder: 主配接口降级（非错）: 无法从LINE_NAME=10kVLINE167解析出主网站映射
2026-09-07 14:20:10 [DEBUG] core.topology_builder: 主配接口降级（非错）: 无法从LINE_NAME=10kVLINE168解析出主网站映射
2026-09-07 14:20:10 [DEBUG] core.topology_builder: 主配接口降级（非错）: 无法从LINE_NAME=10kVLINE014解析出主网站映射
2026-09-07 14:20:10 [DEBUG] core.topology_builder: 主配接口降级（非错）: 无法从LINE_NAME=10kVLINE169解析出主网站映射
2026-09-07 14:20:10 [DEBUG] core.topology_builder: 主配接口降级（非错）: 无法从LINE_NAME=10kVLINE170解析出主网站映射
2026-09-07 14:20:10 [DEBUG] core.topology_builder: 主配接口降级（非错）: 无法从LINE_NAME=10kVLINE171解析出主网站映射
2026-09-07 14:20:10 [DEBUG] core.topology_builder: 主配接口降级（非错）: 无法从LINE_NAME=10kVLINE172解析出主网站映射
2026-09-07 14:20:10 [DEBUG] core.topology_builder: 主配接口降级（非错）: 无法从LINE_NAME=10kVLINE173解析出主网站映射
2026-09-07 14:20:10 [DEBUG] core.topology_builder: 主配接口降级（非错）: 无法从LINE_NAME=10kVLINE174解析出主网站映射
2026-09-07 14:20:10 [DEBUG] core.topology_builder: 主配接口降级（非错）: 无法从LINE_NAME=10kVLINE175解析出主网站映射
2026-09-07 14:20:10 [DEBUG] core.topology_builder: 主配接口降级（非错）: 无法从LINE_NAME=10kVLINE176解析出主网站映射
2026-09-07 14:20:10 [DEBUG] core.topology_builder: 主配接口降级（非错）: 无法从LINE_NAME=10kVLINE177解析出主网站映射
2026-09-07 14:20:10 [DEBUG] core.topology_builder: 主配接口降级（非错）: 无法从LINE_NAME=10kVLINE044解析出主网站映射
2026-09-07 14:20:10 [DEBUG] core.topology_builder: 主配接口降级（非错）: 无法从LINE_NAME=10kVLINE178解析出主网站映射
2026-09-07 14:20:10 [DEBUG] core.topology_builder: 主配接口降级（非错）: 无法从LINE_NAME=10kVLINE179解析出主网站映射
2026-09-07 14:20:10 [DEBUG] core.topology_builder: 主配接口降级（非错）: 无法从LINE_NAME=10kVLINE180解析出主网站映射
2026-09-07 14:20:10 [DEBUG] core.topology_builder: 主配接口降级（非错）: 无法从LINE_NAME=20kVLINE181解析出主网站映射
2026-09-07 14:20:10 [DEBUG] core.topology_builder: 主配接口降级（非错）: 无法从LINE_NAME=10kVLINE182解析出主网站映射
2026-09-07 14:20:10 [DEBUG] core.topology_builder: 主配接口降级（非错）: 无法从LINE_NAME=10kVLINE183解析出主网站映射
2026-09-07 14:20:10 [DEBUG] core.topology_builder: 主配接口降级（非错）: 无法从LINE_NAME=10kVLINE184解析出主网站映射
2026-09-07 14:20:10 [DEBUG] core.topology_builder: 主配接口降级（非错）: 无法从LINE_NAME=10kVLINE186解析出主网站映射
2026-09-07 14:20:10 [DEBUG] core.topology_builder: 主配接口降级（非错）: 无法从LINE_NAME=10kVLINE187解析出主网站映射
2026-09-07 14:20:10 [DEBUG] core.topology_builder: 主配接口降级（非错）: 无法从LINE_NAME=10kVLINE188解析出主网站映射
2026-09-07 14:20:10 [DEBUG] core.topology_builder: 主配接口降级（非错）: 无法从LINE_NAME=10kVLINE189解析出主网站映射
2026-09-07 14:20:10 [DEBUG] core.topology_builder: 主配接口降级（非错）: 无法从LINE_NAME=10kVLINE190解析出主网站映射
2026-09-07 14:20:10 [DEBUG] core.topology_builder: 主配接口降级（非错）: 无法从LINE_NAME=10kVLINE191解析出主网站映射
2026-09-07 14:20:10 [DEBUG] core.topology_builder: 主配接口降级（非错）: 无法从LINE_NAME=10kVLINE192解析出主网站映射
2026-09-07 14:20:10 [DEBUG] core.topology_builder: 主配接口降级（非错）: 无法从LINE_NAME=10kVLINE193解析出主网站映射
2026-09-07 14:20:10 [DEBUG] core.topology_builder: 主配接口降级（非错）: 无法从LINE_NAME=10kVLINE194解析出主网站映射
2026-09-07 14:20:10 [DEBUG] core.topology_builder: 主配接口降级（非错）: 无法从LINE_NAME=10kVLINE195解析出主网站映射
2026-09-07 14:20:10 [DEBUG] core.topology_builder: 主配接口降级（非错）: 无法从LINE_NAME=10kVLINE196解析出主网站映射
2026-09-07 14:20:10 [DEBUG] core.topology_builder: 主配接口降级（非错）: 无法从LINE_NAME=10kVLINE197解析出主网站映射
2026-09-07 14:20:10 [DEBUG] core.topology_builder: 主配接口降级（非错）: 无法从LINE_NAME=10kVLINE198解析出主网站映射
2026-09-07 14:20:10 [DEBUG] core.topology_builder: 主配接口降级（非错）: 无法从LINE_NAME=10kVLINE199解析出主网站映射
2026-09-07 14:20:10 [DEBUG] core.topology_builder: 主配接口降级（非错）: 无法从LINE_NAME=10kVLINE063解析出主网站映射
2026-09-07 14:20:10 [DEBUG] core.topology_builder: 主配接口降级（非错）: 无法从LINE_NAME=10kVLINE200解析出主网站映射
2026-09-07 14:20:10 [DEBUG] core.topology_builder: 主配接口降级（非错）: 无法从LINE_NAME=10kVLINE201解析出主网站映射
2026-09-07 14:20:10 [DEBUG] core.topology_builder: 主配接口降级（非错）: 无法从LINE_NAME=10kVLINE202解析出主网站映射
2026-09-07 14:20:10 [DEBUG] core.topology_builder: 主配接口降级（非错）: 无法从LINE_NAME=10kVLINE203解析出主网站映射
2026-09-07 14:20:10 [DEBUG] core.topology_builder: 主配接口降级（非错）: 无法从LINE_NAME=10kVLINE204解析出主网站映射
2026-09-07 14:20:10 [DEBUG] core.topology_builder: 主配接口降级（非错）: 无法从LINE_NAME=10kVLINE205解析出主网站映射
2026-09-07 14:20:10 [DEBUG] core.topology_builder: 主配接口降级（非错）: 无法从LINE_NAME=10kVLINE051解析出主网站映射
2026-09-07 14:20:10 [DEBUG] core.topology_builder: 主配接口降级（非错）: 无法从LINE_NAME=10kVLINE187解析出主网站映射
2026-09-07 14:20:10 [DEBUG] core.topology_builder: 主配接口降级（非错）: 无法从LINE_NAME=10kVLINE207解析出主网站映射
2026-09-07 14:20:10 [DEBUG] core.topology_builder: 主配接口降级（非错）: 无法从LINE_NAME=10kVLINE208解析出主网站映射
2026-09-07 14:20:10 [DEBUG] core.topology_builder: 主配接口降级（非错）: 无法从LINE_NAME=10kVLINE209解析出主网站映射
2026-09-07 14:20:10 [DEBUG] core.topology_builder: 主配接口降级（非错）: 无法从LINE_NAME=10kVLINE210解析出主网站映射
2026-09-07 14:20:10 [DEBUG] core.topology_builder: 主配接口降级（非错）: 无法从LINE_NAME=10kVLINE212解析出主网站映射
2026-09-07 14:20:10 [DEBUG] core.topology_builder: 主配接口降级（非错）: 无法从LINE_NAME=10kVLINE213解析出主网站映射
2026-09-07 14:20:10 [DEBUG] core.topology_builder: 主配接口降级（非错）: 无法从LINE_NAME=LINE215解析出主网站映射
2026-09-07 14:20:10 [DEBUG] core.topology_builder: 主配接口降级（非错）: 无法从LINE_NAME=LINE216解析出主网站映射
2026-09-07 14:20:10 [INFO] core.topology_builder: 主配接口校验：通过=184 失败=5
2026-09-07 14:20:10 [INFO] core.topology_builder: [主配接口校验] 4.1/4.2 命中缺陷: 5
2026-09-07 14:20:10 [INFO] core.topology_builder: [电气逻辑校验] RULE-E01~E07 命中:3272
2026-09-07 14:20:10 [INFO] core.topology_builder: 开始执行拓扑异常检测：悬空、孤岛、断点
2026-09-07 14:20:16 [INFO] core.topology_builder: 主网异常数量：0，断点数量：0
2026-09-07 14:20:16 [INFO] core.topology_builder: 配网异常数量：9565，断点数量：561
2026-09-07 14:20:20 [INFO] core.topology_validator: 缺陷报告已导出: C:\Users\1\Desktop\power_topology_verify\output\reports\LINE215_single_line_validate.json (3 条)
2026-09-07 14:20:20 [INFO] core.topology_validator: 汇总报告已导出: C:\Users\1\Desktop\power_topology_verify\output\reports\LINE215_single_line_validate_summary.json
2026-09-07 14:20:27 [INFO] core.topology_validator: 缺陷报告已导出: C:\Users\1\Desktop\power_topology_verify\output\reports\LINE216_single_line_validate.json (3 条)
2026-09-07 14:20:27 [INFO] core.topology_validator: 汇总报告已导出: C:\Users\1\Desktop\power_topology_verify\output\reports\LINE216_single_line_validate_summary.json
2026-09-07 14:20:47 [INFO] data_io.data_writer: Exported CSV -> C:\Users\1\Desktop\power_topology_verify\output\csv\sample_abnormal.csv (1 rows)
2026-09-07 14:20:47 [INFO] data_io.data_writer: Exported JSON -> C:\Users\1\Desktop\power_topology_verify\output\json\sample_abnormal.json (1 rows)
2026-09-07 14:28:20 [INFO] core.topology_builder: 主配数据拆分完成：主网设备=1167 配网设备=50744 主网线段=223 配网线段=189 主网站=10 遥信遥测=5829 ZWMEA=442 ZWSIGNAL=1567
2026-09-07 14:28:20 [INFO] core.topology_builder: 主网设备数量：1167
2026-09-07 14:28:20 [INFO] core.topology_builder: 配网设备数量：50744
2026-09-07 14:28:20 [INFO] core.topology_builder: 主网线路(ZLINEEND)数量：223
2026-09-07 14:28:20 [INFO] core.topology_builder: 配网线路(PWFEEDERLINE)数量：189
2026-09-07 14:28:20 [INFO] core.topology_builder: 主网站点(ZWSUBSTATION)数量：10
2026-09-07 14:28:20 [INFO] core.topology_builder: 遥信遥测(PWREAL)记录数：5829
2026-09-07 14:28:20 [INFO] core.topology_builder: 主网遥测(ZWMEA)：442 主网遥信(ZWSIGNAL)：1567
2026-09-07 14:28:20 [INFO] core.topology_builder: [Builder] 正在添加 1167 个主网设备和 50744 个配网设备...
2026-09-07 14:28:20 [INFO] core.topology_builder: 主网电源设备数=47
2026-09-07 14:28:20 [INFO] core.topology_builder: 主网电源设备识别: 47 台
2026-09-07 14:28:21 [DEBUG] core.topology_builder: 已处理 10000 个配网设备
2026-09-07 14:28:22 [DEBUG] core.topology_builder: 已处理 20000 个配网设备
2026-09-07 14:28:24 [DEBUG] core.topology_builder: 已处理 30000 个配网设备
2026-09-07 14:28:25 [DEBUG] core.topology_builder: 已处理 40000 个配网设备
2026-09-07 14:28:26 [DEBUG] core.topology_builder: 已处理 50000 个配网设备
2026-09-07 14:28:26 [INFO] core.topology_builder: 配网电源设备数=0
2026-09-07 14:28:26 [INFO] core.topology_builder: 配网电源设备识别: 0 台
2026-09-07 14:28:26 [INFO] core.topology_builder: 主配电源注入（S1修复版）: 1167 台主网设备标记为电源（不再整条馈线注入）
2026-09-07 14:28:26 [INFO] core.topology_builder:   ZWLINEEND 解析出馈线→主网站映射数: 0
2026-09-07 14:28:36 [INFO] core.topology_builder: [Builder] 配网真实端子数量:76354
2026-09-07 14:28:36 [INFO] core.topology_builder: [Builder] 主网真实端子数量:1562
2026-09-07 14:28:44 [INFO] core.topology_builder: [S2修复] 主配物理连接跨边建立: 324 条, 主网边界设备并入: 175 台
2026-09-07 14:28:44 [INFO] core.topology_builder: [端子建边完成] 配网拓扑边数量：117773
2026-09-07 14:28:44 [INFO] core.topology_builder: [端子建边完成] 主网拓扑边数量：2632
2026-09-07 14:28:52 [INFO] core.measure_preprocess: [MeasurePreprocess] 遥信实测开关数量：6666
2026-09-07 14:28:52 [INFO] core.measure_preprocess: [MeasurePreprocess] 默认合位开关数量：19813
2026-09-07 14:28:52 [INFO] core.topology_builder: [遥信预处理统计] 总开关状态映射条目:26479 实际挂载到设备:25637
2026-09-07 14:28:52 [INFO] core.topology_builder: 遥信实测开关:6666，赛题默认合位推演开关:19813
2026-09-07 14:29:03 [DEBUG] core.topology_builder: 主配接口降级（非错）: 无法从LINE_NAME=10kVLINE098解析出主网站映射
2026-09-07 14:29:03 [DEBUG] core.topology_builder: 主配接口降级（非错）: 无法从LINE_NAME=10kVLINE060解析出主网站映射
2026-09-07 14:29:03 [DEBUG] core.topology_builder: 主配接口降级（非错）: 无法从LINE_NAME=10kVLINE004解析出主网站映射
2026-09-07 14:29:03 [DEBUG] core.topology_builder: 主配接口降级（非错）: 无法从LINE_NAME=10kVLINE082解析出主网站映射
2026-09-07 14:29:03 [DEBUG] core.topology_builder: 主配接口降级（非错）: 无法从LINE_NAME=10kVLINE018解析出主网站映射
2026-09-07 14:29:03 [DEBUG] core.topology_builder: 主配接口降级（非错）: 无法从LINE_NAME=10kVLINE074解析出主网站映射
2026-09-07 14:29:03 [DEBUG] core.topology_builder: 主配接口降级（非错）: 无法从LINE_NAME=10kVLINE099解析出主网站映射
2026-09-07 14:29:03 [DEBUG] core.topology_builder: 主配接口降级（非错）: 无法从LINE_NAME=10kVLINE041解析出主网站映射
2026-09-07 14:29:03 [DEBUG] core.topology_builder: 主配接口降级（非错）: 无法从LINE_NAME=10kVLINE086解析出主网站映射
2026-09-07 14:29:03 [DEBUG] core.topology_builder: 主配接口降级（非错）: 无法从LINE_NAME=10kVLINE073解析出主网站映射
2026-09-07 14:29:03 [DEBUG] core.topology_builder: 主配接口降级（非错）: 无法从LINE_NAME=10kVLINE033解析出主网站映射
2026-09-07 14:29:03 [DEBUG] core.topology_builder: 主配接口降级（非错）: 无法从LINE_NAME=10kVLINE091解析出主网站映射
2026-09-07 14:29:03 [DEBUG] core.topology_builder: 主配接口降级（非错）: 无法从LINE_NAME=10kVLINE100解析出主网站映射
2026-09-07 14:29:03 [DEBUG] core.topology_builder: 主配接口降级（非错）: 无法从LINE_NAME=10kVLINE013解析出主网站映射
2026-09-07 14:29:03 [DEBUG] core.topology_builder: 主配接口降级（非错）: 无法从LINE_NAME=10kVLINE101解析出主网站映射
2026-09-07 14:29:03 [DEBUG] core.topology_builder: 主配接口降级（非错）: 无法从LINE_NAME=10kVLINE035解析出主网站映射
2026-09-07 14:29:03 [DEBUG] core.topology_builder: 主配接口降级（非错）: 无法从LINE_NAME=10kVLINE102解析出主网站映射
2026-09-07 14:29:03 [DEBUG] core.topology_builder: 主配接口降级（非错）: 无法从LINE_NAME=10kVLINE103解析出主网站映射
2026-09-07 14:29:03 [DEBUG] core.topology_builder: 主配接口降级（非错）: 无法从LINE_NAME=10kVLINE055解析出主网站映射
2026-09-07 14:29:03 [DEBUG] core.topology_builder: 主配接口降级（非错）: 无法从LINE_NAME=10kVLINE024解析出主网站映射
2026-09-07 14:29:03 [DEBUG] core.topology_builder: 主配接口降级（非错）: 无法从LINE_NAME=10kVLINE084解析出主网站映射
2026-09-07 14:29:03 [DEBUG] core.topology_builder: 主配接口降级（非错）: 无法从LINE_NAME=10kVLINE087解析出主网站映射
2026-09-07 14:29:03 [DEBUG] core.topology_builder: 主配接口降级（非错）: 无法从LINE_NAME=20kVLINE104解析出主网站映射
2026-09-07 14:29:03 [DEBUG] core.topology_builder: 主配接口降级（非错）: 无法从LINE_NAME=10kVLINE012解析出主网站映射
2026-09-07 14:29:03 [DEBUG] core.topology_builder: 主配接口降级（非错）: 无法从LINE_NAME=10kVLINE105解析出主网站映射
2026-09-07 14:29:03 [DEBUG] core.topology_builder: 主配接口降级（非错）: 无法从LINE_NAME=10kVLINE106解析出主网站映射
2026-09-07 14:29:03 [DEBUG] core.topology_builder: 主配接口降级（非错）: 无法从LINE_NAME=10kVLINE094解析出主网站映射
2026-09-07 14:29:03 [DEBUG] core.topology_builder: 主配接口降级（非错）: 无法从LINE_NAME=10kVLINE107解析出主网站映射
2026-09-07 14:29:03 [DEBUG] core.topology_builder: 主配接口降级（非错）: 无法从LINE_NAME=10kVLINE053解析出主网站映射
2026-09-07 14:29:03 [DEBUG] core.topology_builder: 主配接口降级（非错）: 无法从LINE_NAME=20kVLINE108解析出主网站映射
2026-09-07 14:29:03 [DEBUG] core.topology_builder: 主配接口降级（非错）: 无法从LINE_NAME=20kVLINE109解析出主网站映射
2026-09-07 14:29:03 [DEBUG] core.topology_builder: 主配接口降级（非错）: 无法从LINE_NAME=10kVLINE110解析出主网站映射
2026-09-07 14:29:03 [DEBUG] core.topology_builder: 主配接口降级（非错）: 无法从LINE_NAME=10kVLINE111解析出主网站映射
2026-09-07 14:29:03 [DEBUG] core.topology_builder: 主配接口降级（非错）: 无法从LINE_NAME=10kVLINE112解析出主网站映射
2026-09-07 14:29:03 [DEBUG] core.topology_builder: 主配接口降级（非错）: 无法从LINE_NAME=20kVLINE113解析出主网站映射
2026-09-07 14:29:03 [DEBUG] core.topology_builder: 主配接口降级（非错）: 无法从LINE_NAME=10kVLINE026解析出主网站映射
2026-09-07 14:29:03 [DEBUG] core.topology_builder: 主配接口降级（非错）: 无法从LINE_NAME=10kVLINE048解析出主网站映射
2026-09-07 14:29:03 [DEBUG] core.topology_builder: 主配接口降级（非错）: 无法从LINE_NAME=10kVLINE003解析出主网站映射
2026-09-07 14:29:03 [DEBUG] core.topology_builder: 主配接口降级（非错）: 无法从LINE_NAME=10kVLINE057解析出主网站映射
2026-09-07 14:29:03 [DEBUG] core.topology_builder: 主配接口降级（非错）: 无法从LINE_NAME=10kVLINE077解析出主网站映射
2026-09-07 14:29:03 [DEBUG] core.topology_builder: 主配接口降级（非错）: 无法从LINE_NAME=10kVLINE114解析出主网站映射
2026-09-07 14:29:03 [DEBUG] core.topology_builder: 主配接口降级（非错）: 无法从LINE_NAME=10kVLINE027解析出主网站映射
2026-09-07 14:29:03 [DEBUG] core.topology_builder: 主配接口降级（非错）: 无法从LINE_NAME=10kVLINE115解析出主网站映射
2026-09-07 14:29:03 [DEBUG] core.topology_builder: 主配接口降级（非错）: 无法从LINE_NAME=10kVLINE116解析出主网站映射
2026-09-07 14:29:03 [DEBUG] core.topology_builder: 主配接口降级（非错）: 无法从LINE_NAME=10kVLINE117解析出主网站映射
2026-09-07 14:29:03 [DEBUG] core.topology_builder: 主配接口降级（非错）: 无法从LINE_NAME=10kVLINE118解析出主网站映射
2026-09-07 14:29:03 [DEBUG] core.topology_builder: 主配接口降级（非错）: 无法从LINE_NAME=10kVLINE038解析出主网站映射
2026-09-07 14:29:03 [DEBUG] core.topology_builder: 主配接口降级（非错）: 无法从LINE_NAME=10kVLINE119解析出主网站映射
2026-09-07 14:29:03 [DEBUG] core.topology_builder: 主配接口降级（非错）: 无法从LINE_NAME=20kVLINE120解析出主网站映射
2026-09-07 14:29:03 [DEBUG] core.topology_builder: 主配接口降级（非错）: 无法从LINE_NAME=10kVLINE121_195解析出主网站映射
2026-09-07 14:29:03 [DEBUG] core.topology_builder: 主配接口降级（非错）: 无法从LINE_NAME=10kVLINE076解析出主网站映射
2026-09-07 14:29:03 [DEBUG] core.topology_builder: 主配接口降级（非错）: 无法从LINE_NAME=10kVLINE093解析出主网站映射
2026-09-07 14:29:03 [DEBUG] core.topology_builder: 主配接口降级（非错）: 无法从LINE_NAME=20kVLINE122解析出主网站映射
2026-09-07 14:29:03 [DEBUG] core.topology_builder: 主配接口降级（非错）: 无法从LINE_NAME=10kVLINE123解析出主网站映射
2026-09-07 14:29:03 [DEBUG] core.topology_builder: 主配接口降级（非错）: 无法从LINE_NAME=10kVLINE039解析出主网站映射
2026-09-07 14:29:03 [DEBUG] core.topology_builder: 主配接口降级（非错）: 无法从LINE_NAME=10kVLINE124解析出主网站映射
2026-09-07 14:29:03 [DEBUG] core.topology_builder: 主配接口降级（非错）: 无法从LINE_NAME=10kVLINE125解析出主网站映射
2026-09-07 14:29:03 [DEBUG] core.topology_builder: 主配接口降级（非错）: 无法从LINE_NAME=10kVLINE126解析出主网站映射
2026-09-07 14:29:03 [DEBUG] core.topology_builder: 主配接口降级（非错）: 无法从LINE_NAME=10kVLINE127解析出主网站映射
2026-09-07 14:29:03 [DEBUG] core.topology_builder: 主配接口降级（非错）: 无法从LINE_NAME=10kVLINE089解析出主网站映射
2026-09-07 14:29:03 [DEBUG] core.topology_builder: 主配接口降级（非错）: 无法从LINE_NAME=10kVLINE090解析出主网站映射
2026-09-07 14:29:03 [DEBUG] core.topology_builder: 主配接口降级（非错）: 无法从LINE_NAME=10kVLINE128解析出主网站映射
2026-09-07 14:29:03 [DEBUG] core.topology_builder: 主配接口降级（非错）: 无法从LINE_NAME=10kVLINE037解析出主网站映射
2026-09-07 14:29:03 [DEBUG] core.topology_builder: 主配接口降级（非错）: 无法从LINE_NAME=10kVLINE071解析出主网站映射
2026-09-07 14:29:03 [DEBUG] core.topology_builder: 主配接口降级（非错）: 无法从LINE_NAME=10kVLINE129解析出主网站映射
2026-09-07 14:29:03 [DEBUG] core.topology_builder: 主配接口降级（非错）: 无法从LINE_NAME=10kVLINE009解析出主网站映射
2026-09-07 14:29:03 [DEBUG] core.topology_builder: 主配接口降级（非错）: 无法从LINE_NAME=10kVLINE022解析出主网站映射
2026-09-07 14:29:03 [DEBUG] core.topology_builder: 主配接口降级（非错）: 无法从LINE_NAME=10kVLINE028解析出主网站映射
2026-09-07 14:29:03 [DEBUG] core.topology_builder: 主配接口降级（非错）: 无法从LINE_NAME=10kVLINE019解析出主网站映射
2026-09-07 14:29:03 [DEBUG] core.topology_builder: 主配接口降级（非错）: 无法从LINE_NAME=10kVLINE015解析出主网站映射
2026-09-07 14:29:03 [DEBUG] core.topology_builder: 主配接口降级（非错）: 无法从LINE_NAME=10kVLINE130解析出主网站映射
2026-09-07 14:29:03 [DEBUG] core.topology_builder: 主配接口降级（非错）: 无法从LINE_NAME=10kVLINE131解析出主网站映射
2026-09-07 14:29:03 [DEBUG] core.topology_builder: 主配接口降级（非错）: 无法从LINE_NAME=10kVLINE132解析出主网站映射
2026-09-07 14:29:03 [DEBUG] core.topology_builder: 主配接口降级（非错）: 无法从LINE_NAME=10kVLINE061解析出主网站映射
2026-09-07 14:29:03 [DEBUG] core.topology_builder: 主配接口降级（非错）: 无法从LINE_NAME=10kVLINE133解析出主网站映射
2026-09-07 14:29:03 [DEBUG] core.topology_builder: 主配接口降级（非错）: 无法从LINE_NAME=10kVLINE075解析出主网站映射
2026-09-07 14:29:03 [DEBUG] core.topology_builder: 主配接口降级（非错）: 无法从LINE_NAME=10kVLINE016解析出主网站映射
2026-09-07 14:29:03 [DEBUG] core.topology_builder: 主配接口降级（非错）: 无法从LINE_NAME=10kVLINE134解析出主网站映射
2026-09-07 14:29:03 [DEBUG] core.topology_builder: 主配接口降级（非错）: 无法从LINE_NAME=10kVLINE043解析出主网站映射
2026-09-07 14:29:03 [DEBUG] core.topology_builder: 主配接口降级（非错）: 无法从LINE_NAME=10kVLINE050解析出主网站映射
2026-09-07 14:29:03 [DEBUG] core.topology_builder: 主配接口降级（非错）: 无法从LINE_NAME=10kVLINE054解析出主网站映射
2026-09-07 14:29:03 [DEBUG] core.topology_builder: 主配接口降级（非错）: 无法从LINE_NAME=10kVLINE040解析出主网站映射
2026-09-07 14:29:03 [DEBUG] core.topology_builder: 主配接口降级（非错）: 无法从LINE_NAME=10kVLINE021解析出主网站映射
2026-09-07 14:29:03 [DEBUG] core.topology_builder: 主配接口降级（非错）: 无法从LINE_NAME=10kVLINE023解析出主网站映射
2026-09-07 14:29:03 [DEBUG] core.topology_builder: 主配接口降级（非错）: 无法从LINE_NAME=10kVLINE020解析出主网站映射
2026-09-07 14:29:03 [DEBUG] core.topology_builder: 主配接口降级（非错）: 无法从LINE_NAME=10kVLINE135解析出主网站映射
2026-09-07 14:29:03 [DEBUG] core.topology_builder: 主配接口降级（非错）: 无法从LINE_NAME=10kVLINE136解析出主网站映射
2026-09-07 14:29:03 [DEBUG] core.topology_builder: 主配接口降级（非错）: 无法从LINE_NAME=10kVLINE097解析出主网站映射
2026-09-07 14:29:03 [DEBUG] core.topology_builder: 主配接口降级（非错）: 无法从LINE_NAME=10kVLINE096解析出主网站映射
2026-09-07 14:29:03 [DEBUG] core.topology_builder: 主配接口降级（非错）: 无法从LINE_NAME=10kVLINE137解析出主网站映射
2026-09-07 14:29:03 [DEBUG] core.topology_builder: 主配接口降级（非错）: 无法从LINE_NAME=10kVLINE138解析出主网站映射
2026-09-07 14:29:03 [DEBUG] core.topology_builder: 主配接口降级（非错）: 无法从LINE_NAME=10kVLINE139解析出主网站映射
2026-09-07 14:29:03 [DEBUG] core.topology_builder: 主配接口降级（非错）: 无法从LINE_NAME=10kVLINE140解析出主网站映射
2026-09-07 14:29:03 [DEBUG] core.topology_builder: 主配接口降级（非错）: 无法从LINE_NAME=10kVLINE141解析出主网站映射
2026-09-07 14:29:03 [DEBUG] core.topology_builder: 主配接口降级（非错）: 无法从LINE_NAME=10kVLINE049解析出主网站映射
2026-09-07 14:29:03 [DEBUG] core.topology_builder: 主配接口降级（非错）: 无法从LINE_NAME=10kVLINE142解析出主网站映射
2026-09-07 14:29:03 [DEBUG] core.topology_builder: 主配接口降级（非错）: 无法从LINE_NAME=10kVLINE042解析出主网站映射
2026-09-07 14:29:03 [DEBUG] core.topology_builder: 主配接口降级（非错）: 无法从LINE_NAME=10kVLINE056解析出主网站映射
2026-09-07 14:29:03 [DEBUG] core.topology_builder: 主配接口降级（非错）: 无法从LINE_NAME=10kVLINE143解析出主网站映射
2026-09-07 14:29:03 [DEBUG] core.topology_builder: 主配接口降级（非错）: 无法从LINE_NAME=10kVLINE144解析出主网站映射
2026-09-07 14:29:03 [DEBUG] core.topology_builder: 主配接口降级（非错）: 无法从LINE_NAME=10kVLINE070解析出主网站映射
2026-09-07 14:29:03 [DEBUG] core.topology_builder: 主配接口降级（非错）: 无法从LINE_NAME=10kVLINE069解析出主网站映射
2026-09-07 14:29:03 [DEBUG] core.topology_builder: 主配接口降级（非错）: 无法从LINE_NAME=10kVLINE145解析出主网站映射
2026-09-07 14:29:03 [DEBUG] core.topology_builder: 主配接口降级（非错）: 无法从LINE_NAME=10kVLINE146解析出主网站映射
2026-09-07 14:29:03 [DEBUG] core.topology_builder: 主配接口降级（非错）: 无法从LINE_NAME=10kVLINE147解析出主网站映射
2026-09-07 14:29:03 [DEBUG] core.topology_builder: 主配接口降级（非错）: 无法从LINE_NAME=10kVLINE148解析出主网站映射
2026-09-07 14:29:03 [DEBUG] core.topology_builder: 主配接口降级（非错）: 无法从LINE_NAME=10kVLINE025解析出主网站映射
2026-09-07 14:29:03 [DEBUG] core.topology_builder: 主配接口降级（非错）: 无法从LINE_NAME=20kVLINE149解析出主网站映射
2026-09-07 14:29:03 [DEBUG] core.topology_builder: 主配接口降级（非错）: 无法从LINE_NAME=10kVLINE083解析出主网站映射
2026-09-07 14:29:03 [DEBUG] core.topology_builder: 主配接口降级（非错）: 无法从LINE_NAME=20kVLINE150解析出主网站映射
2026-09-07 14:29:03 [DEBUG] core.topology_builder: 主配接口降级（非错）: 无法从LINE_NAME=20kVLINE151解析出主网站映射
2026-09-07 14:29:03 [DEBUG] core.topology_builder: 主配接口降级（非错）: 无法从LINE_NAME=20kVLINE152解析出主网站映射
2026-09-07 14:29:03 [DEBUG] core.topology_builder: 主配接口降级（非错）: 无法从LINE_NAME=10kVLINE046解析出主网站映射
2026-09-07 14:29:03 [DEBUG] core.topology_builder: 主配接口降级（非错）: 无法从LINE_NAME=10kVLINE045解析出主网站映射
2026-09-07 14:29:03 [DEBUG] core.topology_builder: 主配接口降级（非错）: 无法从LINE_NAME=10kVLINE153解析出主网站映射
2026-09-07 14:29:03 [DEBUG] core.topology_builder: 主配接口降级（非错）: 无法从LINE_NAME=10kVLINE154解析出主网站映射
2026-09-07 14:29:03 [DEBUG] core.topology_builder: 主配接口降级（非错）: 无法从LINE_NAME=10kVLINE155解析出主网站映射
2026-09-07 14:29:03 [DEBUG] core.topology_builder: 主配接口降级（非错）: 无法从LINE_NAME=10kVLINE156解析出主网站映射
2026-09-07 14:29:03 [DEBUG] core.topology_builder: 主配接口降级（非错）: 无法从LINE_NAME=10kVLINE058解析出主网站映射
2026-09-07 14:29:03 [DEBUG] core.topology_builder: 主配接口降级（非错）: 无法从LINE_NAME=10kVLINE059解析出主网站映射
2026-09-07 14:29:03 [DEBUG] core.topology_builder: 主配接口降级（非错）: 无法从LINE_NAME=10kVLINE157解析出主网站映射
2026-09-07 14:29:03 [DEBUG] core.topology_builder: 主配接口降级（非错）: 无法从LINE_NAME=10kVLINE088解析出主网站映射
2026-09-07 14:29:03 [DEBUG] core.topology_builder: 主配接口降级（非错）: 无法从LINE_NAME=10kVLINE121_185解析出主网站映射
2026-09-07 14:29:03 [DEBUG] core.topology_builder: 主配接口降级（非错）: 无法从LINE_NAME=10kVLINE081解析出主网站映射
2026-09-07 14:29:03 [DEBUG] core.topology_builder: 主配接口降级（非错）: 无法从LINE_NAME=10kVLINE158解析出主网站映射
2026-09-07 14:29:03 [DEBUG] core.topology_builder: 主配接口降级（非错）: 无法从LINE_NAME=10kVLINE159解析出主网站映射
2026-09-07 14:29:03 [DEBUG] core.topology_builder: 主配接口降级（非错）: 无法从LINE_NAME=10kVLINE160解析出主网站映射
2026-09-07 14:29:03 [DEBUG] core.topology_builder: 主配接口降级（非错）: 无法从LINE_NAME=10kVLINE161解析出主网站映射
2026-09-07 14:29:03 [DEBUG] core.topology_builder: 主配接口降级（非错）: 无法从LINE_NAME=10kVLINE162解析出主网站映射
2026-09-07 14:29:03 [DEBUG] core.topology_builder: 主配接口降级（非错）: 无法从LINE_NAME=10kVLINE163解析出主网站映射
2026-09-07 14:29:03 [DEBUG] core.topology_builder: 主配接口降级（非错）: 无法从LINE_NAME=10kVLINE164解析出主网站映射
2026-09-07 14:29:03 [DEBUG] core.topology_builder: 主配接口降级（非错）: 无法从LINE_NAME=10kVLINE165解析出主网站映射
2026-09-07 14:29:03 [DEBUG] core.topology_builder: 主配接口降级（非错）: 无法从LINE_NAME=10kVLINE166解析出主网站映射
2026-09-07 14:29:03 [DEBUG] core.topology_builder: 主配接口降级（非错）: 无法从LINE_NAME=10kVLINE167解析出主网站映射
2026-09-07 14:29:03 [DEBUG] core.topology_builder: 主配接口降级（非错）: 无法从LINE_NAME=10kVLINE168解析出主网站映射
2026-09-07 14:29:03 [DEBUG] core.topology_builder: 主配接口降级（非错）: 无法从LINE_NAME=10kVLINE014解析出主网站映射
2026-09-07 14:29:03 [DEBUG] core.topology_builder: 主配接口降级（非错）: 无法从LINE_NAME=10kVLINE169解析出主网站映射
2026-09-07 14:29:03 [DEBUG] core.topology_builder: 主配接口降级（非错）: 无法从LINE_NAME=10kVLINE170解析出主网站映射
2026-09-07 14:29:03 [DEBUG] core.topology_builder: 主配接口降级（非错）: 无法从LINE_NAME=10kVLINE171解析出主网站映射
2026-09-07 14:29:03 [DEBUG] core.topology_builder: 主配接口降级（非错）: 无法从LINE_NAME=10kVLINE172解析出主网站映射
2026-09-07 14:29:03 [DEBUG] core.topology_builder: 主配接口降级（非错）: 无法从LINE_NAME=10kVLINE173解析出主网站映射
2026-09-07 14:29:04 [DEBUG] core.topology_builder: 主配接口降级（非错）: 无法从LINE_NAME=10kVLINE174解析出主网站映射
2026-09-07 14:29:04 [DEBUG] core.topology_builder: 主配接口降级（非错）: 无法从LINE_NAME=10kVLINE175解析出主网站映射
2026-09-07 14:29:04 [DEBUG] core.topology_builder: 主配接口降级（非错）: 无法从LINE_NAME=10kVLINE176解析出主网站映射
2026-09-07 14:29:04 [DEBUG] core.topology_builder: 主配接口降级（非错）: 无法从LINE_NAME=10kVLINE177解析出主网站映射
2026-09-07 14:29:04 [DEBUG] core.topology_builder: 主配接口降级（非错）: 无法从LINE_NAME=10kVLINE044解析出主网站映射
2026-09-07 14:29:04 [DEBUG] core.topology_builder: 主配接口降级（非错）: 无法从LINE_NAME=10kVLINE178解析出主网站映射
2026-09-07 14:29:04 [DEBUG] core.topology_builder: 主配接口降级（非错）: 无法从LINE_NAME=10kVLINE179解析出主网站映射
2026-09-07 14:29:04 [DEBUG] core.topology_builder: 主配接口降级（非错）: 无法从LINE_NAME=10kVLINE180解析出主网站映射
2026-09-07 14:29:04 [DEBUG] core.topology_builder: 主配接口降级（非错）: 无法从LINE_NAME=20kVLINE181解析出主网站映射
2026-09-07 14:29:04 [DEBUG] core.topology_builder: 主配接口降级（非错）: 无法从LINE_NAME=10kVLINE182解析出主网站映射
2026-09-07 14:29:04 [DEBUG] core.topology_builder: 主配接口降级（非错）: 无法从LINE_NAME=10kVLINE183解析出主网站映射
2026-09-07 14:29:04 [DEBUG] core.topology_builder: 主配接口降级（非错）: 无法从LINE_NAME=10kVLINE184解析出主网站映射
2026-09-07 14:29:04 [DEBUG] core.topology_builder: 主配接口降级（非错）: 无法从LINE_NAME=10kVLINE186解析出主网站映射
2026-09-07 14:29:04 [DEBUG] core.topology_builder: 主配接口降级（非错）: 无法从LINE_NAME=10kVLINE187解析出主网站映射
2026-09-07 14:29:04 [DEBUG] core.topology_builder: 主配接口降级（非错）: 无法从LINE_NAME=10kVLINE188解析出主网站映射
2026-09-07 14:29:04 [DEBUG] core.topology_builder: 主配接口降级（非错）: 无法从LINE_NAME=10kVLINE189解析出主网站映射
2026-09-07 14:29:04 [DEBUG] core.topology_builder: 主配接口降级（非错）: 无法从LINE_NAME=10kVLINE190解析出主网站映射
2026-09-07 14:29:04 [DEBUG] core.topology_builder: 主配接口降级（非错）: 无法从LINE_NAME=10kVLINE191解析出主网站映射
2026-09-07 14:29:04 [DEBUG] core.topology_builder: 主配接口降级（非错）: 无法从LINE_NAME=10kVLINE192解析出主网站映射
2026-09-07 14:29:04 [DEBUG] core.topology_builder: 主配接口降级（非错）: 无法从LINE_NAME=10kVLINE193解析出主网站映射
2026-09-07 14:29:04 [DEBUG] core.topology_builder: 主配接口降级（非错）: 无法从LINE_NAME=10kVLINE194解析出主网站映射
2026-09-07 14:29:04 [DEBUG] core.topology_builder: 主配接口降级（非错）: 无法从LINE_NAME=10kVLINE195解析出主网站映射
2026-09-07 14:29:04 [DEBUG] core.topology_builder: 主配接口降级（非错）: 无法从LINE_NAME=10kVLINE196解析出主网站映射
2026-09-07 14:29:04 [DEBUG] core.topology_builder: 主配接口降级（非错）: 无法从LINE_NAME=10kVLINE197解析出主网站映射
2026-09-07 14:29:04 [DEBUG] core.topology_builder: 主配接口降级（非错）: 无法从LINE_NAME=10kVLINE198解析出主网站映射
2026-09-07 14:29:04 [DEBUG] core.topology_builder: 主配接口降级（非错）: 无法从LINE_NAME=10kVLINE199解析出主网站映射
2026-09-07 14:29:04 [DEBUG] core.topology_builder: 主配接口降级（非错）: 无法从LINE_NAME=10kVLINE063解析出主网站映射
2026-09-07 14:29:04 [DEBUG] core.topology_builder: 主配接口降级（非错）: 无法从LINE_NAME=10kVLINE200解析出主网站映射
2026-09-07 14:29:04 [DEBUG] core.topology_builder: 主配接口降级（非错）: 无法从LINE_NAME=10kVLINE201解析出主网站映射
2026-09-07 14:29:04 [DEBUG] core.topology_builder: 主配接口降级（非错）: 无法从LINE_NAME=10kVLINE202解析出主网站映射
2026-09-07 14:29:04 [DEBUG] core.topology_builder: 主配接口降级（非错）: 无法从LINE_NAME=10kVLINE203解析出主网站映射
2026-09-07 14:29:04 [DEBUG] core.topology_builder: 主配接口降级（非错）: 无法从LINE_NAME=10kVLINE204解析出主网站映射
2026-09-07 14:29:04 [DEBUG] core.topology_builder: 主配接口降级（非错）: 无法从LINE_NAME=10kVLINE205解析出主网站映射
2026-09-07 14:29:04 [DEBUG] core.topology_builder: 主配接口降级（非错）: 无法从LINE_NAME=10kVLINE051解析出主网站映射
2026-09-07 14:29:04 [DEBUG] core.topology_builder: 主配接口降级（非错）: 无法从LINE_NAME=10kVLINE187解析出主网站映射
2026-09-07 14:29:04 [DEBUG] core.topology_builder: 主配接口降级（非错）: 无法从LINE_NAME=10kVLINE207解析出主网站映射
2026-09-07 14:29:04 [DEBUG] core.topology_builder: 主配接口降级（非错）: 无法从LINE_NAME=10kVLINE208解析出主网站映射
2026-09-07 14:29:04 [DEBUG] core.topology_builder: 主配接口降级（非错）: 无法从LINE_NAME=10kVLINE209解析出主网站映射
2026-09-07 14:29:04 [DEBUG] core.topology_builder: 主配接口降级（非错）: 无法从LINE_NAME=10kVLINE210解析出主网站映射
2026-09-07 14:29:04 [DEBUG] core.topology_builder: 主配接口降级（非错）: 无法从LINE_NAME=10kVLINE212解析出主网站映射
2026-09-07 14:29:04 [DEBUG] core.topology_builder: 主配接口降级（非错）: 无法从LINE_NAME=10kVLINE213解析出主网站映射
2026-09-07 14:29:04 [DEBUG] core.topology_builder: 主配接口降级（非错）: 无法从LINE_NAME=LINE215解析出主网站映射
2026-09-07 14:29:04 [DEBUG] core.topology_builder: 主配接口降级（非错）: 无法从LINE_NAME=LINE216解析出主网站映射
2026-09-07 14:29:04 [INFO] core.topology_builder: 主配接口校验：通过=184 失败=5
2026-09-07 14:29:04 [INFO] core.topology_builder: [主配接口校验] 4.1/4.2 命中缺陷: 5
2026-09-07 14:29:04 [INFO] core.topology_builder: [电气逻辑校验] RULE-E01~E07 命中:3272
2026-09-07 14:29:04 [INFO] core.topology_builder: 开始执行拓扑异常检测：悬空、孤岛、断点
2026-09-07 14:29:09 [INFO] core.topology_builder: 主网异常数量：0，断点数量：0
2026-09-07 14:29:09 [INFO] core.topology_builder: 配网异常数量：9565，断点数量：561
2026-09-07 14:29:21 [INFO] core.score_engine: 评分结果(规范公式): 设备=50919 缺陷=1755 维度扣分=25.00 score_before=75.0 score_after=100.0
2026-09-07 14:29:21 [INFO] core.enhanced_report_generator: [增强报告] 开始为 LINE215 生成增强报告
2026-09-07 14:29:21 [INFO] core.enhanced_report_generator: [增强报告] 评估数据源质量...
2026-09-07 14:29:21 [INFO] core.physical_constraint_checker: [物理约束] 数据源可信度: 遥测=0.11, SVG=0.77, 数据库=0.90
2026-09-07 14:29:21 [INFO] core.enhanced_report_generator: [增强报告] 执行物理约束校验...
2026-09-07 14:29:21 [INFO] core.physical_constraint_checker: [物理约束] 数据源可信度: 遥测=0.11, SVG=0.77, 数据库=0.90
2026-09-07 14:29:21 [INFO] core.enhanced_report_generator: [增强报告] 处理 1755 个缺陷...
2026-09-07 14:29:22 [INFO] core.enhanced_report_generator: [增强报告] 排序修复方案...
2026-09-07 14:29:22 [INFO] core.repair_ranking_engine: [修复排序] 处理1752个修复候选, 最高优先级=0.500(TMP00044547 <-> TMP00046078)
2026-09-07 14:29:22 [INFO] core.enhanced_report_generator: [增强报告] 生成完成: 缺陷1755个, 高风险0个, 确认641个
2026-09-07 14:29:23 [INFO] core.feeder_topology_analysis: Sheet3 联络开关: feeder=TMP00000188 识别到 1 个联络开关
2026-09-07 14:29:23 [DEBUG] core.feeder_topology_analysis: P1-P7 引擎产生 15 条断点候选
2026-09-07 14:29:23 [INFO] core.feeder_topology_analysis: Sheet2 断点定位: feeder=TMP00000188 共 378 条 (P1-P7 优先级排序)
2026-09-07 14:29:23 [INFO] core.feeder_topology_analysis: Sheet4 合环识别: feeder=TMP00000188 共 2 条
2026-09-07 14:29:47 [INFO] core.score_engine: 评分结果(规范公式): 设备=50919 缺陷=1836 维度扣分=25.00 score_before=75.0 score_after=100.0
2026-09-07 14:29:47 [INFO] core.enhanced_report_generator: [增强报告] 开始为 LINE216 生成增强报告
2026-09-07 14:29:47 [INFO] core.enhanced_report_generator: [增强报告] 评估数据源质量...
2026-09-07 14:29:47 [INFO] core.physical_constraint_checker: [物理约束] 数据源可信度: 遥测=0.11, SVG=0.77, 数据库=0.90
2026-09-07 14:29:47 [INFO] core.enhanced_report_generator: [增强报告] 执行物理约束校验...
2026-09-07 14:29:47 [INFO] core.physical_constraint_checker: [物理约束] 数据源可信度: 遥测=0.11, SVG=0.77, 数据库=0.90
2026-09-07 14:29:47 [INFO] core.enhanced_report_generator: [增强报告] 处理 1836 个缺陷...
2026-09-07 14:29:47 [INFO] core.enhanced_report_generator: [增强报告] 排序修复方案...
2026-09-07 14:29:47 [INFO] core.repair_ranking_engine: [修复排序] 处理1836个修复候选, 最高优先级=0.500(TMP00313565 <-> TMP00046158)
2026-09-07 14:29:47 [INFO] core.enhanced_report_generator: [增强报告] 生成完成: 缺陷1836个, 高风险0个, 确认241个
2026-09-07 14:29:48 [INFO] core.feeder_topology_analysis: Sheet3 联络开关: feeder=TMP00000189 识别到 1 个联络开关
2026-09-07 14:29:49 [DEBUG] core.feeder_topology_analysis: P1-P7 引擎产生 54 条断点候选
2026-09-07 14:29:49 [INFO] core.feeder_topology_analysis: Sheet2 断点定位: feeder=TMP00000189 共 256 条 (P1-P7 优先级排序)
2026-09-07 14:29:49 [INFO] core.feeder_topology_analysis: Sheet4 合环识别: feeder=TMP00000189 共 9 条
2026-09-07 14:31:12 [INFO] core.topology_builder: 主配数据拆分完成：主网设备=1167 配网设备=50744 主网线段=223 配网线段=189 主网站=10 遥信遥测=5829 ZWMEA=442 ZWSIGNAL=1567
2026-09-07 14:31:12 [INFO] core.topology_builder: 主网设备数量：1167
2026-09-07 14:31:12 [INFO] core.topology_builder: 配网设备数量：50744
2026-09-07 14:31:12 [INFO] core.topology_builder: 主网线路(ZLINEEND)数量：223
2026-09-07 14:31:12 [INFO] core.topology_builder: 配网线路(PWFEEDERLINE)数量：189
2026-09-07 14:31:12 [INFO] core.topology_builder: 主网站点(ZWSUBSTATION)数量：10
2026-09-07 14:31:12 [INFO] core.topology_builder: 遥信遥测(PWREAL)记录数：5829
2026-09-07 14:31:12 [INFO] core.topology_builder: 主网遥测(ZWMEA)：442 主网遥信(ZWSIGNAL)：1567
2026-09-07 14:31:12 [INFO] core.topology_builder: [Builder] 正在添加 1167 个主网设备和 50744 个配网设备...
2026-09-07 14:31:12 [INFO] core.topology_builder: 主网电源设备数=47
2026-09-07 14:31:12 [INFO] core.topology_builder: 主网电源设备识别: 47 台
2026-09-07 14:31:13 [DEBUG] core.topology_builder: 已处理 10000 个配网设备
2026-09-07 14:31:14 [DEBUG] core.topology_builder: 已处理 20000 个配网设备
2026-09-07 14:31:15 [DEBUG] core.topology_builder: 已处理 30000 个配网设备
2026-09-07 14:31:16 [DEBUG] core.topology_builder: 已处理 40000 个配网设备
2026-09-07 14:31:17 [DEBUG] core.topology_builder: 已处理 50000 个配网设备
2026-09-07 14:31:17 [INFO] core.topology_builder: 配网电源设备数=0
2026-09-07 14:31:17 [INFO] core.topology_builder: 配网电源设备识别: 0 台
2026-09-07 14:31:18 [INFO] core.topology_builder: 主配电源注入（S1修复版）: 1167 台主网设备标记为电源（不再整条馈线注入）
2026-09-07 14:31:18 [INFO] core.topology_builder:   ZWLINEEND 解析出馈线→主网站映射数: 0
2026-09-07 14:31:28 [INFO] core.topology_builder: [Builder] 配网真实端子数量:76354
2026-09-07 14:31:28 [INFO] core.topology_builder: [Builder] 主网真实端子数量:1562
2026-09-07 14:31:35 [INFO] core.topology_builder: [S2修复] 主配物理连接跨边建立: 324 条, 主网边界设备并入: 175 台
2026-09-07 14:31:35 [INFO] core.topology_builder: [端子建边完成] 配网拓扑边数量：117773
2026-09-07 14:31:35 [INFO] core.topology_builder: [端子建边完成] 主网拓扑边数量：2632
2026-09-07 14:31:43 [INFO] core.measure_preprocess: [MeasurePreprocess] 遥信实测开关数量：6666
2026-09-07 14:31:43 [INFO] core.measure_preprocess: [MeasurePreprocess] 默认合位开关数量：19813
2026-09-07 14:31:43 [INFO] core.topology_builder: [遥信预处理统计] 总开关状态映射条目:26479 实际挂载到设备:25637
2026-09-07 14:31:43 [INFO] core.topology_builder: 遥信实测开关:6666，赛题默认合位推演开关:19813
2026-09-07 14:31:54 [DEBUG] core.topology_builder: 主配接口降级（非错）: 无法从LINE_NAME=10kVLINE098解析出主网站映射
2026-09-07 14:31:54 [DEBUG] core.topology_builder: 主配接口降级（非错）: 无法从LINE_NAME=10kVLINE060解析出主网站映射
2026-09-07 14:31:54 [DEBUG] core.topology_builder: 主配接口降级（非错）: 无法从LINE_NAME=10kVLINE004解析出主网站映射
2026-09-07 14:31:54 [DEBUG] core.topology_builder: 主配接口降级（非错）: 无法从LINE_NAME=10kVLINE082解析出主网站映射
2026-09-07 14:31:54 [DEBUG] core.topology_builder: 主配接口降级（非错）: 无法从LINE_NAME=10kVLINE018解析出主网站映射
2026-09-07 14:31:54 [DEBUG] core.topology_builder: 主配接口降级（非错）: 无法从LINE_NAME=10kVLINE074解析出主网站映射
2026-09-07 14:31:54 [DEBUG] core.topology_builder: 主配接口降级（非错）: 无法从LINE_NAME=10kVLINE099解析出主网站映射
2026-09-07 14:31:54 [DEBUG] core.topology_builder: 主配接口降级（非错）: 无法从LINE_NAME=10kVLINE041解析出主网站映射
2026-09-07 14:31:54 [DEBUG] core.topology_builder: 主配接口降级（非错）: 无法从LINE_NAME=10kVLINE086解析出主网站映射
2026-09-07 14:31:54 [DEBUG] core.topology_builder: 主配接口降级（非错）: 无法从LINE_NAME=10kVLINE073解析出主网站映射
2026-09-07 14:31:54 [DEBUG] core.topology_builder: 主配接口降级（非错）: 无法从LINE_NAME=10kVLINE033解析出主网站映射
2026-09-07 14:31:54 [DEBUG] core.topology_builder: 主配接口降级（非错）: 无法从LINE_NAME=10kVLINE091解析出主网站映射
2026-09-07 14:31:54 [DEBUG] core.topology_builder: 主配接口降级（非错）: 无法从LINE_NAME=10kVLINE100解析出主网站映射
2026-09-07 14:31:54 [DEBUG] core.topology_builder: 主配接口降级（非错）: 无法从LINE_NAME=10kVLINE013解析出主网站映射
2026-09-07 14:31:54 [DEBUG] core.topology_builder: 主配接口降级（非错）: 无法从LINE_NAME=10kVLINE101解析出主网站映射
2026-09-07 14:31:54 [DEBUG] core.topology_builder: 主配接口降级（非错）: 无法从LINE_NAME=10kVLINE035解析出主网站映射
2026-09-07 14:31:54 [DEBUG] core.topology_builder: 主配接口降级（非错）: 无法从LINE_NAME=10kVLINE102解析出主网站映射
2026-09-07 14:31:54 [DEBUG] core.topology_builder: 主配接口降级（非错）: 无法从LINE_NAME=10kVLINE103解析出主网站映射
2026-09-07 14:31:54 [DEBUG] core.topology_builder: 主配接口降级（非错）: 无法从LINE_NAME=10kVLINE055解析出主网站映射
2026-09-07 14:31:54 [DEBUG] core.topology_builder: 主配接口降级（非错）: 无法从LINE_NAME=10kVLINE024解析出主网站映射
2026-09-07 14:31:54 [DEBUG] core.topology_builder: 主配接口降级（非错）: 无法从LINE_NAME=10kVLINE084解析出主网站映射
2026-09-07 14:31:54 [DEBUG] core.topology_builder: 主配接口降级（非错）: 无法从LINE_NAME=10kVLINE087解析出主网站映射
2026-09-07 14:31:54 [DEBUG] core.topology_builder: 主配接口降级（非错）: 无法从LINE_NAME=20kVLINE104解析出主网站映射
2026-09-07 14:31:54 [DEBUG] core.topology_builder: 主配接口降级（非错）: 无法从LINE_NAME=10kVLINE012解析出主网站映射
2026-09-07 14:31:54 [DEBUG] core.topology_builder: 主配接口降级（非错）: 无法从LINE_NAME=10kVLINE105解析出主网站映射
2026-09-07 14:31:54 [DEBUG] core.topology_builder: 主配接口降级（非错）: 无法从LINE_NAME=10kVLINE106解析出主网站映射
2026-09-07 14:31:54 [DEBUG] core.topology_builder: 主配接口降级（非错）: 无法从LINE_NAME=10kVLINE094解析出主网站映射
2026-09-07 14:31:54 [DEBUG] core.topology_builder: 主配接口降级（非错）: 无法从LINE_NAME=10kVLINE107解析出主网站映射
2026-09-07 14:31:54 [DEBUG] core.topology_builder: 主配接口降级（非错）: 无法从LINE_NAME=10kVLINE053解析出主网站映射
2026-09-07 14:31:54 [DEBUG] core.topology_builder: 主配接口降级（非错）: 无法从LINE_NAME=20kVLINE108解析出主网站映射
2026-09-07 14:31:54 [DEBUG] core.topology_builder: 主配接口降级（非错）: 无法从LINE_NAME=20kVLINE109解析出主网站映射
2026-09-07 14:31:54 [DEBUG] core.topology_builder: 主配接口降级（非错）: 无法从LINE_NAME=10kVLINE110解析出主网站映射
2026-09-07 14:31:54 [DEBUG] core.topology_builder: 主配接口降级（非错）: 无法从LINE_NAME=10kVLINE111解析出主网站映射
2026-09-07 14:31:54 [DEBUG] core.topology_builder: 主配接口降级（非错）: 无法从LINE_NAME=10kVLINE112解析出主网站映射
2026-09-07 14:31:54 [DEBUG] core.topology_builder: 主配接口降级（非错）: 无法从LINE_NAME=20kVLINE113解析出主网站映射
2026-09-07 14:31:54 [DEBUG] core.topology_builder: 主配接口降级（非错）: 无法从LINE_NAME=10kVLINE026解析出主网站映射
2026-09-07 14:31:54 [DEBUG] core.topology_builder: 主配接口降级（非错）: 无法从LINE_NAME=10kVLINE048解析出主网站映射
2026-09-07 14:31:54 [DEBUG] core.topology_builder: 主配接口降级（非错）: 无法从LINE_NAME=10kVLINE003解析出主网站映射
2026-09-07 14:31:54 [DEBUG] core.topology_builder: 主配接口降级（非错）: 无法从LINE_NAME=10kVLINE057解析出主网站映射
2026-09-07 14:31:54 [DEBUG] core.topology_builder: 主配接口降级（非错）: 无法从LINE_NAME=10kVLINE077解析出主网站映射
2026-09-07 14:31:54 [DEBUG] core.topology_builder: 主配接口降级（非错）: 无法从LINE_NAME=10kVLINE114解析出主网站映射
2026-09-07 14:31:54 [DEBUG] core.topology_builder: 主配接口降级（非错）: 无法从LINE_NAME=10kVLINE027解析出主网站映射
2026-09-07 14:31:54 [DEBUG] core.topology_builder: 主配接口降级（非错）: 无法从LINE_NAME=10kVLINE115解析出主网站映射
2026-09-07 14:31:54 [DEBUG] core.topology_builder: 主配接口降级（非错）: 无法从LINE_NAME=10kVLINE116解析出主网站映射
2026-09-07 14:31:54 [DEBUG] core.topology_builder: 主配接口降级（非错）: 无法从LINE_NAME=10kVLINE117解析出主网站映射
2026-09-07 14:31:54 [DEBUG] core.topology_builder: 主配接口降级（非错）: 无法从LINE_NAME=10kVLINE118解析出主网站映射
2026-09-07 14:31:54 [DEBUG] core.topology_builder: 主配接口降级（非错）: 无法从LINE_NAME=10kVLINE038解析出主网站映射
2026-09-07 14:31:54 [DEBUG] core.topology_builder: 主配接口降级（非错）: 无法从LINE_NAME=10kVLINE119解析出主网站映射
2026-09-07 14:31:54 [DEBUG] core.topology_builder: 主配接口降级（非错）: 无法从LINE_NAME=20kVLINE120解析出主网站映射
2026-09-07 14:31:54 [DEBUG] core.topology_builder: 主配接口降级（非错）: 无法从LINE_NAME=10kVLINE121_195解析出主网站映射
2026-09-07 14:31:54 [DEBUG] core.topology_builder: 主配接口降级（非错）: 无法从LINE_NAME=10kVLINE076解析出主网站映射
2026-09-07 14:31:54 [DEBUG] core.topology_builder: 主配接口降级（非错）: 无法从LINE_NAME=10kVLINE093解析出主网站映射
2026-09-07 14:31:54 [DEBUG] core.topology_builder: 主配接口降级（非错）: 无法从LINE_NAME=20kVLINE122解析出主网站映射
2026-09-07 14:31:54 [DEBUG] core.topology_builder: 主配接口降级（非错）: 无法从LINE_NAME=10kVLINE123解析出主网站映射
2026-09-07 14:31:54 [DEBUG] core.topology_builder: 主配接口降级（非错）: 无法从LINE_NAME=10kVLINE039解析出主网站映射
2026-09-07 14:31:54 [DEBUG] core.topology_builder: 主配接口降级（非错）: 无法从LINE_NAME=10kVLINE124解析出主网站映射
2026-09-07 14:31:54 [DEBUG] core.topology_builder: 主配接口降级（非错）: 无法从LINE_NAME=10kVLINE125解析出主网站映射
2026-09-07 14:31:54 [DEBUG] core.topology_builder: 主配接口降级（非错）: 无法从LINE_NAME=10kVLINE126解析出主网站映射
2026-09-07 14:31:54 [DEBUG] core.topology_builder: 主配接口降级（非错）: 无法从LINE_NAME=10kVLINE127解析出主网站映射
2026-09-07 14:31:54 [DEBUG] core.topology_builder: 主配接口降级（非错）: 无法从LINE_NAME=10kVLINE089解析出主网站映射
2026-09-07 14:31:54 [DEBUG] core.topology_builder: 主配接口降级（非错）: 无法从LINE_NAME=10kVLINE090解析出主网站映射
2026-09-07 14:31:54 [DEBUG] core.topology_builder: 主配接口降级（非错）: 无法从LINE_NAME=10kVLINE128解析出主网站映射
2026-09-07 14:31:54 [DEBUG] core.topology_builder: 主配接口降级（非错）: 无法从LINE_NAME=10kVLINE037解析出主网站映射
2026-09-07 14:31:54 [DEBUG] core.topology_builder: 主配接口降级（非错）: 无法从LINE_NAME=10kVLINE071解析出主网站映射
2026-09-07 14:31:54 [DEBUG] core.topology_builder: 主配接口降级（非错）: 无法从LINE_NAME=10kVLINE129解析出主网站映射
2026-09-07 14:31:54 [DEBUG] core.topology_builder: 主配接口降级（非错）: 无法从LINE_NAME=10kVLINE009解析出主网站映射
2026-09-07 14:31:54 [DEBUG] core.topology_builder: 主配接口降级（非错）: 无法从LINE_NAME=10kVLINE022解析出主网站映射
2026-09-07 14:31:54 [DEBUG] core.topology_builder: 主配接口降级（非错）: 无法从LINE_NAME=10kVLINE028解析出主网站映射
2026-09-07 14:31:54 [DEBUG] core.topology_builder: 主配接口降级（非错）: 无法从LINE_NAME=10kVLINE019解析出主网站映射
2026-09-07 14:31:54 [DEBUG] core.topology_builder: 主配接口降级（非错）: 无法从LINE_NAME=10kVLINE015解析出主网站映射
2026-09-07 14:31:54 [DEBUG] core.topology_builder: 主配接口降级（非错）: 无法从LINE_NAME=10kVLINE130解析出主网站映射
2026-09-07 14:31:54 [DEBUG] core.topology_builder: 主配接口降级（非错）: 无法从LINE_NAME=10kVLINE131解析出主网站映射
2026-09-07 14:31:54 [DEBUG] core.topology_builder: 主配接口降级（非错）: 无法从LINE_NAME=10kVLINE132解析出主网站映射
2026-09-07 14:31:54 [DEBUG] core.topology_builder: 主配接口降级（非错）: 无法从LINE_NAME=10kVLINE061解析出主网站映射
2026-09-07 14:31:54 [DEBUG] core.topology_builder: 主配接口降级（非错）: 无法从LINE_NAME=10kVLINE133解析出主网站映射
2026-09-07 14:31:54 [DEBUG] core.topology_builder: 主配接口降级（非错）: 无法从LINE_NAME=10kVLINE075解析出主网站映射
2026-09-07 14:31:54 [DEBUG] core.topology_builder: 主配接口降级（非错）: 无法从LINE_NAME=10kVLINE016解析出主网站映射
2026-09-07 14:31:54 [DEBUG] core.topology_builder: 主配接口降级（非错）: 无法从LINE_NAME=10kVLINE134解析出主网站映射
2026-09-07 14:31:54 [DEBUG] core.topology_builder: 主配接口降级（非错）: 无法从LINE_NAME=10kVLINE043解析出主网站映射
2026-09-07 14:31:54 [DEBUG] core.topology_builder: 主配接口降级（非错）: 无法从LINE_NAME=10kVLINE050解析出主网站映射
2026-09-07 14:31:54 [DEBUG] core.topology_builder: 主配接口降级（非错）: 无法从LINE_NAME=10kVLINE054解析出主网站映射
2026-09-07 14:31:54 [DEBUG] core.topology_builder: 主配接口降级（非错）: 无法从LINE_NAME=10kVLINE040解析出主网站映射
2026-09-07 14:31:54 [DEBUG] core.topology_builder: 主配接口降级（非错）: 无法从LINE_NAME=10kVLINE021解析出主网站映射
2026-09-07 14:31:54 [DEBUG] core.topology_builder: 主配接口降级（非错）: 无法从LINE_NAME=10kVLINE023解析出主网站映射
2026-09-07 14:31:54 [DEBUG] core.topology_builder: 主配接口降级（非错）: 无法从LINE_NAME=10kVLINE020解析出主网站映射
2026-09-07 14:31:54 [DEBUG] core.topology_builder: 主配接口降级（非错）: 无法从LINE_NAME=10kVLINE135解析出主网站映射
2026-09-07 14:31:54 [DEBUG] core.topology_builder: 主配接口降级（非错）: 无法从LINE_NAME=10kVLINE136解析出主网站映射
2026-09-07 14:31:54 [DEBUG] core.topology_builder: 主配接口降级（非错）: 无法从LINE_NAME=10kVLINE097解析出主网站映射
2026-09-07 14:31:54 [DEBUG] core.topology_builder: 主配接口降级（非错）: 无法从LINE_NAME=10kVLINE096解析出主网站映射
2026-09-07 14:31:54 [DEBUG] core.topology_builder: 主配接口降级（非错）: 无法从LINE_NAME=10kVLINE137解析出主网站映射
2026-09-07 14:31:54 [DEBUG] core.topology_builder: 主配接口降级（非错）: 无法从LINE_NAME=10kVLINE138解析出主网站映射
2026-09-07 14:31:54 [DEBUG] core.topology_builder: 主配接口降级（非错）: 无法从LINE_NAME=10kVLINE139解析出主网站映射
2026-09-07 14:31:54 [DEBUG] core.topology_builder: 主配接口降级（非错）: 无法从LINE_NAME=10kVLINE140解析出主网站映射
2026-09-07 14:31:54 [DEBUG] core.topology_builder: 主配接口降级（非错）: 无法从LINE_NAME=10kVLINE141解析出主网站映射
2026-09-07 14:31:54 [DEBUG] core.topology_builder: 主配接口降级（非错）: 无法从LINE_NAME=10kVLINE049解析出主网站映射
2026-09-07 14:31:54 [DEBUG] core.topology_builder: 主配接口降级（非错）: 无法从LINE_NAME=10kVLINE142解析出主网站映射
2026-09-07 14:31:54 [DEBUG] core.topology_builder: 主配接口降级（非错）: 无法从LINE_NAME=10kVLINE042解析出主网站映射
2026-09-07 14:31:54 [DEBUG] core.topology_builder: 主配接口降级（非错）: 无法从LINE_NAME=10kVLINE056解析出主网站映射
2026-09-07 14:31:54 [DEBUG] core.topology_builder: 主配接口降级（非错）: 无法从LINE_NAME=10kVLINE143解析出主网站映射
2026-09-07 14:31:54 [DEBUG] core.topology_builder: 主配接口降级（非错）: 无法从LINE_NAME=10kVLINE144解析出主网站映射
2026-09-07 14:31:54 [DEBUG] core.topology_builder: 主配接口降级（非错）: 无法从LINE_NAME=10kVLINE070解析出主网站映射
2026-09-07 14:31:54 [DEBUG] core.topology_builder: 主配接口降级（非错）: 无法从LINE_NAME=10kVLINE069解析出主网站映射
2026-09-07 14:31:54 [DEBUG] core.topology_builder: 主配接口降级（非错）: 无法从LINE_NAME=10kVLINE145解析出主网站映射
2026-09-07 14:31:54 [DEBUG] core.topology_builder: 主配接口降级（非错）: 无法从LINE_NAME=10kVLINE146解析出主网站映射
2026-09-07 14:31:54 [DEBUG] core.topology_builder: 主配接口降级（非错）: 无法从LINE_NAME=10kVLINE147解析出主网站映射
2026-09-07 14:31:54 [DEBUG] core.topology_builder: 主配接口降级（非错）: 无法从LINE_NAME=10kVLINE148解析出主网站映射
2026-09-07 14:31:54 [DEBUG] core.topology_builder: 主配接口降级（非错）: 无法从LINE_NAME=10kVLINE025解析出主网站映射
2026-09-07 14:31:54 [DEBUG] core.topology_builder: 主配接口降级（非错）: 无法从LINE_NAME=20kVLINE149解析出主网站映射
2026-09-07 14:31:54 [DEBUG] core.topology_builder: 主配接口降级（非错）: 无法从LINE_NAME=10kVLINE083解析出主网站映射
2026-09-07 14:31:54 [DEBUG] core.topology_builder: 主配接口降级（非错）: 无法从LINE_NAME=20kVLINE150解析出主网站映射
2026-09-07 14:31:54 [DEBUG] core.topology_builder: 主配接口降级（非错）: 无法从LINE_NAME=20kVLINE151解析出主网站映射
2026-09-07 14:31:54 [DEBUG] core.topology_builder: 主配接口降级（非错）: 无法从LINE_NAME=20kVLINE152解析出主网站映射
2026-09-07 14:31:54 [DEBUG] core.topology_builder: 主配接口降级（非错）: 无法从LINE_NAME=10kVLINE046解析出主网站映射
2026-09-07 14:31:54 [DEBUG] core.topology_builder: 主配接口降级（非错）: 无法从LINE_NAME=10kVLINE045解析出主网站映射
2026-09-07 14:31:54 [DEBUG] core.topology_builder: 主配接口降级（非错）: 无法从LINE_NAME=10kVLINE153解析出主网站映射
2026-09-07 14:31:54 [DEBUG] core.topology_builder: 主配接口降级（非错）: 无法从LINE_NAME=10kVLINE154解析出主网站映射
2026-09-07 14:31:54 [DEBUG] core.topology_builder: 主配接口降级（非错）: 无法从LINE_NAME=10kVLINE155解析出主网站映射
2026-09-07 14:31:54 [DEBUG] core.topology_builder: 主配接口降级（非错）: 无法从LINE_NAME=10kVLINE156解析出主网站映射
2026-09-07 14:31:54 [DEBUG] core.topology_builder: 主配接口降级（非错）: 无法从LINE_NAME=10kVLINE058解析出主网站映射
2026-09-07 14:31:54 [DEBUG] core.topology_builder: 主配接口降级（非错）: 无法从LINE_NAME=10kVLINE059解析出主网站映射
2026-09-07 14:31:54 [DEBUG] core.topology_builder: 主配接口降级（非错）: 无法从LINE_NAME=10kVLINE157解析出主网站映射
2026-09-07 14:31:54 [DEBUG] core.topology_builder: 主配接口降级（非错）: 无法从LINE_NAME=10kVLINE088解析出主网站映射
2026-09-07 14:31:54 [DEBUG] core.topology_builder: 主配接口降级（非错）: 无法从LINE_NAME=10kVLINE121_185解析出主网站映射
2026-09-07 14:31:54 [DEBUG] core.topology_builder: 主配接口降级（非错）: 无法从LINE_NAME=10kVLINE081解析出主网站映射
2026-09-07 14:31:54 [DEBUG] core.topology_builder: 主配接口降级（非错）: 无法从LINE_NAME=10kVLINE158解析出主网站映射
2026-09-07 14:31:54 [DEBUG] core.topology_builder: 主配接口降级（非错）: 无法从LINE_NAME=10kVLINE159解析出主网站映射
2026-09-07 14:31:54 [DEBUG] core.topology_builder: 主配接口降级（非错）: 无法从LINE_NAME=10kVLINE160解析出主网站映射
2026-09-07 14:31:54 [DEBUG] core.topology_builder: 主配接口降级（非错）: 无法从LINE_NAME=10kVLINE161解析出主网站映射
2026-09-07 14:31:54 [DEBUG] core.topology_builder: 主配接口降级（非错）: 无法从LINE_NAME=10kVLINE162解析出主网站映射
2026-09-07 14:31:54 [DEBUG] core.topology_builder: 主配接口降级（非错）: 无法从LINE_NAME=10kVLINE163解析出主网站映射
2026-09-07 14:31:54 [DEBUG] core.topology_builder: 主配接口降级（非错）: 无法从LINE_NAME=10kVLINE164解析出主网站映射
2026-09-07 14:31:54 [DEBUG] core.topology_builder: 主配接口降级（非错）: 无法从LINE_NAME=10kVLINE165解析出主网站映射
2026-09-07 14:31:54 [DEBUG] core.topology_builder: 主配接口降级（非错）: 无法从LINE_NAME=10kVLINE166解析出主网站映射
2026-09-07 14:31:54 [DEBUG] core.topology_builder: 主配接口降级（非错）: 无法从LINE_NAME=10kVLINE167解析出主网站映射
2026-09-07 14:31:54 [DEBUG] core.topology_builder: 主配接口降级（非错）: 无法从LINE_NAME=10kVLINE168解析出主网站映射
2026-09-07 14:31:54 [DEBUG] core.topology_builder: 主配接口降级（非错）: 无法从LINE_NAME=10kVLINE014解析出主网站映射
2026-09-07 14:31:54 [DEBUG] core.topology_builder: 主配接口降级（非错）: 无法从LINE_NAME=10kVLINE169解析出主网站映射
2026-09-07 14:31:54 [DEBUG] core.topology_builder: 主配接口降级（非错）: 无法从LINE_NAME=10kVLINE170解析出主网站映射
2026-09-07 14:31:54 [DEBUG] core.topology_builder: 主配接口降级（非错）: 无法从LINE_NAME=10kVLINE171解析出主网站映射
2026-09-07 14:31:54 [DEBUG] core.topology_builder: 主配接口降级（非错）: 无法从LINE_NAME=10kVLINE172解析出主网站映射
2026-09-07 14:31:54 [DEBUG] core.topology_builder: 主配接口降级（非错）: 无法从LINE_NAME=10kVLINE173解析出主网站映射
2026-09-07 14:31:54 [DEBUG] core.topology_builder: 主配接口降级（非错）: 无法从LINE_NAME=10kVLINE174解析出主网站映射
2026-09-07 14:31:54 [DEBUG] core.topology_builder: 主配接口降级（非错）: 无法从LINE_NAME=10kVLINE175解析出主网站映射
2026-09-07 14:31:54 [DEBUG] core.topology_builder: 主配接口降级（非错）: 无法从LINE_NAME=10kVLINE176解析出主网站映射
2026-09-07 14:31:54 [DEBUG] core.topology_builder: 主配接口降级（非错）: 无法从LINE_NAME=10kVLINE177解析出主网站映射
2026-09-07 14:31:54 [DEBUG] core.topology_builder: 主配接口降级（非错）: 无法从LINE_NAME=10kVLINE044解析出主网站映射
2026-09-07 14:31:54 [DEBUG] core.topology_builder: 主配接口降级（非错）: 无法从LINE_NAME=10kVLINE178解析出主网站映射
2026-09-07 14:31:54 [DEBUG] core.topology_builder: 主配接口降级（非错）: 无法从LINE_NAME=10kVLINE179解析出主网站映射
2026-09-07 14:31:54 [DEBUG] core.topology_builder: 主配接口降级（非错）: 无法从LINE_NAME=10kVLINE180解析出主网站映射
2026-09-07 14:31:54 [DEBUG] core.topology_builder: 主配接口降级（非错）: 无法从LINE_NAME=20kVLINE181解析出主网站映射
2026-09-07 14:31:54 [DEBUG] core.topology_builder: 主配接口降级（非错）: 无法从LINE_NAME=10kVLINE182解析出主网站映射
2026-09-07 14:31:54 [DEBUG] core.topology_builder: 主配接口降级（非错）: 无法从LINE_NAME=10kVLINE183解析出主网站映射
2026-09-07 14:31:54 [DEBUG] core.topology_builder: 主配接口降级（非错）: 无法从LINE_NAME=10kVLINE184解析出主网站映射
2026-09-07 14:31:54 [DEBUG] core.topology_builder: 主配接口降级（非错）: 无法从LINE_NAME=10kVLINE186解析出主网站映射
2026-09-07 14:31:54 [DEBUG] core.topology_builder: 主配接口降级（非错）: 无法从LINE_NAME=10kVLINE187解析出主网站映射
2026-09-07 14:31:54 [DEBUG] core.topology_builder: 主配接口降级（非错）: 无法从LINE_NAME=10kVLINE188解析出主网站映射
2026-09-07 14:31:54 [DEBUG] core.topology_builder: 主配接口降级（非错）: 无法从LINE_NAME=10kVLINE189解析出主网站映射
2026-09-07 14:31:54 [DEBUG] core.topology_builder: 主配接口降级（非错）: 无法从LINE_NAME=10kVLINE190解析出主网站映射
2026-09-07 14:31:54 [DEBUG] core.topology_builder: 主配接口降级（非错）: 无法从LINE_NAME=10kVLINE191解析出主网站映射
2026-09-07 14:31:54 [DEBUG] core.topology_builder: 主配接口降级（非错）: 无法从LINE_NAME=10kVLINE192解析出主网站映射
2026-09-07 14:31:55 [DEBUG] core.topology_builder: 主配接口降级（非错）: 无法从LINE_NAME=10kVLINE193解析出主网站映射
2026-09-07 14:31:55 [DEBUG] core.topology_builder: 主配接口降级（非错）: 无法从LINE_NAME=10kVLINE194解析出主网站映射
2026-09-07 14:31:55 [DEBUG] core.topology_builder: 主配接口降级（非错）: 无法从LINE_NAME=10kVLINE195解析出主网站映射
2026-09-07 14:31:55 [DEBUG] core.topology_builder: 主配接口降级（非错）: 无法从LINE_NAME=10kVLINE196解析出主网站映射
2026-09-07 14:31:55 [DEBUG] core.topology_builder: 主配接口降级（非错）: 无法从LINE_NAME=10kVLINE197解析出主网站映射
2026-09-07 14:31:55 [DEBUG] core.topology_builder: 主配接口降级（非错）: 无法从LINE_NAME=10kVLINE198解析出主网站映射
2026-09-07 14:31:55 [DEBUG] core.topology_builder: 主配接口降级（非错）: 无法从LINE_NAME=10kVLINE199解析出主网站映射
2026-09-07 14:31:55 [DEBUG] core.topology_builder: 主配接口降级（非错）: 无法从LINE_NAME=10kVLINE063解析出主网站映射
2026-09-07 14:31:55 [DEBUG] core.topology_builder: 主配接口降级（非错）: 无法从LINE_NAME=10kVLINE200解析出主网站映射
2026-09-07 14:31:55 [DEBUG] core.topology_builder: 主配接口降级（非错）: 无法从LINE_NAME=10kVLINE201解析出主网站映射
2026-09-07 14:31:55 [DEBUG] core.topology_builder: 主配接口降级（非错）: 无法从LINE_NAME=10kVLINE202解析出主网站映射
2026-09-07 14:31:55 [DEBUG] core.topology_builder: 主配接口降级（非错）: 无法从LINE_NAME=10kVLINE203解析出主网站映射
2026-09-07 14:31:55 [DEBUG] core.topology_builder: 主配接口降级（非错）: 无法从LINE_NAME=10kVLINE204解析出主网站映射
2026-09-07 14:31:55 [DEBUG] core.topology_builder: 主配接口降级（非错）: 无法从LINE_NAME=10kVLINE205解析出主网站映射
2026-09-07 14:31:55 [DEBUG] core.topology_builder: 主配接口降级（非错）: 无法从LINE_NAME=10kVLINE051解析出主网站映射
2026-09-07 14:31:55 [DEBUG] core.topology_builder: 主配接口降级（非错）: 无法从LINE_NAME=10kVLINE187解析出主网站映射
2026-09-07 14:31:55 [DEBUG] core.topology_builder: 主配接口降级（非错）: 无法从LINE_NAME=10kVLINE207解析出主网站映射
2026-09-07 14:31:55 [DEBUG] core.topology_builder: 主配接口降级（非错）: 无法从LINE_NAME=10kVLINE208解析出主网站映射
2026-09-07 14:31:55 [DEBUG] core.topology_builder: 主配接口降级（非错）: 无法从LINE_NAME=10kVLINE209解析出主网站映射
2026-09-07 14:31:55 [DEBUG] core.topology_builder: 主配接口降级（非错）: 无法从LINE_NAME=10kVLINE210解析出主网站映射
2026-09-07 14:31:55 [DEBUG] core.topology_builder: 主配接口降级（非错）: 无法从LINE_NAME=10kVLINE212解析出主网站映射
2026-09-07 14:31:55 [DEBUG] core.topology_builder: 主配接口降级（非错）: 无法从LINE_NAME=10kVLINE213解析出主网站映射
2026-09-07 14:31:55 [DEBUG] core.topology_builder: 主配接口降级（非错）: 无法从LINE_NAME=LINE215解析出主网站映射
2026-09-07 14:31:55 [DEBUG] core.topology_builder: 主配接口降级（非错）: 无法从LINE_NAME=LINE216解析出主网站映射
2026-09-07 14:31:55 [INFO] core.topology_builder: 主配接口校验：通过=184 失败=5
2026-09-07 14:31:55 [INFO] core.topology_builder: [主配接口校验] 4.1/4.2 命中缺陷: 5
2026-09-07 14:31:55 [INFO] core.topology_builder: [电气逻辑校验] RULE-E01~E07 命中:3272
2026-09-07 14:31:55 [INFO] core.topology_builder: 开始执行拓扑异常检测：悬空、孤岛、断点
2026-09-07 14:32:00 [INFO] core.topology_builder: 主网异常数量：0，断点数量：0
2026-09-07 14:32:00 [INFO] core.topology_builder: 配网异常数量：9565，断点数量：561
2026-09-07 14:32:10 [INFO] core.score_engine: 评分结果(规范公式): 设备=50919 缺陷=1755 维度扣分=25.00 score_before=75.0 score_after=75.0
2026-09-07 14:32:11 [INFO] core.enhanced_report_generator: [增强报告] 开始为 LINE215 生成增强报告
2026-09-07 14:32:11 [INFO] core.enhanced_report_generator: [增强报告] 评估数据源质量...
2026-09-07 14:32:11 [INFO] core.physical_constraint_checker: [物理约束] 数据源可信度: 遥测=0.11, SVG=0.77, 数据库=0.90
2026-09-07 14:32:11 [INFO] core.enhanced_report_generator: [增强报告] 执行物理约束校验...
2026-09-07 14:32:11 [INFO] core.physical_constraint_checker: [物理约束] 数据源可信度: 遥测=0.11, SVG=0.77, 数据库=0.90
2026-09-07 14:32:11 [INFO] core.enhanced_report_generator: [增强报告] 处理 1755 个缺陷...
2026-09-07 14:32:11 [INFO] core.enhanced_report_generator: [增强报告] 排序修复方案...
2026-09-07 14:32:11 [INFO] core.repair_ranking_engine: [修复排序] 处理1752个修复候选, 最高优先级=0.500(TMP00044547 <-> TMP00046078)
2026-09-07 14:32:11 [INFO] core.enhanced_report_generator: [增强报告] 生成完成: 缺陷1755个, 高风险0个, 确认641个
2026-09-07 14:32:12 [INFO] core.feeder_topology_analysis: Sheet3 联络开关: feeder=TMP00000188 识别到 1 个联络开关
2026-09-07 14:32:12 [DEBUG] core.feeder_topology_analysis: P1-P7 引擎产生 15 条断点候选
2026-09-07 14:32:12 [INFO] core.feeder_topology_analysis: Sheet2 断点定位: feeder=TMP00000188 共 378 条 (P1-P7 优先级排序)
2026-09-07 14:32:12 [INFO] core.feeder_topology_analysis: Sheet4 合环识别: feeder=TMP00000188 共 2 条
2026-09-07 14:32:36 [INFO] core.score_engine: 评分结果(规范公式): 设备=50919 缺陷=1836 维度扣分=25.00 score_before=75.0 score_after=75.0
2026-09-07 14:32:36 [INFO] core.enhanced_report_generator: [增强报告] 开始为 LINE216 生成增强报告
2026-09-07 14:32:36 [INFO] core.enhanced_report_generator: [增强报告] 评估数据源质量...
2026-09-07 14:32:36 [INFO] core.physical_constraint_checker: [物理约束] 数据源可信度: 遥测=0.11, SVG=0.77, 数据库=0.90
2026-09-07 14:32:36 [INFO] core.enhanced_report_generator: [增强报告] 执行物理约束校验...
2026-09-07 14:32:36 [INFO] core.physical_constraint_checker: [物理约束] 数据源可信度: 遥测=0.11, SVG=0.77, 数据库=0.90
2026-09-07 14:32:36 [INFO] core.enhanced_report_generator: [增强报告] 处理 1836 个缺陷...
2026-09-07 14:32:36 [INFO] core.enhanced_report_generator: [增强报告] 排序修复方案...
2026-09-07 14:32:36 [INFO] core.repair_ranking_engine: [修复排序] 处理1836个修复候选, 最高优先级=0.500(TMP00313565 <-> TMP00046158)
2026-09-07 14:32:36 [INFO] core.enhanced_report_generator: [增强报告] 生成完成: 缺陷1836个, 高风险0个, 确认241个
2026-09-07 14:32:38 [INFO] core.feeder_topology_analysis: Sheet3 联络开关: feeder=TMP00000189 识别到 1 个联络开关
2026-09-07 14:32:38 [DEBUG] core.feeder_topology_analysis: P1-P7 引擎产生 54 条断点候选
2026-09-07 14:32:38 [INFO] core.feeder_topology_analysis: Sheet2 断点定位: feeder=TMP00000189 共 256 条 (P1-P7 优先级排序)
2026-09-07 14:32:38 [INFO] core.feeder_topology_analysis: Sheet4 合环识别: feeder=TMP00000189 共 9 条
2026-09-07 16:54:46 [INFO] core.topology_builder: 主配数据拆分完成：主网设备=1167 配网设备=50744 主网线段=223 配网线段=189 主网站=10 遥信遥测=5829 ZWMEA=442 ZWSIGNAL=1567
2026-09-07 16:54:46 [INFO] core.topology_builder: 主网设备数量：1167
2026-09-07 16:54:46 [INFO] core.topology_builder: 配网设备数量：50744
2026-09-07 16:54:46 [INFO] core.topology_builder: 主网线路(ZLINEEND)数量：223
2026-09-07 16:54:46 [INFO] core.topology_builder: 配网线路(PWFEEDERLINE)数量：189
2026-09-07 16:54:46 [INFO] core.topology_builder: 主网站点(ZWSUBSTATION)数量：10
2026-09-07 16:54:46 [INFO] core.topology_builder: 遥信遥测(PWREAL)记录数：5829
2026-09-07 16:54:46 [INFO] core.topology_builder: 主网遥测(ZWMEA)：442 主网遥信(ZWSIGNAL)：1567
2026-09-07 16:54:46 [INFO] core.topology_builder: [Builder] 正在添加 1167 个主网设备和 50744 个配网设备...
2026-09-07 16:54:46 [INFO] core.topology_builder: 主网电源设备数=47
2026-09-07 16:54:46 [INFO] core.topology_builder: 主网电源设备识别: 47 台
2026-09-07 16:54:47 [DEBUG] core.topology_builder: 已处理 10000 个配网设备
2026-09-07 16:54:48 [DEBUG] core.topology_builder: 已处理 20000 个配网设备
2026-09-07 16:54:49 [DEBUG] core.topology_builder: 已处理 30000 个配网设备
2026-09-07 16:54:50 [DEBUG] core.topology_builder: 已处理 40000 个配网设备
2026-09-07 16:54:51 [DEBUG] core.topology_builder: 已处理 50000 个配网设备
2026-09-07 16:54:51 [INFO] core.topology_builder: 配网电源设备数=0
2026-09-07 16:54:51 [INFO] core.topology_builder: 配网电源设备识别: 0 台
2026-09-07 16:54:51 [INFO] core.topology_builder: 主配电源注入（S1修复版）: 1167 台主网设备标记为电源（不再整条馈线注入）
2026-09-07 16:54:51 [INFO] core.topology_builder:   ZWLINEEND 解析出馈线→主网站映射数: 0
2026-09-07 16:55:01 [INFO] core.topology_builder: [Builder] 配网真实端子数量:76354
2026-09-07 16:55:01 [INFO] core.topology_builder: [Builder] 主网真实端子数量:1562
2026-09-07 16:55:09 [INFO] core.topology_builder: [S2修复] 主配物理连接跨边建立: 324 条, 主网边界设备并入: 175 台
2026-09-07 16:55:09 [INFO] core.topology_builder: [端子建边完成] 配网拓扑边数量：117773
2026-09-07 16:55:09 [INFO] core.topology_builder: [端子建边完成] 主网拓扑边数量：2632
2026-09-07 16:55:16 [INFO] core.measure_preprocess: [MeasurePreprocess] 遥信实测开关数量：6666
2026-09-07 16:55:16 [INFO] core.measure_preprocess: [MeasurePreprocess] 默认合位开关数量：19813
2026-09-07 16:55:16 [INFO] core.topology_builder: [遥信预处理统计] 总开关状态映射条目:26479 实际挂载到设备:25637
2026-09-07 16:55:16 [INFO] core.topology_builder: 遥信实测开关:6666，赛题默认合位推演开关:19813
2026-09-07 16:55:27 [DEBUG] core.topology_builder: 主配接口降级（非错）: 无法从LINE_NAME=10kVLINE098解析出主网站映射
2026-09-07 16:55:27 [DEBUG] core.topology_builder: 主配接口降级（非错）: 无法从LINE_NAME=10kVLINE060解析出主网站映射
2026-09-07 16:55:27 [DEBUG] core.topology_builder: 主配接口降级（非错）: 无法从LINE_NAME=10kVLINE004解析出主网站映射
2026-09-07 16:55:27 [DEBUG] core.topology_builder: 主配接口降级（非错）: 无法从LINE_NAME=10kVLINE082解析出主网站映射
2026-09-07 16:55:27 [DEBUG] core.topology_builder: 主配接口降级（非错）: 无法从LINE_NAME=10kVLINE018解析出主网站映射
2026-09-07 16:55:27 [DEBUG] core.topology_builder: 主配接口降级（非错）: 无法从LINE_NAME=10kVLINE074解析出主网站映射
2026-09-07 16:55:27 [DEBUG] core.topology_builder: 主配接口降级（非错）: 无法从LINE_NAME=10kVLINE099解析出主网站映射
2026-09-07 16:55:27 [DEBUG] core.topology_builder: 主配接口降级（非错）: 无法从LINE_NAME=10kVLINE041解析出主网站映射
2026-09-07 16:55:27 [DEBUG] core.topology_builder: 主配接口降级（非错）: 无法从LINE_NAME=10kVLINE086解析出主网站映射
2026-09-07 16:55:27 [DEBUG] core.topology_builder: 主配接口降级（非错）: 无法从LINE_NAME=10kVLINE073解析出主网站映射
2026-09-07 16:55:27 [DEBUG] core.topology_builder: 主配接口降级（非错）: 无法从LINE_NAME=10kVLINE033解析出主网站映射
2026-09-07 16:55:27 [DEBUG] core.topology_builder: 主配接口降级（非错）: 无法从LINE_NAME=10kVLINE091解析出主网站映射
2026-09-07 16:55:27 [DEBUG] core.topology_builder: 主配接口降级（非错）: 无法从LINE_NAME=10kVLINE100解析出主网站映射
2026-09-07 16:55:27 [DEBUG] core.topology_builder: 主配接口降级（非错）: 无法从LINE_NAME=10kVLINE013解析出主网站映射
2026-09-07 16:55:27 [DEBUG] core.topology_builder: 主配接口降级（非错）: 无法从LINE_NAME=10kVLINE101解析出主网站映射
2026-09-07 16:55:27 [DEBUG] core.topology_builder: 主配接口降级（非错）: 无法从LINE_NAME=10kVLINE035解析出主网站映射
2026-09-07 16:55:27 [DEBUG] core.topology_builder: 主配接口降级（非错）: 无法从LINE_NAME=10kVLINE102解析出主网站映射
2026-09-07 16:55:27 [DEBUG] core.topology_builder: 主配接口降级（非错）: 无法从LINE_NAME=10kVLINE103解析出主网站映射
2026-09-07 16:55:27 [DEBUG] core.topology_builder: 主配接口降级（非错）: 无法从LINE_NAME=10kVLINE055解析出主网站映射
2026-09-07 16:55:27 [DEBUG] core.topology_builder: 主配接口降级（非错）: 无法从LINE_NAME=10kVLINE024解析出主网站映射
2026-09-07 16:55:27 [DEBUG] core.topology_builder: 主配接口降级（非错）: 无法从LINE_NAME=10kVLINE084解析出主网站映射
2026-09-07 16:55:27 [DEBUG] core.topology_builder: 主配接口降级（非错）: 无法从LINE_NAME=10kVLINE087解析出主网站映射
2026-09-07 16:55:27 [DEBUG] core.topology_builder: 主配接口降级（非错）: 无法从LINE_NAME=20kVLINE104解析出主网站映射
2026-09-07 16:55:27 [DEBUG] core.topology_builder: 主配接口降级（非错）: 无法从LINE_NAME=10kVLINE012解析出主网站映射
2026-09-07 16:55:27 [DEBUG] core.topology_builder: 主配接口降级（非错）: 无法从LINE_NAME=10kVLINE105解析出主网站映射
2026-09-07 16:55:27 [DEBUG] core.topology_builder: 主配接口降级（非错）: 无法从LINE_NAME=10kVLINE106解析出主网站映射
2026-09-07 16:55:27 [DEBUG] core.topology_builder: 主配接口降级（非错）: 无法从LINE_NAME=10kVLINE094解析出主网站映射
2026-09-07 16:55:27 [DEBUG] core.topology_builder: 主配接口降级（非错）: 无法从LINE_NAME=10kVLINE107解析出主网站映射
2026-09-07 16:55:27 [DEBUG] core.topology_builder: 主配接口降级（非错）: 无法从LINE_NAME=10kVLINE053解析出主网站映射
2026-09-07 16:55:27 [DEBUG] core.topology_builder: 主配接口降级（非错）: 无法从LINE_NAME=20kVLINE108解析出主网站映射
2026-09-07 16:55:27 [DEBUG] core.topology_builder: 主配接口降级（非错）: 无法从LINE_NAME=20kVLINE109解析出主网站映射
2026-09-07 16:55:27 [DEBUG] core.topology_builder: 主配接口降级（非错）: 无法从LINE_NAME=10kVLINE110解析出主网站映射
2026-09-07 16:55:27 [DEBUG] core.topology_builder: 主配接口降级（非错）: 无法从LINE_NAME=10kVLINE111解析出主网站映射
2026-09-07 16:55:27 [DEBUG] core.topology_builder: 主配接口降级（非错）: 无法从LINE_NAME=10kVLINE112解析出主网站映射
2026-09-07 16:55:27 [DEBUG] core.topology_builder: 主配接口降级（非错）: 无法从LINE_NAME=20kVLINE113解析出主网站映射
2026-09-07 16:55:27 [DEBUG] core.topology_builder: 主配接口降级（非错）: 无法从LINE_NAME=10kVLINE026解析出主网站映射
2026-09-07 16:55:27 [DEBUG] core.topology_builder: 主配接口降级（非错）: 无法从LINE_NAME=10kVLINE048解析出主网站映射
2026-09-07 16:55:27 [DEBUG] core.topology_builder: 主配接口降级（非错）: 无法从LINE_NAME=10kVLINE003解析出主网站映射
2026-09-07 16:55:27 [DEBUG] core.topology_builder: 主配接口降级（非错）: 无法从LINE_NAME=10kVLINE057解析出主网站映射
2026-09-07 16:55:27 [DEBUG] core.topology_builder: 主配接口降级（非错）: 无法从LINE_NAME=10kVLINE077解析出主网站映射
2026-09-07 16:55:27 [DEBUG] core.topology_builder: 主配接口降级（非错）: 无法从LINE_NAME=10kVLINE114解析出主网站映射
2026-09-07 16:55:27 [DEBUG] core.topology_builder: 主配接口降级（非错）: 无法从LINE_NAME=10kVLINE027解析出主网站映射
2026-09-07 16:55:27 [DEBUG] core.topology_builder: 主配接口降级（非错）: 无法从LINE_NAME=10kVLINE115解析出主网站映射
2026-09-07 16:55:27 [DEBUG] core.topology_builder: 主配接口降级（非错）: 无法从LINE_NAME=10kVLINE116解析出主网站映射
2026-09-07 16:55:27 [DEBUG] core.topology_builder: 主配接口降级（非错）: 无法从LINE_NAME=10kVLINE117解析出主网站映射
2026-09-07 16:55:27 [DEBUG] core.topology_builder: 主配接口降级（非错）: 无法从LINE_NAME=10kVLINE118解析出主网站映射
2026-09-07 16:55:27 [DEBUG] core.topology_builder: 主配接口降级（非错）: 无法从LINE_NAME=10kVLINE038解析出主网站映射
2026-09-07 16:55:27 [DEBUG] core.topology_builder: 主配接口降级（非错）: 无法从LINE_NAME=10kVLINE119解析出主网站映射
2026-09-07 16:55:27 [DEBUG] core.topology_builder: 主配接口降级（非错）: 无法从LINE_NAME=20kVLINE120解析出主网站映射
2026-09-07 16:55:27 [DEBUG] core.topology_builder: 主配接口降级（非错）: 无法从LINE_NAME=10kVLINE121_195解析出主网站映射
2026-09-07 16:55:27 [DEBUG] core.topology_builder: 主配接口降级（非错）: 无法从LINE_NAME=10kVLINE076解析出主网站映射
2026-09-07 16:55:27 [DEBUG] core.topology_builder: 主配接口降级（非错）: 无法从LINE_NAME=10kVLINE093解析出主网站映射
2026-09-07 16:55:27 [DEBUG] core.topology_builder: 主配接口降级（非错）: 无法从LINE_NAME=20kVLINE122解析出主网站映射
2026-09-07 16:55:27 [DEBUG] core.topology_builder: 主配接口降级（非错）: 无法从LINE_NAME=10kVLINE123解析出主网站映射
2026-09-07 16:55:27 [DEBUG] core.topology_builder: 主配接口降级（非错）: 无法从LINE_NAME=10kVLINE039解析出主网站映射
2026-09-07 16:55:27 [DEBUG] core.topology_builder: 主配接口降级（非错）: 无法从LINE_NAME=10kVLINE124解析出主网站映射
2026-09-07 16:55:27 [DEBUG] core.topology_builder: 主配接口降级（非错）: 无法从LINE_NAME=10kVLINE125解析出主网站映射
2026-09-07 16:55:27 [DEBUG] core.topology_builder: 主配接口降级（非错）: 无法从LINE_NAME=10kVLINE126解析出主网站映射
2026-09-07 16:55:27 [DEBUG] core.topology_builder: 主配接口降级（非错）: 无法从LINE_NAME=10kVLINE127解析出主网站映射
2026-09-07 16:55:27 [DEBUG] core.topology_builder: 主配接口降级（非错）: 无法从LINE_NAME=10kVLINE089解析出主网站映射
2026-09-07 16:55:27 [DEBUG] core.topology_builder: 主配接口降级（非错）: 无法从LINE_NAME=10kVLINE090解析出主网站映射
2026-09-07 16:55:27 [DEBUG] core.topology_builder: 主配接口降级（非错）: 无法从LINE_NAME=10kVLINE128解析出主网站映射
2026-09-07 16:55:27 [DEBUG] core.topology_builder: 主配接口降级（非错）: 无法从LINE_NAME=10kVLINE037解析出主网站映射
2026-09-07 16:55:27 [DEBUG] core.topology_builder: 主配接口降级（非错）: 无法从LINE_NAME=10kVLINE071解析出主网站映射
2026-09-07 16:55:27 [DEBUG] core.topology_builder: 主配接口降级（非错）: 无法从LINE_NAME=10kVLINE129解析出主网站映射
2026-09-07 16:55:27 [DEBUG] core.topology_builder: 主配接口降级（非错）: 无法从LINE_NAME=10kVLINE009解析出主网站映射
2026-09-07 16:55:27 [DEBUG] core.topology_builder: 主配接口降级（非错）: 无法从LINE_NAME=10kVLINE022解析出主网站映射
2026-09-07 16:55:27 [DEBUG] core.topology_builder: 主配接口降级（非错）: 无法从LINE_NAME=10kVLINE028解析出主网站映射
2026-09-07 16:55:27 [DEBUG] core.topology_builder: 主配接口降级（非错）: 无法从LINE_NAME=10kVLINE019解析出主网站映射
2026-09-07 16:55:27 [DEBUG] core.topology_builder: 主配接口降级（非错）: 无法从LINE_NAME=10kVLINE015解析出主网站映射
2026-09-07 16:55:27 [DEBUG] core.topology_builder: 主配接口降级（非错）: 无法从LINE_NAME=10kVLINE130解析出主网站映射
2026-09-07 16:55:27 [DEBUG] core.topology_builder: 主配接口降级（非错）: 无法从LINE_NAME=10kVLINE131解析出主网站映射
2026-09-07 16:55:27 [DEBUG] core.topology_builder: 主配接口降级（非错）: 无法从LINE_NAME=10kVLINE132解析出主网站映射
2026-09-07 16:55:27 [DEBUG] core.topology_builder: 主配接口降级（非错）: 无法从LINE_NAME=10kVLINE061解析出主网站映射
2026-09-07 16:55:27 [DEBUG] core.topology_builder: 主配接口降级（非错）: 无法从LINE_NAME=10kVLINE133解析出主网站映射
2026-09-07 16:55:27 [DEBUG] core.topology_builder: 主配接口降级（非错）: 无法从LINE_NAME=10kVLINE075解析出主网站映射
2026-09-07 16:55:27 [DEBUG] core.topology_builder: 主配接口降级（非错）: 无法从LINE_NAME=10kVLINE016解析出主网站映射
2026-09-07 16:55:27 [DEBUG] core.topology_builder: 主配接口降级（非错）: 无法从LINE_NAME=10kVLINE134解析出主网站映射
2026-09-07 16:55:27 [DEBUG] core.topology_builder: 主配接口降级（非错）: 无法从LINE_NAME=10kVLINE043解析出主网站映射
2026-09-07 16:55:27 [DEBUG] core.topology_builder: 主配接口降级（非错）: 无法从LINE_NAME=10kVLINE050解析出主网站映射
2026-09-07 16:55:27 [DEBUG] core.topology_builder: 主配接口降级（非错）: 无法从LINE_NAME=10kVLINE054解析出主网站映射
2026-09-07 16:55:27 [DEBUG] core.topology_builder: 主配接口降级（非错）: 无法从LINE_NAME=10kVLINE040解析出主网站映射
2026-09-07 16:55:27 [DEBUG] core.topology_builder: 主配接口降级（非错）: 无法从LINE_NAME=10kVLINE021解析出主网站映射
2026-09-07 16:55:27 [DEBUG] core.topology_builder: 主配接口降级（非错）: 无法从LINE_NAME=10kVLINE023解析出主网站映射
2026-09-07 16:55:27 [DEBUG] core.topology_builder: 主配接口降级（非错）: 无法从LINE_NAME=10kVLINE020解析出主网站映射
2026-09-07 16:55:27 [DEBUG] core.topology_builder: 主配接口降级（非错）: 无法从LINE_NAME=10kVLINE135解析出主网站映射
2026-09-07 16:55:27 [DEBUG] core.topology_builder: 主配接口降级（非错）: 无法从LINE_NAME=10kVLINE136解析出主网站映射
2026-09-07 16:55:27 [DEBUG] core.topology_builder: 主配接口降级（非错）: 无法从LINE_NAME=10kVLINE097解析出主网站映射
2026-09-07 16:55:27 [DEBUG] core.topology_builder: 主配接口降级（非错）: 无法从LINE_NAME=10kVLINE096解析出主网站映射
2026-09-07 16:55:27 [DEBUG] core.topology_builder: 主配接口降级（非错）: 无法从LINE_NAME=10kVLINE137解析出主网站映射
2026-09-07 16:55:27 [DEBUG] core.topology_builder: 主配接口降级（非错）: 无法从LINE_NAME=10kVLINE138解析出主网站映射
2026-09-07 16:55:27 [DEBUG] core.topology_builder: 主配接口降级（非错）: 无法从LINE_NAME=10kVLINE139解析出主网站映射
2026-09-07 16:55:27 [DEBUG] core.topology_builder: 主配接口降级（非错）: 无法从LINE_NAME=10kVLINE140解析出主网站映射
2026-09-07 16:55:27 [DEBUG] core.topology_builder: 主配接口降级（非错）: 无法从LINE_NAME=10kVLINE141解析出主网站映射
2026-09-07 16:55:27 [DEBUG] core.topology_builder: 主配接口降级（非错）: 无法从LINE_NAME=10kVLINE049解析出主网站映射
2026-09-07 16:55:27 [DEBUG] core.topology_builder: 主配接口降级（非错）: 无法从LINE_NAME=10kVLINE142解析出主网站映射
2026-09-07 16:55:27 [DEBUG] core.topology_builder: 主配接口降级（非错）: 无法从LINE_NAME=10kVLINE042解析出主网站映射
2026-09-07 16:55:27 [DEBUG] core.topology_builder: 主配接口降级（非错）: 无法从LINE_NAME=10kVLINE056解析出主网站映射
2026-09-07 16:55:27 [DEBUG] core.topology_builder: 主配接口降级（非错）: 无法从LINE_NAME=10kVLINE143解析出主网站映射
2026-09-07 16:55:27 [DEBUG] core.topology_builder: 主配接口降级（非错）: 无法从LINE_NAME=10kVLINE144解析出主网站映射
2026-09-07 16:55:27 [DEBUG] core.topology_builder: 主配接口降级（非错）: 无法从LINE_NAME=10kVLINE070解析出主网站映射
2026-09-07 16:55:27 [DEBUG] core.topology_builder: 主配接口降级（非错）: 无法从LINE_NAME=10kVLINE069解析出主网站映射
2026-09-07 16:55:27 [DEBUG] core.topology_builder: 主配接口降级（非错）: 无法从LINE_NAME=10kVLINE145解析出主网站映射
2026-09-07 16:55:27 [DEBUG] core.topology_builder: 主配接口降级（非错）: 无法从LINE_NAME=10kVLINE146解析出主网站映射
2026-09-07 16:55:27 [DEBUG] core.topology_builder: 主配接口降级（非错）: 无法从LINE_NAME=10kVLINE147解析出主网站映射
2026-09-07 16:55:27 [DEBUG] core.topology_builder: 主配接口降级（非错）: 无法从LINE_NAME=10kVLINE148解析出主网站映射
2026-09-07 16:55:27 [DEBUG] core.topology_builder: 主配接口降级（非错）: 无法从LINE_NAME=10kVLINE025解析出主网站映射
2026-09-07 16:55:27 [DEBUG] core.topology_builder: 主配接口降级（非错）: 无法从LINE_NAME=20kVLINE149解析出主网站映射
2026-09-07 16:55:27 [DEBUG] core.topology_builder: 主配接口降级（非错）: 无法从LINE_NAME=10kVLINE083解析出主网站映射
2026-09-07 16:55:27 [DEBUG] core.topology_builder: 主配接口降级（非错）: 无法从LINE_NAME=20kVLINE150解析出主网站映射
2026-09-07 16:55:27 [DEBUG] core.topology_builder: 主配接口降级（非错）: 无法从LINE_NAME=20kVLINE151解析出主网站映射
2026-09-07 16:55:27 [DEBUG] core.topology_builder: 主配接口降级（非错）: 无法从LINE_NAME=20kVLINE152解析出主网站映射
2026-09-07 16:55:27 [DEBUG] core.topology_builder: 主配接口降级（非错）: 无法从LINE_NAME=10kVLINE046解析出主网站映射
2026-09-07 16:55:27 [DEBUG] core.topology_builder: 主配接口降级（非错）: 无法从LINE_NAME=10kVLINE045解析出主网站映射
2026-09-07 16:55:27 [DEBUG] core.topology_builder: 主配接口降级（非错）: 无法从LINE_NAME=10kVLINE153解析出主网站映射
2026-09-07 16:55:27 [DEBUG] core.topology_builder: 主配接口降级（非错）: 无法从LINE_NAME=10kVLINE154解析出主网站映射
2026-09-07 16:55:27 [DEBUG] core.topology_builder: 主配接口降级（非错）: 无法从LINE_NAME=10kVLINE155解析出主网站映射
2026-09-07 16:55:27 [DEBUG] core.topology_builder: 主配接口降级（非错）: 无法从LINE_NAME=10kVLINE156解析出主网站映射
2026-09-07 16:55:27 [DEBUG] core.topology_builder: 主配接口降级（非错）: 无法从LINE_NAME=10kVLINE058解析出主网站映射
2026-09-07 16:55:27 [DEBUG] core.topology_builder: 主配接口降级（非错）: 无法从LINE_NAME=10kVLINE059解析出主网站映射
2026-09-07 16:55:27 [DEBUG] core.topology_builder: 主配接口降级（非错）: 无法从LINE_NAME=10kVLINE157解析出主网站映射
2026-09-07 16:55:27 [DEBUG] core.topology_builder: 主配接口降级（非错）: 无法从LINE_NAME=10kVLINE088解析出主网站映射
2026-09-07 16:55:27 [DEBUG] core.topology_builder: 主配接口降级（非错）: 无法从LINE_NAME=10kVLINE121_185解析出主网站映射
2026-09-07 16:55:27 [DEBUG] core.topology_builder: 主配接口降级（非错）: 无法从LINE_NAME=10kVLINE081解析出主网站映射
2026-09-07 16:55:27 [DEBUG] core.topology_builder: 主配接口降级（非错）: 无法从LINE_NAME=10kVLINE158解析出主网站映射
2026-09-07 16:55:27 [DEBUG] core.topology_builder: 主配接口降级（非错）: 无法从LINE_NAME=10kVLINE159解析出主网站映射
2026-09-07 16:55:27 [DEBUG] core.topology_builder: 主配接口降级（非错）: 无法从LINE_NAME=10kVLINE160解析出主网站映射
2026-09-07 16:55:27 [DEBUG] core.topology_builder: 主配接口降级（非错）: 无法从LINE_NAME=10kVLINE161解析出主网站映射
2026-09-07 16:55:27 [DEBUG] core.topology_builder: 主配接口降级（非错）: 无法从LINE_NAME=10kVLINE162解析出主网站映射
2026-09-07 16:55:27 [DEBUG] core.topology_builder: 主配接口降级（非错）: 无法从LINE_NAME=10kVLINE163解析出主网站映射
2026-09-07 16:55:27 [DEBUG] core.topology_builder: 主配接口降级（非错）: 无法从LINE_NAME=10kVLINE164解析出主网站映射
2026-09-07 16:55:27 [DEBUG] core.topology_builder: 主配接口降级（非错）: 无法从LINE_NAME=10kVLINE165解析出主网站映射
2026-09-07 16:55:27 [DEBUG] core.topology_builder: 主配接口降级（非错）: 无法从LINE_NAME=10kVLINE166解析出主网站映射
2026-09-07 16:55:27 [DEBUG] core.topology_builder: 主配接口降级（非错）: 无法从LINE_NAME=10kVLINE167解析出主网站映射
2026-09-07 16:55:27 [DEBUG] core.topology_builder: 主配接口降级（非错）: 无法从LINE_NAME=10kVLINE168解析出主网站映射
2026-09-07 16:55:27 [DEBUG] core.topology_builder: 主配接口降级（非错）: 无法从LINE_NAME=10kVLINE014解析出主网站映射
2026-09-07 16:55:27 [DEBUG] core.topology_builder: 主配接口降级（非错）: 无法从LINE_NAME=10kVLINE169解析出主网站映射
2026-09-07 16:55:27 [DEBUG] core.topology_builder: 主配接口降级（非错）: 无法从LINE_NAME=10kVLINE170解析出主网站映射
2026-09-07 16:55:27 [DEBUG] core.topology_builder: 主配接口降级（非错）: 无法从LINE_NAME=10kVLINE171解析出主网站映射
2026-09-07 16:55:27 [DEBUG] core.topology_builder: 主配接口降级（非错）: 无法从LINE_NAME=10kVLINE172解析出主网站映射
2026-09-07 16:55:27 [DEBUG] core.topology_builder: 主配接口降级（非错）: 无法从LINE_NAME=10kVLINE173解析出主网站映射
2026-09-07 16:55:27 [DEBUG] core.topology_builder: 主配接口降级（非错）: 无法从LINE_NAME=10kVLINE174解析出主网站映射
2026-09-07 16:55:27 [DEBUG] core.topology_builder: 主配接口降级（非错）: 无法从LINE_NAME=10kVLINE175解析出主网站映射
2026-09-07 16:55:27 [DEBUG] core.topology_builder: 主配接口降级（非错）: 无法从LINE_NAME=10kVLINE176解析出主网站映射
2026-09-07 16:55:27 [DEBUG] core.topology_builder: 主配接口降级（非错）: 无法从LINE_NAME=10kVLINE177解析出主网站映射
2026-09-07 16:55:27 [DEBUG] core.topology_builder: 主配接口降级（非错）: 无法从LINE_NAME=10kVLINE044解析出主网站映射
2026-09-07 16:55:27 [DEBUG] core.topology_builder: 主配接口降级（非错）: 无法从LINE_NAME=10kVLINE178解析出主网站映射
2026-09-07 16:55:27 [DEBUG] core.topology_builder: 主配接口降级（非错）: 无法从LINE_NAME=10kVLINE179解析出主网站映射
2026-09-07 16:55:27 [DEBUG] core.topology_builder: 主配接口降级（非错）: 无法从LINE_NAME=10kVLINE180解析出主网站映射
2026-09-07 16:55:27 [DEBUG] core.topology_builder: 主配接口降级（非错）: 无法从LINE_NAME=20kVLINE181解析出主网站映射
2026-09-07 16:55:27 [DEBUG] core.topology_builder: 主配接口降级（非错）: 无法从LINE_NAME=10kVLINE182解析出主网站映射
2026-09-07 16:55:27 [DEBUG] core.topology_builder: 主配接口降级（非错）: 无法从LINE_NAME=10kVLINE183解析出主网站映射
2026-09-07 16:55:27 [DEBUG] core.topology_builder: 主配接口降级（非错）: 无法从LINE_NAME=10kVLINE184解析出主网站映射
2026-09-07 16:55:27 [DEBUG] core.topology_builder: 主配接口降级（非错）: 无法从LINE_NAME=10kVLINE186解析出主网站映射
2026-09-07 16:55:27 [DEBUG] core.topology_builder: 主配接口降级（非错）: 无法从LINE_NAME=10kVLINE187解析出主网站映射
2026-09-07 16:55:27 [DEBUG] core.topology_builder: 主配接口降级（非错）: 无法从LINE_NAME=10kVLINE188解析出主网站映射
2026-09-07 16:55:27 [DEBUG] core.topology_builder: 主配接口降级（非错）: 无法从LINE_NAME=10kVLINE189解析出主网站映射
2026-09-07 16:55:27 [DEBUG] core.topology_builder: 主配接口降级（非错）: 无法从LINE_NAME=10kVLINE190解析出主网站映射
2026-09-07 16:55:27 [DEBUG] core.topology_builder: 主配接口降级（非错）: 无法从LINE_NAME=10kVLINE191解析出主网站映射
2026-09-07 16:55:27 [DEBUG] core.topology_builder: 主配接口降级（非错）: 无法从LINE_NAME=10kVLINE192解析出主网站映射
2026-09-07 16:55:27 [DEBUG] core.topology_builder: 主配接口降级（非错）: 无法从LINE_NAME=10kVLINE193解析出主网站映射
2026-09-07 16:55:27 [DEBUG] core.topology_builder: 主配接口降级（非错）: 无法从LINE_NAME=10kVLINE194解析出主网站映射
2026-09-07 16:55:27 [DEBUG] core.topology_builder: 主配接口降级（非错）: 无法从LINE_NAME=10kVLINE195解析出主网站映射
2026-09-07 16:55:27 [DEBUG] core.topology_builder: 主配接口降级（非错）: 无法从LINE_NAME=10kVLINE196解析出主网站映射
2026-09-07 16:55:27 [DEBUG] core.topology_builder: 主配接口降级（非错）: 无法从LINE_NAME=10kVLINE197解析出主网站映射
2026-09-07 16:55:27 [DEBUG] core.topology_builder: 主配接口降级（非错）: 无法从LINE_NAME=10kVLINE198解析出主网站映射
2026-09-07 16:55:27 [DEBUG] core.topology_builder: 主配接口降级（非错）: 无法从LINE_NAME=10kVLINE199解析出主网站映射
2026-09-07 16:55:27 [DEBUG] core.topology_builder: 主配接口降级（非错）: 无法从LINE_NAME=10kVLINE063解析出主网站映射
2026-09-07 16:55:27 [DEBUG] core.topology_builder: 主配接口降级（非错）: 无法从LINE_NAME=10kVLINE200解析出主网站映射
2026-09-07 16:55:27 [DEBUG] core.topology_builder: 主配接口降级（非错）: 无法从LINE_NAME=10kVLINE201解析出主网站映射
2026-09-07 16:55:27 [DEBUG] core.topology_builder: 主配接口降级（非错）: 无法从LINE_NAME=10kVLINE202解析出主网站映射
2026-09-07 16:55:27 [DEBUG] core.topology_builder: 主配接口降级（非错）: 无法从LINE_NAME=10kVLINE203解析出主网站映射
2026-09-07 16:55:27 [DEBUG] core.topology_builder: 主配接口降级（非错）: 无法从LINE_NAME=10kVLINE204解析出主网站映射
2026-09-07 16:55:27 [DEBUG] core.topology_builder: 主配接口降级（非错）: 无法从LINE_NAME=10kVLINE205解析出主网站映射
2026-09-07 16:55:27 [DEBUG] core.topology_builder: 主配接口降级（非错）: 无法从LINE_NAME=10kVLINE051解析出主网站映射
2026-09-07 16:55:27 [DEBUG] core.topology_builder: 主配接口降级（非错）: 无法从LINE_NAME=10kVLINE187解析出主网站映射
2026-09-07 16:55:27 [DEBUG] core.topology_builder: 主配接口降级（非错）: 无法从LINE_NAME=10kVLINE207解析出主网站映射
2026-09-07 16:55:27 [DEBUG] core.topology_builder: 主配接口降级（非错）: 无法从LINE_NAME=10kVLINE208解析出主网站映射
2026-09-07 16:55:27 [DEBUG] core.topology_builder: 主配接口降级（非错）: 无法从LINE_NAME=10kVLINE209解析出主网站映射
2026-09-07 16:55:27 [DEBUG] core.topology_builder: 主配接口降级（非错）: 无法从LINE_NAME=10kVLINE210解析出主网站映射
2026-09-07 16:55:27 [DEBUG] core.topology_builder: 主配接口降级（非错）: 无法从LINE_NAME=10kVLINE212解析出主网站映射
2026-09-07 16:55:27 [DEBUG] core.topology_builder: 主配接口降级（非错）: 无法从LINE_NAME=10kVLINE213解析出主网站映射
2026-09-07 16:55:27 [DEBUG] core.topology_builder: 主配接口降级（非错）: 无法从LINE_NAME=LINE215解析出主网站映射
2026-09-07 16:55:27 [DEBUG] core.topology_builder: 主配接口降级（非错）: 无法从LINE_NAME=LINE216解析出主网站映射
2026-09-07 16:55:27 [INFO] core.topology_builder: 主配接口校验：通过=184 失败=5
2026-09-07 16:55:27 [INFO] core.topology_builder: [主配接口校验] 4.1/4.2 命中缺陷: 5
2026-09-07 16:55:27 [INFO] core.topology_builder: [电气逻辑校验] RULE-E01~E07 命中:3272
2026-09-07 16:55:27 [INFO] core.topology_builder: 开始执行拓扑异常检测：悬空、孤岛、断点
2026-09-07 16:55:33 [INFO] core.topology_builder: 主网异常数量：0，断点数量：0
2026-09-07 16:55:33 [INFO] core.topology_builder: 配网异常数量：9565，断点数量：561
2026-09-07 16:55:44 [DEBUG] core.topology_builder: 主配接口降级（非错）: 无法从LINE_NAME=10kVLINE098解析出主网站映射
2026-09-07 16:55:44 [DEBUG] core.topology_builder: 主配接口降级（非错）: 无法从LINE_NAME=10kVLINE060解析出主网站映射
2026-09-07 16:55:44 [DEBUG] core.topology_builder: 主配接口降级（非错）: 无法从LINE_NAME=10kVLINE004解析出主网站映射
2026-09-07 16:55:44 [DEBUG] core.topology_builder: 主配接口降级（非错）: 无法从LINE_NAME=10kVLINE082解析出主网站映射
2026-09-07 16:55:44 [DEBUG] core.topology_builder: 主配接口降级（非错）: 无法从LINE_NAME=10kVLINE018解析出主网站映射
2026-09-07 16:55:44 [DEBUG] core.topology_builder: 主配接口降级（非错）: 无法从LINE_NAME=10kVLINE074解析出主网站映射
2026-09-07 16:55:44 [DEBUG] core.topology_builder: 主配接口降级（非错）: 无法从LINE_NAME=10kVLINE099解析出主网站映射
2026-09-07 16:55:44 [DEBUG] core.topology_builder: 主配接口降级（非错）: 无法从LINE_NAME=10kVLINE041解析出主网站映射
2026-09-07 16:55:44 [DEBUG] core.topology_builder: 主配接口降级（非错）: 无法从LINE_NAME=10kVLINE086解析出主网站映射
2026-09-07 16:55:44 [DEBUG] core.topology_builder: 主配接口降级（非错）: 无法从LINE_NAME=10kVLINE073解析出主网站映射
2026-09-07 16:55:44 [DEBUG] core.topology_builder: 主配接口降级（非错）: 无法从LINE_NAME=10kVLINE033解析出主网站映射
2026-09-07 16:55:44 [DEBUG] core.topology_builder: 主配接口降级（非错）: 无法从LINE_NAME=10kVLINE091解析出主网站映射
2026-09-07 16:55:44 [DEBUG] core.topology_builder: 主配接口降级（非错）: 无法从LINE_NAME=10kVLINE100解析出主网站映射
2026-09-07 16:55:44 [DEBUG] core.topology_builder: 主配接口降级（非错）: 无法从LINE_NAME=10kVLINE013解析出主网站映射
2026-09-07 16:55:44 [DEBUG] core.topology_builder: 主配接口降级（非错）: 无法从LINE_NAME=10kVLINE101解析出主网站映射
2026-09-07 16:55:44 [DEBUG] core.topology_builder: 主配接口降级（非错）: 无法从LINE_NAME=10kVLINE035解析出主网站映射
2026-09-07 16:55:44 [DEBUG] core.topology_builder: 主配接口降级（非错）: 无法从LINE_NAME=10kVLINE102解析出主网站映射
2026-09-07 16:55:44 [DEBUG] core.topology_builder: 主配接口降级（非错）: 无法从LINE_NAME=10kVLINE103解析出主网站映射
2026-09-07 16:55:44 [DEBUG] core.topology_builder: 主配接口降级（非错）: 无法从LINE_NAME=10kVLINE055解析出主网站映射
2026-09-07 16:55:44 [DEBUG] core.topology_builder: 主配接口降级（非错）: 无法从LINE_NAME=10kVLINE024解析出主网站映射
2026-09-07 16:55:44 [DEBUG] core.topology_builder: 主配接口降级（非错）: 无法从LINE_NAME=10kVLINE084解析出主网站映射
2026-09-07 16:55:44 [DEBUG] core.topology_builder: 主配接口降级（非错）: 无法从LINE_NAME=10kVLINE087解析出主网站映射
2026-09-07 16:55:44 [DEBUG] core.topology_builder: 主配接口降级（非错）: 无法从LINE_NAME=20kVLINE104解析出主网站映射
2026-09-07 16:55:44 [DEBUG] core.topology_builder: 主配接口降级（非错）: 无法从LINE_NAME=10kVLINE012解析出主网站映射
2026-09-07 16:55:44 [DEBUG] core.topology_builder: 主配接口降级（非错）: 无法从LINE_NAME=10kVLINE105解析出主网站映射
2026-09-07 16:55:44 [DEBUG] core.topology_builder: 主配接口降级（非错）: 无法从LINE_NAME=10kVLINE106解析出主网站映射
2026-09-07 16:55:44 [DEBUG] core.topology_builder: 主配接口降级（非错）: 无法从LINE_NAME=10kVLINE094解析出主网站映射
2026-09-07 16:55:44 [DEBUG] core.topology_builder: 主配接口降级（非错）: 无法从LINE_NAME=10kVLINE107解析出主网站映射
2026-09-07 16:55:44 [DEBUG] core.topology_builder: 主配接口降级（非错）: 无法从LINE_NAME=10kVLINE053解析出主网站映射
2026-09-07 16:55:44 [DEBUG] core.topology_builder: 主配接口降级（非错）: 无法从LINE_NAME=20kVLINE108解析出主网站映射
2026-09-07 16:55:44 [DEBUG] core.topology_builder: 主配接口降级（非错）: 无法从LINE_NAME=20kVLINE109解析出主网站映射
2026-09-07 16:55:44 [DEBUG] core.topology_builder: 主配接口降级（非错）: 无法从LINE_NAME=10kVLINE110解析出主网站映射
2026-09-07 16:55:44 [DEBUG] core.topology_builder: 主配接口降级（非错）: 无法从LINE_NAME=10kVLINE111解析出主网站映射
2026-09-07 16:55:44 [DEBUG] core.topology_builder: 主配接口降级（非错）: 无法从LINE_NAME=10kVLINE112解析出主网站映射
2026-09-07 16:55:44 [DEBUG] core.topology_builder: 主配接口降级（非错）: 无法从LINE_NAME=20kVLINE113解析出主网站映射
2026-09-07 16:55:44 [DEBUG] core.topology_builder: 主配接口降级（非错）: 无法从LINE_NAME=10kVLINE026解析出主网站映射
2026-09-07 16:55:44 [DEBUG] core.topology_builder: 主配接口降级（非错）: 无法从LINE_NAME=10kVLINE048解析出主网站映射
2026-09-07 16:55:44 [DEBUG] core.topology_builder: 主配接口降级（非错）: 无法从LINE_NAME=10kVLINE003解析出主网站映射
2026-09-07 16:55:44 [DEBUG] core.topology_builder: 主配接口降级（非错）: 无法从LINE_NAME=10kVLINE057解析出主网站映射
2026-09-07 16:55:44 [DEBUG] core.topology_builder: 主配接口降级（非错）: 无法从LINE_NAME=10kVLINE077解析出主网站映射
2026-09-07 16:55:44 [DEBUG] core.topology_builder: 主配接口降级（非错）: 无法从LINE_NAME=10kVLINE114解析出主网站映射
2026-09-07 16:55:44 [DEBUG] core.topology_builder: 主配接口降级（非错）: 无法从LINE_NAME=10kVLINE027解析出主网站映射
2026-09-07 16:55:44 [DEBUG] core.topology_builder: 主配接口降级（非错）: 无法从LINE_NAME=10kVLINE115解析出主网站映射
2026-09-07 16:55:44 [DEBUG] core.topology_builder: 主配接口降级（非错）: 无法从LINE_NAME=10kVLINE116解析出主网站映射
2026-09-07 16:55:44 [DEBUG] core.topology_builder: 主配接口降级（非错）: 无法从LINE_NAME=10kVLINE117解析出主网站映射
2026-09-07 16:55:44 [DEBUG] core.topology_builder: 主配接口降级（非错）: 无法从LINE_NAME=10kVLINE118解析出主网站映射
2026-09-07 16:55:44 [DEBUG] core.topology_builder: 主配接口降级（非错）: 无法从LINE_NAME=10kVLINE038解析出主网站映射
2026-09-07 16:55:44 [DEBUG] core.topology_builder: 主配接口降级（非错）: 无法从LINE_NAME=10kVLINE119解析出主网站映射
2026-09-07 16:55:44 [DEBUG] core.topology_builder: 主配接口降级（非错）: 无法从LINE_NAME=20kVLINE120解析出主网站映射
2026-09-07 16:55:44 [DEBUG] core.topology_builder: 主配接口降级（非错）: 无法从LINE_NAME=10kVLINE121_195解析出主网站映射
2026-09-07 16:55:44 [DEBUG] core.topology_builder: 主配接口降级（非错）: 无法从LINE_NAME=10kVLINE076解析出主网站映射
2026-09-07 16:55:44 [DEBUG] core.topology_builder: 主配接口降级（非错）: 无法从LINE_NAME=10kVLINE093解析出主网站映射
2026-09-07 16:55:44 [DEBUG] core.topology_builder: 主配接口降级（非错）: 无法从LINE_NAME=20kVLINE122解析出主网站映射
2026-09-07 16:55:44 [DEBUG] core.topology_builder: 主配接口降级（非错）: 无法从LINE_NAME=10kVLINE123解析出主网站映射
2026-09-07 16:55:44 [DEBUG] core.topology_builder: 主配接口降级（非错）: 无法从LINE_NAME=10kVLINE039解析出主网站映射
2026-09-07 16:55:44 [DEBUG] core.topology_builder: 主配接口降级（非错）: 无法从LINE_NAME=10kVLINE124解析出主网站映射
2026-09-07 16:55:44 [DEBUG] core.topology_builder: 主配接口降级（非错）: 无法从LINE_NAME=10kVLINE125解析出主网站映射
2026-09-07 16:55:44 [DEBUG] core.topology_builder: 主配接口降级（非错）: 无法从LINE_NAME=10kVLINE126解析出主网站映射
2026-09-07 16:55:44 [DEBUG] core.topology_builder: 主配接口降级（非错）: 无法从LINE_NAME=10kVLINE127解析出主网站映射
2026-09-07 16:55:44 [DEBUG] core.topology_builder: 主配接口降级（非错）: 无法从LINE_NAME=10kVLINE089解析出主网站映射
2026-09-07 16:55:44 [DEBUG] core.topology_builder: 主配接口降级（非错）: 无法从LINE_NAME=10kVLINE090解析出主网站映射
2026-09-07 16:55:44 [DEBUG] core.topology_builder: 主配接口降级（非错）: 无法从LINE_NAME=10kVLINE128解析出主网站映射
2026-09-07 16:55:44 [DEBUG] core.topology_builder: 主配接口降级（非错）: 无法从LINE_NAME=10kVLINE037解析出主网站映射
2026-09-07 16:55:44 [DEBUG] core.topology_builder: 主配接口降级（非错）: 无法从LINE_NAME=10kVLINE071解析出主网站映射
2026-09-07 16:55:44 [DEBUG] core.topology_builder: 主配接口降级（非错）: 无法从LINE_NAME=10kVLINE129解析出主网站映射
2026-09-07 16:55:44 [DEBUG] core.topology_builder: 主配接口降级（非错）: 无法从LINE_NAME=10kVLINE009解析出主网站映射
2026-09-07 16:55:44 [DEBUG] core.topology_builder: 主配接口降级（非错）: 无法从LINE_NAME=10kVLINE022解析出主网站映射
2026-09-07 16:55:44 [DEBUG] core.topology_builder: 主配接口降级（非错）: 无法从LINE_NAME=10kVLINE028解析出主网站映射
2026-09-07 16:55:44 [DEBUG] core.topology_builder: 主配接口降级（非错）: 无法从LINE_NAME=10kVLINE019解析出主网站映射
2026-09-07 16:55:44 [DEBUG] core.topology_builder: 主配接口降级（非错）: 无法从LINE_NAME=10kVLINE015解析出主网站映射
2026-09-07 16:55:44 [DEBUG] core.topology_builder: 主配接口降级（非错）: 无法从LINE_NAME=10kVLINE130解析出主网站映射
2026-09-07 16:55:44 [DEBUG] core.topology_builder: 主配接口降级（非错）: 无法从LINE_NAME=10kVLINE131解析出主网站映射
2026-09-07 16:55:44 [DEBUG] core.topology_builder: 主配接口降级（非错）: 无法从LINE_NAME=10kVLINE132解析出主网站映射
2026-09-07 16:55:44 [DEBUG] core.topology_builder: 主配接口降级（非错）: 无法从LINE_NAME=10kVLINE061解析出主网站映射
2026-09-07 16:55:44 [DEBUG] core.topology_builder: 主配接口降级（非错）: 无法从LINE_NAME=10kVLINE133解析出主网站映射
2026-09-07 16:55:44 [DEBUG] core.topology_builder: 主配接口降级（非错）: 无法从LINE_NAME=10kVLINE075解析出主网站映射
2026-09-07 16:55:44 [DEBUG] core.topology_builder: 主配接口降级（非错）: 无法从LINE_NAME=10kVLINE016解析出主网站映射
2026-09-07 16:55:44 [DEBUG] core.topology_builder: 主配接口降级（非错）: 无法从LINE_NAME=10kVLINE134解析出主网站映射
2026-09-07 16:55:44 [DEBUG] core.topology_builder: 主配接口降级（非错）: 无法从LINE_NAME=10kVLINE043解析出主网站映射
2026-09-07 16:55:44 [DEBUG] core.topology_builder: 主配接口降级（非错）: 无法从LINE_NAME=10kVLINE050解析出主网站映射
2026-09-07 16:55:44 [DEBUG] core.topology_builder: 主配接口降级（非错）: 无法从LINE_NAME=10kVLINE054解析出主网站映射
2026-09-07 16:55:44 [DEBUG] core.topology_builder: 主配接口降级（非错）: 无法从LINE_NAME=10kVLINE040解析出主网站映射
2026-09-07 16:55:44 [DEBUG] core.topology_builder: 主配接口降级（非错）: 无法从LINE_NAME=10kVLINE021解析出主网站映射
2026-09-07 16:55:44 [DEBUG] core.topology_builder: 主配接口降级（非错）: 无法从LINE_NAME=10kVLINE023解析出主网站映射
2026-09-07 16:55:44 [DEBUG] core.topology_builder: 主配接口降级（非错）: 无法从LINE_NAME=10kVLINE020解析出主网站映射
2026-09-07 16:55:44 [DEBUG] core.topology_builder: 主配接口降级（非错）: 无法从LINE_NAME=10kVLINE135解析出主网站映射
2026-09-07 16:55:44 [DEBUG] core.topology_builder: 主配接口降级（非错）: 无法从LINE_NAME=10kVLINE136解析出主网站映射
2026-09-07 16:55:44 [DEBUG] core.topology_builder: 主配接口降级（非错）: 无法从LINE_NAME=10kVLINE097解析出主网站映射
2026-09-07 16:55:44 [DEBUG] core.topology_builder: 主配接口降级（非错）: 无法从LINE_NAME=10kVLINE096解析出主网站映射
2026-09-07 16:55:44 [DEBUG] core.topology_builder: 主配接口降级（非错）: 无法从LINE_NAME=10kVLINE137解析出主网站映射
2026-09-07 16:55:44 [DEBUG] core.topology_builder: 主配接口降级（非错）: 无法从LINE_NAME=10kVLINE138解析出主网站映射
2026-09-07 16:55:44 [DEBUG] core.topology_builder: 主配接口降级（非错）: 无法从LINE_NAME=10kVLINE139解析出主网站映射
2026-09-07 16:55:44 [DEBUG] core.topology_builder: 主配接口降级（非错）: 无法从LINE_NAME=10kVLINE140解析出主网站映射
2026-09-07 16:55:44 [DEBUG] core.topology_builder: 主配接口降级（非错）: 无法从LINE_NAME=10kVLINE141解析出主网站映射
2026-09-07 16:55:44 [DEBUG] core.topology_builder: 主配接口降级（非错）: 无法从LINE_NAME=10kVLINE049解析出主网站映射
2026-09-07 16:55:44 [DEBUG] core.topology_builder: 主配接口降级（非错）: 无法从LINE_NAME=10kVLINE142解析出主网站映射
2026-09-07 16:55:44 [DEBUG] core.topology_builder: 主配接口降级（非错）: 无法从LINE_NAME=10kVLINE042解析出主网站映射
2026-09-07 16:55:44 [DEBUG] core.topology_builder: 主配接口降级（非错）: 无法从LINE_NAME=10kVLINE056解析出主网站映射
2026-09-07 16:55:44 [DEBUG] core.topology_builder: 主配接口降级（非错）: 无法从LINE_NAME=10kVLINE143解析出主网站映射
2026-09-07 16:55:44 [DEBUG] core.topology_builder: 主配接口降级（非错）: 无法从LINE_NAME=10kVLINE144解析出主网站映射
2026-09-07 16:55:44 [DEBUG] core.topology_builder: 主配接口降级（非错）: 无法从LINE_NAME=10kVLINE070解析出主网站映射
2026-09-07 16:55:44 [DEBUG] core.topology_builder: 主配接口降级（非错）: 无法从LINE_NAME=10kVLINE069解析出主网站映射
2026-09-07 16:55:44 [DEBUG] core.topology_builder: 主配接口降级（非错）: 无法从LINE_NAME=10kVLINE145解析出主网站映射
2026-09-07 16:55:44 [DEBUG] core.topology_builder: 主配接口降级（非错）: 无法从LINE_NAME=10kVLINE146解析出主网站映射
2026-09-07 16:55:44 [DEBUG] core.topology_builder: 主配接口降级（非错）: 无法从LINE_NAME=10kVLINE147解析出主网站映射
2026-09-07 16:55:44 [DEBUG] core.topology_builder: 主配接口降级（非错）: 无法从LINE_NAME=10kVLINE148解析出主网站映射
2026-09-07 16:55:44 [DEBUG] core.topology_builder: 主配接口降级（非错）: 无法从LINE_NAME=10kVLINE025解析出主网站映射
2026-09-07 16:55:44 [DEBUG] core.topology_builder: 主配接口降级（非错）: 无法从LINE_NAME=20kVLINE149解析出主网站映射
2026-09-07 16:55:44 [DEBUG] core.topology_builder: 主配接口降级（非错）: 无法从LINE_NAME=10kVLINE083解析出主网站映射
2026-09-07 16:55:44 [DEBUG] core.topology_builder: 主配接口降级（非错）: 无法从LINE_NAME=20kVLINE150解析出主网站映射
2026-09-07 16:55:44 [DEBUG] core.topology_builder: 主配接口降级（非错）: 无法从LINE_NAME=20kVLINE151解析出主网站映射
2026-09-07 16:55:44 [DEBUG] core.topology_builder: 主配接口降级（非错）: 无法从LINE_NAME=20kVLINE152解析出主网站映射
2026-09-07 16:55:44 [DEBUG] core.topology_builder: 主配接口降级（非错）: 无法从LINE_NAME=10kVLINE046解析出主网站映射
2026-09-07 16:55:44 [DEBUG] core.topology_builder: 主配接口降级（非错）: 无法从LINE_NAME=10kVLINE045解析出主网站映射
2026-09-07 16:55:44 [DEBUG] core.topology_builder: 主配接口降级（非错）: 无法从LINE_NAME=10kVLINE153解析出主网站映射
2026-09-07 16:55:44 [DEBUG] core.topology_builder: 主配接口降级（非错）: 无法从LINE_NAME=10kVLINE154解析出主网站映射
2026-09-07 16:55:44 [DEBUG] core.topology_builder: 主配接口降级（非错）: 无法从LINE_NAME=10kVLINE155解析出主网站映射
2026-09-07 16:55:44 [DEBUG] core.topology_builder: 主配接口降级（非错）: 无法从LINE_NAME=10kVLINE156解析出主网站映射
2026-09-07 16:55:44 [DEBUG] core.topology_builder: 主配接口降级（非错）: 无法从LINE_NAME=10kVLINE058解析出主网站映射
2026-09-07 16:55:44 [DEBUG] core.topology_builder: 主配接口降级（非错）: 无法从LINE_NAME=10kVLINE059解析出主网站映射
2026-09-07 16:55:44 [DEBUG] core.topology_builder: 主配接口降级（非错）: 无法从LINE_NAME=10kVLINE157解析出主网站映射
2026-09-07 16:55:44 [DEBUG] core.topology_builder: 主配接口降级（非错）: 无法从LINE_NAME=10kVLINE088解析出主网站映射
2026-09-07 16:55:44 [DEBUG] core.topology_builder: 主配接口降级（非错）: 无法从LINE_NAME=10kVLINE121_185解析出主网站映射
2026-09-07 16:55:44 [DEBUG] core.topology_builder: 主配接口降级（非错）: 无法从LINE_NAME=10kVLINE081解析出主网站映射
2026-09-07 16:55:44 [DEBUG] core.topology_builder: 主配接口降级（非错）: 无法从LINE_NAME=10kVLINE158解析出主网站映射
2026-09-07 16:55:44 [DEBUG] core.topology_builder: 主配接口降级（非错）: 无法从LINE_NAME=10kVLINE159解析出主网站映射
2026-09-07 16:55:44 [DEBUG] core.topology_builder: 主配接口降级（非错）: 无法从LINE_NAME=10kVLINE160解析出主网站映射
2026-09-07 16:55:44 [DEBUG] core.topology_builder: 主配接口降级（非错）: 无法从LINE_NAME=10kVLINE161解析出主网站映射
2026-09-07 16:55:44 [DEBUG] core.topology_builder: 主配接口降级（非错）: 无法从LINE_NAME=10kVLINE162解析出主网站映射
2026-09-07 16:55:44 [DEBUG] core.topology_builder: 主配接口降级（非错）: 无法从LINE_NAME=10kVLINE163解析出主网站映射
2026-09-07 16:55:44 [DEBUG] core.topology_builder: 主配接口降级（非错）: 无法从LINE_NAME=10kVLINE164解析出主网站映射
2026-09-07 16:55:44 [DEBUG] core.topology_builder: 主配接口降级（非错）: 无法从LINE_NAME=10kVLINE165解析出主网站映射
2026-09-07 16:55:44 [DEBUG] core.topology_builder: 主配接口降级（非错）: 无法从LINE_NAME=10kVLINE166解析出主网站映射
2026-09-07 16:55:44 [DEBUG] core.topology_builder: 主配接口降级（非错）: 无法从LINE_NAME=10kVLINE167解析出主网站映射
2026-09-07 16:55:44 [DEBUG] core.topology_builder: 主配接口降级（非错）: 无法从LINE_NAME=10kVLINE168解析出主网站映射
2026-09-07 16:55:44 [DEBUG] core.topology_builder: 主配接口降级（非错）: 无法从LINE_NAME=10kVLINE014解析出主网站映射
2026-09-07 16:55:44 [DEBUG] core.topology_builder: 主配接口降级（非错）: 无法从LINE_NAME=10kVLINE169解析出主网站映射
2026-09-07 16:55:44 [DEBUG] core.topology_builder: 主配接口降级（非错）: 无法从LINE_NAME=10kVLINE170解析出主网站映射
2026-09-07 16:55:44 [DEBUG] core.topology_builder: 主配接口降级（非错）: 无法从LINE_NAME=10kVLINE171解析出主网站映射
2026-09-07 16:55:44 [DEBUG] core.topology_builder: 主配接口降级（非错）: 无法从LINE_NAME=10kVLINE172解析出主网站映射
2026-09-07 16:55:44 [DEBUG] core.topology_builder: 主配接口降级（非错）: 无法从LINE_NAME=10kVLINE173解析出主网站映射
2026-09-07 16:55:44 [DEBUG] core.topology_builder: 主配接口降级（非错）: 无法从LINE_NAME=10kVLINE174解析出主网站映射
2026-09-07 16:55:44 [DEBUG] core.topology_builder: 主配接口降级（非错）: 无法从LINE_NAME=10kVLINE175解析出主网站映射
2026-09-07 16:55:44 [DEBUG] core.topology_builder: 主配接口降级（非错）: 无法从LINE_NAME=10kVLINE176解析出主网站映射
2026-09-07 16:55:44 [DEBUG] core.topology_builder: 主配接口降级（非错）: 无法从LINE_NAME=10kVLINE177解析出主网站映射
2026-09-07 16:55:44 [DEBUG] core.topology_builder: 主配接口降级（非错）: 无法从LINE_NAME=10kVLINE044解析出主网站映射
2026-09-07 16:55:44 [DEBUG] core.topology_builder: 主配接口降级（非错）: 无法从LINE_NAME=10kVLINE178解析出主网站映射
2026-09-07 16:55:44 [DEBUG] core.topology_builder: 主配接口降级（非错）: 无法从LINE_NAME=10kVLINE179解析出主网站映射
2026-09-07 16:55:44 [DEBUG] core.topology_builder: 主配接口降级（非错）: 无法从LINE_NAME=10kVLINE180解析出主网站映射
2026-09-07 16:55:44 [DEBUG] core.topology_builder: 主配接口降级（非错）: 无法从LINE_NAME=20kVLINE181解析出主网站映射
2026-09-07 16:55:44 [DEBUG] core.topology_builder: 主配接口降级（非错）: 无法从LINE_NAME=10kVLINE182解析出主网站映射
2026-09-07 16:55:44 [DEBUG] core.topology_builder: 主配接口降级（非错）: 无法从LINE_NAME=10kVLINE183解析出主网站映射
2026-09-07 16:55:44 [DEBUG] core.topology_builder: 主配接口降级（非错）: 无法从LINE_NAME=10kVLINE184解析出主网站映射
2026-09-07 16:55:44 [DEBUG] core.topology_builder: 主配接口降级（非错）: 无法从LINE_NAME=10kVLINE186解析出主网站映射
2026-09-07 16:55:44 [DEBUG] core.topology_builder: 主配接口降级（非错）: 无法从LINE_NAME=10kVLINE187解析出主网站映射
2026-09-07 16:55:44 [DEBUG] core.topology_builder: 主配接口降级（非错）: 无法从LINE_NAME=10kVLINE188解析出主网站映射
2026-09-07 16:55:44 [DEBUG] core.topology_builder: 主配接口降级（非错）: 无法从LINE_NAME=10kVLINE189解析出主网站映射
2026-09-07 16:55:44 [DEBUG] core.topology_builder: 主配接口降级（非错）: 无法从LINE_NAME=10kVLINE190解析出主网站映射
2026-09-07 16:55:44 [DEBUG] core.topology_builder: 主配接口降级（非错）: 无法从LINE_NAME=10kVLINE191解析出主网站映射
2026-09-07 16:55:44 [DEBUG] core.topology_builder: 主配接口降级（非错）: 无法从LINE_NAME=10kVLINE192解析出主网站映射
2026-09-07 16:55:44 [DEBUG] core.topology_builder: 主配接口降级（非错）: 无法从LINE_NAME=10kVLINE193解析出主网站映射
2026-09-07 16:55:44 [DEBUG] core.topology_builder: 主配接口降级（非错）: 无法从LINE_NAME=10kVLINE194解析出主网站映射
2026-09-07 16:55:44 [DEBUG] core.topology_builder: 主配接口降级（非错）: 无法从LINE_NAME=10kVLINE195解析出主网站映射
2026-09-07 16:55:44 [DEBUG] core.topology_builder: 主配接口降级（非错）: 无法从LINE_NAME=10kVLINE196解析出主网站映射
2026-09-07 16:55:44 [DEBUG] core.topology_builder: 主配接口降级（非错）: 无法从LINE_NAME=10kVLINE197解析出主网站映射
2026-09-07 16:55:44 [DEBUG] core.topology_builder: 主配接口降级（非错）: 无法从LINE_NAME=10kVLINE198解析出主网站映射
2026-09-07 16:55:44 [DEBUG] core.topology_builder: 主配接口降级（非错）: 无法从LINE_NAME=10kVLINE199解析出主网站映射
2026-09-07 16:55:44 [DEBUG] core.topology_builder: 主配接口降级（非错）: 无法从LINE_NAME=10kVLINE063解析出主网站映射
2026-09-07 16:55:44 [DEBUG] core.topology_builder: 主配接口降级（非错）: 无法从LINE_NAME=10kVLINE200解析出主网站映射
2026-09-07 16:55:44 [DEBUG] core.topology_builder: 主配接口降级（非错）: 无法从LINE_NAME=10kVLINE201解析出主网站映射
2026-09-07 16:55:44 [DEBUG] core.topology_builder: 主配接口降级（非错）: 无法从LINE_NAME=10kVLINE202解析出主网站映射
2026-09-07 16:55:44 [DEBUG] core.topology_builder: 主配接口降级（非错）: 无法从LINE_NAME=10kVLINE203解析出主网站映射
2026-09-07 16:55:44 [DEBUG] core.topology_builder: 主配接口降级（非错）: 无法从LINE_NAME=10kVLINE204解析出主网站映射
2026-09-07 16:55:44 [DEBUG] core.topology_builder: 主配接口降级（非错）: 无法从LINE_NAME=10kVLINE205解析出主网站映射
2026-09-07 16:55:44 [DEBUG] core.topology_builder: 主配接口降级（非错）: 无法从LINE_NAME=10kVLINE051解析出主网站映射
2026-09-07 16:55:44 [DEBUG] core.topology_builder: 主配接口降级（非错）: 无法从LINE_NAME=10kVLINE187解析出主网站映射
2026-09-07 16:55:44 [DEBUG] core.topology_builder: 主配接口降级（非错）: 无法从LINE_NAME=10kVLINE207解析出主网站映射
2026-09-07 16:55:44 [DEBUG] core.topology_builder: 主配接口降级（非错）: 无法从LINE_NAME=10kVLINE208解析出主网站映射
2026-09-07 16:55:44 [DEBUG] core.topology_builder: 主配接口降级（非错）: 无法从LINE_NAME=10kVLINE209解析出主网站映射
2026-09-07 16:55:44 [DEBUG] core.topology_builder: 主配接口降级（非错）: 无法从LINE_NAME=10kVLINE210解析出主网站映射
2026-09-07 16:55:44 [DEBUG] core.topology_builder: 主配接口降级（非错）: 无法从LINE_NAME=10kVLINE212解析出主网站映射
2026-09-07 16:55:44 [DEBUG] core.topology_builder: 主配接口降级（非错）: 无法从LINE_NAME=10kVLINE213解析出主网站映射
2026-09-07 16:55:44 [DEBUG] core.topology_builder: 主配接口降级（非错）: 无法从LINE_NAME=LINE215解析出主网站映射
2026-09-07 16:55:44 [DEBUG] core.topology_builder: 主配接口降级（非错）: 无法从LINE_NAME=LINE216解析出主网站映射
2026-09-07 16:55:44 [INFO] core.topology_builder: 主配接口校验：通过=184 失败=5
2026-09-07 16:55:44 [INFO] core.topology_builder: [主配接口校验] 4.1/4.2 命中缺陷: 5
2026-09-07 16:55:54 [INFO] core.score_engine: 评分结果(规范公式): 设备=50919 缺陷=4039 维度扣分=75.00 score_before=25.0 score_after=25.0
2026-09-07 16:55:55 [INFO] core.feeder_topology_analysis: Sheet3 联络开关: feeder=TMP00000188 识别到 1 个联络开关
2026-09-07 16:55:55 [DEBUG] core.feeder_topology_analysis: P1-P7 引擎产生 15 条断点候选
2026-09-07 16:55:55 [INFO] core.feeder_topology_analysis: Sheet2 断点定位: feeder=TMP00000188 共 378 条 (P1-P7 优先级排序)
2026-09-07 16:55:55 [INFO] core.feeder_topology_analysis: Sheet4 合环识别: feeder=TMP00000188 共 2 条
2026-09-07 16:56:22 [INFO] core.score_engine: 评分结果(规范公式): 设备=50919 缺陷=3671 维度扣分=75.00 score_before=25.0 score_after=25.0
2026-09-07 16:56:23 [INFO] core.feeder_topology_analysis: Sheet3 联络开关: feeder=TMP00000189 识别到 1 个联络开关
2026-09-07 16:56:23 [DEBUG] core.feeder_topology_analysis: P1-P7 引擎产生 54 条断点候选
2026-09-07 16:56:23 [INFO] core.feeder_topology_analysis: Sheet2 断点定位: feeder=TMP00000189 共 256 条 (P1-P7 优先级排序)
2026-09-07 16:56:23 [INFO] core.feeder_topology_analysis: Sheet4 合环识别: feeder=TMP00000189 共 9 条
2026-09-07 16:57:00 [INFO] core.topology_builder: 主配数据拆分完成：主网设备=1167 配网设备=50744 主网线段=223 配网线段=189 主网站=10 遥信遥测=5829 ZWMEA=442 ZWSIGNAL=1567
2026-09-07 16:57:00 [INFO] core.topology_builder: 主网设备数量：1167
2026-09-07 16:57:00 [INFO] core.topology_builder: 配网设备数量：50744
2026-09-07 16:57:00 [INFO] core.topology_builder: 主网线路(ZLINEEND)数量：223
2026-09-07 16:57:00 [INFO] core.topology_builder: 配网线路(PWFEEDERLINE)数量：189
2026-09-07 16:57:00 [INFO] core.topology_builder: 主网站点(ZWSUBSTATION)数量：10
2026-09-07 16:57:00 [INFO] core.topology_builder: 遥信遥测(PWREAL)记录数：5829
2026-09-07 16:57:00 [INFO] core.topology_builder: 主网遥测(ZWMEA)：442 主网遥信(ZWSIGNAL)：1567
2026-09-07 16:57:00 [INFO] core.topology_builder: [Builder] 正在添加 1167 个主网设备和 50744 个配网设备...
2026-09-07 16:57:00 [INFO] core.topology_builder: 主网电源设备数=47
2026-09-07 16:57:00 [INFO] core.topology_builder: 主网电源设备识别: 47 台
2026-09-07 16:57:01 [DEBUG] core.topology_builder: 已处理 10000 个配网设备
2026-09-07 16:57:02 [DEBUG] core.topology_builder: 已处理 20000 个配网设备
2026-09-07 16:57:04 [DEBUG] core.topology_builder: 已处理 30000 个配网设备
2026-09-07 16:57:05 [DEBUG] core.topology_builder: 已处理 40000 个配网设备
2026-09-07 16:57:06 [DEBUG] core.topology_builder: 已处理 50000 个配网设备
2026-09-07 16:57:06 [INFO] core.topology_builder: 配网电源设备数=0
2026-09-07 16:57:06 [INFO] core.topology_builder: 配网电源设备识别: 0 台
2026-09-07 16:57:06 [INFO] core.topology_builder: 主配电源注入（S1修复版）: 1167 台主网设备标记为电源（不再整条馈线注入）
2026-09-07 16:57:06 [INFO] core.topology_builder:   ZWLINEEND 解析出馈线→主网站映射数: 0
2026-09-07 16:57:20 [INFO] core.topology_builder: [Builder] 配网真实端子数量:76354
2026-09-07 16:57:20 [INFO] core.topology_builder: [Builder] 主网真实端子数量:1562
2026-09-07 16:57:28 [INFO] core.topology_builder: [S2修复] 主配物理连接跨边建立: 324 条, 主网边界设备并入: 175 台
2026-09-07 16:57:28 [INFO] core.topology_builder: [端子建边完成] 配网拓扑边数量：117773
2026-09-07 16:57:28 [INFO] core.topology_builder: [端子建边完成] 主网拓扑边数量：2632
2026-09-07 16:57:37 [INFO] core.measure_preprocess: [MeasurePreprocess] 遥信实测开关数量：6666
2026-09-07 16:57:37 [INFO] core.measure_preprocess: [MeasurePreprocess] 默认合位开关数量：19813
2026-09-07 16:57:37 [INFO] core.topology_builder: [遥信预处理统计] 总开关状态映射条目:26479 实际挂载到设备:25637
2026-09-07 16:57:37 [INFO] core.topology_builder: 遥信实测开关:6666，赛题默认合位推演开关:19813
2026-09-07 16:57:49 [DEBUG] core.topology_builder: 主配接口降级（非错）: 无法从LINE_NAME=10kVLINE098解析出主网站映射
2026-09-07 16:57:49 [DEBUG] core.topology_builder: 主配接口降级（非错）: 无法从LINE_NAME=10kVLINE060解析出主网站映射
2026-09-07 16:57:49 [DEBUG] core.topology_builder: 主配接口降级（非错）: 无法从LINE_NAME=10kVLINE004解析出主网站映射
2026-09-07 16:57:49 [DEBUG] core.topology_builder: 主配接口降级（非错）: 无法从LINE_NAME=10kVLINE082解析出主网站映射
2026-09-07 16:57:49 [DEBUG] core.topology_builder: 主配接口降级（非错）: 无法从LINE_NAME=10kVLINE018解析出主网站映射
2026-09-07 16:57:49 [DEBUG] core.topology_builder: 主配接口降级（非错）: 无法从LINE_NAME=10kVLINE074解析出主网站映射
2026-09-07 16:57:49 [DEBUG] core.topology_builder: 主配接口降级（非错）: 无法从LINE_NAME=10kVLINE099解析出主网站映射
2026-09-07 16:57:49 [DEBUG] core.topology_builder: 主配接口降级（非错）: 无法从LINE_NAME=10kVLINE041解析出主网站映射
2026-09-07 16:57:49 [DEBUG] core.topology_builder: 主配接口降级（非错）: 无法从LINE_NAME=10kVLINE086解析出主网站映射
2026-09-07 16:57:49 [DEBUG] core.topology_builder: 主配接口降级（非错）: 无法从LINE_NAME=10kVLINE073解析出主网站映射
2026-09-07 16:57:49 [DEBUG] core.topology_builder: 主配接口降级（非错）: 无法从LINE_NAME=10kVLINE033解析出主网站映射
2026-09-07 16:57:49 [DEBUG] core.topology_builder: 主配接口降级（非错）: 无法从LINE_NAME=10kVLINE091解析出主网站映射
2026-09-07 16:57:49 [DEBUG] core.topology_builder: 主配接口降级（非错）: 无法从LINE_NAME=10kVLINE100解析出主网站映射
2026-09-07 16:57:49 [DEBUG] core.topology_builder: 主配接口降级（非错）: 无法从LINE_NAME=10kVLINE013解析出主网站映射
2026-09-07 16:57:49 [DEBUG] core.topology_builder: 主配接口降级（非错）: 无法从LINE_NAME=10kVLINE101解析出主网站映射
2026-09-07 16:57:49 [DEBUG] core.topology_builder: 主配接口降级（非错）: 无法从LINE_NAME=10kVLINE035解析出主网站映射
2026-09-07 16:57:49 [DEBUG] core.topology_builder: 主配接口降级（非错）: 无法从LINE_NAME=10kVLINE102解析出主网站映射
2026-09-07 16:57:49 [DEBUG] core.topology_builder: 主配接口降级（非错）: 无法从LINE_NAME=10kVLINE103解析出主网站映射
2026-09-07 16:57:49 [DEBUG] core.topology_builder: 主配接口降级（非错）: 无法从LINE_NAME=10kVLINE055解析出主网站映射
2026-09-07 16:57:49 [DEBUG] core.topology_builder: 主配接口降级（非错）: 无法从LINE_NAME=10kVLINE024解析出主网站映射
2026-09-07 16:57:49 [DEBUG] core.topology_builder: 主配接口降级（非错）: 无法从LINE_NAME=10kVLINE084解析出主网站映射
2026-09-07 16:57:49 [DEBUG] core.topology_builder: 主配接口降级（非错）: 无法从LINE_NAME=10kVLINE087解析出主网站映射
2026-09-07 16:57:49 [DEBUG] core.topology_builder: 主配接口降级（非错）: 无法从LINE_NAME=20kVLINE104解析出主网站映射
2026-09-07 16:57:49 [DEBUG] core.topology_builder: 主配接口降级（非错）: 无法从LINE_NAME=10kVLINE012解析出主网站映射
2026-09-07 16:57:49 [DEBUG] core.topology_builder: 主配接口降级（非错）: 无法从LINE_NAME=10kVLINE105解析出主网站映射
2026-09-07 16:57:49 [DEBUG] core.topology_builder: 主配接口降级（非错）: 无法从LINE_NAME=10kVLINE106解析出主网站映射
2026-09-07 16:57:49 [DEBUG] core.topology_builder: 主配接口降级（非错）: 无法从LINE_NAME=10kVLINE094解析出主网站映射
2026-09-07 16:57:49 [DEBUG] core.topology_builder: 主配接口降级（非错）: 无法从LINE_NAME=10kVLINE107解析出主网站映射
2026-09-07 16:57:49 [DEBUG] core.topology_builder: 主配接口降级（非错）: 无法从LINE_NAME=10kVLINE053解析出主网站映射
2026-09-07 16:57:49 [DEBUG] core.topology_builder: 主配接口降级（非错）: 无法从LINE_NAME=20kVLINE108解析出主网站映射
2026-09-07 16:57:49 [DEBUG] core.topology_builder: 主配接口降级（非错）: 无法从LINE_NAME=20kVLINE109解析出主网站映射
2026-09-07 16:57:49 [DEBUG] core.topology_builder: 主配接口降级（非错）: 无法从LINE_NAME=10kVLINE110解析出主网站映射
2026-09-07 16:57:49 [DEBUG] core.topology_builder: 主配接口降级（非错）: 无法从LINE_NAME=10kVLINE111解析出主网站映射
2026-09-07 16:57:49 [DEBUG] core.topology_builder: 主配接口降级（非错）: 无法从LINE_NAME=10kVLINE112解析出主网站映射
2026-09-07 16:57:49 [DEBUG] core.topology_builder: 主配接口降级（非错）: 无法从LINE_NAME=20kVLINE113解析出主网站映射
2026-09-07 16:57:49 [DEBUG] core.topology_builder: 主配接口降级（非错）: 无法从LINE_NAME=10kVLINE026解析出主网站映射
2026-09-07 16:57:49 [DEBUG] core.topology_builder: 主配接口降级（非错）: 无法从LINE_NAME=10kVLINE048解析出主网站映射
2026-09-07 16:57:49 [DEBUG] core.topology_builder: 主配接口降级（非错）: 无法从LINE_NAME=10kVLINE003解析出主网站映射
2026-09-07 16:57:49 [DEBUG] core.topology_builder: 主配接口降级（非错）: 无法从LINE_NAME=10kVLINE057解析出主网站映射
2026-09-07 16:57:49 [DEBUG] core.topology_builder: 主配接口降级（非错）: 无法从LINE_NAME=10kVLINE077解析出主网站映射
2026-09-07 16:57:49 [DEBUG] core.topology_builder: 主配接口降级（非错）: 无法从LINE_NAME=10kVLINE114解析出主网站映射
2026-09-07 16:57:49 [DEBUG] core.topology_builder: 主配接口降级（非错）: 无法从LINE_NAME=10kVLINE027解析出主网站映射
2026-09-07 16:57:49 [DEBUG] core.topology_builder: 主配接口降级（非错）: 无法从LINE_NAME=10kVLINE115解析出主网站映射
2026-09-07 16:57:49 [DEBUG] core.topology_builder: 主配接口降级（非错）: 无法从LINE_NAME=10kVLINE116解析出主网站映射
2026-09-07 16:57:49 [DEBUG] core.topology_builder: 主配接口降级（非错）: 无法从LINE_NAME=10kVLINE117解析出主网站映射
2026-09-07 16:57:49 [DEBUG] core.topology_builder: 主配接口降级（非错）: 无法从LINE_NAME=10kVLINE118解析出主网站映射
2026-09-07 16:57:49 [DEBUG] core.topology_builder: 主配接口降级（非错）: 无法从LINE_NAME=10kVLINE038解析出主网站映射
2026-09-07 16:57:49 [DEBUG] core.topology_builder: 主配接口降级（非错）: 无法从LINE_NAME=10kVLINE119解析出主网站映射
2026-09-07 16:57:49 [DEBUG] core.topology_builder: 主配接口降级（非错）: 无法从LINE_NAME=20kVLINE120解析出主网站映射
2026-09-07 16:57:49 [DEBUG] core.topology_builder: 主配接口降级（非错）: 无法从LINE_NAME=10kVLINE121_195解析出主网站映射
2026-09-07 16:57:49 [DEBUG] core.topology_builder: 主配接口降级（非错）: 无法从LINE_NAME=10kVLINE076解析出主网站映射
2026-09-07 16:57:49 [DEBUG] core.topology_builder: 主配接口降级（非错）: 无法从LINE_NAME=10kVLINE093解析出主网站映射
2026-09-07 16:57:49 [DEBUG] core.topology_builder: 主配接口降级（非错）: 无法从LINE_NAME=20kVLINE122解析出主网站映射
2026-09-07 16:57:49 [DEBUG] core.topology_builder: 主配接口降级（非错）: 无法从LINE_NAME=10kVLINE123解析出主网站映射
2026-09-07 16:57:49 [DEBUG] core.topology_builder: 主配接口降级（非错）: 无法从LINE_NAME=10kVLINE039解析出主网站映射
2026-09-07 16:57:49 [DEBUG] core.topology_builder: 主配接口降级（非错）: 无法从LINE_NAME=10kVLINE124解析出主网站映射
2026-09-07 16:57:49 [DEBUG] core.topology_builder: 主配接口降级（非错）: 无法从LINE_NAME=10kVLINE125解析出主网站映射
2026-09-07 16:57:49 [DEBUG] core.topology_builder: 主配接口降级（非错）: 无法从LINE_NAME=10kVLINE126解析出主网站映射
2026-09-07 16:57:49 [DEBUG] core.topology_builder: 主配接口降级（非错）: 无法从LINE_NAME=10kVLINE127解析出主网站映射
2026-09-07 16:57:49 [DEBUG] core.topology_builder: 主配接口降级（非错）: 无法从LINE_NAME=10kVLINE089解析出主网站映射
2026-09-07 16:57:49 [DEBUG] core.topology_builder: 主配接口降级（非错）: 无法从LINE_NAME=10kVLINE090解析出主网站映射
2026-09-07 16:57:49 [DEBUG] core.topology_builder: 主配接口降级（非错）: 无法从LINE_NAME=10kVLINE128解析出主网站映射
2026-09-07 16:57:49 [DEBUG] core.topology_builder: 主配接口降级（非错）: 无法从LINE_NAME=10kVLINE037解析出主网站映射
2026-09-07 16:57:49 [DEBUG] core.topology_builder: 主配接口降级（非错）: 无法从LINE_NAME=10kVLINE071解析出主网站映射
2026-09-07 16:57:49 [DEBUG] core.topology_builder: 主配接口降级（非错）: 无法从LINE_NAME=10kVLINE129解析出主网站映射
2026-09-07 16:57:49 [DEBUG] core.topology_builder: 主配接口降级（非错）: 无法从LINE_NAME=10kVLINE009解析出主网站映射
2026-09-07 16:57:49 [DEBUG] core.topology_builder: 主配接口降级（非错）: 无法从LINE_NAME=10kVLINE022解析出主网站映射
2026-09-07 16:57:49 [DEBUG] core.topology_builder: 主配接口降级（非错）: 无法从LINE_NAME=10kVLINE028解析出主网站映射
2026-09-07 16:57:49 [DEBUG] core.topology_builder: 主配接口降级（非错）: 无法从LINE_NAME=10kVLINE019解析出主网站映射
2026-09-07 16:57:49 [DEBUG] core.topology_builder: 主配接口降级（非错）: 无法从LINE_NAME=10kVLINE015解析出主网站映射
2026-09-07 16:57:49 [DEBUG] core.topology_builder: 主配接口降级（非错）: 无法从LINE_NAME=10kVLINE130解析出主网站映射
2026-09-07 16:57:49 [DEBUG] core.topology_builder: 主配接口降级（非错）: 无法从LINE_NAME=10kVLINE131解析出主网站映射
2026-09-07 16:57:49 [DEBUG] core.topology_builder: 主配接口降级（非错）: 无法从LINE_NAME=10kVLINE132解析出主网站映射
2026-09-07 16:57:49 [DEBUG] core.topology_builder: 主配接口降级（非错）: 无法从LINE_NAME=10kVLINE061解析出主网站映射
2026-09-07 16:57:49 [DEBUG] core.topology_builder: 主配接口降级（非错）: 无法从LINE_NAME=10kVLINE133解析出主网站映射
2026-09-07 16:57:49 [DEBUG] core.topology_builder: 主配接口降级（非错）: 无法从LINE_NAME=10kVLINE075解析出主网站映射
2026-09-07 16:57:49 [DEBUG] core.topology_builder: 主配接口降级（非错）: 无法从LINE_NAME=10kVLINE016解析出主网站映射
2026-09-07 16:57:49 [DEBUG] core.topology_builder: 主配接口降级（非错）: 无法从LINE_NAME=10kVLINE134解析出主网站映射
2026-09-07 16:57:49 [DEBUG] core.topology_builder: 主配接口降级（非错）: 无法从LINE_NAME=10kVLINE043解析出主网站映射
2026-09-07 16:57:49 [DEBUG] core.topology_builder: 主配接口降级（非错）: 无法从LINE_NAME=10kVLINE050解析出主网站映射
2026-09-07 16:57:49 [DEBUG] core.topology_builder: 主配接口降级（非错）: 无法从LINE_NAME=10kVLINE054解析出主网站映射
2026-09-07 16:57:49 [DEBUG] core.topology_builder: 主配接口降级（非错）: 无法从LINE_NAME=10kVLINE040解析出主网站映射
2026-09-07 16:57:49 [DEBUG] core.topology_builder: 主配接口降级（非错）: 无法从LINE_NAME=10kVLINE021解析出主网站映射
2026-09-07 16:57:49 [DEBUG] core.topology_builder: 主配接口降级（非错）: 无法从LINE_NAME=10kVLINE023解析出主网站映射
2026-09-07 16:57:49 [DEBUG] core.topology_builder: 主配接口降级（非错）: 无法从LINE_NAME=10kVLINE020解析出主网站映射
2026-09-07 16:57:49 [DEBUG] core.topology_builder: 主配接口降级（非错）: 无法从LINE_NAME=10kVLINE135解析出主网站映射
2026-09-07 16:57:49 [DEBUG] core.topology_builder: 主配接口降级（非错）: 无法从LINE_NAME=10kVLINE136解析出主网站映射
2026-09-07 16:57:49 [DEBUG] core.topology_builder: 主配接口降级（非错）: 无法从LINE_NAME=10kVLINE097解析出主网站映射
2026-09-07 16:57:49 [DEBUG] core.topology_builder: 主配接口降级（非错）: 无法从LINE_NAME=10kVLINE096解析出主网站映射
2026-09-07 16:57:49 [DEBUG] core.topology_builder: 主配接口降级（非错）: 无法从LINE_NAME=10kVLINE137解析出主网站映射
2026-09-07 16:57:49 [DEBUG] core.topology_builder: 主配接口降级（非错）: 无法从LINE_NAME=10kVLINE138解析出主网站映射
2026-09-07 16:57:49 [DEBUG] core.topology_builder: 主配接口降级（非错）: 无法从LINE_NAME=10kVLINE139解析出主网站映射
2026-09-07 16:57:49 [DEBUG] core.topology_builder: 主配接口降级（非错）: 无法从LINE_NAME=10kVLINE140解析出主网站映射
2026-09-07 16:57:49 [DEBUG] core.topology_builder: 主配接口降级（非错）: 无法从LINE_NAME=10kVLINE141解析出主网站映射
2026-09-07 16:57:49 [DEBUG] core.topology_builder: 主配接口降级（非错）: 无法从LINE_NAME=10kVLINE049解析出主网站映射
2026-09-07 16:57:49 [DEBUG] core.topology_builder: 主配接口降级（非错）: 无法从LINE_NAME=10kVLINE142解析出主网站映射
2026-09-07 16:57:49 [DEBUG] core.topology_builder: 主配接口降级（非错）: 无法从LINE_NAME=10kVLINE042解析出主网站映射
2026-09-07 16:57:49 [DEBUG] core.topology_builder: 主配接口降级（非错）: 无法从LINE_NAME=10kVLINE056解析出主网站映射
2026-09-07 16:57:49 [DEBUG] core.topology_builder: 主配接口降级（非错）: 无法从LINE_NAME=10kVLINE143解析出主网站映射
2026-09-07 16:57:49 [DEBUG] core.topology_builder: 主配接口降级（非错）: 无法从LINE_NAME=10kVLINE144解析出主网站映射
2026-09-07 16:57:49 [DEBUG] core.topology_builder: 主配接口降级（非错）: 无法从LINE_NAME=10kVLINE070解析出主网站映射
2026-09-07 16:57:49 [DEBUG] core.topology_builder: 主配接口降级（非错）: 无法从LINE_NAME=10kVLINE069解析出主网站映射
2026-09-07 16:57:49 [DEBUG] core.topology_builder: 主配接口降级（非错）: 无法从LINE_NAME=10kVLINE145解析出主网站映射
2026-09-07 16:57:49 [DEBUG] core.topology_builder: 主配接口降级（非错）: 无法从LINE_NAME=10kVLINE146解析出主网站映射
2026-09-07 16:57:49 [DEBUG] core.topology_builder: 主配接口降级（非错）: 无法从LINE_NAME=10kVLINE147解析出主网站映射
2026-09-07 16:57:49 [DEBUG] core.topology_builder: 主配接口降级（非错）: 无法从LINE_NAME=10kVLINE148解析出主网站映射
2026-09-07 16:57:49 [DEBUG] core.topology_builder: 主配接口降级（非错）: 无法从LINE_NAME=10kVLINE025解析出主网站映射
2026-09-07 16:57:49 [DEBUG] core.topology_builder: 主配接口降级（非错）: 无法从LINE_NAME=20kVLINE149解析出主网站映射
2026-09-07 16:57:49 [DEBUG] core.topology_builder: 主配接口降级（非错）: 无法从LINE_NAME=10kVLINE083解析出主网站映射
2026-09-07 16:57:49 [DEBUG] core.topology_builder: 主配接口降级（非错）: 无法从LINE_NAME=20kVLINE150解析出主网站映射
2026-09-07 16:57:49 [DEBUG] core.topology_builder: 主配接口降级（非错）: 无法从LINE_NAME=20kVLINE151解析出主网站映射
2026-09-07 16:57:49 [DEBUG] core.topology_builder: 主配接口降级（非错）: 无法从LINE_NAME=20kVLINE152解析出主网站映射
2026-09-07 16:57:49 [DEBUG] core.topology_builder: 主配接口降级（非错）: 无法从LINE_NAME=10kVLINE046解析出主网站映射
2026-09-07 16:57:49 [DEBUG] core.topology_builder: 主配接口降级（非错）: 无法从LINE_NAME=10kVLINE045解析出主网站映射
2026-09-07 16:57:49 [DEBUG] core.topology_builder: 主配接口降级（非错）: 无法从LINE_NAME=10kVLINE153解析出主网站映射
2026-09-07 16:57:49 [DEBUG] core.topology_builder: 主配接口降级（非错）: 无法从LINE_NAME=10kVLINE154解析出主网站映射
2026-09-07 16:57:49 [DEBUG] core.topology_builder: 主配接口降级（非错）: 无法从LINE_NAME=10kVLINE155解析出主网站映射
2026-09-07 16:57:49 [DEBUG] core.topology_builder: 主配接口降级（非错）: 无法从LINE_NAME=10kVLINE156解析出主网站映射
2026-09-07 16:57:49 [DEBUG] core.topology_builder: 主配接口降级（非错）: 无法从LINE_NAME=10kVLINE058解析出主网站映射
2026-09-07 16:57:49 [DEBUG] core.topology_builder: 主配接口降级（非错）: 无法从LINE_NAME=10kVLINE059解析出主网站映射
2026-09-07 16:57:49 [DEBUG] core.topology_builder: 主配接口降级（非错）: 无法从LINE_NAME=10kVLINE157解析出主网站映射
2026-09-07 16:57:49 [DEBUG] core.topology_builder: 主配接口降级（非错）: 无法从LINE_NAME=10kVLINE088解析出主网站映射
2026-09-07 16:57:49 [DEBUG] core.topology_builder: 主配接口降级（非错）: 无法从LINE_NAME=10kVLINE121_185解析出主网站映射
2026-09-07 16:57:49 [DEBUG] core.topology_builder: 主配接口降级（非错）: 无法从LINE_NAME=10kVLINE081解析出主网站映射
2026-09-07 16:57:49 [DEBUG] core.topology_builder: 主配接口降级（非错）: 无法从LINE_NAME=10kVLINE158解析出主网站映射
2026-09-07 16:57:49 [DEBUG] core.topology_builder: 主配接口降级（非错）: 无法从LINE_NAME=10kVLINE159解析出主网站映射
2026-09-07 16:57:49 [DEBUG] core.topology_builder: 主配接口降级（非错）: 无法从LINE_NAME=10kVLINE160解析出主网站映射
2026-09-07 16:57:49 [DEBUG] core.topology_builder: 主配接口降级（非错）: 无法从LINE_NAME=10kVLINE161解析出主网站映射
2026-09-07 16:57:49 [DEBUG] core.topology_builder: 主配接口降级（非错）: 无法从LINE_NAME=10kVLINE162解析出主网站映射
2026-09-07 16:57:49 [DEBUG] core.topology_builder: 主配接口降级（非错）: 无法从LINE_NAME=10kVLINE163解析出主网站映射
2026-09-07 16:57:49 [DEBUG] core.topology_builder: 主配接口降级（非错）: 无法从LINE_NAME=10kVLINE164解析出主网站映射
2026-09-07 16:57:49 [DEBUG] core.topology_builder: 主配接口降级（非错）: 无法从LINE_NAME=10kVLINE165解析出主网站映射
2026-09-07 16:57:49 [DEBUG] core.topology_builder: 主配接口降级（非错）: 无法从LINE_NAME=10kVLINE166解析出主网站映射
2026-09-07 16:57:49 [DEBUG] core.topology_builder: 主配接口降级（非错）: 无法从LINE_NAME=10kVLINE167解析出主网站映射
2026-09-07 16:57:49 [DEBUG] core.topology_builder: 主配接口降级（非错）: 无法从LINE_NAME=10kVLINE168解析出主网站映射
2026-09-07 16:57:49 [DEBUG] core.topology_builder: 主配接口降级（非错）: 无法从LINE_NAME=10kVLINE014解析出主网站映射
2026-09-07 16:57:49 [DEBUG] core.topology_builder: 主配接口降级（非错）: 无法从LINE_NAME=10kVLINE169解析出主网站映射
2026-09-07 16:57:49 [DEBUG] core.topology_builder: 主配接口降级（非错）: 无法从LINE_NAME=10kVLINE170解析出主网站映射
2026-09-07 16:57:49 [DEBUG] core.topology_builder: 主配接口降级（非错）: 无法从LINE_NAME=10kVLINE171解析出主网站映射
2026-09-07 16:57:49 [DEBUG] core.topology_builder: 主配接口降级（非错）: 无法从LINE_NAME=10kVLINE172解析出主网站映射
2026-09-07 16:57:49 [DEBUG] core.topology_builder: 主配接口降级（非错）: 无法从LINE_NAME=10kVLINE173解析出主网站映射
2026-09-07 16:57:49 [DEBUG] core.topology_builder: 主配接口降级（非错）: 无法从LINE_NAME=10kVLINE174解析出主网站映射
2026-09-07 16:57:49 [DEBUG] core.topology_builder: 主配接口降级（非错）: 无法从LINE_NAME=10kVLINE175解析出主网站映射
2026-09-07 16:57:49 [DEBUG] core.topology_builder: 主配接口降级（非错）: 无法从LINE_NAME=10kVLINE176解析出主网站映射
2026-09-07 16:57:49 [DEBUG] core.topology_builder: 主配接口降级（非错）: 无法从LINE_NAME=10kVLINE177解析出主网站映射
2026-09-07 16:57:49 [DEBUG] core.topology_builder: 主配接口降级（非错）: 无法从LINE_NAME=10kVLINE044解析出主网站映射
2026-09-07 16:57:49 [DEBUG] core.topology_builder: 主配接口降级（非错）: 无法从LINE_NAME=10kVLINE178解析出主网站映射
2026-09-07 16:57:49 [DEBUG] core.topology_builder: 主配接口降级（非错）: 无法从LINE_NAME=10kVLINE179解析出主网站映射
2026-09-07 16:57:49 [DEBUG] core.topology_builder: 主配接口降级（非错）: 无法从LINE_NAME=10kVLINE180解析出主网站映射
2026-09-07 16:57:49 [DEBUG] core.topology_builder: 主配接口降级（非错）: 无法从LINE_NAME=20kVLINE181解析出主网站映射
2026-09-07 16:57:49 [DEBUG] core.topology_builder: 主配接口降级（非错）: 无法从LINE_NAME=10kVLINE182解析出主网站映射
2026-09-07 16:57:49 [DEBUG] core.topology_builder: 主配接口降级（非错）: 无法从LINE_NAME=10kVLINE183解析出主网站映射
2026-09-07 16:57:49 [DEBUG] core.topology_builder: 主配接口降级（非错）: 无法从LINE_NAME=10kVLINE184解析出主网站映射
2026-09-07 16:57:49 [DEBUG] core.topology_builder: 主配接口降级（非错）: 无法从LINE_NAME=10kVLINE186解析出主网站映射
2026-09-07 16:57:49 [DEBUG] core.topology_builder: 主配接口降级（非错）: 无法从LINE_NAME=10kVLINE187解析出主网站映射
2026-09-07 16:57:49 [DEBUG] core.topology_builder: 主配接口降级（非错）: 无法从LINE_NAME=10kVLINE188解析出主网站映射
2026-09-07 16:57:49 [DEBUG] core.topology_builder: 主配接口降级（非错）: 无法从LINE_NAME=10kVLINE189解析出主网站映射
2026-09-07 16:57:49 [DEBUG] core.topology_builder: 主配接口降级（非错）: 无法从LINE_NAME=10kVLINE190解析出主网站映射
2026-09-07 16:57:49 [DEBUG] core.topology_builder: 主配接口降级（非错）: 无法从LINE_NAME=10kVLINE191解析出主网站映射
2026-09-07 16:57:49 [DEBUG] core.topology_builder: 主配接口降级（非错）: 无法从LINE_NAME=10kVLINE192解析出主网站映射
2026-09-07 16:57:49 [DEBUG] core.topology_builder: 主配接口降级（非错）: 无法从LINE_NAME=10kVLINE193解析出主网站映射
2026-09-07 16:57:49 [DEBUG] core.topology_builder: 主配接口降级（非错）: 无法从LINE_NAME=10kVLINE194解析出主网站映射
2026-09-07 16:57:49 [DEBUG] core.topology_builder: 主配接口降级（非错）: 无法从LINE_NAME=10kVLINE195解析出主网站映射
2026-09-07 16:57:49 [DEBUG] core.topology_builder: 主配接口降级（非错）: 无法从LINE_NAME=10kVLINE196解析出主网站映射
2026-09-07 16:57:49 [DEBUG] core.topology_builder: 主配接口降级（非错）: 无法从LINE_NAME=10kVLINE197解析出主网站映射
2026-09-07 16:57:49 [DEBUG] core.topology_builder: 主配接口降级（非错）: 无法从LINE_NAME=10kVLINE198解析出主网站映射
2026-09-07 16:57:49 [DEBUG] core.topology_builder: 主配接口降级（非错）: 无法从LINE_NAME=10kVLINE199解析出主网站映射
2026-09-07 16:57:49 [DEBUG] core.topology_builder: 主配接口降级（非错）: 无法从LINE_NAME=10kVLINE063解析出主网站映射
2026-09-07 16:57:49 [DEBUG] core.topology_builder: 主配接口降级（非错）: 无法从LINE_NAME=10kVLINE200解析出主网站映射
2026-09-07 16:57:49 [DEBUG] core.topology_builder: 主配接口降级（非错）: 无法从LINE_NAME=10kVLINE201解析出主网站映射
2026-09-07 16:57:49 [DEBUG] core.topology_builder: 主配接口降级（非错）: 无法从LINE_NAME=10kVLINE202解析出主网站映射
2026-09-07 16:57:49 [DEBUG] core.topology_builder: 主配接口降级（非错）: 无法从LINE_NAME=10kVLINE203解析出主网站映射
2026-09-07 16:57:49 [DEBUG] core.topology_builder: 主配接口降级（非错）: 无法从LINE_NAME=10kVLINE204解析出主网站映射
2026-09-07 16:57:49 [DEBUG] core.topology_builder: 主配接口降级（非错）: 无法从LINE_NAME=10kVLINE205解析出主网站映射
2026-09-07 16:57:49 [DEBUG] core.topology_builder: 主配接口降级（非错）: 无法从LINE_NAME=10kVLINE051解析出主网站映射
2026-09-07 16:57:49 [DEBUG] core.topology_builder: 主配接口降级（非错）: 无法从LINE_NAME=10kVLINE187解析出主网站映射
2026-09-07 16:57:49 [DEBUG] core.topology_builder: 主配接口降级（非错）: 无法从LINE_NAME=10kVLINE207解析出主网站映射
2026-09-07 16:57:49 [DEBUG] core.topology_builder: 主配接口降级（非错）: 无法从LINE_NAME=10kVLINE208解析出主网站映射
2026-09-07 16:57:49 [DEBUG] core.topology_builder: 主配接口降级（非错）: 无法从LINE_NAME=10kVLINE209解析出主网站映射
2026-09-07 16:57:49 [DEBUG] core.topology_builder: 主配接口降级（非错）: 无法从LINE_NAME=10kVLINE210解析出主网站映射
2026-09-07 16:57:49 [DEBUG] core.topology_builder: 主配接口降级（非错）: 无法从LINE_NAME=10kVLINE212解析出主网站映射
2026-09-07 16:57:49 [DEBUG] core.topology_builder: 主配接口降级（非错）: 无法从LINE_NAME=10kVLINE213解析出主网站映射
2026-09-07 16:57:49 [DEBUG] core.topology_builder: 主配接口降级（非错）: 无法从LINE_NAME=LINE215解析出主网站映射
2026-09-07 16:57:49 [DEBUG] core.topology_builder: 主配接口降级（非错）: 无法从LINE_NAME=LINE216解析出主网站映射
2026-09-07 16:57:49 [INFO] core.topology_builder: 主配接口校验：通过=184 失败=5
2026-09-07 16:57:49 [INFO] core.topology_builder: [主配接口校验] 4.1/4.2 命中缺陷: 5
2026-09-07 16:57:49 [INFO] core.topology_builder: [电气逻辑校验] RULE-E01~E07 命中:3272
2026-09-07 16:57:49 [INFO] core.topology_builder: 开始执行拓扑异常检测：悬空、孤岛、断点
2026-09-07 16:57:54 [INFO] core.topology_builder: 主网异常数量：0，断点数量：0
2026-09-07 16:57:54 [INFO] core.topology_builder: 配网异常数量：9565，断点数量：561
2026-09-07 16:58:28 [INFO] core.topology_builder: 主配数据拆分完成：主网设备=1167 配网设备=50744 主网线段=223 配网线段=189 主网站=10 遥信遥测=5829 ZWMEA=442 ZWSIGNAL=1567
2026-09-07 16:58:28 [INFO] core.topology_builder: 主网设备数量：1167
2026-09-07 16:58:28 [INFO] core.topology_builder: 配网设备数量：50744
2026-09-07 16:58:28 [INFO] core.topology_builder: 主网线路(ZLINEEND)数量：223
2026-09-07 16:58:28 [INFO] core.topology_builder: 配网线路(PWFEEDERLINE)数量：189
2026-09-07 16:58:28 [INFO] core.topology_builder: 主网站点(ZWSUBSTATION)数量：10
2026-09-07 16:58:28 [INFO] core.topology_builder: 遥信遥测(PWREAL)记录数：5829
2026-09-07 16:58:28 [INFO] core.topology_builder: 主网遥测(ZWMEA)：442 主网遥信(ZWSIGNAL)：1567
2026-09-07 16:58:28 [INFO] core.topology_builder: [Builder] 正在添加 1167 个主网设备和 50744 个配网设备...
2026-09-07 16:58:28 [INFO] core.topology_builder: 主网电源设备数=47
2026-09-07 16:58:28 [INFO] core.topology_builder: 主网电源设备识别: 47 台
2026-09-07 16:58:29 [DEBUG] core.topology_builder: 已处理 10000 个配网设备
2026-09-07 16:58:30 [DEBUG] core.topology_builder: 已处理 20000 个配网设备
2026-09-07 16:58:31 [DEBUG] core.topology_builder: 已处理 30000 个配网设备
2026-09-07 16:58:32 [DEBUG] core.topology_builder: 已处理 40000 个配网设备
2026-09-07 16:58:33 [DEBUG] core.topology_builder: 已处理 50000 个配网设备
2026-09-07 16:58:33 [INFO] core.topology_builder: 配网电源设备数=0
2026-09-07 16:58:33 [INFO] core.topology_builder: 配网电源设备识别: 0 台
2026-09-07 16:58:33 [INFO] core.topology_builder: 主配电源注入（S1修复版）: 1167 台主网设备标记为电源（不再整条馈线注入）
2026-09-07 16:58:33 [INFO] core.topology_builder:   ZWLINEEND 解析出馈线→主网站映射数: 0
2026-09-07 16:58:43 [INFO] core.topology_builder: [Builder] 配网真实端子数量:76354
2026-09-07 16:58:43 [INFO] core.topology_builder: [Builder] 主网真实端子数量:1562
2026-09-07 16:58:50 [INFO] core.topology_builder: [S2修复] 主配物理连接跨边建立: 324 条, 主网边界设备并入: 175 台
2026-09-07 16:58:50 [INFO] core.topology_builder: [端子建边完成] 配网拓扑边数量：117773
2026-09-07 16:58:50 [INFO] core.topology_builder: [端子建边完成] 主网拓扑边数量：2632
2026-09-07 16:58:58 [INFO] core.measure_preprocess: [MeasurePreprocess] 遥信实测开关数量：6666
2026-09-07 16:58:58 [INFO] core.measure_preprocess: [MeasurePreprocess] 默认合位开关数量：19813
2026-09-07 16:58:58 [INFO] core.topology_builder: [遥信预处理统计] 总开关状态映射条目:26479 实际挂载到设备:25637
2026-09-07 16:58:58 [INFO] core.topology_builder: 遥信实测开关:6666，赛题默认合位推演开关:19813
2026-09-07 16:59:10 [DEBUG] core.topology_builder: 主配接口降级（非错）: 无法从LINE_NAME=10kVLINE098解析出主网站映射
2026-09-07 16:59:10 [DEBUG] core.topology_builder: 主配接口降级（非错）: 无法从LINE_NAME=10kVLINE060解析出主网站映射
2026-09-07 16:59:10 [DEBUG] core.topology_builder: 主配接口降级（非错）: 无法从LINE_NAME=10kVLINE004解析出主网站映射
2026-09-07 16:59:10 [DEBUG] core.topology_builder: 主配接口降级（非错）: 无法从LINE_NAME=10kVLINE082解析出主网站映射
2026-09-07 16:59:10 [DEBUG] core.topology_builder: 主配接口降级（非错）: 无法从LINE_NAME=10kVLINE018解析出主网站映射
2026-09-07 16:59:10 [DEBUG] core.topology_builder: 主配接口降级（非错）: 无法从LINE_NAME=10kVLINE074解析出主网站映射
2026-09-07 16:59:10 [DEBUG] core.topology_builder: 主配接口降级（非错）: 无法从LINE_NAME=10kVLINE099解析出主网站映射
2026-09-07 16:59:10 [DEBUG] core.topology_builder: 主配接口降级（非错）: 无法从LINE_NAME=10kVLINE041解析出主网站映射
2026-09-07 16:59:10 [DEBUG] core.topology_builder: 主配接口降级（非错）: 无法从LINE_NAME=10kVLINE086解析出主网站映射
2026-09-07 16:59:10 [DEBUG] core.topology_builder: 主配接口降级（非错）: 无法从LINE_NAME=10kVLINE073解析出主网站映射
2026-09-07 16:59:10 [DEBUG] core.topology_builder: 主配接口降级（非错）: 无法从LINE_NAME=10kVLINE033解析出主网站映射
2026-09-07 16:59:10 [DEBUG] core.topology_builder: 主配接口降级（非错）: 无法从LINE_NAME=10kVLINE091解析出主网站映射
2026-09-07 16:59:10 [DEBUG] core.topology_builder: 主配接口降级（非错）: 无法从LINE_NAME=10kVLINE100解析出主网站映射
2026-09-07 16:59:10 [DEBUG] core.topology_builder: 主配接口降级（非错）: 无法从LINE_NAME=10kVLINE013解析出主网站映射
2026-09-07 16:59:10 [DEBUG] core.topology_builder: 主配接口降级（非错）: 无法从LINE_NAME=10kVLINE101解析出主网站映射
2026-09-07 16:59:10 [DEBUG] core.topology_builder: 主配接口降级（非错）: 无法从LINE_NAME=10kVLINE035解析出主网站映射
2026-09-07 16:59:10 [DEBUG] core.topology_builder: 主配接口降级（非错）: 无法从LINE_NAME=10kVLINE102解析出主网站映射
2026-09-07 16:59:10 [DEBUG] core.topology_builder: 主配接口降级（非错）: 无法从LINE_NAME=10kVLINE103解析出主网站映射
2026-09-07 16:59:10 [DEBUG] core.topology_builder: 主配接口降级（非错）: 无法从LINE_NAME=10kVLINE055解析出主网站映射
2026-09-07 16:59:10 [DEBUG] core.topology_builder: 主配接口降级（非错）: 无法从LINE_NAME=10kVLINE024解析出主网站映射
2026-09-07 16:59:10 [DEBUG] core.topology_builder: 主配接口降级（非错）: 无法从LINE_NAME=10kVLINE084解析出主网站映射
2026-09-07 16:59:10 [DEBUG] core.topology_builder: 主配接口降级（非错）: 无法从LINE_NAME=10kVLINE087解析出主网站映射
2026-09-07 16:59:10 [DEBUG] core.topology_builder: 主配接口降级（非错）: 无法从LINE_NAME=20kVLINE104解析出主网站映射
2026-09-07 16:59:10 [DEBUG] core.topology_builder: 主配接口降级（非错）: 无法从LINE_NAME=10kVLINE012解析出主网站映射
2026-09-07 16:59:10 [DEBUG] core.topology_builder: 主配接口降级（非错）: 无法从LINE_NAME=10kVLINE105解析出主网站映射
2026-09-07 16:59:10 [DEBUG] core.topology_builder: 主配接口降级（非错）: 无法从LINE_NAME=10kVLINE106解析出主网站映射
2026-09-07 16:59:10 [DEBUG] core.topology_builder: 主配接口降级（非错）: 无法从LINE_NAME=10kVLINE094解析出主网站映射
2026-09-07 16:59:10 [DEBUG] core.topology_builder: 主配接口降级（非错）: 无法从LINE_NAME=10kVLINE107解析出主网站映射
2026-09-07 16:59:10 [DEBUG] core.topology_builder: 主配接口降级（非错）: 无法从LINE_NAME=10kVLINE053解析出主网站映射
2026-09-07 16:59:10 [DEBUG] core.topology_builder: 主配接口降级（非错）: 无法从LINE_NAME=20kVLINE108解析出主网站映射
2026-09-07 16:59:10 [DEBUG] core.topology_builder: 主配接口降级（非错）: 无法从LINE_NAME=20kVLINE109解析出主网站映射
2026-09-07 16:59:10 [DEBUG] core.topology_builder: 主配接口降级（非错）: 无法从LINE_NAME=10kVLINE110解析出主网站映射
2026-09-07 16:59:10 [DEBUG] core.topology_builder: 主配接口降级（非错）: 无法从LINE_NAME=10kVLINE111解析出主网站映射
2026-09-07 16:59:10 [DEBUG] core.topology_builder: 主配接口降级（非错）: 无法从LINE_NAME=10kVLINE112解析出主网站映射
2026-09-07 16:59:10 [DEBUG] core.topology_builder: 主配接口降级（非错）: 无法从LINE_NAME=20kVLINE113解析出主网站映射
2026-09-07 16:59:10 [DEBUG] core.topology_builder: 主配接口降级（非错）: 无法从LINE_NAME=10kVLINE026解析出主网站映射
2026-09-07 16:59:10 [DEBUG] core.topology_builder: 主配接口降级（非错）: 无法从LINE_NAME=10kVLINE048解析出主网站映射
2026-09-07 16:59:10 [DEBUG] core.topology_builder: 主配接口降级（非错）: 无法从LINE_NAME=10kVLINE003解析出主网站映射
2026-09-07 16:59:10 [DEBUG] core.topology_builder: 主配接口降级（非错）: 无法从LINE_NAME=10kVLINE057解析出主网站映射
2026-09-07 16:59:10 [DEBUG] core.topology_builder: 主配接口降级（非错）: 无法从LINE_NAME=10kVLINE077解析出主网站映射
2026-09-07 16:59:10 [DEBUG] core.topology_builder: 主配接口降级（非错）: 无法从LINE_NAME=10kVLINE114解析出主网站映射
2026-09-07 16:59:10 [DEBUG] core.topology_builder: 主配接口降级（非错）: 无法从LINE_NAME=10kVLINE027解析出主网站映射
2026-09-07 16:59:10 [DEBUG] core.topology_builder: 主配接口降级（非错）: 无法从LINE_NAME=10kVLINE115解析出主网站映射
2026-09-07 16:59:10 [DEBUG] core.topology_builder: 主配接口降级（非错）: 无法从LINE_NAME=10kVLINE116解析出主网站映射
2026-09-07 16:59:10 [DEBUG] core.topology_builder: 主配接口降级（非错）: 无法从LINE_NAME=10kVLINE117解析出主网站映射
2026-09-07 16:59:10 [DEBUG] core.topology_builder: 主配接口降级（非错）: 无法从LINE_NAME=10kVLINE118解析出主网站映射
2026-09-07 16:59:10 [DEBUG] core.topology_builder: 主配接口降级（非错）: 无法从LINE_NAME=10kVLINE038解析出主网站映射
2026-09-07 16:59:10 [DEBUG] core.topology_builder: 主配接口降级（非错）: 无法从LINE_NAME=10kVLINE119解析出主网站映射
2026-09-07 16:59:10 [DEBUG] core.topology_builder: 主配接口降级（非错）: 无法从LINE_NAME=20kVLINE120解析出主网站映射
2026-09-07 16:59:10 [DEBUG] core.topology_builder: 主配接口降级（非错）: 无法从LINE_NAME=10kVLINE121_195解析出主网站映射
2026-09-07 16:59:10 [DEBUG] core.topology_builder: 主配接口降级（非错）: 无法从LINE_NAME=10kVLINE076解析出主网站映射
2026-09-07 16:59:10 [DEBUG] core.topology_builder: 主配接口降级（非错）: 无法从LINE_NAME=10kVLINE093解析出主网站映射
2026-09-07 16:59:10 [DEBUG] core.topology_builder: 主配接口降级（非错）: 无法从LINE_NAME=20kVLINE122解析出主网站映射
2026-09-07 16:59:10 [DEBUG] core.topology_builder: 主配接口降级（非错）: 无法从LINE_NAME=10kVLINE123解析出主网站映射
2026-09-07 16:59:10 [DEBUG] core.topology_builder: 主配接口降级（非错）: 无法从LINE_NAME=10kVLINE039解析出主网站映射
2026-09-07 16:59:10 [DEBUG] core.topology_builder: 主配接口降级（非错）: 无法从LINE_NAME=10kVLINE124解析出主网站映射
2026-09-07 16:59:10 [DEBUG] core.topology_builder: 主配接口降级（非错）: 无法从LINE_NAME=10kVLINE125解析出主网站映射
2026-09-07 16:59:10 [DEBUG] core.topology_builder: 主配接口降级（非错）: 无法从LINE_NAME=10kVLINE126解析出主网站映射
2026-09-07 16:59:10 [DEBUG] core.topology_builder: 主配接口降级（非错）: 无法从LINE_NAME=10kVLINE127解析出主网站映射
2026-09-07 16:59:10 [DEBUG] core.topology_builder: 主配接口降级（非错）: 无法从LINE_NAME=10kVLINE089解析出主网站映射
2026-09-07 16:59:10 [DEBUG] core.topology_builder: 主配接口降级（非错）: 无法从LINE_NAME=10kVLINE090解析出主网站映射
2026-09-07 16:59:10 [DEBUG] core.topology_builder: 主配接口降级（非错）: 无法从LINE_NAME=10kVLINE128解析出主网站映射
2026-09-07 16:59:10 [DEBUG] core.topology_builder: 主配接口降级（非错）: 无法从LINE_NAME=10kVLINE037解析出主网站映射
2026-09-07 16:59:10 [DEBUG] core.topology_builder: 主配接口降级（非错）: 无法从LINE_NAME=10kVLINE071解析出主网站映射
2026-09-07 16:59:10 [DEBUG] core.topology_builder: 主配接口降级（非错）: 无法从LINE_NAME=10kVLINE129解析出主网站映射
2026-09-07 16:59:10 [DEBUG] core.topology_builder: 主配接口降级（非错）: 无法从LINE_NAME=10kVLINE009解析出主网站映射
2026-09-07 16:59:10 [DEBUG] core.topology_builder: 主配接口降级（非错）: 无法从LINE_NAME=10kVLINE022解析出主网站映射
2026-09-07 16:59:10 [DEBUG] core.topology_builder: 主配接口降级（非错）: 无法从LINE_NAME=10kVLINE028解析出主网站映射
2026-09-07 16:59:10 [DEBUG] core.topology_builder: 主配接口降级（非错）: 无法从LINE_NAME=10kVLINE019解析出主网站映射
2026-09-07 16:59:10 [DEBUG] core.topology_builder: 主配接口降级（非错）: 无法从LINE_NAME=10kVLINE015解析出主网站映射
2026-09-07 16:59:10 [DEBUG] core.topology_builder: 主配接口降级（非错）: 无法从LINE_NAME=10kVLINE130解析出主网站映射
2026-09-07 16:59:10 [DEBUG] core.topology_builder: 主配接口降级（非错）: 无法从LINE_NAME=10kVLINE131解析出主网站映射
2026-09-07 16:59:10 [DEBUG] core.topology_builder: 主配接口降级（非错）: 无法从LINE_NAME=10kVLINE132解析出主网站映射
2026-09-07 16:59:10 [DEBUG] core.topology_builder: 主配接口降级（非错）: 无法从LINE_NAME=10kVLINE061解析出主网站映射
2026-09-07 16:59:10 [DEBUG] core.topology_builder: 主配接口降级（非错）: 无法从LINE_NAME=10kVLINE133解析出主网站映射
2026-09-07 16:59:10 [DEBUG] core.topology_builder: 主配接口降级（非错）: 无法从LINE_NAME=10kVLINE075解析出主网站映射
2026-09-07 16:59:10 [DEBUG] core.topology_builder: 主配接口降级（非错）: 无法从LINE_NAME=10kVLINE016解析出主网站映射
2026-09-07 16:59:10 [DEBUG] core.topology_builder: 主配接口降级（非错）: 无法从LINE_NAME=10kVLINE134解析出主网站映射
2026-09-07 16:59:10 [DEBUG] core.topology_builder: 主配接口降级（非错）: 无法从LINE_NAME=10kVLINE043解析出主网站映射
2026-09-07 16:59:10 [DEBUG] core.topology_builder: 主配接口降级（非错）: 无法从LINE_NAME=10kVLINE050解析出主网站映射
2026-09-07 16:59:10 [DEBUG] core.topology_builder: 主配接口降级（非错）: 无法从LINE_NAME=10kVLINE054解析出主网站映射
2026-09-07 16:59:10 [DEBUG] core.topology_builder: 主配接口降级（非错）: 无法从LINE_NAME=10kVLINE040解析出主网站映射
2026-09-07 16:59:10 [DEBUG] core.topology_builder: 主配接口降级（非错）: 无法从LINE_NAME=10kVLINE021解析出主网站映射
2026-09-07 16:59:10 [DEBUG] core.topology_builder: 主配接口降级（非错）: 无法从LINE_NAME=10kVLINE023解析出主网站映射
2026-09-07 16:59:10 [DEBUG] core.topology_builder: 主配接口降级（非错）: 无法从LINE_NAME=10kVLINE020解析出主网站映射
2026-09-07 16:59:10 [DEBUG] core.topology_builder: 主配接口降级（非错）: 无法从LINE_NAME=10kVLINE135解析出主网站映射
2026-09-07 16:59:10 [DEBUG] core.topology_builder: 主配接口降级（非错）: 无法从LINE_NAME=10kVLINE136解析出主网站映射
2026-09-07 16:59:10 [DEBUG] core.topology_builder: 主配接口降级（非错）: 无法从LINE_NAME=10kVLINE097解析出主网站映射
2026-09-07 16:59:10 [DEBUG] core.topology_builder: 主配接口降级（非错）: 无法从LINE_NAME=10kVLINE096解析出主网站映射
2026-09-07 16:59:10 [DEBUG] core.topology_builder: 主配接口降级（非错）: 无法从LINE_NAME=10kVLINE137解析出主网站映射
2026-09-07 16:59:10 [DEBUG] core.topology_builder: 主配接口降级（非错）: 无法从LINE_NAME=10kVLINE138解析出主网站映射
2026-09-07 16:59:10 [DEBUG] core.topology_builder: 主配接口降级（非错）: 无法从LINE_NAME=10kVLINE139解析出主网站映射
2026-09-07 16:59:10 [DEBUG] core.topology_builder: 主配接口降级（非错）: 无法从LINE_NAME=10kVLINE140解析出主网站映射
2026-09-07 16:59:10 [DEBUG] core.topology_builder: 主配接口降级（非错）: 无法从LINE_NAME=10kVLINE141解析出主网站映射
2026-09-07 16:59:10 [DEBUG] core.topology_builder: 主配接口降级（非错）: 无法从LINE_NAME=10kVLINE049解析出主网站映射
2026-09-07 16:59:10 [DEBUG] core.topology_builder: 主配接口降级（非错）: 无法从LINE_NAME=10kVLINE142解析出主网站映射
2026-09-07 16:59:10 [DEBUG] core.topology_builder: 主配接口降级（非错）: 无法从LINE_NAME=10kVLINE042解析出主网站映射
2026-09-07 16:59:10 [DEBUG] core.topology_builder: 主配接口降级（非错）: 无法从LINE_NAME=10kVLINE056解析出主网站映射
2026-09-07 16:59:10 [DEBUG] core.topology_builder: 主配接口降级（非错）: 无法从LINE_NAME=10kVLINE143解析出主网站映射
2026-09-07 16:59:10 [DEBUG] core.topology_builder: 主配接口降级（非错）: 无法从LINE_NAME=10kVLINE144解析出主网站映射
2026-09-07 16:59:10 [DEBUG] core.topology_builder: 主配接口降级（非错）: 无法从LINE_NAME=10kVLINE070解析出主网站映射
2026-09-07 16:59:10 [DEBUG] core.topology_builder: 主配接口降级（非错）: 无法从LINE_NAME=10kVLINE069解析出主网站映射
2026-09-07 16:59:10 [DEBUG] core.topology_builder: 主配接口降级（非错）: 无法从LINE_NAME=10kVLINE145解析出主网站映射
2026-09-07 16:59:10 [DEBUG] core.topology_builder: 主配接口降级（非错）: 无法从LINE_NAME=10kVLINE146解析出主网站映射
2026-09-07 16:59:10 [DEBUG] core.topology_builder: 主配接口降级（非错）: 无法从LINE_NAME=10kVLINE147解析出主网站映射
2026-09-07 16:59:10 [DEBUG] core.topology_builder: 主配接口降级（非错）: 无法从LINE_NAME=10kVLINE148解析出主网站映射
2026-09-07 16:59:10 [DEBUG] core.topology_builder: 主配接口降级（非错）: 无法从LINE_NAME=10kVLINE025解析出主网站映射
2026-09-07 16:59:10 [DEBUG] core.topology_builder: 主配接口降级（非错）: 无法从LINE_NAME=20kVLINE149解析出主网站映射
2026-09-07 16:59:10 [DEBUG] core.topology_builder: 主配接口降级（非错）: 无法从LINE_NAME=10kVLINE083解析出主网站映射
2026-09-07 16:59:10 [DEBUG] core.topology_builder: 主配接口降级（非错）: 无法从LINE_NAME=20kVLINE150解析出主网站映射
2026-09-07 16:59:10 [DEBUG] core.topology_builder: 主配接口降级（非错）: 无法从LINE_NAME=20kVLINE151解析出主网站映射
2026-09-07 16:59:10 [DEBUG] core.topology_builder: 主配接口降级（非错）: 无法从LINE_NAME=20kVLINE152解析出主网站映射
2026-09-07 16:59:10 [DEBUG] core.topology_builder: 主配接口降级（非错）: 无法从LINE_NAME=10kVLINE046解析出主网站映射
2026-09-07 16:59:10 [DEBUG] core.topology_builder: 主配接口降级（非错）: 无法从LINE_NAME=10kVLINE045解析出主网站映射
2026-09-07 16:59:10 [DEBUG] core.topology_builder: 主配接口降级（非错）: 无法从LINE_NAME=10kVLINE153解析出主网站映射
2026-09-07 16:59:10 [DEBUG] core.topology_builder: 主配接口降级（非错）: 无法从LINE_NAME=10kVLINE154解析出主网站映射
2026-09-07 16:59:10 [DEBUG] core.topology_builder: 主配接口降级（非错）: 无法从LINE_NAME=10kVLINE155解析出主网站映射
2026-09-07 16:59:10 [DEBUG] core.topology_builder: 主配接口降级（非错）: 无法从LINE_NAME=10kVLINE156解析出主网站映射
2026-09-07 16:59:10 [DEBUG] core.topology_builder: 主配接口降级（非错）: 无法从LINE_NAME=10kVLINE058解析出主网站映射
2026-09-07 16:59:10 [DEBUG] core.topology_builder: 主配接口降级（非错）: 无法从LINE_NAME=10kVLINE059解析出主网站映射
2026-09-07 16:59:10 [DEBUG] core.topology_builder: 主配接口降级（非错）: 无法从LINE_NAME=10kVLINE157解析出主网站映射
2026-09-07 16:59:10 [DEBUG] core.topology_builder: 主配接口降级（非错）: 无法从LINE_NAME=10kVLINE088解析出主网站映射
2026-09-07 16:59:10 [DEBUG] core.topology_builder: 主配接口降级（非错）: 无法从LINE_NAME=10kVLINE121_185解析出主网站映射
2026-09-07 16:59:10 [DEBUG] core.topology_builder: 主配接口降级（非错）: 无法从LINE_NAME=10kVLINE081解析出主网站映射
2026-09-07 16:59:10 [DEBUG] core.topology_builder: 主配接口降级（非错）: 无法从LINE_NAME=10kVLINE158解析出主网站映射
2026-09-07 16:59:10 [DEBUG] core.topology_builder: 主配接口降级（非错）: 无法从LINE_NAME=10kVLINE159解析出主网站映射
2026-09-07 16:59:10 [DEBUG] core.topology_builder: 主配接口降级（非错）: 无法从LINE_NAME=10kVLINE160解析出主网站映射
2026-09-07 16:59:10 [DEBUG] core.topology_builder: 主配接口降级（非错）: 无法从LINE_NAME=10kVLINE161解析出主网站映射
2026-09-07 16:59:10 [DEBUG] core.topology_builder: 主配接口降级（非错）: 无法从LINE_NAME=10kVLINE162解析出主网站映射
2026-09-07 16:59:10 [DEBUG] core.topology_builder: 主配接口降级（非错）: 无法从LINE_NAME=10kVLINE163解析出主网站映射
2026-09-07 16:59:10 [DEBUG] core.topology_builder: 主配接口降级（非错）: 无法从LINE_NAME=10kVLINE164解析出主网站映射
2026-09-07 16:59:10 [DEBUG] core.topology_builder: 主配接口降级（非错）: 无法从LINE_NAME=10kVLINE165解析出主网站映射
2026-09-07 16:59:10 [DEBUG] core.topology_builder: 主配接口降级（非错）: 无法从LINE_NAME=10kVLINE166解析出主网站映射
2026-09-07 16:59:10 [DEBUG] core.topology_builder: 主配接口降级（非错）: 无法从LINE_NAME=10kVLINE167解析出主网站映射
2026-09-07 16:59:10 [DEBUG] core.topology_builder: 主配接口降级（非错）: 无法从LINE_NAME=10kVLINE168解析出主网站映射
2026-09-07 16:59:10 [DEBUG] core.topology_builder: 主配接口降级（非错）: 无法从LINE_NAME=10kVLINE014解析出主网站映射
2026-09-07 16:59:10 [DEBUG] core.topology_builder: 主配接口降级（非错）: 无法从LINE_NAME=10kVLINE169解析出主网站映射
2026-09-07 16:59:10 [DEBUG] core.topology_builder: 主配接口降级（非错）: 无法从LINE_NAME=10kVLINE170解析出主网站映射
2026-09-07 16:59:10 [DEBUG] core.topology_builder: 主配接口降级（非错）: 无法从LINE_NAME=10kVLINE171解析出主网站映射
2026-09-07 16:59:10 [DEBUG] core.topology_builder: 主配接口降级（非错）: 无法从LINE_NAME=10kVLINE172解析出主网站映射
2026-09-07 16:59:10 [DEBUG] core.topology_builder: 主配接口降级（非错）: 无法从LINE_NAME=10kVLINE173解析出主网站映射
2026-09-07 16:59:10 [DEBUG] core.topology_builder: 主配接口降级（非错）: 无法从LINE_NAME=10kVLINE174解析出主网站映射
2026-09-07 16:59:10 [DEBUG] core.topology_builder: 主配接口降级（非错）: 无法从LINE_NAME=10kVLINE175解析出主网站映射
2026-09-07 16:59:10 [DEBUG] core.topology_builder: 主配接口降级（非错）: 无法从LINE_NAME=10kVLINE176解析出主网站映射
2026-09-07 16:59:10 [DEBUG] core.topology_builder: 主配接口降级（非错）: 无法从LINE_NAME=10kVLINE177解析出主网站映射
2026-09-07 16:59:10 [DEBUG] core.topology_builder: 主配接口降级（非错）: 无法从LINE_NAME=10kVLINE044解析出主网站映射
2026-09-07 16:59:10 [DEBUG] core.topology_builder: 主配接口降级（非错）: 无法从LINE_NAME=10kVLINE178解析出主网站映射
2026-09-07 16:59:10 [DEBUG] core.topology_builder: 主配接口降级（非错）: 无法从LINE_NAME=10kVLINE179解析出主网站映射
2026-09-07 16:59:10 [DEBUG] core.topology_builder: 主配接口降级（非错）: 无法从LINE_NAME=10kVLINE180解析出主网站映射
2026-09-07 16:59:10 [DEBUG] core.topology_builder: 主配接口降级（非错）: 无法从LINE_NAME=20kVLINE181解析出主网站映射
2026-09-07 16:59:10 [DEBUG] core.topology_builder: 主配接口降级（非错）: 无法从LINE_NAME=10kVLINE182解析出主网站映射
2026-09-07 16:59:10 [DEBUG] core.topology_builder: 主配接口降级（非错）: 无法从LINE_NAME=10kVLINE183解析出主网站映射
2026-09-07 16:59:10 [DEBUG] core.topology_builder: 主配接口降级（非错）: 无法从LINE_NAME=10kVLINE184解析出主网站映射
2026-09-07 16:59:10 [DEBUG] core.topology_builder: 主配接口降级（非错）: 无法从LINE_NAME=10kVLINE186解析出主网站映射
2026-09-07 16:59:10 [DEBUG] core.topology_builder: 主配接口降级（非错）: 无法从LINE_NAME=10kVLINE187解析出主网站映射
2026-09-07 16:59:10 [DEBUG] core.topology_builder: 主配接口降级（非错）: 无法从LINE_NAME=10kVLINE188解析出主网站映射
2026-09-07 16:59:10 [DEBUG] core.topology_builder: 主配接口降级（非错）: 无法从LINE_NAME=10kVLINE189解析出主网站映射
2026-09-07 16:59:10 [DEBUG] core.topology_builder: 主配接口降级（非错）: 无法从LINE_NAME=10kVLINE190解析出主网站映射
2026-09-07 16:59:10 [DEBUG] core.topology_builder: 主配接口降级（非错）: 无法从LINE_NAME=10kVLINE191解析出主网站映射
2026-09-07 16:59:10 [DEBUG] core.topology_builder: 主配接口降级（非错）: 无法从LINE_NAME=10kVLINE192解析出主网站映射
2026-09-07 16:59:10 [DEBUG] core.topology_builder: 主配接口降级（非错）: 无法从LINE_NAME=10kVLINE193解析出主网站映射
2026-09-07 16:59:10 [DEBUG] core.topology_builder: 主配接口降级（非错）: 无法从LINE_NAME=10kVLINE194解析出主网站映射
2026-09-07 16:59:10 [DEBUG] core.topology_builder: 主配接口降级（非错）: 无法从LINE_NAME=10kVLINE195解析出主网站映射
2026-09-07 16:59:10 [DEBUG] core.topology_builder: 主配接口降级（非错）: 无法从LINE_NAME=10kVLINE196解析出主网站映射
2026-09-07 16:59:10 [DEBUG] core.topology_builder: 主配接口降级（非错）: 无法从LINE_NAME=10kVLINE197解析出主网站映射
2026-09-07 16:59:10 [DEBUG] core.topology_builder: 主配接口降级（非错）: 无法从LINE_NAME=10kVLINE198解析出主网站映射
2026-09-07 16:59:10 [DEBUG] core.topology_builder: 主配接口降级（非错）: 无法从LINE_NAME=10kVLINE199解析出主网站映射
2026-09-07 16:59:10 [DEBUG] core.topology_builder: 主配接口降级（非错）: 无法从LINE_NAME=10kVLINE063解析出主网站映射
2026-09-07 16:59:10 [DEBUG] core.topology_builder: 主配接口降级（非错）: 无法从LINE_NAME=10kVLINE200解析出主网站映射
2026-09-07 16:59:10 [DEBUG] core.topology_builder: 主配接口降级（非错）: 无法从LINE_NAME=10kVLINE201解析出主网站映射
2026-09-07 16:59:10 [DEBUG] core.topology_builder: 主配接口降级（非错）: 无法从LINE_NAME=10kVLINE202解析出主网站映射
2026-09-07 16:59:10 [DEBUG] core.topology_builder: 主配接口降级（非错）: 无法从LINE_NAME=10kVLINE203解析出主网站映射
2026-09-07 16:59:10 [DEBUG] core.topology_builder: 主配接口降级（非错）: 无法从LINE_NAME=10kVLINE204解析出主网站映射
2026-09-07 16:59:10 [DEBUG] core.topology_builder: 主配接口降级（非错）: 无法从LINE_NAME=10kVLINE205解析出主网站映射
2026-09-07 16:59:10 [DEBUG] core.topology_builder: 主配接口降级（非错）: 无法从LINE_NAME=10kVLINE051解析出主网站映射
2026-09-07 16:59:10 [DEBUG] core.topology_builder: 主配接口降级（非错）: 无法从LINE_NAME=10kVLINE187解析出主网站映射
2026-09-07 16:59:10 [DEBUG] core.topology_builder: 主配接口降级（非错）: 无法从LINE_NAME=10kVLINE207解析出主网站映射
2026-09-07 16:59:10 [DEBUG] core.topology_builder: 主配接口降级（非错）: 无法从LINE_NAME=10kVLINE208解析出主网站映射
2026-09-07 16:59:10 [DEBUG] core.topology_builder: 主配接口降级（非错）: 无法从LINE_NAME=10kVLINE209解析出主网站映射
2026-09-07 16:59:10 [DEBUG] core.topology_builder: 主配接口降级（非错）: 无法从LINE_NAME=10kVLINE210解析出主网站映射
2026-09-07 16:59:10 [DEBUG] core.topology_builder: 主配接口降级（非错）: 无法从LINE_NAME=10kVLINE212解析出主网站映射
2026-09-07 16:59:10 [DEBUG] core.topology_builder: 主配接口降级（非错）: 无法从LINE_NAME=10kVLINE213解析出主网站映射
2026-09-07 16:59:10 [DEBUG] core.topology_builder: 主配接口降级（非错）: 无法从LINE_NAME=LINE215解析出主网站映射
2026-09-07 16:59:10 [DEBUG] core.topology_builder: 主配接口降级（非错）: 无法从LINE_NAME=LINE216解析出主网站映射
2026-09-07 16:59:10 [INFO] core.topology_builder: 主配接口校验：通过=184 失败=5
2026-09-07 16:59:10 [INFO] core.topology_builder: [主配接口校验] 4.1/4.2 命中缺陷: 5
2026-09-07 16:59:10 [INFO] core.topology_builder: [电气逻辑校验] RULE-E01~E07 命中:3272
2026-09-07 16:59:10 [INFO] core.topology_builder: 开始执行拓扑异常检测：悬空、孤岛、断点
2026-09-07 16:59:16 [INFO] core.topology_builder: 主网异常数量：0，断点数量：0
2026-09-07 16:59:16 [INFO] core.topology_builder: 配网异常数量：9565，断点数量：561
2026-09-07 16:59:22 [INFO] core.topology_builder: 主配数据拆分完成：主网设备=1167 配网设备=50744 主网线段=223 配网线段=189 主网站=10 遥信遥测=5829 ZWMEA=442 ZWSIGNAL=1567
2026-09-07 16:59:22 [INFO] core.topology_builder: 主网设备数量：1167
2026-09-07 16:59:22 [INFO] core.topology_builder: 配网设备数量：50744
2026-09-07 16:59:22 [INFO] core.topology_builder: 主网线路(ZLINEEND)数量：223
2026-09-07 16:59:22 [INFO] core.topology_builder: 配网线路(PWFEEDERLINE)数量：189
2026-09-07 16:59:22 [INFO] core.topology_builder: 主网站点(ZWSUBSTATION)数量：10
2026-09-07 16:59:22 [INFO] core.topology_builder: 遥信遥测(PWREAL)记录数：5829
2026-09-07 16:59:22 [INFO] core.topology_builder: 主网遥测(ZWMEA)：442 主网遥信(ZWSIGNAL)：1567
2026-09-07 16:59:22 [INFO] core.topology_builder: [Builder] 正在添加 1167 个主网设备和 50744 个配网设备...
2026-09-07 16:59:22 [INFO] core.topology_builder: 主网电源设备数=47
2026-09-07 16:59:22 [INFO] core.topology_builder: 主网电源设备识别: 47 台
2026-09-07 16:59:23 [DEBUG] core.topology_builder: 已处理 10000 个配网设备
2026-09-07 16:59:25 [DEBUG] core.topology_builder: 已处理 20000 个配网设备
2026-09-07 16:59:26 [DEBUG] core.topology_builder: 已处理 30000 个配网设备
2026-09-07 16:59:27 [DEBUG] core.topology_builder: 已处理 40000 个配网设备
2026-09-07 16:59:28 [DEBUG] core.topology_builder: 已处理 50000 个配网设备
2026-09-07 16:59:28 [INFO] core.topology_builder: 配网电源设备数=0
2026-09-07 16:59:28 [INFO] core.topology_builder: 配网电源设备识别: 0 台
2026-09-07 16:59:28 [INFO] core.topology_builder: 主配电源注入（S1修复版）: 1167 台主网设备标记为电源（不再整条馈线注入）
2026-09-07 16:59:28 [INFO] core.topology_builder:   ZWLINEEND 解析出馈线→主网站映射数: 0
2026-09-07 16:59:39 [INFO] core.topology_builder: [Builder] 配网真实端子数量:76354
2026-09-07 16:59:39 [INFO] core.topology_builder: [Builder] 主网真实端子数量:1562
2026-09-07 16:59:47 [INFO] core.topology_builder: [S2修复] 主配物理连接跨边建立: 324 条, 主网边界设备并入: 175 台
2026-09-07 16:59:47 [INFO] core.topology_builder: [端子建边完成] 配网拓扑边数量：117773
2026-09-07 16:59:47 [INFO] core.topology_builder: [端子建边完成] 主网拓扑边数量：2632
2026-09-07 16:59:55 [INFO] core.measure_preprocess: [MeasurePreprocess] 遥信实测开关数量：6666
2026-09-07 16:59:55 [INFO] core.measure_preprocess: [MeasurePreprocess] 默认合位开关数量：19813
2026-09-07 16:59:56 [INFO] core.topology_builder: [遥信预处理统计] 总开关状态映射条目:26479 实际挂载到设备:25637
2026-09-07 16:59:56 [INFO] core.topology_builder: 遥信实测开关:6666，赛题默认合位推演开关:19813
2026-09-07 17:00:07 [DEBUG] core.topology_builder: 主配接口降级（非错）: 无法从LINE_NAME=10kVLINE098解析出主网站映射
2026-09-07 17:00:07 [DEBUG] core.topology_builder: 主配接口降级（非错）: 无法从LINE_NAME=10kVLINE060解析出主网站映射
2026-09-07 17:00:07 [DEBUG] core.topology_builder: 主配接口降级（非错）: 无法从LINE_NAME=10kVLINE004解析出主网站映射
2026-09-07 17:00:07 [DEBUG] core.topology_builder: 主配接口降级（非错）: 无法从LINE_NAME=10kVLINE082解析出主网站映射
2026-09-07 17:00:07 [DEBUG] core.topology_builder: 主配接口降级（非错）: 无法从LINE_NAME=10kVLINE018解析出主网站映射
2026-09-07 17:00:07 [DEBUG] core.topology_builder: 主配接口降级（非错）: 无法从LINE_NAME=10kVLINE074解析出主网站映射
2026-09-07 17:00:07 [DEBUG] core.topology_builder: 主配接口降级（非错）: 无法从LINE_NAME=10kVLINE099解析出主网站映射
2026-09-07 17:00:07 [DEBUG] core.topology_builder: 主配接口降级（非错）: 无法从LINE_NAME=10kVLINE041解析出主网站映射
2026-09-07 17:00:07 [DEBUG] core.topology_builder: 主配接口降级（非错）: 无法从LINE_NAME=10kVLINE086解析出主网站映射
2026-09-07 17:00:07 [DEBUG] core.topology_builder: 主配接口降级（非错）: 无法从LINE_NAME=10kVLINE073解析出主网站映射
2026-09-07 17:00:07 [DEBUG] core.topology_builder: 主配接口降级（非错）: 无法从LINE_NAME=10kVLINE033解析出主网站映射
2026-09-07 17:00:07 [DEBUG] core.topology_builder: 主配接口降级（非错）: 无法从LINE_NAME=10kVLINE091解析出主网站映射
2026-09-07 17:00:07 [DEBUG] core.topology_builder: 主配接口降级（非错）: 无法从LINE_NAME=10kVLINE100解析出主网站映射
2026-09-07 17:00:07 [DEBUG] core.topology_builder: 主配接口降级（非错）: 无法从LINE_NAME=10kVLINE013解析出主网站映射
2026-09-07 17:00:07 [DEBUG] core.topology_builder: 主配接口降级（非错）: 无法从LINE_NAME=10kVLINE101解析出主网站映射
2026-09-07 17:00:07 [DEBUG] core.topology_builder: 主配接口降级（非错）: 无法从LINE_NAME=10kVLINE035解析出主网站映射
2026-09-07 17:00:07 [DEBUG] core.topology_builder: 主配接口降级（非错）: 无法从LINE_NAME=10kVLINE102解析出主网站映射
2026-09-07 17:00:07 [DEBUG] core.topology_builder: 主配接口降级（非错）: 无法从LINE_NAME=10kVLINE103解析出主网站映射
2026-09-07 17:00:07 [DEBUG] core.topology_builder: 主配接口降级（非错）: 无法从LINE_NAME=10kVLINE055解析出主网站映射
2026-09-07 17:00:07 [DEBUG] core.topology_builder: 主配接口降级（非错）: 无法从LINE_NAME=10kVLINE024解析出主网站映射
2026-09-07 17:00:07 [DEBUG] core.topology_builder: 主配接口降级（非错）: 无法从LINE_NAME=10kVLINE084解析出主网站映射
2026-09-07 17:00:07 [DEBUG] core.topology_builder: 主配接口降级（非错）: 无法从LINE_NAME=10kVLINE087解析出主网站映射
2026-09-07 17:00:07 [DEBUG] core.topology_builder: 主配接口降级（非错）: 无法从LINE_NAME=20kVLINE104解析出主网站映射
2026-09-07 17:00:07 [DEBUG] core.topology_builder: 主配接口降级（非错）: 无法从LINE_NAME=10kVLINE012解析出主网站映射
2026-09-07 17:00:07 [DEBUG] core.topology_builder: 主配接口降级（非错）: 无法从LINE_NAME=10kVLINE105解析出主网站映射
2026-09-07 17:00:07 [DEBUG] core.topology_builder: 主配接口降级（非错）: 无法从LINE_NAME=10kVLINE106解析出主网站映射
2026-09-07 17:00:07 [DEBUG] core.topology_builder: 主配接口降级（非错）: 无法从LINE_NAME=10kVLINE094解析出主网站映射
2026-09-07 17:00:07 [DEBUG] core.topology_builder: 主配接口降级（非错）: 无法从LINE_NAME=10kVLINE107解析出主网站映射
2026-09-07 17:00:07 [DEBUG] core.topology_builder: 主配接口降级（非错）: 无法从LINE_NAME=10kVLINE053解析出主网站映射
2026-09-07 17:00:07 [DEBUG] core.topology_builder: 主配接口降级（非错）: 无法从LINE_NAME=20kVLINE108解析出主网站映射
2026-09-07 17:00:07 [DEBUG] core.topology_builder: 主配接口降级（非错）: 无法从LINE_NAME=20kVLINE109解析出主网站映射
2026-09-07 17:00:07 [DEBUG] core.topology_builder: 主配接口降级（非错）: 无法从LINE_NAME=10kVLINE110解析出主网站映射
2026-09-07 17:00:07 [DEBUG] core.topology_builder: 主配接口降级（非错）: 无法从LINE_NAME=10kVLINE111解析出主网站映射
2026-09-07 17:00:07 [DEBUG] core.topology_builder: 主配接口降级（非错）: 无法从LINE_NAME=10kVLINE112解析出主网站映射
2026-09-07 17:00:07 [DEBUG] core.topology_builder: 主配接口降级（非错）: 无法从LINE_NAME=20kVLINE113解析出主网站映射
2026-09-07 17:00:07 [DEBUG] core.topology_builder: 主配接口降级（非错）: 无法从LINE_NAME=10kVLINE026解析出主网站映射
2026-09-07 17:00:07 [DEBUG] core.topology_builder: 主配接口降级（非错）: 无法从LINE_NAME=10kVLINE048解析出主网站映射
2026-09-07 17:00:07 [DEBUG] core.topology_builder: 主配接口降级（非错）: 无法从LINE_NAME=10kVLINE003解析出主网站映射
2026-09-07 17:00:07 [DEBUG] core.topology_builder: 主配接口降级（非错）: 无法从LINE_NAME=10kVLINE057解析出主网站映射
2026-09-07 17:00:07 [DEBUG] core.topology_builder: 主配接口降级（非错）: 无法从LINE_NAME=10kVLINE077解析出主网站映射
2026-09-07 17:00:07 [DEBUG] core.topology_builder: 主配接口降级（非错）: 无法从LINE_NAME=10kVLINE114解析出主网站映射
2026-09-07 17:00:07 [DEBUG] core.topology_builder: 主配接口降级（非错）: 无法从LINE_NAME=10kVLINE027解析出主网站映射
2026-09-07 17:00:07 [DEBUG] core.topology_builder: 主配接口降级（非错）: 无法从LINE_NAME=10kVLINE115解析出主网站映射
2026-09-07 17:00:07 [DEBUG] core.topology_builder: 主配接口降级（非错）: 无法从LINE_NAME=10kVLINE116解析出主网站映射
2026-09-07 17:00:07 [DEBUG] core.topology_builder: 主配接口降级（非错）: 无法从LINE_NAME=10kVLINE117解析出主网站映射
2026-09-07 17:00:07 [DEBUG] core.topology_builder: 主配接口降级（非错）: 无法从LINE_NAME=10kVLINE118解析出主网站映射
2026-09-07 17:00:07 [DEBUG] core.topology_builder: 主配接口降级（非错）: 无法从LINE_NAME=10kVLINE038解析出主网站映射
2026-09-07 17:00:07 [DEBUG] core.topology_builder: 主配接口降级（非错）: 无法从LINE_NAME=10kVLINE119解析出主网站映射
2026-09-07 17:00:07 [DEBUG] core.topology_builder: 主配接口降级（非错）: 无法从LINE_NAME=20kVLINE120解析出主网站映射
2026-09-07 17:00:07 [DEBUG] core.topology_builder: 主配接口降级（非错）: 无法从LINE_NAME=10kVLINE121_195解析出主网站映射
2026-09-07 17:00:07 [DEBUG] core.topology_builder: 主配接口降级（非错）: 无法从LINE_NAME=10kVLINE076解析出主网站映射
2026-09-07 17:00:07 [DEBUG] core.topology_builder: 主配接口降级（非错）: 无法从LINE_NAME=10kVLINE093解析出主网站映射
2026-09-07 17:00:07 [DEBUG] core.topology_builder: 主配接口降级（非错）: 无法从LINE_NAME=20kVLINE122解析出主网站映射
2026-09-07 17:00:07 [DEBUG] core.topology_builder: 主配接口降级（非错）: 无法从LINE_NAME=10kVLINE123解析出主网站映射
2026-09-07 17:00:07 [DEBUG] core.topology_builder: 主配接口降级（非错）: 无法从LINE_NAME=10kVLINE039解析出主网站映射
2026-09-07 17:00:07 [DEBUG] core.topology_builder: 主配接口降级（非错）: 无法从LINE_NAME=10kVLINE124解析出主网站映射
2026-09-07 17:00:07 [DEBUG] core.topology_builder: 主配接口降级（非错）: 无法从LINE_NAME=10kVLINE125解析出主网站映射
2026-09-07 17:00:07 [DEBUG] core.topology_builder: 主配接口降级（非错）: 无法从LINE_NAME=10kVLINE126解析出主网站映射
2026-09-07 17:00:07 [DEBUG] core.topology_builder: 主配接口降级（非错）: 无法从LINE_NAME=10kVLINE127解析出主网站映射
2026-09-07 17:00:07 [DEBUG] core.topology_builder: 主配接口降级（非错）: 无法从LINE_NAME=10kVLINE089解析出主网站映射
2026-09-07 17:00:07 [DEBUG] core.topology_builder: 主配接口降级（非错）: 无法从LINE_NAME=10kVLINE090解析出主网站映射
2026-09-07 17:00:07 [DEBUG] core.topology_builder: 主配接口降级（非错）: 无法从LINE_NAME=10kVLINE128解析出主网站映射
2026-09-07 17:00:07 [DEBUG] core.topology_builder: 主配接口降级（非错）: 无法从LINE_NAME=10kVLINE037解析出主网站映射
2026-09-07 17:00:07 [DEBUG] core.topology_builder: 主配接口降级（非错）: 无法从LINE_NAME=10kVLINE071解析出主网站映射
2026-09-07 17:00:07 [DEBUG] core.topology_builder: 主配接口降级（非错）: 无法从LINE_NAME=10kVLINE129解析出主网站映射
2026-09-07 17:00:07 [DEBUG] core.topology_builder: 主配接口降级（非错）: 无法从LINE_NAME=10kVLINE009解析出主网站映射
2026-09-07 17:00:07 [DEBUG] core.topology_builder: 主配接口降级（非错）: 无法从LINE_NAME=10kVLINE022解析出主网站映射
2026-09-07 17:00:07 [DEBUG] core.topology_builder: 主配接口降级（非错）: 无法从LINE_NAME=10kVLINE028解析出主网站映射
2026-09-07 17:00:07 [DEBUG] core.topology_builder: 主配接口降级（非错）: 无法从LINE_NAME=10kVLINE019解析出主网站映射
2026-09-07 17:00:07 [DEBUG] core.topology_builder: 主配接口降级（非错）: 无法从LINE_NAME=10kVLINE015解析出主网站映射
2026-09-07 17:00:07 [DEBUG] core.topology_builder: 主配接口降级（非错）: 无法从LINE_NAME=10kVLINE130解析出主网站映射
2026-09-07 17:00:07 [DEBUG] core.topology_builder: 主配接口降级（非错）: 无法从LINE_NAME=10kVLINE131解析出主网站映射
2026-09-07 17:00:07 [DEBUG] core.topology_builder: 主配接口降级（非错）: 无法从LINE_NAME=10kVLINE132解析出主网站映射
2026-09-07 17:00:07 [DEBUG] core.topology_builder: 主配接口降级（非错）: 无法从LINE_NAME=10kVLINE061解析出主网站映射
2026-09-07 17:00:07 [DEBUG] core.topology_builder: 主配接口降级（非错）: 无法从LINE_NAME=10kVLINE133解析出主网站映射
2026-09-07 17:00:07 [DEBUG] core.topology_builder: 主配接口降级（非错）: 无法从LINE_NAME=10kVLINE075解析出主网站映射
2026-09-07 17:00:07 [DEBUG] core.topology_builder: 主配接口降级（非错）: 无法从LINE_NAME=10kVLINE016解析出主网站映射
2026-09-07 17:00:07 [DEBUG] core.topology_builder: 主配接口降级（非错）: 无法从LINE_NAME=10kVLINE134解析出主网站映射
2026-09-07 17:00:07 [DEBUG] core.topology_builder: 主配接口降级（非错）: 无法从LINE_NAME=10kVLINE043解析出主网站映射
2026-09-07 17:00:07 [DEBUG] core.topology_builder: 主配接口降级（非错）: 无法从LINE_NAME=10kVLINE050解析出主网站映射
2026-09-07 17:00:07 [DEBUG] core.topology_builder: 主配接口降级（非错）: 无法从LINE_NAME=10kVLINE054解析出主网站映射
2026-09-07 17:00:07 [DEBUG] core.topology_builder: 主配接口降级（非错）: 无法从LINE_NAME=10kVLINE040解析出主网站映射
2026-09-07 17:00:07 [DEBUG] core.topology_builder: 主配接口降级（非错）: 无法从LINE_NAME=10kVLINE021解析出主网站映射
2026-09-07 17:00:07 [DEBUG] core.topology_builder: 主配接口降级（非错）: 无法从LINE_NAME=10kVLINE023解析出主网站映射
2026-09-07 17:00:07 [DEBUG] core.topology_builder: 主配接口降级（非错）: 无法从LINE_NAME=10kVLINE020解析出主网站映射
2026-09-07 17:00:07 [DEBUG] core.topology_builder: 主配接口降级（非错）: 无法从LINE_NAME=10kVLINE135解析出主网站映射
2026-09-07 17:00:07 [DEBUG] core.topology_builder: 主配接口降级（非错）: 无法从LINE_NAME=10kVLINE136解析出主网站映射
2026-09-07 17:00:07 [DEBUG] core.topology_builder: 主配接口降级（非错）: 无法从LINE_NAME=10kVLINE097解析出主网站映射
2026-09-07 17:00:07 [DEBUG] core.topology_builder: 主配接口降级（非错）: 无法从LINE_NAME=10kVLINE096解析出主网站映射
2026-09-07 17:00:07 [DEBUG] core.topology_builder: 主配接口降级（非错）: 无法从LINE_NAME=10kVLINE137解析出主网站映射
2026-09-07 17:00:07 [DEBUG] core.topology_builder: 主配接口降级（非错）: 无法从LINE_NAME=10kVLINE138解析出主网站映射
2026-09-07 17:00:07 [DEBUG] core.topology_builder: 主配接口降级（非错）: 无法从LINE_NAME=10kVLINE139解析出主网站映射
2026-09-07 17:00:07 [DEBUG] core.topology_builder: 主配接口降级（非错）: 无法从LINE_NAME=10kVLINE140解析出主网站映射
2026-09-07 17:00:07 [DEBUG] core.topology_builder: 主配接口降级（非错）: 无法从LINE_NAME=10kVLINE141解析出主网站映射
2026-09-07 17:00:07 [DEBUG] core.topology_builder: 主配接口降级（非错）: 无法从LINE_NAME=10kVLINE049解析出主网站映射
2026-09-07 17:00:07 [DEBUG] core.topology_builder: 主配接口降级（非错）: 无法从LINE_NAME=10kVLINE142解析出主网站映射
2026-09-07 17:00:07 [DEBUG] core.topology_builder: 主配接口降级（非错）: 无法从LINE_NAME=10kVLINE042解析出主网站映射
2026-09-07 17:00:07 [DEBUG] core.topology_builder: 主配接口降级（非错）: 无法从LINE_NAME=10kVLINE056解析出主网站映射
2026-09-07 17:00:07 [DEBUG] core.topology_builder: 主配接口降级（非错）: 无法从LINE_NAME=10kVLINE143解析出主网站映射
2026-09-07 17:00:07 [DEBUG] core.topology_builder: 主配接口降级（非错）: 无法从LINE_NAME=10kVLINE144解析出主网站映射
2026-09-07 17:00:07 [DEBUG] core.topology_builder: 主配接口降级（非错）: 无法从LINE_NAME=10kVLINE070解析出主网站映射
2026-09-07 17:00:07 [DEBUG] core.topology_builder: 主配接口降级（非错）: 无法从LINE_NAME=10kVLINE069解析出主网站映射
2026-09-07 17:00:07 [DEBUG] core.topology_builder: 主配接口降级（非错）: 无法从LINE_NAME=10kVLINE145解析出主网站映射
2026-09-07 17:00:07 [DEBUG] core.topology_builder: 主配接口降级（非错）: 无法从LINE_NAME=10kVLINE146解析出主网站映射
2026-09-07 17:00:07 [DEBUG] core.topology_builder: 主配接口降级（非错）: 无法从LINE_NAME=10kVLINE147解析出主网站映射
2026-09-07 17:00:07 [DEBUG] core.topology_builder: 主配接口降级（非错）: 无法从LINE_NAME=10kVLINE148解析出主网站映射
2026-09-07 17:00:07 [DEBUG] core.topology_builder: 主配接口降级（非错）: 无法从LINE_NAME=10kVLINE025解析出主网站映射
2026-09-07 17:00:07 [DEBUG] core.topology_builder: 主配接口降级（非错）: 无法从LINE_NAME=20kVLINE149解析出主网站映射
2026-09-07 17:00:07 [DEBUG] core.topology_builder: 主配接口降级（非错）: 无法从LINE_NAME=10kVLINE083解析出主网站映射
2026-09-07 17:00:07 [DEBUG] core.topology_builder: 主配接口降级（非错）: 无法从LINE_NAME=20kVLINE150解析出主网站映射
2026-09-07 17:00:07 [DEBUG] core.topology_builder: 主配接口降级（非错）: 无法从LINE_NAME=20kVLINE151解析出主网站映射
2026-09-07 17:00:07 [DEBUG] core.topology_builder: 主配接口降级（非错）: 无法从LINE_NAME=20kVLINE152解析出主网站映射
2026-09-07 17:00:07 [DEBUG] core.topology_builder: 主配接口降级（非错）: 无法从LINE_NAME=10kVLINE046解析出主网站映射
2026-09-07 17:00:07 [DEBUG] core.topology_builder: 主配接口降级（非错）: 无法从LINE_NAME=10kVLINE045解析出主网站映射
2026-09-07 17:00:07 [DEBUG] core.topology_builder: 主配接口降级（非错）: 无法从LINE_NAME=10kVLINE153解析出主网站映射
2026-09-07 17:00:07 [DEBUG] core.topology_builder: 主配接口降级（非错）: 无法从LINE_NAME=10kVLINE154解析出主网站映射
2026-09-07 17:00:07 [DEBUG] core.topology_builder: 主配接口降级（非错）: 无法从LINE_NAME=10kVLINE155解析出主网站映射
2026-09-07 17:00:07 [DEBUG] core.topology_builder: 主配接口降级（非错）: 无法从LINE_NAME=10kVLINE156解析出主网站映射
2026-09-07 17:00:07 [DEBUG] core.topology_builder: 主配接口降级（非错）: 无法从LINE_NAME=10kVLINE058解析出主网站映射
2026-09-07 17:00:07 [DEBUG] core.topology_builder: 主配接口降级（非错）: 无法从LINE_NAME=10kVLINE059解析出主网站映射
2026-09-07 17:00:07 [DEBUG] core.topology_builder: 主配接口降级（非错）: 无法从LINE_NAME=10kVLINE157解析出主网站映射
2026-09-07 17:00:07 [DEBUG] core.topology_builder: 主配接口降级（非错）: 无法从LINE_NAME=10kVLINE088解析出主网站映射
2026-09-07 17:00:07 [DEBUG] core.topology_builder: 主配接口降级（非错）: 无法从LINE_NAME=10kVLINE121_185解析出主网站映射
2026-09-07 17:00:07 [DEBUG] core.topology_builder: 主配接口降级（非错）: 无法从LINE_NAME=10kVLINE081解析出主网站映射
2026-09-07 17:00:07 [DEBUG] core.topology_builder: 主配接口降级（非错）: 无法从LINE_NAME=10kVLINE158解析出主网站映射
2026-09-07 17:00:07 [DEBUG] core.topology_builder: 主配接口降级（非错）: 无法从LINE_NAME=10kVLINE159解析出主网站映射
2026-09-07 17:00:07 [DEBUG] core.topology_builder: 主配接口降级（非错）: 无法从LINE_NAME=10kVLINE160解析出主网站映射
2026-09-07 17:00:07 [DEBUG] core.topology_builder: 主配接口降级（非错）: 无法从LINE_NAME=10kVLINE161解析出主网站映射
2026-09-07 17:00:07 [DEBUG] core.topology_builder: 主配接口降级（非错）: 无法从LINE_NAME=10kVLINE162解析出主网站映射
2026-09-07 17:00:07 [DEBUG] core.topology_builder: 主配接口降级（非错）: 无法从LINE_NAME=10kVLINE163解析出主网站映射
2026-09-07 17:00:07 [DEBUG] core.topology_builder: 主配接口降级（非错）: 无法从LINE_NAME=10kVLINE164解析出主网站映射
2026-09-07 17:00:07 [DEBUG] core.topology_builder: 主配接口降级（非错）: 无法从LINE_NAME=10kVLINE165解析出主网站映射
2026-09-07 17:00:07 [DEBUG] core.topology_builder: 主配接口降级（非错）: 无法从LINE_NAME=10kVLINE166解析出主网站映射
2026-09-07 17:00:07 [DEBUG] core.topology_builder: 主配接口降级（非错）: 无法从LINE_NAME=10kVLINE167解析出主网站映射
2026-09-07 17:00:07 [DEBUG] core.topology_builder: 主配接口降级（非错）: 无法从LINE_NAME=10kVLINE168解析出主网站映射
2026-09-07 17:00:07 [DEBUG] core.topology_builder: 主配接口降级（非错）: 无法从LINE_NAME=10kVLINE014解析出主网站映射
2026-09-07 17:00:07 [DEBUG] core.topology_builder: 主配接口降级（非错）: 无法从LINE_NAME=10kVLINE169解析出主网站映射
2026-09-07 17:00:07 [DEBUG] core.topology_builder: 主配接口降级（非错）: 无法从LINE_NAME=10kVLINE170解析出主网站映射
2026-09-07 17:00:07 [DEBUG] core.topology_builder: 主配接口降级（非错）: 无法从LINE_NAME=10kVLINE171解析出主网站映射
2026-09-07 17:00:07 [DEBUG] core.topology_builder: 主配接口降级（非错）: 无法从LINE_NAME=10kVLINE172解析出主网站映射
2026-09-07 17:00:07 [DEBUG] core.topology_builder: 主配接口降级（非错）: 无法从LINE_NAME=10kVLINE173解析出主网站映射
2026-09-07 17:00:07 [DEBUG] core.topology_builder: 主配接口降级（非错）: 无法从LINE_NAME=10kVLINE174解析出主网站映射
2026-09-07 17:00:07 [DEBUG] core.topology_builder: 主配接口降级（非错）: 无法从LINE_NAME=10kVLINE175解析出主网站映射
2026-09-07 17:00:07 [DEBUG] core.topology_builder: 主配接口降级（非错）: 无法从LINE_NAME=10kVLINE176解析出主网站映射
2026-09-07 17:00:07 [DEBUG] core.topology_builder: 主配接口降级（非错）: 无法从LINE_NAME=10kVLINE177解析出主网站映射
2026-09-07 17:00:07 [DEBUG] core.topology_builder: 主配接口降级（非错）: 无法从LINE_NAME=10kVLINE044解析出主网站映射
2026-09-07 17:00:07 [DEBUG] core.topology_builder: 主配接口降级（非错）: 无法从LINE_NAME=10kVLINE178解析出主网站映射
2026-09-07 17:00:07 [DEBUG] core.topology_builder: 主配接口降级（非错）: 无法从LINE_NAME=10kVLINE179解析出主网站映射
2026-09-07 17:00:07 [DEBUG] core.topology_builder: 主配接口降级（非错）: 无法从LINE_NAME=10kVLINE180解析出主网站映射
2026-09-07 17:00:07 [DEBUG] core.topology_builder: 主配接口降级（非错）: 无法从LINE_NAME=20kVLINE181解析出主网站映射
2026-09-07 17:00:07 [DEBUG] core.topology_builder: 主配接口降级（非错）: 无法从LINE_NAME=10kVLINE182解析出主网站映射
2026-09-07 17:00:07 [DEBUG] core.topology_builder: 主配接口降级（非错）: 无法从LINE_NAME=10kVLINE183解析出主网站映射
2026-09-07 17:00:07 [DEBUG] core.topology_builder: 主配接口降级（非错）: 无法从LINE_NAME=10kVLINE184解析出主网站映射
2026-09-07 17:00:07 [DEBUG] core.topology_builder: 主配接口降级（非错）: 无法从LINE_NAME=10kVLINE186解析出主网站映射
2026-09-07 17:00:07 [DEBUG] core.topology_builder: 主配接口降级（非错）: 无法从LINE_NAME=10kVLINE187解析出主网站映射
2026-09-07 17:00:07 [DEBUG] core.topology_builder: 主配接口降级（非错）: 无法从LINE_NAME=10kVLINE188解析出主网站映射
2026-09-07 17:00:07 [DEBUG] core.topology_builder: 主配接口降级（非错）: 无法从LINE_NAME=10kVLINE189解析出主网站映射
2026-09-07 17:00:07 [DEBUG] core.topology_builder: 主配接口降级（非错）: 无法从LINE_NAME=10kVLINE190解析出主网站映射
2026-09-07 17:00:07 [DEBUG] core.topology_builder: 主配接口降级（非错）: 无法从LINE_NAME=10kVLINE191解析出主网站映射
2026-09-07 17:00:07 [DEBUG] core.topology_builder: 主配接口降级（非错）: 无法从LINE_NAME=10kVLINE192解析出主网站映射
2026-09-07 17:00:07 [DEBUG] core.topology_builder: 主配接口降级（非错）: 无法从LINE_NAME=10kVLINE193解析出主网站映射
2026-09-07 17:00:07 [DEBUG] core.topology_builder: 主配接口降级（非错）: 无法从LINE_NAME=10kVLINE194解析出主网站映射
2026-09-07 17:00:07 [DEBUG] core.topology_builder: 主配接口降级（非错）: 无法从LINE_NAME=10kVLINE195解析出主网站映射
2026-09-07 17:00:07 [DEBUG] core.topology_builder: 主配接口降级（非错）: 无法从LINE_NAME=10kVLINE196解析出主网站映射
2026-09-07 17:00:07 [DEBUG] core.topology_builder: 主配接口降级（非错）: 无法从LINE_NAME=10kVLINE197解析出主网站映射
2026-09-07 17:00:07 [DEBUG] core.topology_builder: 主配接口降级（非错）: 无法从LINE_NAME=10kVLINE198解析出主网站映射
2026-09-07 17:00:07 [DEBUG] core.topology_builder: 主配接口降级（非错）: 无法从LINE_NAME=10kVLINE199解析出主网站映射
2026-09-07 17:00:07 [DEBUG] core.topology_builder: 主配接口降级（非错）: 无法从LINE_NAME=10kVLINE063解析出主网站映射
2026-09-07 17:00:07 [DEBUG] core.topology_builder: 主配接口降级（非错）: 无法从LINE_NAME=10kVLINE200解析出主网站映射
2026-09-07 17:00:07 [DEBUG] core.topology_builder: 主配接口降级（非错）: 无法从LINE_NAME=10kVLINE201解析出主网站映射
2026-09-07 17:00:07 [DEBUG] core.topology_builder: 主配接口降级（非错）: 无法从LINE_NAME=10kVLINE202解析出主网站映射
2026-09-07 17:00:07 [DEBUG] core.topology_builder: 主配接口降级（非错）: 无法从LINE_NAME=10kVLINE203解析出主网站映射
2026-09-07 17:00:07 [DEBUG] core.topology_builder: 主配接口降级（非错）: 无法从LINE_NAME=10kVLINE204解析出主网站映射
2026-09-07 17:00:07 [DEBUG] core.topology_builder: 主配接口降级（非错）: 无法从LINE_NAME=10kVLINE205解析出主网站映射
2026-09-07 17:00:07 [DEBUG] core.topology_builder: 主配接口降级（非错）: 无法从LINE_NAME=10kVLINE051解析出主网站映射
2026-09-07 17:00:07 [DEBUG] core.topology_builder: 主配接口降级（非错）: 无法从LINE_NAME=10kVLINE187解析出主网站映射
2026-09-07 17:00:07 [DEBUG] core.topology_builder: 主配接口降级（非错）: 无法从LINE_NAME=10kVLINE207解析出主网站映射
2026-09-07 17:00:07 [DEBUG] core.topology_builder: 主配接口降级（非错）: 无法从LINE_NAME=10kVLINE208解析出主网站映射
2026-09-07 17:00:07 [DEBUG] core.topology_builder: 主配接口降级（非错）: 无法从LINE_NAME=10kVLINE209解析出主网站映射
2026-09-07 17:00:07 [DEBUG] core.topology_builder: 主配接口降级（非错）: 无法从LINE_NAME=10kVLINE210解析出主网站映射
2026-09-07 17:00:07 [DEBUG] core.topology_builder: 主配接口降级（非错）: 无法从LINE_NAME=10kVLINE212解析出主网站映射
2026-09-07 17:00:07 [DEBUG] core.topology_builder: 主配接口降级（非错）: 无法从LINE_NAME=10kVLINE213解析出主网站映射
2026-09-07 17:00:07 [DEBUG] core.topology_builder: 主配接口降级（非错）: 无法从LINE_NAME=LINE215解析出主网站映射
2026-09-07 17:00:07 [DEBUG] core.topology_builder: 主配接口降级（非错）: 无法从LINE_NAME=LINE216解析出主网站映射
2026-09-07 17:00:07 [INFO] core.topology_builder: 主配接口校验：通过=184 失败=5
2026-09-07 17:00:07 [INFO] core.topology_builder: [主配接口校验] 4.1/4.2 命中缺陷: 5
2026-09-07 17:00:07 [INFO] core.topology_builder: [电气逻辑校验] RULE-E01~E07 命中:3272
2026-09-07 17:00:07 [INFO] core.topology_builder: 开始执行拓扑异常检测：悬空、孤岛、断点
2026-09-07 17:00:13 [INFO] core.topology_builder: 主网异常数量：0，断点数量：0
2026-09-07 17:00:13 [INFO] core.topology_builder: 配网异常数量：9565，断点数量：561
2026-09-07 17:00:18 [INFO] core.topology_validator: 缺陷报告已导出: C:\Users\1\Desktop\power_topology_verify\output\reports\LINE215_single_line_validate.json (3 条)
2026-09-07 17:00:18 [INFO] core.topology_validator: 汇总报告已导出: C:\Users\1\Desktop\power_topology_verify\output\reports\LINE215_single_line_validate_summary.json
2026-09-07 17:00:24 [INFO] core.topology_validator: 缺陷报告已导出: C:\Users\1\Desktop\power_topology_verify\output\reports\LINE216_single_line_validate.json (3 条)
2026-09-07 17:00:24 [INFO] core.topology_validator: 汇总报告已导出: C:\Users\1\Desktop\power_topology_verify\output\reports\LINE216_single_line_validate_summary.json
2026-09-07 17:00:37 [INFO] data_io.data_writer: Exported CSV -> C:\Users\1\Desktop\power_topology_verify\output\csv\sample_abnormal.csv (1 rows)
2026-09-07 17:00:37 [INFO] data_io.data_writer: Exported JSON -> C:\Users\1\Desktop\power_topology_verify\output\json\sample_abnormal.json (1 rows)
2026-09-07 17:05:06 [INFO] core.topology_builder: 主配数据拆分完成：主网设备=1167 配网设备=50744 主网线段=223 配网线段=189 主网站=10 遥信遥测=5829 ZWMEA=442 ZWSIGNAL=1567
2026-09-07 17:05:06 [INFO] core.topology_builder: 主网设备数量：1167
2026-09-07 17:05:06 [INFO] core.topology_builder: 配网设备数量：50744
2026-09-07 17:05:06 [INFO] core.topology_builder: 主网线路(ZLINEEND)数量：223
2026-09-07 17:05:06 [INFO] core.topology_builder: 配网线路(PWFEEDERLINE)数量：189
2026-09-07 17:05:06 [INFO] core.topology_builder: 主网站点(ZWSUBSTATION)数量：10
2026-09-07 17:05:06 [INFO] core.topology_builder: 遥信遥测(PWREAL)记录数：5829
2026-09-07 17:05:06 [INFO] core.topology_builder: 主网遥测(ZWMEA)：442 主网遥信(ZWSIGNAL)：1567
2026-09-07 17:05:06 [INFO] core.topology_builder: [Builder] 正在添加 1167 个主网设备和 50744 个配网设备...
2026-09-07 17:05:06 [INFO] core.topology_builder: 主网电源设备数=47
2026-09-07 17:05:06 [INFO] core.topology_builder: 主网电源设备识别: 47 台
2026-09-07 17:05:07 [DEBUG] core.topology_builder: 已处理 10000 个配网设备
2026-09-07 17:05:08 [DEBUG] core.topology_builder: 已处理 20000 个配网设备
2026-09-07 17:05:09 [DEBUG] core.topology_builder: 已处理 30000 个配网设备
2026-09-07 17:05:10 [DEBUG] core.topology_builder: 已处理 40000 个配网设备
2026-09-07 17:05:11 [DEBUG] core.topology_builder: 已处理 50000 个配网设备
2026-09-07 17:05:11 [INFO] core.topology_builder: 配网电源设备数=0
2026-09-07 17:05:11 [INFO] core.topology_builder: 配网电源设备识别: 0 台
2026-09-07 17:05:11 [INFO] core.topology_builder: 主配电源注入（S1修复版）: 1167 台主网设备标记为电源（不再整条馈线注入）
2026-09-07 17:05:11 [INFO] core.topology_builder:   ZWLINEEND 解析出馈线→主网站映射数: 0
2026-09-07 17:05:21 [INFO] core.topology_builder: [Builder] 配网真实端子数量:76354
2026-09-07 17:05:21 [INFO] core.topology_builder: [Builder] 主网真实端子数量:1562
2026-09-07 17:05:28 [INFO] core.topology_builder: [S2修复] 主配物理连接跨边建立: 324 条, 主网边界设备并入: 175 台
2026-09-07 17:05:28 [INFO] core.topology_builder: [端子建边完成] 配网拓扑边数量：117773
2026-09-07 17:05:28 [INFO] core.topology_builder: [端子建边完成] 主网拓扑边数量：2632
2026-09-07 17:05:36 [INFO] core.measure_preprocess: [MeasurePreprocess] 遥信实测开关数量：6666
2026-09-07 17:05:36 [INFO] core.measure_preprocess: [MeasurePreprocess] 默认合位开关数量：19813
2026-09-07 17:05:37 [INFO] core.topology_builder: [遥信预处理统计] 总开关状态映射条目:26479 实际挂载到设备:25637
2026-09-07 17:05:37 [INFO] core.topology_builder: 遥信实测开关:6666，赛题默认合位推演开关:19813
2026-09-07 17:05:47 [DEBUG] core.topology_builder: 主配接口降级（非错）: 无法从LINE_NAME=10kVLINE098解析出主网站映射
2026-09-07 17:05:47 [DEBUG] core.topology_builder: 主配接口降级（非错）: 无法从LINE_NAME=10kVLINE060解析出主网站映射
2026-09-07 17:05:47 [DEBUG] core.topology_builder: 主配接口降级（非错）: 无法从LINE_NAME=10kVLINE004解析出主网站映射
2026-09-07 17:05:47 [DEBUG] core.topology_builder: 主配接口降级（非错）: 无法从LINE_NAME=10kVLINE082解析出主网站映射
2026-09-07 17:05:47 [DEBUG] core.topology_builder: 主配接口降级（非错）: 无法从LINE_NAME=10kVLINE018解析出主网站映射
2026-09-07 17:05:47 [DEBUG] core.topology_builder: 主配接口降级（非错）: 无法从LINE_NAME=10kVLINE074解析出主网站映射
2026-09-07 17:05:47 [DEBUG] core.topology_builder: 主配接口降级（非错）: 无法从LINE_NAME=10kVLINE099解析出主网站映射
2026-09-07 17:05:47 [DEBUG] core.topology_builder: 主配接口降级（非错）: 无法从LINE_NAME=10kVLINE041解析出主网站映射
2026-09-07 17:05:47 [DEBUG] core.topology_builder: 主配接口降级（非错）: 无法从LINE_NAME=10kVLINE086解析出主网站映射
2026-09-07 17:05:47 [DEBUG] core.topology_builder: 主配接口降级（非错）: 无法从LINE_NAME=10kVLINE073解析出主网站映射
2026-09-07 17:05:47 [DEBUG] core.topology_builder: 主配接口降级（非错）: 无法从LINE_NAME=10kVLINE033解析出主网站映射
2026-09-07 17:05:47 [DEBUG] core.topology_builder: 主配接口降级（非错）: 无法从LINE_NAME=10kVLINE091解析出主网站映射
2026-09-07 17:05:47 [DEBUG] core.topology_builder: 主配接口降级（非错）: 无法从LINE_NAME=10kVLINE100解析出主网站映射
2026-09-07 17:05:47 [DEBUG] core.topology_builder: 主配接口降级（非错）: 无法从LINE_NAME=10kVLINE013解析出主网站映射
2026-09-07 17:05:47 [DEBUG] core.topology_builder: 主配接口降级（非错）: 无法从LINE_NAME=10kVLINE101解析出主网站映射
2026-09-07 17:05:47 [DEBUG] core.topology_builder: 主配接口降级（非错）: 无法从LINE_NAME=10kVLINE035解析出主网站映射
2026-09-07 17:05:47 [DEBUG] core.topology_builder: 主配接口降级（非错）: 无法从LINE_NAME=10kVLINE102解析出主网站映射
2026-09-07 17:05:47 [DEBUG] core.topology_builder: 主配接口降级（非错）: 无法从LINE_NAME=10kVLINE103解析出主网站映射
2026-09-07 17:05:47 [DEBUG] core.topology_builder: 主配接口降级（非错）: 无法从LINE_NAME=10kVLINE055解析出主网站映射
2026-09-07 17:05:47 [DEBUG] core.topology_builder: 主配接口降级（非错）: 无法从LINE_NAME=10kVLINE024解析出主网站映射
2026-09-07 17:05:47 [DEBUG] core.topology_builder: 主配接口降级（非错）: 无法从LINE_NAME=10kVLINE084解析出主网站映射
2026-09-07 17:05:47 [DEBUG] core.topology_builder: 主配接口降级（非错）: 无法从LINE_NAME=10kVLINE087解析出主网站映射
2026-09-07 17:05:47 [DEBUG] core.topology_builder: 主配接口降级（非错）: 无法从LINE_NAME=20kVLINE104解析出主网站映射
2026-09-07 17:05:47 [DEBUG] core.topology_builder: 主配接口降级（非错）: 无法从LINE_NAME=10kVLINE012解析出主网站映射
2026-09-07 17:05:47 [DEBUG] core.topology_builder: 主配接口降级（非错）: 无法从LINE_NAME=10kVLINE105解析出主网站映射
2026-09-07 17:05:47 [DEBUG] core.topology_builder: 主配接口降级（非错）: 无法从LINE_NAME=10kVLINE106解析出主网站映射
2026-09-07 17:05:47 [DEBUG] core.topology_builder: 主配接口降级（非错）: 无法从LINE_NAME=10kVLINE094解析出主网站映射
2026-09-07 17:05:47 [DEBUG] core.topology_builder: 主配接口降级（非错）: 无法从LINE_NAME=10kVLINE107解析出主网站映射
2026-09-07 17:05:47 [DEBUG] core.topology_builder: 主配接口降级（非错）: 无法从LINE_NAME=10kVLINE053解析出主网站映射
2026-09-07 17:05:47 [DEBUG] core.topology_builder: 主配接口降级（非错）: 无法从LINE_NAME=20kVLINE108解析出主网站映射
2026-09-07 17:05:47 [DEBUG] core.topology_builder: 主配接口降级（非错）: 无法从LINE_NAME=20kVLINE109解析出主网站映射
2026-09-07 17:05:47 [DEBUG] core.topology_builder: 主配接口降级（非错）: 无法从LINE_NAME=10kVLINE110解析出主网站映射
2026-09-07 17:05:47 [DEBUG] core.topology_builder: 主配接口降级（非错）: 无法从LINE_NAME=10kVLINE111解析出主网站映射
2026-09-07 17:05:47 [DEBUG] core.topology_builder: 主配接口降级（非错）: 无法从LINE_NAME=10kVLINE112解析出主网站映射
2026-09-07 17:05:47 [DEBUG] core.topology_builder: 主配接口降级（非错）: 无法从LINE_NAME=20kVLINE113解析出主网站映射
2026-09-07 17:05:47 [DEBUG] core.topology_builder: 主配接口降级（非错）: 无法从LINE_NAME=10kVLINE026解析出主网站映射
2026-09-07 17:05:47 [DEBUG] core.topology_builder: 主配接口降级（非错）: 无法从LINE_NAME=10kVLINE048解析出主网站映射
2026-09-07 17:05:47 [DEBUG] core.topology_builder: 主配接口降级（非错）: 无法从LINE_NAME=10kVLINE003解析出主网站映射
2026-09-07 17:05:47 [DEBUG] core.topology_builder: 主配接口降级（非错）: 无法从LINE_NAME=10kVLINE057解析出主网站映射
2026-09-07 17:05:47 [DEBUG] core.topology_builder: 主配接口降级（非错）: 无法从LINE_NAME=10kVLINE077解析出主网站映射
2026-09-07 17:05:47 [DEBUG] core.topology_builder: 主配接口降级（非错）: 无法从LINE_NAME=10kVLINE114解析出主网站映射
2026-09-07 17:05:47 [DEBUG] core.topology_builder: 主配接口降级（非错）: 无法从LINE_NAME=10kVLINE027解析出主网站映射
2026-09-07 17:05:47 [DEBUG] core.topology_builder: 主配接口降级（非错）: 无法从LINE_NAME=10kVLINE115解析出主网站映射
2026-09-07 17:05:47 [DEBUG] core.topology_builder: 主配接口降级（非错）: 无法从LINE_NAME=10kVLINE116解析出主网站映射
2026-09-07 17:05:47 [DEBUG] core.topology_builder: 主配接口降级（非错）: 无法从LINE_NAME=10kVLINE117解析出主网站映射
2026-09-07 17:05:47 [DEBUG] core.topology_builder: 主配接口降级（非错）: 无法从LINE_NAME=10kVLINE118解析出主网站映射
2026-09-07 17:05:47 [DEBUG] core.topology_builder: 主配接口降级（非错）: 无法从LINE_NAME=10kVLINE038解析出主网站映射
2026-09-07 17:05:47 [DEBUG] core.topology_builder: 主配接口降级（非错）: 无法从LINE_NAME=10kVLINE119解析出主网站映射
2026-09-07 17:05:47 [DEBUG] core.topology_builder: 主配接口降级（非错）: 无法从LINE_NAME=20kVLINE120解析出主网站映射
2026-09-07 17:05:47 [DEBUG] core.topology_builder: 主配接口降级（非错）: 无法从LINE_NAME=10kVLINE121_195解析出主网站映射
2026-09-07 17:05:47 [DEBUG] core.topology_builder: 主配接口降级（非错）: 无法从LINE_NAME=10kVLINE076解析出主网站映射
2026-09-07 17:05:47 [DEBUG] core.topology_builder: 主配接口降级（非错）: 无法从LINE_NAME=10kVLINE093解析出主网站映射
2026-09-07 17:05:47 [DEBUG] core.topology_builder: 主配接口降级（非错）: 无法从LINE_NAME=20kVLINE122解析出主网站映射
2026-09-07 17:05:47 [DEBUG] core.topology_builder: 主配接口降级（非错）: 无法从LINE_NAME=10kVLINE123解析出主网站映射
2026-09-07 17:05:47 [DEBUG] core.topology_builder: 主配接口降级（非错）: 无法从LINE_NAME=10kVLINE039解析出主网站映射
2026-09-07 17:05:47 [DEBUG] core.topology_builder: 主配接口降级（非错）: 无法从LINE_NAME=10kVLINE124解析出主网站映射
2026-09-07 17:05:47 [DEBUG] core.topology_builder: 主配接口降级（非错）: 无法从LINE_NAME=10kVLINE125解析出主网站映射
2026-09-07 17:05:47 [DEBUG] core.topology_builder: 主配接口降级（非错）: 无法从LINE_NAME=10kVLINE126解析出主网站映射
2026-09-07 17:05:47 [DEBUG] core.topology_builder: 主配接口降级（非错）: 无法从LINE_NAME=10kVLINE127解析出主网站映射
2026-09-07 17:05:47 [DEBUG] core.topology_builder: 主配接口降级（非错）: 无法从LINE_NAME=10kVLINE089解析出主网站映射
2026-09-07 17:05:47 [DEBUG] core.topology_builder: 主配接口降级（非错）: 无法从LINE_NAME=10kVLINE090解析出主网站映射
2026-09-07 17:05:47 [DEBUG] core.topology_builder: 主配接口降级（非错）: 无法从LINE_NAME=10kVLINE128解析出主网站映射
2026-09-07 17:05:47 [DEBUG] core.topology_builder: 主配接口降级（非错）: 无法从LINE_NAME=10kVLINE037解析出主网站映射
2026-09-07 17:05:47 [DEBUG] core.topology_builder: 主配接口降级（非错）: 无法从LINE_NAME=10kVLINE071解析出主网站映射
2026-09-07 17:05:47 [DEBUG] core.topology_builder: 主配接口降级（非错）: 无法从LINE_NAME=10kVLINE129解析出主网站映射
2026-09-07 17:05:47 [DEBUG] core.topology_builder: 主配接口降级（非错）: 无法从LINE_NAME=10kVLINE009解析出主网站映射
2026-09-07 17:05:47 [DEBUG] core.topology_builder: 主配接口降级（非错）: 无法从LINE_NAME=10kVLINE022解析出主网站映射
2026-09-07 17:05:47 [DEBUG] core.topology_builder: 主配接口降级（非错）: 无法从LINE_NAME=10kVLINE028解析出主网站映射
2026-09-07 17:05:47 [DEBUG] core.topology_builder: 主配接口降级（非错）: 无法从LINE_NAME=10kVLINE019解析出主网站映射
2026-09-07 17:05:47 [DEBUG] core.topology_builder: 主配接口降级（非错）: 无法从LINE_NAME=10kVLINE015解析出主网站映射
2026-09-07 17:05:47 [DEBUG] core.topology_builder: 主配接口降级（非错）: 无法从LINE_NAME=10kVLINE130解析出主网站映射
2026-09-07 17:05:47 [DEBUG] core.topology_builder: 主配接口降级（非错）: 无法从LINE_NAME=10kVLINE131解析出主网站映射
2026-09-07 17:05:47 [DEBUG] core.topology_builder: 主配接口降级（非错）: 无法从LINE_NAME=10kVLINE132解析出主网站映射
2026-09-07 17:05:47 [DEBUG] core.topology_builder: 主配接口降级（非错）: 无法从LINE_NAME=10kVLINE061解析出主网站映射
2026-09-07 17:05:47 [DEBUG] core.topology_builder: 主配接口降级（非错）: 无法从LINE_NAME=10kVLINE133解析出主网站映射
2026-09-07 17:05:47 [DEBUG] core.topology_builder: 主配接口降级（非错）: 无法从LINE_NAME=10kVLINE075解析出主网站映射
2026-09-07 17:05:47 [DEBUG] core.topology_builder: 主配接口降级（非错）: 无法从LINE_NAME=10kVLINE016解析出主网站映射
2026-09-07 17:05:47 [DEBUG] core.topology_builder: 主配接口降级（非错）: 无法从LINE_NAME=10kVLINE134解析出主网站映射
2026-09-07 17:05:47 [DEBUG] core.topology_builder: 主配接口降级（非错）: 无法从LINE_NAME=10kVLINE043解析出主网站映射
2026-09-07 17:05:47 [DEBUG] core.topology_builder: 主配接口降级（非错）: 无法从LINE_NAME=10kVLINE050解析出主网站映射
2026-09-07 17:05:47 [DEBUG] core.topology_builder: 主配接口降级（非错）: 无法从LINE_NAME=10kVLINE054解析出主网站映射
2026-09-07 17:05:47 [DEBUG] core.topology_builder: 主配接口降级（非错）: 无法从LINE_NAME=10kVLINE040解析出主网站映射
2026-09-07 17:05:47 [DEBUG] core.topology_builder: 主配接口降级（非错）: 无法从LINE_NAME=10kVLINE021解析出主网站映射
2026-09-07 17:05:47 [DEBUG] core.topology_builder: 主配接口降级（非错）: 无法从LINE_NAME=10kVLINE023解析出主网站映射
2026-09-07 17:05:47 [DEBUG] core.topology_builder: 主配接口降级（非错）: 无法从LINE_NAME=10kVLINE020解析出主网站映射
2026-09-07 17:05:47 [DEBUG] core.topology_builder: 主配接口降级（非错）: 无法从LINE_NAME=10kVLINE135解析出主网站映射
2026-09-07 17:05:48 [DEBUG] core.topology_builder: 主配接口降级（非错）: 无法从LINE_NAME=10kVLINE136解析出主网站映射
2026-09-07 17:05:48 [DEBUG] core.topology_builder: 主配接口降级（非错）: 无法从LINE_NAME=10kVLINE097解析出主网站映射
2026-09-07 17:05:48 [DEBUG] core.topology_builder: 主配接口降级（非错）: 无法从LINE_NAME=10kVLINE096解析出主网站映射
2026-09-07 17:05:48 [DEBUG] core.topology_builder: 主配接口降级（非错）: 无法从LINE_NAME=10kVLINE137解析出主网站映射
2026-09-07 17:05:48 [DEBUG] core.topology_builder: 主配接口降级（非错）: 无法从LINE_NAME=10kVLINE138解析出主网站映射
2026-09-07 17:05:48 [DEBUG] core.topology_builder: 主配接口降级（非错）: 无法从LINE_NAME=10kVLINE139解析出主网站映射
2026-09-07 17:05:48 [DEBUG] core.topology_builder: 主配接口降级（非错）: 无法从LINE_NAME=10kVLINE140解析出主网站映射
2026-09-07 17:05:48 [DEBUG] core.topology_builder: 主配接口降级（非错）: 无法从LINE_NAME=10kVLINE141解析出主网站映射
2026-09-07 17:05:48 [DEBUG] core.topology_builder: 主配接口降级（非错）: 无法从LINE_NAME=10kVLINE049解析出主网站映射
2026-09-07 17:05:48 [DEBUG] core.topology_builder: 主配接口降级（非错）: 无法从LINE_NAME=10kVLINE142解析出主网站映射
2026-09-07 17:05:48 [DEBUG] core.topology_builder: 主配接口降级（非错）: 无法从LINE_NAME=10kVLINE042解析出主网站映射
2026-09-07 17:05:48 [DEBUG] core.topology_builder: 主配接口降级（非错）: 无法从LINE_NAME=10kVLINE056解析出主网站映射
2026-09-07 17:05:48 [DEBUG] core.topology_builder: 主配接口降级（非错）: 无法从LINE_NAME=10kVLINE143解析出主网站映射
2026-09-07 17:05:48 [DEBUG] core.topology_builder: 主配接口降级（非错）: 无法从LINE_NAME=10kVLINE144解析出主网站映射
2026-09-07 17:05:48 [DEBUG] core.topology_builder: 主配接口降级（非错）: 无法从LINE_NAME=10kVLINE070解析出主网站映射
2026-09-07 17:05:48 [DEBUG] core.topology_builder: 主配接口降级（非错）: 无法从LINE_NAME=10kVLINE069解析出主网站映射
2026-09-07 17:05:48 [DEBUG] core.topology_builder: 主配接口降级（非错）: 无法从LINE_NAME=10kVLINE145解析出主网站映射
2026-09-07 17:05:48 [DEBUG] core.topology_builder: 主配接口降级（非错）: 无法从LINE_NAME=10kVLINE146解析出主网站映射
2026-09-07 17:05:48 [DEBUG] core.topology_builder: 主配接口降级（非错）: 无法从LINE_NAME=10kVLINE147解析出主网站映射
2026-09-07 17:05:48 [DEBUG] core.topology_builder: 主配接口降级（非错）: 无法从LINE_NAME=10kVLINE148解析出主网站映射
2026-09-07 17:05:48 [DEBUG] core.topology_builder: 主配接口降级（非错）: 无法从LINE_NAME=10kVLINE025解析出主网站映射
2026-09-07 17:05:48 [DEBUG] core.topology_builder: 主配接口降级（非错）: 无法从LINE_NAME=20kVLINE149解析出主网站映射
2026-09-07 17:05:48 [DEBUG] core.topology_builder: 主配接口降级（非错）: 无法从LINE_NAME=10kVLINE083解析出主网站映射
2026-09-07 17:05:48 [DEBUG] core.topology_builder: 主配接口降级（非错）: 无法从LINE_NAME=20kVLINE150解析出主网站映射
2026-09-07 17:05:48 [DEBUG] core.topology_builder: 主配接口降级（非错）: 无法从LINE_NAME=20kVLINE151解析出主网站映射
2026-09-07 17:05:48 [DEBUG] core.topology_builder: 主配接口降级（非错）: 无法从LINE_NAME=20kVLINE152解析出主网站映射
2026-09-07 17:05:48 [DEBUG] core.topology_builder: 主配接口降级（非错）: 无法从LINE_NAME=10kVLINE046解析出主网站映射
2026-09-07 17:05:48 [DEBUG] core.topology_builder: 主配接口降级（非错）: 无法从LINE_NAME=10kVLINE045解析出主网站映射
2026-09-07 17:05:48 [DEBUG] core.topology_builder: 主配接口降级（非错）: 无法从LINE_NAME=10kVLINE153解析出主网站映射
2026-09-07 17:05:48 [DEBUG] core.topology_builder: 主配接口降级（非错）: 无法从LINE_NAME=10kVLINE154解析出主网站映射
2026-09-07 17:05:48 [DEBUG] core.topology_builder: 主配接口降级（非错）: 无法从LINE_NAME=10kVLINE155解析出主网站映射
2026-09-07 17:05:48 [DEBUG] core.topology_builder: 主配接口降级（非错）: 无法从LINE_NAME=10kVLINE156解析出主网站映射
2026-09-07 17:05:48 [DEBUG] core.topology_builder: 主配接口降级（非错）: 无法从LINE_NAME=10kVLINE058解析出主网站映射
2026-09-07 17:05:48 [DEBUG] core.topology_builder: 主配接口降级（非错）: 无法从LINE_NAME=10kVLINE059解析出主网站映射
2026-09-07 17:05:48 [DEBUG] core.topology_builder: 主配接口降级（非错）: 无法从LINE_NAME=10kVLINE157解析出主网站映射
2026-09-07 17:05:48 [DEBUG] core.topology_builder: 主配接口降级（非错）: 无法从LINE_NAME=10kVLINE088解析出主网站映射
2026-09-07 17:05:48 [DEBUG] core.topology_builder: 主配接口降级（非错）: 无法从LINE_NAME=10kVLINE121_185解析出主网站映射
2026-09-07 17:05:48 [DEBUG] core.topology_builder: 主配接口降级（非错）: 无法从LINE_NAME=10kVLINE081解析出主网站映射
2026-09-07 17:05:48 [DEBUG] core.topology_builder: 主配接口降级（非错）: 无法从LINE_NAME=10kVLINE158解析出主网站映射
2026-09-07 17:05:48 [DEBUG] core.topology_builder: 主配接口降级（非错）: 无法从LINE_NAME=10kVLINE159解析出主网站映射
2026-09-07 17:05:48 [DEBUG] core.topology_builder: 主配接口降级（非错）: 无法从LINE_NAME=10kVLINE160解析出主网站映射
2026-09-07 17:05:48 [DEBUG] core.topology_builder: 主配接口降级（非错）: 无法从LINE_NAME=10kVLINE161解析出主网站映射
2026-09-07 17:05:48 [DEBUG] core.topology_builder: 主配接口降级（非错）: 无法从LINE_NAME=10kVLINE162解析出主网站映射
2026-09-07 17:05:48 [DEBUG] core.topology_builder: 主配接口降级（非错）: 无法从LINE_NAME=10kVLINE163解析出主网站映射
2026-09-07 17:05:48 [DEBUG] core.topology_builder: 主配接口降级（非错）: 无法从LINE_NAME=10kVLINE164解析出主网站映射
2026-09-07 17:05:48 [DEBUG] core.topology_builder: 主配接口降级（非错）: 无法从LINE_NAME=10kVLINE165解析出主网站映射
2026-09-07 17:05:48 [DEBUG] core.topology_builder: 主配接口降级（非错）: 无法从LINE_NAME=10kVLINE166解析出主网站映射
2026-09-07 17:05:48 [DEBUG] core.topology_builder: 主配接口降级（非错）: 无法从LINE_NAME=10kVLINE167解析出主网站映射
2026-09-07 17:05:48 [DEBUG] core.topology_builder: 主配接口降级（非错）: 无法从LINE_NAME=10kVLINE168解析出主网站映射
2026-09-07 17:05:48 [DEBUG] core.topology_builder: 主配接口降级（非错）: 无法从LINE_NAME=10kVLINE014解析出主网站映射
2026-09-07 17:05:48 [DEBUG] core.topology_builder: 主配接口降级（非错）: 无法从LINE_NAME=10kVLINE169解析出主网站映射
2026-09-07 17:05:48 [DEBUG] core.topology_builder: 主配接口降级（非错）: 无法从LINE_NAME=10kVLINE170解析出主网站映射
2026-09-07 17:05:48 [DEBUG] core.topology_builder: 主配接口降级（非错）: 无法从LINE_NAME=10kVLINE171解析出主网站映射
2026-09-07 17:05:48 [DEBUG] core.topology_builder: 主配接口降级（非错）: 无法从LINE_NAME=10kVLINE172解析出主网站映射
2026-09-07 17:05:48 [DEBUG] core.topology_builder: 主配接口降级（非错）: 无法从LINE_NAME=10kVLINE173解析出主网站映射
2026-09-07 17:05:48 [DEBUG] core.topology_builder: 主配接口降级（非错）: 无法从LINE_NAME=10kVLINE174解析出主网站映射
2026-09-07 17:05:48 [DEBUG] core.topology_builder: 主配接口降级（非错）: 无法从LINE_NAME=10kVLINE175解析出主网站映射
2026-09-07 17:05:48 [DEBUG] core.topology_builder: 主配接口降级（非错）: 无法从LINE_NAME=10kVLINE176解析出主网站映射
2026-09-07 17:05:48 [DEBUG] core.topology_builder: 主配接口降级（非错）: 无法从LINE_NAME=10kVLINE177解析出主网站映射
2026-09-07 17:05:48 [DEBUG] core.topology_builder: 主配接口降级（非错）: 无法从LINE_NAME=10kVLINE044解析出主网站映射
2026-09-07 17:05:48 [DEBUG] core.topology_builder: 主配接口降级（非错）: 无法从LINE_NAME=10kVLINE178解析出主网站映射
2026-09-07 17:05:48 [DEBUG] core.topology_builder: 主配接口降级（非错）: 无法从LINE_NAME=10kVLINE179解析出主网站映射
2026-09-07 17:05:48 [DEBUG] core.topology_builder: 主配接口降级（非错）: 无法从LINE_NAME=10kVLINE180解析出主网站映射
2026-09-07 17:05:48 [DEBUG] core.topology_builder: 主配接口降级（非错）: 无法从LINE_NAME=20kVLINE181解析出主网站映射
2026-09-07 17:05:48 [DEBUG] core.topology_builder: 主配接口降级（非错）: 无法从LINE_NAME=10kVLINE182解析出主网站映射
2026-09-07 17:05:48 [DEBUG] core.topology_builder: 主配接口降级（非错）: 无法从LINE_NAME=10kVLINE183解析出主网站映射
2026-09-07 17:05:48 [DEBUG] core.topology_builder: 主配接口降级（非错）: 无法从LINE_NAME=10kVLINE184解析出主网站映射
2026-09-07 17:05:48 [DEBUG] core.topology_builder: 主配接口降级（非错）: 无法从LINE_NAME=10kVLINE186解析出主网站映射
2026-09-07 17:05:48 [DEBUG] core.topology_builder: 主配接口降级（非错）: 无法从LINE_NAME=10kVLINE187解析出主网站映射
2026-09-07 17:05:48 [DEBUG] core.topology_builder: 主配接口降级（非错）: 无法从LINE_NAME=10kVLINE188解析出主网站映射
2026-09-07 17:05:48 [DEBUG] core.topology_builder: 主配接口降级（非错）: 无法从LINE_NAME=10kVLINE189解析出主网站映射
2026-09-07 17:05:48 [DEBUG] core.topology_builder: 主配接口降级（非错）: 无法从LINE_NAME=10kVLINE190解析出主网站映射
2026-09-07 17:05:48 [DEBUG] core.topology_builder: 主配接口降级（非错）: 无法从LINE_NAME=10kVLINE191解析出主网站映射
2026-09-07 17:05:48 [DEBUG] core.topology_builder: 主配接口降级（非错）: 无法从LINE_NAME=10kVLINE192解析出主网站映射
2026-09-07 17:05:48 [DEBUG] core.topology_builder: 主配接口降级（非错）: 无法从LINE_NAME=10kVLINE193解析出主网站映射
2026-09-07 17:05:48 [DEBUG] core.topology_builder: 主配接口降级（非错）: 无法从LINE_NAME=10kVLINE194解析出主网站映射
2026-09-07 17:05:48 [DEBUG] core.topology_builder: 主配接口降级（非错）: 无法从LINE_NAME=10kVLINE195解析出主网站映射
2026-09-07 17:05:48 [DEBUG] core.topology_builder: 主配接口降级（非错）: 无法从LINE_NAME=10kVLINE196解析出主网站映射
2026-09-07 17:05:48 [DEBUG] core.topology_builder: 主配接口降级（非错）: 无法从LINE_NAME=10kVLINE197解析出主网站映射
2026-09-07 17:05:48 [DEBUG] core.topology_builder: 主配接口降级（非错）: 无法从LINE_NAME=10kVLINE198解析出主网站映射
2026-09-07 17:05:48 [DEBUG] core.topology_builder: 主配接口降级（非错）: 无法从LINE_NAME=10kVLINE199解析出主网站映射
2026-09-07 17:05:48 [DEBUG] core.topology_builder: 主配接口降级（非错）: 无法从LINE_NAME=10kVLINE063解析出主网站映射
2026-09-07 17:05:48 [DEBUG] core.topology_builder: 主配接口降级（非错）: 无法从LINE_NAME=10kVLINE200解析出主网站映射
2026-09-07 17:05:48 [DEBUG] core.topology_builder: 主配接口降级（非错）: 无法从LINE_NAME=10kVLINE201解析出主网站映射
2026-09-07 17:05:48 [DEBUG] core.topology_builder: 主配接口降级（非错）: 无法从LINE_NAME=10kVLINE202解析出主网站映射
2026-09-07 17:05:48 [DEBUG] core.topology_builder: 主配接口降级（非错）: 无法从LINE_NAME=10kVLINE203解析出主网站映射
2026-09-07 17:05:48 [DEBUG] core.topology_builder: 主配接口降级（非错）: 无法从LINE_NAME=10kVLINE204解析出主网站映射
2026-09-07 17:05:48 [DEBUG] core.topology_builder: 主配接口降级（非错）: 无法从LINE_NAME=10kVLINE205解析出主网站映射
2026-09-07 17:05:48 [DEBUG] core.topology_builder: 主配接口降级（非错）: 无法从LINE_NAME=10kVLINE051解析出主网站映射
2026-09-07 17:05:48 [DEBUG] core.topology_builder: 主配接口降级（非错）: 无法从LINE_NAME=10kVLINE187解析出主网站映射
2026-09-07 17:05:48 [DEBUG] core.topology_builder: 主配接口降级（非错）: 无法从LINE_NAME=10kVLINE207解析出主网站映射
2026-09-07 17:05:48 [DEBUG] core.topology_builder: 主配接口降级（非错）: 无法从LINE_NAME=10kVLINE208解析出主网站映射
2026-09-07 17:05:48 [DEBUG] core.topology_builder: 主配接口降级（非错）: 无法从LINE_NAME=10kVLINE209解析出主网站映射
2026-09-07 17:05:48 [DEBUG] core.topology_builder: 主配接口降级（非错）: 无法从LINE_NAME=10kVLINE210解析出主网站映射
2026-09-07 17:05:48 [DEBUG] core.topology_builder: 主配接口降级（非错）: 无法从LINE_NAME=10kVLINE212解析出主网站映射
2026-09-07 17:05:48 [DEBUG] core.topology_builder: 主配接口降级（非错）: 无法从LINE_NAME=10kVLINE213解析出主网站映射
2026-09-07 17:05:48 [DEBUG] core.topology_builder: 主配接口降级（非错）: 无法从LINE_NAME=LINE215解析出主网站映射
2026-09-07 17:05:48 [DEBUG] core.topology_builder: 主配接口降级（非错）: 无法从LINE_NAME=LINE216解析出主网站映射
2026-09-07 17:05:48 [INFO] core.topology_builder: 主配接口校验：通过=184 失败=5
2026-09-07 17:05:48 [INFO] core.topology_builder: [主配接口校验] 4.1/4.2 命中缺陷: 5
2026-09-07 17:05:48 [INFO] core.topology_builder: [电气逻辑校验] RULE-E01~E07 命中:3272
2026-09-07 17:05:48 [INFO] core.topology_builder: 开始执行拓扑异常检测：悬空、孤岛、断点
2026-09-07 17:05:53 [INFO] core.topology_builder: 主网异常数量：0，断点数量：0
2026-09-07 17:05:53 [INFO] core.topology_builder: 配网异常数量：9565，断点数量：561
2026-09-07 17:06:04 [INFO] core.score_engine: 评分结果(规范公式): 设备=50919 缺陷=660 维度扣分=25.00 score_before=75.0 score_after=75.0
2026-09-07 17:06:04 [INFO] core.enhanced_report_generator: [增强报告] 开始为 LINE215 生成增强报告
2026-09-07 17:06:04 [INFO] core.enhanced_report_generator: [增强报告] 评估数据源质量...
2026-09-07 17:06:04 [INFO] core.physical_constraint_checker: [物理约束] 数据源可信度: 遥测=0.11, SVG=0.77, 数据库=0.90
2026-09-07 17:06:04 [INFO] core.enhanced_report_generator: [增强报告] 执行物理约束校验...
2026-09-07 17:06:04 [INFO] core.physical_constraint_checker: [物理约束] 数据源可信度: 遥测=0.11, SVG=0.77, 数据库=0.90
2026-09-07 17:06:04 [INFO] core.enhanced_report_generator: [增强报告] 处理 660 个缺陷...
2026-09-07 17:06:04 [INFO] core.enhanced_report_generator: [增强报告] 排序修复方案...
2026-09-07 17:06:04 [INFO] core.repair_ranking_engine: [修复排序] 处理657个修复候选, 最高优先级=0.500(TMP00044547 <-> TMP00046078)
2026-09-07 17:06:04 [INFO] core.enhanced_report_generator: [增强报告] 生成完成: 缺陷660个, 高风险0个, 确认641个
2026-09-07 17:06:05 [INFO] core.feeder_topology_analysis: Sheet3 联络开关: feeder=TMP00000188 识别到 1 个联络开关
2026-09-07 17:06:05 [DEBUG] core.feeder_topology_analysis: P1-P7 引擎产生 15 条断点候选
2026-09-07 17:06:05 [INFO] core.feeder_topology_analysis: Sheet2 断点定位: feeder=TMP00000188 共 378 条 (P1-P7 优先级排序)
2026-09-07 17:06:05 [INFO] core.feeder_topology_analysis: Sheet4 合环识别: feeder=TMP00000188 共 2 条
2026-09-07 17:06:23 [INFO] core.score_engine: 评分结果(规范公式): 设备=50919 缺陷=295 维度扣分=25.00 score_before=75.0 score_after=75.0
2026-09-07 17:06:23 [INFO] core.enhanced_report_generator: [增强报告] 开始为 LINE216 生成增强报告
2026-09-07 17:06:23 [INFO] core.enhanced_report_generator: [增强报告] 评估数据源质量...
2026-09-07 17:06:23 [INFO] core.physical_constraint_checker: [物理约束] 数据源可信度: 遥测=0.11, SVG=0.77, 数据库=0.90
2026-09-07 17:06:23 [INFO] core.enhanced_report_generator: [增强报告] 执行物理约束校验...
2026-09-07 17:06:23 [INFO] core.physical_constraint_checker: [物理约束] 数据源可信度: 遥测=0.11, SVG=0.77, 数据库=0.90
2026-09-07 17:06:23 [INFO] core.enhanced_report_generator: [增强报告] 处理 295 个缺陷...
2026-09-07 17:06:23 [INFO] core.enhanced_report_generator: [增强报告] 排序修复方案...
2026-09-07 17:06:23 [INFO] core.repair_ranking_engine: [修复排序] 处理295个修复候选, 最高优先级=0.500(TMP00313565 <-> TMP00046158)
2026-09-07 17:06:23 [INFO] core.enhanced_report_generator: [增强报告] 生成完成: 缺陷295个, 高风险0个, 确认241个
2026-09-07 17:06:24 [INFO] core.feeder_topology_analysis: Sheet3 联络开关: feeder=TMP00000189 识别到 1 个联络开关
2026-09-07 17:06:24 [DEBUG] core.feeder_topology_analysis: P1-P7 引擎产生 54 条断点候选
2026-09-07 17:06:24 [INFO] core.feeder_topology_analysis: Sheet2 断点定位: feeder=TMP00000189 共 256 条 (P1-P7 优先级排序)
2026-09-07 17:06:24 [INFO] core.feeder_topology_analysis: Sheet4 合环识别: feeder=TMP00000189 共 9 条
